# Blender 4.1.1
# www.blender.org
mtllib cafe.mtl
o Floor
v -5.000000 0.000000 4.000000
v 5.000000 0.000000 4.000000
v -5.000000 0.000000 -4.000000
v 5.000000 0.000000 -4.000000
vn -0.0000 1.0000 -0.0000
vt 0.000000 0.000000
vt 1.000000 0.000000
vt 1.000000 1.000000
vt 0.000000 1.000000
s 0
usemtl TerrazzoFloor
f 1/1/1 2/2/1 4/3/1 3/4/1
o WallBack
v -5.000000 0.000000 -3.950000
v -5.000000 3.500000 -3.950000
v -5.000000 0.000000 -4.050000
v -5.000000 3.500000 -4.050000
v 5.000000 0.000000 -3.950000
v 5.000000 3.500000 -3.950000
v 5.000000 0.000000 -4.050000
v 5.000000 3.500000 -4.050000
vn -1.0000 -0.0000 -0.0000
vn -0.0000 -0.0000 -1.0000
vn 1.0000 -0.0000 -0.0000
vn -0.0000 -0.0000 1.0000
vn -0.0000 -1.0000 -0.0000
vn -0.0000 1.0000 -0.0000
vt 0.375000 0.000000
vt 0.625000 0.000000
vt 0.625000 0.250000
vt 0.375000 0.250000
vt 0.625000 0.500000
vt 0.375000 0.500000
vt 0.625000 0.750000
vt 0.375000 0.750000
vt 0.625000 1.000000
vt 0.375000 1.000000
vt 0.125000 0.500000
vt 0.125000 0.750000
vt 0.875000 0.500000
vt 0.875000 0.750000
s 0
usemtl CreamWall
f 5/5/2 6/6/2 8/7/2 7/8/2
f 7/8/3 8/7/3 12/9/3 11/10/3
f 11/10/4 12/9/4 10/11/4 9/12/4
f 9/12/5 10/11/5 6/13/5 5/14/5
f 7/15/6 11/10/6 9/12/6 5/16/6
f 12/9/7 8/17/7 6/18/7 10/11/7
o WallFront
v -5.000000 0.000000 4.050000
v -5.000000 3.500000 4.050000
v -5.000000 0.000000 3.950000
v -5.000000 3.500000 3.950000
v 5.000000 0.000000 4.050000
v 5.000000 3.500000 4.050000
v 5.000000 0.000000 3.950000
v 5.000000 3.500000 3.950000
vn -1.0000 -0.0000 -0.0000
vn -0.0000 -0.0000 -1.0000
vn 1.0000 -0.0000 -0.0000
vn -0.0000 -0.0000 1.0000
vn -0.0000 -1.0000 -0.0000
vn -0.0000 1.0000 -0.0000
vt 0.375000 0.000000
vt 0.625000 0.000000
vt 0.625000 0.250000
vt 0.375000 0.250000
vt 0.625000 0.500000
vt 0.375000 0.500000
vt 0.625000 0.750000
vt 0.375000 0.750000
vt 0.625000 1.000000
vt 0.375000 1.000000
vt 0.125000 0.500000
vt 0.125000 0.750000
vt 0.875000 0.500000
vt 0.875000 0.750000
s 0
usemtl CreamWall
f 13/19/8 14/20/8 16/21/8 15/22/8
f 15/22/9 16/21/9 20/23/9 19/24/9
f 19/24/10 20/23/10 18/25/10 17/26/10
f 17/26/11 18/25/11 14/27/11 13/28/11
f 15/29/12 19/24/12 17/26/12 13/30/12
f 20/23/13 16/31/13 14/32/13 18/25/13
o WallLeft
v -5.050000 0.000000 4.000000
v -5.050000 3.500000 4.000000
v -5.050000 0.000000 -4.000000
v -5.050000 3.500000 -4.000000
v -4.950000 0.000000 4.000000
v -4.950000 3.500000 4.000000
v -4.950000 0.000000 -4.000000
v -4.950000 3.500000 -4.000000
vn -1.0000 -0.0000 -0.0000
vn -0.0000 -0.0000 -1.0000
vn 1.0000 -0.0000 -0.0000
vn -0.0000 -0.0000 1.0000
vn -0.0000 -1.0000 -0.0000
vn -0.0000 1.0000 -0.0000
vt 0.375000 0.000000
vt 0.625000 0.000000
vt 0.625000 0.250000
vt 0.375000 0.250000
vt 0.625000 0.500000
vt 0.375000 0.500000
vt 0.625000 0.750000
vt 0.375000 0.750000
vt 0.625000 1.000000
vt 0.375000 1.000000
vt 0.125000 0.500000
vt 0.125000 0.750000
vt 0.875000 0.500000
vt 0.875000 0.750000
s 0
usemtl CreamWall
f 21/33/14 22/34/14 24/35/14 23/36/14
f 23/36/15 24/35/15 28/37/15 27/38/15
f 27/38/16 28/37/16 26/39/16 25/40/16
f 25/40/17 26/39/17 22/41/17 21/42/17
f 23/43/18 27/38/18 25/40/18 21/44/18
f 28/37/19 24/45/19 22/46/19 26/39/19
o WallRight
v 4.950000 0.000000 4.000000
v 4.950000 3.500000 4.000000
v 4.950000 0.000000 -4.000000
v 4.950000 3.500000 -4.000000
v 5.050000 0.000000 4.000000
v 5.050000 3.500000 4.000000
v 5.050000 0.000000 -4.000000
v 5.050000 3.500000 -4.000000
vn -1.0000 -0.0000 -0.0000
vn -0.0000 -0.0000 -1.0000
vn 1.0000 -0.0000 -0.0000
vn -0.0000 -0.0000 1.0000
vn -0.0000 -1.0000 -0.0000
vn -0.0000 1.0000 -0.0000
vt 0.375000 0.000000
vt 0.625000 0.000000
vt 0.625000 0.250000
vt 0.375000 0.250000
vt 0.625000 0.500000
vt 0.375000 0.500000
vt 0.625000 0.750000
vt 0.375000 0.750000
vt 0.625000 1.000000
vt 0.375000 1.000000
vt 0.125000 0.500000
vt 0.125000 0.750000
vt 0.875000 0.500000
vt 0.875000 0.750000
s 0
usemtl CreamWall
f 29/47/20 30/48/20 32/49/20 31/50/20
f 31/50/21 32/49/21 36/51/21 35/52/21
f 35/52/22 36/51/22 34/53/22 33/54/22
f 33/54/23 34/53/23 30/55/23 29/56/23
f 31/57/24 35/52/24 33/54/24 29/58/24
f 36/51/25 32/59/25 30/60/25 34/53/25
o WallKitchen
v 2.450000 0.000000 0.000000
v 2.450000 2.600000 0.000000
v 2.450000 0.000000 -4.000000
v 2.450000 2.600000 -4.000000
v 2.550000 0.000000 0.000000
v 2.550000 2.600000 0.000000
v 2.550000 0.000000 -4.000000
v 2.550000 2.600000 -4.000000
vn -1.0000 -0.0000 -0.0000
vn -0.0000 -0.0000 -1.0000
vn 1.0000 -0.0000 -0.0000
vn -0.0000 -0.0000 1.0000
vn -0.0000 -1.0000 -0.0000
vn -0.0000 1.0000 -0.0000
vt 0.375000 0.000000
vt 0.625000 0.000000
vt 0.625000 0.250000
vt 0.375000 0.250000
vt 0.625000 0.500000
vt 0.375000 0.500000
vt 0.625000 0.750000
vt 0.375000 0.750000
vt 0.625000 1.000000
vt 0.375000 1.000000
vt 0.125000 0.500000
vt 0.125000 0.750000
vt 0.875000 0.500000
vt 0.875000 0.750000
s 0
usemtl CreamWall
f 37/61/26 38/62/26 40/63/26 39/64/26
f 39/64/27 40/63/27 44/65/27 43/66/27
f 43/66/28 44/65/28 42/67/28 41/68/28
f 41/68/29 42/67/29 38/69/29 37/70/29
f 39/71/30 43/66/30 41/68/30 37/72/30
f 44/65/31 40/73/31 38/74/31 42/67/31
o BarH
v -4.200000 0.000000 -2.000000
v -4.200000 1.100000 -2.000000
v -4.200000 0.000000 -3.000000
v -4.200000 1.100000 -3.000000
v 0.200000 0.000000 -2.000000
v 0.200000 1.100000 -2.000000
v 0.200000 0.000000 -3.000000
v 0.200000 1.100000 -3.000000
vn -1.0000 -0.0000 -0.0000
vn -0.0000 -0.0000 -1.0000
vn 1.0000 -0.0000 -0.0000
vn -0.0000 -0.0000 1.0000
vn -0.0000 -1.0000 -0.0000
vn -0.0000 1.0000 -0.0000
vt 0.375000 0.000000
vt 0.625000 0.000000
vt 0.625000 0.250000
vt 0.375000 0.250000
vt 0.625000 0.500000
vt 0.375000 0.500000
vt 0.625000 0.750000
vt 0.375000 0.750000
vt 0.625000 1.000000
vt 0.375000 1.000000
vt 0.125000 0.500000
vt 0.125000 0.750000
vt 0.875000 0.500000
vt 0.875000 0.750000
s 0
usemtl WarmWood
f 45/75/32 46/76/32 48/77/32 47/78/32
f 47/78/33 48/77/33 52/79/33 51/80/33
f 51/80/34 52/79/34 50/81/34 49/82/34
f 49/82/35 50/81/35 46/83/35 45/84/35
f 47/85/36 51/80/36 49/82/36 45/86/36
f 52/79/37 48/87/37 46/88/37 50/81/37
o BarV
v -0.700000 0.000000 -0.400000
v -0.700000 1.100000 -0.400000
v -0.700000 0.000000 -2.600000
v -0.700000 1.100000 -2.600000
v 0.300000 0.000000 -0.400000
v 0.300000 1.100000 -0.400000
v 0.300000 0.000000 -2.600000
v 0.300000 1.100000 -2.600000
vn -1.0000 -0.0000 -0.0000
vn -0.0000 -0.0000 -1.0000
vn 1.0000 -0.0000 -0.0000
vn -0.0000 -0.0000 1.0000
vn -0.0000 -1.0000 -0.0000
vn -0.0000 1.0000 -0.0000
vt 0.375000 0.000000
vt 0.625000 0.000000
vt 0.625000 0.250000
vt 0.375000 0.250000
vt 0.625000 0.500000
vt 0.375000 0.500000
vt 0.625000 0.750000
vt 0.375000 0.750000
vt 0.625000 1.000000
vt 0.375000 1.000000
vt 0.125000 0.500000
vt 0.125000 0.750000
vt 0.875000 0.500000
vt 0.875000 0.750000
s 0
usemtl WarmWood
f 53/89/38 54/90/38 56/91/38 55/92/38
f 55/92/39 56/91/39 60/93/39 59/94/39
f 59/94/40 60/93/40 58/95/40 57/96/40
f 57/96/41 58/95/41 54/97/41 53/98/41
f 55/99/42 59/94/42 57/96/42 53/100/42
f 60/93/43 56/101/43 54/102/43 58/95/43
o BackBar
v -4.200000 0.150000 -3.750000
v -4.200000 3.350000 -3.750000
v -4.200000 0.150000 -3.950000
v -4.200000 3.350000 -3.950000
v 0.200000 0.150000 -3.750000
v 0.200000 3.350000 -3.750000
v 0.200000 0.150000 -3.950000
v 0.200000 3.350000 -3.950000
vn -1.0000 -0.0000 -0.0000
vn -0.0000 -0.0000 -1.0000
vn 1.0000 -0.0000 -0.0000
vn -0.0000 -0.0000 1.0000
vn -0.0000 -1.0000 -0.0000
vn -0.0000 1.0000 -0.0000
vt 0.375000 0.000000
vt 0.625000 0.000000
vt 0.625000 0.250000
vt 0.375000 0.250000
vt 0.625000 0.500000
vt 0.375000 0.500000
vt 0.625000 0.750000
vt 0.375000 0.750000
vt 0.625000 1.000000
vt 0.375000 1.000000
vt 0.125000 0.500000
vt 0.125000 0.750000
vt 0.875000 0.500000
vt 0.875000 0.750000
s 0
usemtl BookDark
f 61/103/44 62/104/44 64/105/44 63/106/44
f 63/106/45 64/105/45 68/107/45 67/108/45
f 67/108/46 68/107/46 66/109/46 65/110/46
f 65/110/47 66/109/47 62/111/47 61/112/47
f 63/113/48 67/108/48 65/110/48 61/114/48
f 68/107/49 64/115/49 62/116/49 66/109/49
o Shelf0
v -4.150000 0.680000 -3.570000
v -4.150000 0.720000 -3.570000
v -4.150000 0.680000 -3.930000
v -4.150000 0.720000 -3.930000
v 0.150000 0.680000 -3.570000
v 0.150000 0.720000 -3.570000
v 0.150000 0.680000 -3.930000
v 0.150000 0.720000 -3.930000
vn -1.0000 -0.0000 -0.0000
vn -0.0000 -0.0000 -1.0000
vn 1.0000 -0.0000 -0.0000
vn -0.0000 -0.0000 1.0000
vn -0.0000 -1.0000 -0.0000
vn -0.0000 1.0000 -0.0000
vt 0.375000 0.000000
vt 0.625000 0.000000
vt 0.625000 0.250000
vt 0.375000 0.250000
vt 0.625000 0.500000
vt 0.375000 0.500000
vt 0.625000 0.750000
vt 0.375000 0.750000
vt 0.625000 1.000000
vt 0.375000 1.000000
vt 0.125000 0.500000
vt 0.125000 0.750000
vt 0.875000 0.500000
vt 0.875000 0.750000
s 0
usemtl WarmWood
f 69/117/50 70/118/50 72/119/50 71/120/50
f 71/120/51 72/119/51 76/121/51 75/122/51
f 75/122/52 76/121/52 74/123/52 73/124/52
f 73/124/53 74/123/53 70/125/53 69/126/53
f 71/127/54 75/122/54 73/124/54 69/128/54
f 76/121/55 72/129/55 70/130/55 74/123/55
o Shelf1
v -4.150000 1.230000 -3.570000
v -4.150000 1.270000 -3.570000
v -4.150000 1.230000 -3.930000
v -4.150000 1.270000 -3.930000
v 0.150000 1.230000 -3.570000
v 0.150000 1.270000 -3.570000
v 0.150000 1.230000 -3.930000
v 0.150000 1.270000 -3.930000
vn -1.0000 -0.0000 -0.0000
vn -0.0000 -0.0000 -1.0000
vn 1.0000 -0.0000 -0.0000
vn -0.0000 -0.0000 1.0000
vn -0.0000 -1.0000 -0.0000
vn -0.0000 1.0000 -0.0000
vt 0.375000 0.000000
vt 0.625000 0.000000
vt 0.625000 0.250000
vt 0.375000 0.250000
vt 0.625000 0.500000
vt 0.375000 0.500000
vt 0.625000 0.750000
vt 0.375000 0.750000
vt 0.625000 1.000000
vt 0.375000 1.000000
vt 0.125000 0.500000
vt 0.125000 0.750000
vt 0.875000 0.500000
vt 0.875000 0.750000
s 0
usemtl WarmWood
f 77/131/56 78/132/56 80/133/56 79/134/56
f 79/134/57 80/133/57 84/135/57 83/136/57
f 83/136/58 84/135/58 82/137/58 81/138/58
f 81/138/59 82/137/59 78/139/59 77/140/59
f 79/141/60 83/136/60 81/138/60 77/142/60
f 84/135/61 80/143/61 78/144/61 82/137/61
o Shelf2
v -4.150000 1.780000 -3.570000
v -4.150000 1.820000 -3.570000
v -4.150000 1.780000 -3.930000
v -4.150000 1.820000 -3.930000
v 0.150000 1.780000 -3.570000
v 0.150000 1.820000 -3.570000
v 0.150000 1.780000 -3.930000
v 0.150000 1.820000 -3.930000
vn -1.0000 -0.0000 -0.0000
vn -0.0000 -0.0000 -1.0000
vn 1.0000 -0.0000 -0.0000
vn -0.0000 -0.0000 1.0000
vn -0.0000 -1.0000 -0.0000
vn -0.0000 1.0000 -0.0000
vt 0.375000 0.000000
vt 0.625000 0.000000
vt 0.625000 0.250000
vt 0.375000 0.250000
vt 0.625000 0.500000
vt 0.375000 0.500000
vt 0.625000 0.750000
vt 0.375000 0.750000
vt 0.625000 1.000000
vt 0.375000 1.000000
vt 0.125000 0.500000
vt 0.125000 0.750000
vt 0.875000 0.500000
vt 0.875000 0.750000
s 0
usemtl WarmWood
f 85/145/62 86/146/62 88/147/62 87/148/62
f 87/148/63 88/147/63 92/149/63 91/150/63
f 91/150/64 92/149/64 90/151/64 89/152/64
f 89/152/65 90/151/65 86/153/65 85/154/65
f 87/155/66 91/150/66 89/152/66 85/156/66
f 92/149/67 88/157/67 86/158/67 90/151/67
o EspressoMachine
v -1.900000 1.100000 -2.100000
v -1.900000 1.600000 -2.100000
v -1.900000 1.100000 -2.700000
v -1.900000 1.600000 -2.700000
v -1.100000 1.100000 -2.100000
v -1.100000 1.600000 -2.100000
v -1.100000 1.100000 -2.700000
v -1.100000 1.600000 -2.700000
vn -1.0000 -0.0000 -0.0000
vn -0.0000 -0.0000 -1.0000
vn 1.0000 -0.0000 -0.0000
vn -0.0000 -0.0000 1.0000
vn -0.0000 -1.0000 -0.0000
vn -0.0000 1.0000 -0.0000
vt 0.375000 0.000000
vt 0.625000 0.000000
vt 0.625000 0.250000
vt 0.375000 0.250000
vt 0.625000 0.500000
vt 0.375000 0.500000
vt 0.625000 0.750000
vt 0.375000 0.750000
vt 0.625000 1.000000
vt 0.375000 1.000000
vt 0.125000 0.500000
vt 0.125000 0.750000
vt 0.875000 0.500000
vt 0.875000 0.750000
s 0
usemtl BlackMetal
f 93/159/68 94/160/68 96/161/68 95/162/68
f 95/162/69 96/161/69 100/163/69 99/164/69
f 99/164/70 100/163/70 98/165/70 97/166/70
f 97/166/71 98/165/71 94/167/71 93/168/71
f 95/169/72 99/164/72 97/166/72 93/170/72
f 100/163/73 96/171/73 94/172/73 98/165/73
o DisplayCase
v -3.300000 1.100000 -2.150000
v -3.300000 1.500000 -2.150000
v -3.300000 1.100000 -2.650000
v -3.300000 1.500000 -2.650000
v -2.300000 1.100000 -2.150000
v -2.300000 1.500000 -2.150000
v -2.300000 1.100000 -2.650000
v -2.300000 1.500000 -2.650000
vn -1.0000 -0.0000 -0.0000
vn -0.0000 -0.0000 -1.0000
vn 1.0000 -0.0000 -0.0000
vn -0.0000 -0.0000 1.0000
vn -0.0000 -1.0000 -0.0000
vn -0.0000 1.0000 -0.0000
vt 0.375000 0.000000
vt 0.625000 0.000000
vt 0.625000 0.250000
vt 0.375000 0.250000
vt 0.625000 0.500000
vt 0.375000 0.500000
vt 0.625000 0.750000
vt 0.375000 0.750000
vt 0.625000 1.000000
vt 0.375000 1.000000
vt 0.125000 0.500000
vt 0.125000 0.750000
vt 0.875000 0.500000
vt 0.875000 0.750000
s 0
usemtl GlassCase
f 101/173/74 102/174/74 104/175/74 103/176/74
f 103/176/75 104/175/75 108/177/75 107/178/75
f 107/178/76 108/177/76 106/179/76 105/180/76
f 105/180/77 106/179/77 102/181/77 101/182/77
f 103/183/78 107/178/78 105/180/78 101/184/78
f 108/177/79 104/185/79 102/186/79 106/179/79
o SmallTable0
v -3.200000 0.725000 2.100000
v -3.200000 0.775000 2.100000
v -3.121964 0.725000 2.107686
v -3.121964 0.775000 2.107686
v -3.046927 0.725000 2.130448
v -3.046927 0.775000 2.130448
v -2.977772 0.725000 2.167412
v -2.977772 0.775000 2.167412
v -2.917157 0.725000 2.217157
v -2.917157 0.775000 2.217157
v -2.867412 0.725000 2.277772
v -2.867412 0.775000 2.277772
v -2.830448 0.725000 2.346927
v -2.830448 0.775000 2.346927
v -2.807686 0.725000 2.421964
v -2.807686 0.775000 2.421964
v -2.800000 0.725000 2.500000
v -2.800000 0.775000 2.500000
v -2.807686 0.725000 2.578036
v -2.807686 0.775000 2.578036
v -2.830448 0.725000 2.653073
v -2.830448 0.775000 2.653073
v -2.867412 0.725000 2.722228
v -2.867412 0.775000 2.722228
v -2.917157 0.725000 2.782843
v -2.917157 0.775000 2.782843
v -2.977772 0.725000 2.832588
v -2.977772 0.775000 2.832588
v -3.046927 0.725000 2.869552
v -3.046927 0.775000 2.869552
v -3.121964 0.725000 2.892314
v -3.121964 0.775000 2.892314
v -3.200000 0.725000 2.900000
v -3.200000 0.775000 2.900000
v -3.278036 0.725000 2.892314
v -3.278036 0.775000 2.892314
v -3.353073 0.725000 2.869552
v -3.353073 0.775000 2.869552
v -3.422228 0.725000 2.832588
v -3.422228 0.775000 2.832588
v -3.482843 0.725000 2.782843
v -3.482843 0.775000 2.782843
v -3.532588 0.725000 2.722228
v -3.532588 0.775000 2.722228
v -3.569552 0.725000 2.653073
v -3.569552 0.775000 2.653073
v -3.592314 0.725000 2.578036
v -3.592314 0.775000 2.578036
v -3.600000 0.725000 2.500000
v -3.600000 0.775000 2.500000
v -3.592314 0.725000 2.421964
v -3.592314 0.775000 2.421964
v -3.569552 0.725000 2.346927
v -3.569552 0.775000 2.346927
v -3.532588 0.725000 2.277772
v -3.532588 0.775000 2.277772
v -3.482843 0.725000 2.217157
v -3.482843 0.775000 2.217157
v -3.422228 0.725000 2.167412
v -3.422228 0.775000 2.167412
v -3.353073 0.725000 2.130448
v -3.353073 0.775000 2.130448
v -3.278036 0.725000 2.107686
v -3.278036 0.775000 2.107686
vn 0.0980 -0.0000 -0.9952
vn 0.2903 -0.0000 -0.9569
vn 0.4714 -0.0000 -0.8819
vn 0.6344 -0.0000 -0.7730
vn 0.7730 -0.0000 -0.6344
vn 0.8819 -0.0000 -0.4714
vn 0.9569 -0.0000 -0.2903
vn 0.9952 -0.0000 -0.0980
vn 0.9952 -0.0000 0.0980
vn 0.9569 -0.0000 0.2903
vn 0.8819 -0.0000 0.4714
vn 0.7730 -0.0000 0.6344
vn 0.6344 -0.0000 0.7730
vn 0.4714 -0.0000 0.8819
vn 0.2903 -0.0000 0.9569
vn 0.0980 -0.0000 0.9952
vn -0.0980 -0.0000 0.9952
vn -0.2903 -0.0000 0.9569
vn -0.4714 -0.0000 0.8819
vn -0.6344 -0.0000 0.7730
vn -0.7730 -0.0000 0.6344
vn -0.8819 -0.0000 0.4714
vn -0.9569 -0.0000 0.2903
vn -0.9952 -0.0000 0.0980
vn -0.9952 -0.0000 -0.0980
vn -0.9569 -0.0000 -0.2903
vn -0.8819 -0.0000 -0.4714
vn -0.7730 -0.0000 -0.6344
vn -0.6344 -0.0000 -0.7730
vn -0.4714 -0.0000 -0.8819
vn -0.0000 1.0000 -0.0000
vn -0.2903 -0.0000 -0.9569
vn -0.0980 -0.0000 -0.9952
vn -0.0000 -1.0000 -0.0000
vt 1.000000 0.500000
vt 1.000000 1.000000
vt 0.968750 1.000000
vt 0.968750 0.500000
vt 0.937500 1.000000
vt 0.937500 0.500000
vt 0.906250 1.000000
vt 0.906250 0.500000
vt 0.875000 1.000000
vt 0.875000 0.500000
vt 0.843750 1.000000
vt 0.843750 0.500000
vt 0.812500 1.000000
vt 0.812500 0.500000
vt 0.781250 1.000000
vt 0.781250 0.500000
vt 0.750000 1.000000
vt 0.750000 0.500000
vt 0.718750 1.000000
vt 0.718750 0.500000
vt 0.687500 1.000000
vt 0.687500 0.500000
vt 0.656250 1.000000
vt 0.656250 0.500000
vt 0.625000 1.000000
vt 0.625000 0.500000
vt 0.593750 1.000000
vt 0.593750 0.500000
vt 0.562500 1.000000
vt 0.562500 0.500000
vt 0.531250 1.000000
vt 0.531250 0.500000
vt 0.500000 1.000000
vt 0.500000 0.500000
vt 0.468750 1.000000
vt 0.468750 0.500000
vt 0.437500 1.000000
vt 0.437500 0.500000
vt 0.406250 1.000000
vt 0.406250 0.500000
vt 0.375000 1.000000
vt 0.375000 0.500000
vt 0.343750 1.000000
vt 0.343750 0.500000
vt 0.312500 1.000000
vt 0.312500 0.500000
vt 0.281250 1.000000
vt 0.281250 0.500000
vt 0.250000 1.000000
vt 0.250000 0.500000
vt 0.218750 1.000000
vt 0.218750 0.500000
vt 0.187500 1.000000
vt 0.187500 0.500000
vt 0.156250 1.000000
vt 0.156250 0.500000
vt 0.125000 1.000000
vt 0.125000 0.500000
vt 0.093750 1.000000
vt 0.093750 0.500000
vt 0.062500 1.000000
vt 0.062500 0.500000
vt 0.296822 0.485388
vt 0.250000 0.490000
vt 0.203178 0.485388
vt 0.158156 0.471731
vt 0.116663 0.449553
vt 0.080294 0.419706
vt 0.050447 0.383337
vt 0.028269 0.341844
vt 0.014612 0.296822
vt 0.010000 0.250000
vt 0.014612 0.203178
vt 0.028269 0.158156
vt 0.050447 0.116663
vt 0.080294 0.080294
vt 0.116663 0.050447
vt 0.158156 0.028269
vt 0.203178 0.014612
vt 0.250000 0.010000
vt 0.296822 0.014612
vt 0.341844 0.028269
vt 0.383337 0.050447
vt 0.419706 0.080294
vt 0.449553 0.116663
vt 0.471731 0.158156
vt 0.485388 0.203178
vt 0.490000 0.250000
vt 0.485388 0.296822
vt 0.471731 0.341844
vt 0.449553 0.383337
vt 0.419706 0.419706
vt 0.383337 0.449553
vt 0.341844 0.471731
vt 0.031250 1.000000
vt 0.031250 0.500000
vt 0.000000 1.000000
vt 0.000000 0.500000
vt 0.750000 0.490000
vt 0.796822 0.485388
vt 0.841844 0.471731
vt 0.883337 0.449553
vt 0.919706 0.419706
vt 0.949553 0.383337
vt 0.971731 0.341844
vt 0.985388 0.296822
vt 0.990000 0.250000
vt 0.985388 0.203178
vt 0.971731 0.158156
vt 0.949553 0.116663
vt 0.919706 0.080294
vt 0.883337 0.050447
vt 0.841844 0.028269
vt 0.796822 0.014612
vt 0.750000 0.010000
vt 0.703178 0.014612
vt 0.658156 0.028269
vt 0.616663 0.050447
vt 0.580294 0.080294
vt 0.550447 0.116663
vt 0.528269 0.158156
vt 0.514612 0.203178
vt 0.510000 0.250000
vt 0.514612 0.296822
vt 0.528269 0.341844
vt 0.550447 0.383337
vt 0.580294 0.419706
vt 0.616663 0.449553
vt 0.658156 0.471731
vt 0.703178 0.485388
s 0
usemtl WarmWood
f 109/187/80 110/188/80 112/189/80 111/190/80
f 111/190/81 112/189/81 114/191/81 113/192/81
f 113/192/82 114/191/82 116/193/82 115/194/82
f 115/194/83 116/193/83 118/195/83 117/196/83
f 117/196/84 118/195/84 120/197/84 119/198/84
f 119/198/85 120/197/85 122/199/85 121/200/85
f 121/200/86 122/199/86 124/201/86 123/202/86
f 123/202/87 124/201/87 126/203/87 125/204/87
f 125/204/88 126/203/88 128/205/88 127/206/88
f 127/206/89 128/205/89 130/207/89 129/208/89
f 129/208/90 130/207/90 132/209/90 131/210/90
f 131/210/91 132/209/91 134/211/91 133/212/91
f 133/212/92 134/211/92 136/213/92 135/214/92
f 135/214/93 136/213/93 138/215/93 137/216/93
f 137/216/94 138/215/94 140/217/94 139/218/94
f 139/218/95 140/217/95 142/219/95 141/220/95
f 141/220/96 142/219/96 144/221/96 143/222/96
f 143/222/97 144/221/97 146/223/97 145/224/97
f 145/224/98 146/223/98 148/225/98 147/226/98
f 147/226/99 148/225/99 150/227/99 149/228/99
f 149/228/100 150/227/100 152/229/100 151/230/100
f 151/230/101 152/229/101 154/231/101 153/232/101
f 153/232/102 154/231/102 156/233/102 155/234/102
f 155/234/103 156/233/103 158/235/103 157/236/103
f 157/236/104 158/235/104 160/237/104 159/238/104
f 159/238/105 160/237/105 162/239/105 161/240/105
f 161/240/106 162/239/106 164/241/106 163/242/106
f 163/242/107 164/241/107 166/243/107 165/244/107
f 165/244/108 166/243/108 168/245/108 167/246/108
f 167/246/109 168/245/109 170/247/109 169/248/109
f 112/249/110 110/250/110 172/251/110 170/252/110 168/253/110 166/254/110 164/255/110 162/256/110 160/257/110 158/258/110 156/259/110 154/260/110 152/261/110 150/262/110 148/263/110 146/264/110 144/265/110 142/266/110 140/267/110 138/268/110 136/269/110 134/270/110 132/271/110 130/272/110 128/273/110 126/274/110 124/275/110 122/276/110 120/277/110 118/278/110 116/279/110 114/280/110
f 169/248/111 170/247/111 172/281/111 171/282/111
f 171/282/112 172/281/112 110/283/112 109/284/112
f 109/285/113 111/286/113 113/287/113 115/288/113 117/289/113 119/290/113 121/291/113 123/292/113 125/293/113 127/294/113 129/295/113 131/296/113 133/297/113 135/298/113 137/299/113 139/300/113 141/301/113 143/302/113 145/303/113 147/304/113 149/305/113 151/306/113 153/307/113 155/308/113 157/309/113 159/310/113 161/311/113 163/312/113 165/313/113 167/314/113 169/315/113 171/316/113
o TableStem0
v -3.200000 0.000000 2.430000
v -3.200000 0.750000 2.430000
v -3.186344 0.000000 2.431345
v -3.186344 0.750000 2.431345
v -3.173212 0.000000 2.435328
v -3.173212 0.750000 2.435328
v -3.161110 0.000000 2.441797
v -3.161110 0.750000 2.441797
v -3.150503 0.000000 2.450503
v -3.150503 0.750000 2.450503
v -3.141797 0.000000 2.461110
v -3.141797 0.750000 2.461110
v -3.135329 0.000000 2.473212
v -3.135329 0.750000 2.473212
v -3.131345 0.000000 2.486344
v -3.131345 0.750000 2.486344
v -3.130000 0.000000 2.500000
v -3.130000 0.750000 2.500000
v -3.131345 0.000000 2.513656
v -3.131345 0.750000 2.513656
v -3.135329 0.000000 2.526788
v -3.135329 0.750000 2.526788
v -3.141797 0.000000 2.538890
v -3.141797 0.750000 2.538890
v -3.150503 0.000000 2.549497
v -3.150503 0.750000 2.549497
v -3.161110 0.000000 2.558203
v -3.161110 0.750000 2.558203
v -3.173212 0.000000 2.564672
v -3.173212 0.750000 2.564672
v -3.186344 0.000000 2.568655
v -3.186344 0.750000 2.568655
v -3.200000 0.000000 2.570000
v -3.200000 0.750000 2.570000
v -3.213656 0.000000 2.568655
v -3.213656 0.750000 2.568655
v -3.226788 0.000000 2.564672
v -3.226788 0.750000 2.564672
v -3.238890 0.000000 2.558203
v -3.238890 0.750000 2.558203
v -3.249497 0.000000 2.549497
v -3.249497 0.750000 2.549497
v -3.258203 0.000000 2.538890
v -3.258203 0.750000 2.538890
v -3.264672 0.000000 2.526788
v -3.264672 0.750000 2.526788
v -3.268655 0.000000 2.513656
v -3.268655 0.750000 2.513656
v -3.270000 0.000000 2.500000
v -3.270000 0.750000 2.500000
v -3.268655 0.000000 2.486344
v -3.268655 0.750000 2.486344
v -3.264672 0.000000 2.473212
v -3.264672 0.750000 2.473212
v -3.258203 0.000000 2.461110
v -3.258203 0.750000 2.461110
v -3.249497 0.000000 2.450503
v -3.249497 0.750000 2.450503
v -3.238890 0.000000 2.441797
v -3.238890 0.750000 2.441797
v -3.226788 0.000000 2.435328
v -3.226788 0.750000 2.435328
v -3.213656 0.000000 2.431345
v -3.213656 0.750000 2.431345
vn 0.0980 -0.0000 -0.9952
vn 0.2903 -0.0000 -0.9569
vn 0.4714 -0.0000 -0.8819
vn 0.6344 -0.0000 -0.7730
vn 0.7730 -0.0000 -0.6344
vn 0.8819 -0.0000 -0.4714
vn 0.9569 -0.0000 -0.2903
vn 0.9952 -0.0000 -0.0980
vn 0.9952 -0.0000 0.0980
vn 0.9569 -0.0000 0.2903
vn 0.8819 -0.0000 0.4714
vn 0.7730 -0.0000 0.6344
vn 0.6344 -0.0000 0.7730
vn 0.4714 -0.0000 0.8819
vn 0.2903 -0.0000 0.9569
vn 0.0980 -0.0000 0.9952
vn -0.0980 -0.0000 0.9952
vn -0.2903 -0.0000 0.9569
vn -0.4714 -0.0000 0.8819
vn -0.6344 -0.0000 0.7730
vn -0.7730 -0.0000 0.6344
vn -0.8819 -0.0000 0.4714
vn -0.9569 -0.0000 0.2903
vn -0.9952 -0.0000 0.0980
vn -0.9952 -0.0000 -0.0980
vn -0.9569 -0.0000 -0.2903
vn -0.8819 -0.0000 -0.4714
vn -0.7730 -0.0000 -0.6344
vn -0.6344 -0.0000 -0.7730
vn -0.4714 -0.0000 -0.8819
vn -0.0000 1.0000 -0.0000
vn -0.2903 -0.0000 -0.9569
vn -0.0980 -0.0000 -0.9952
vn -0.0000 -1.0000 -0.0000
vt 1.000000 0.500000
vt 1.000000 1.000000
vt 0.968750 1.000000
vt 0.968750 0.500000
vt 0.937500 1.000000
vt 0.937500 0.500000
vt 0.906250 1.000000
vt 0.906250 0.500000
vt 0.875000 1.000000
vt 0.875000 0.500000
vt 0.843750 1.000000
vt 0.843750 0.500000
vt 0.812500 1.000000
vt 0.812500 0.500000
vt 0.781250 1.000000
vt 0.781250 0.500000
vt 0.750000 1.000000
vt 0.750000 0.500000
vt 0.718750 1.000000
vt 0.718750 0.500000
vt 0.687500 1.000000
vt 0.687500 0.500000
vt 0.656250 1.000000
vt 0.656250 0.500000
vt 0.625000 1.000000
vt 0.625000 0.500000
vt 0.593750 1.000000
vt 0.593750 0.500000
vt 0.562500 1.000000
vt 0.562500 0.500000
vt 0.531250 1.000000
vt 0.531250 0.500000
vt 0.500000 1.000000
vt 0.500000 0.500000
vt 0.468750 1.000000
vt 0.468750 0.500000
vt 0.437500 1.000000
vt 0.437500 0.500000
vt 0.406250 1.000000
vt 0.406250 0.500000
vt 0.375000 1.000000
vt 0.375000 0.500000
vt 0.343750 1.000000
vt 0.343750 0.500000
vt 0.312500 1.000000
vt 0.312500 0.500000
vt 0.281250 1.000000
vt 0.281250 0.500000
vt 0.250000 1.000000
vt 0.250000 0.500000
vt 0.218750 1.000000
vt 0.218750 0.500000
vt 0.187500 1.000000
vt 0.187500 0.500000
vt 0.156250 1.000000
vt 0.156250 0.500000
vt 0.125000 1.000000
vt 0.125000 0.500000
vt 0.093750 1.000000
vt 0.093750 0.500000
vt 0.062500 1.000000
vt 0.062500 0.500000
vt 0.296822 0.485388
vt 0.250000 0.490000
vt 0.203178 0.485388
vt 0.158156 0.471731
vt 0.116663 0.449553
vt 0.080294 0.419706
vt 0.050447 0.383337
vt 0.028269 0.341844
vt 0.014612 0.296822
vt 0.010000 0.250000
vt 0.014612 0.203178
vt 0.028269 0.158156
vt 0.050447 0.116663
vt 0.080294 0.080294
vt 0.116663 0.050447
vt 0.158156 0.028269
vt 0.203178 0.014612
vt 0.250000 0.010000
vt 0.296822 0.014612
vt 0.341844 0.028269
vt 0.383337 0.050447
vt 0.419706 0.080294
vt 0.449553 0.116663
vt 0.471731 0.158156
vt 0.485388 0.203178
vt 0.490000 0.250000
vt 0.485388 0.296822
vt 0.471731 0.341844
vt 0.449553 0.383337
vt 0.419706 0.419706
vt 0.383337 0.449553
vt 0.341844 0.471731
vt 0.031250 1.000000
vt 0.031250 0.500000
vt 0.000000 1.000000
vt 0.000000 0.500000
vt 0.750000 0.490000
vt 0.796822 0.485388
vt 0.841844 0.471731
vt 0.883337 0.449553
vt 0.919706 0.419706
vt 0.949553 0.383337
vt 0.971731 0.341844
vt 0.985388 0.296822
vt 0.990000 0.250000
vt 0.985388 0.203178
vt 0.971731 0.158156
vt 0.949553 0.116663
vt 0.919706 0.080294
vt 0.883337 0.050447
vt 0.841844 0.028269
vt 0.796822 0.014612
vt 0.750000 0.010000
vt 0.703178 0.014612
vt 0.658156 0.028269
vt 0.616663 0.050447
vt 0.580294 0.080294
vt 0.550447 0.116663
vt 0.528269 0.158156
vt 0.514612 0.203178
vt 0.510000 0.250000
vt 0.514612 0.296822
vt 0.528269 0.341844
vt 0.550447 0.383337
vt 0.580294 0.419706
vt 0.616663 0.449553
vt 0.658156 0.471731
vt 0.703178 0.485388
s 0
usemtl BlackMetal
f 173/317/114 174/318/114 176/319/114 175/320/114
f 175/320/115 176/319/115 178/321/115 177/322/115
f 177/322/116 178/321/116 180/323/116 179/324/116
f 179/324/117 180/323/117 182/325/117 181/326/117
f 181/326/118 182/325/118 184/327/118 183/328/118
f 183/328/119 184/327/119 186/329/119 185/330/119
f 185/330/120 186/329/120 188/331/120 187/332/120
f 187/332/121 188/331/121 190/333/121 189/334/121
f 189/334/122 190/333/122 192/335/122 191/336/122
f 191/336/123 192/335/123 194/337/123 193/338/123
f 193/338/124 194/337/124 196/339/124 195/340/124
f 195/340/125 196/339/125 198/341/125 197/342/125
f 197/342/126 198/341/126 200/343/126 199/344/126
f 199/344/127 200/343/127 202/345/127 201/346/127
f 201/346/128 202/345/128 204/347/128 203/348/128
f 203/348/129 204/347/129 206/349/129 205/350/129
f 205/350/130 206/349/130 208/351/130 207/352/130
f 207/352/131 208/351/131 210/353/131 209/354/131
f 209/354/132 210/353/132 212/355/132 211/356/132
f 211/356/133 212/355/133 214/357/133 213/358/133
f 213/358/134 214/357/134 216/359/134 215/360/134
f 215/360/135 216/359/135 218/361/135 217/362/135
f 217/362/136 218/361/136 220/363/136 219/364/136
f 219/364/137 220/363/137 222/365/137 221/366/137
f 221/366/138 222/365/138 224/367/138 223/368/138
f 223/368/139 224/367/139 226/369/139 225/370/139
f 225/370/140 226/369/140 228/371/140 227/372/140
f 227/372/141 228/371/141 230/373/141 229/374/141
f 229/374/142 230/373/142 232/375/142 231/376/142
f 231/376/143 232/375/143 234/377/143 233/378/143
f 176/379/144 174/380/144 236/381/144 234/382/144 232/383/144 230/384/144 228/385/144 226/386/144 224/387/144 222/388/144 220/389/144 218/390/144 216/391/144 214/392/144 212/393/144 210/394/144 208/395/144 206/396/144 204/397/144 202/398/144 200/399/144 198/400/144 196/401/144 194/402/144 192/403/144 190/404/144 188/405/144 186/406/144 184/407/144 182/408/144 180/409/144 178/410/144
f 233/378/145 234/377/145 236/411/145 235/412/145
f 235/412/146 236/411/146 174/413/146 173/414/146
f 173/415/147 175/416/147 177/417/147 179/418/147 181/419/147 183/420/147 185/421/147 187/422/147 189/423/147 191/424/147 193/425/147 195/426/147 197/427/147 199/428/147 201/429/147 203/430/147 205/431/147 207/432/147 209/433/147 211/434/147 213/435/147 215/436/147 217/437/147 219/438/147 221/439/147 223/440/147 225/441/147 227/442/147 229/443/147 231/444/147 233/445/147 235/446/147
o ChairA0
v -3.950000 0.430000 2.700000
v -3.950000 0.470000 2.700000
v -3.950000 0.430000 2.300000
v -3.950000 0.470000 2.300000
v -3.550000 0.430000 2.700000
v -3.550000 0.470000 2.700000
v -3.550000 0.430000 2.300000
v -3.550000 0.470000 2.300000
vn -1.0000 -0.0000 -0.0000
vn -0.0000 -0.0000 -1.0000
vn 1.0000 -0.0000 -0.0000
vn -0.0000 -0.0000 1.0000
vn -0.0000 -1.0000 -0.0000
vn -0.0000 1.0000 -0.0000
vt 0.375000 0.000000
vt 0.625000 0.000000
vt 0.625000 0.250000
vt 0.375000 0.250000
vt 0.625000 0.500000
vt 0.375000 0.500000
vt 0.625000 0.750000
vt 0.375000 0.750000
vt 0.625000 1.000000
vt 0.375000 1.000000
vt 0.125000 0.500000
vt 0.125000 0.750000
vt 0.875000 0.500000
vt 0.875000 0.750000
s 0
usemtl WarmWood
f 237/447/148 238/448/148 240/449/148 239/450/148
f 239/450/149 240/449/149 244/451/149 243/452/149
f 243/452/150 244/451/150 242/453/150 241/454/150
f 241/454/151 242/453/151 238/455/151 237/456/151
f 239/457/152 243/452/152 241/454/152 237/458/152
f 244/451/153 240/459/153 238/460/153 242/453/153
o ChairAB0
v -3.950000 0.450000 2.540000
v -3.950000 1.050000 2.540000
v -3.950000 0.450000 2.460000
v -3.950000 1.050000 2.460000
v -3.550000 0.450000 2.540000
v -3.550000 1.050000 2.540000
v -3.550000 0.450000 2.460000
v -3.550000 1.050000 2.460000
vn -1.0000 -0.0000 -0.0000
vn -0.0000 -0.0000 -1.0000
vn 1.0000 -0.0000 -0.0000
vn -0.0000 -0.0000 1.0000
vn -0.0000 -1.0000 -0.0000
vn -0.0000 1.0000 -0.0000
vt 0.375000 0.000000
vt 0.625000 0.000000
vt 0.625000 0.250000
vt 0.375000 0.250000
vt 0.625000 0.500000
vt 0.375000 0.500000
vt 0.625000 0.750000
vt 0.375000 0.750000
vt 0.625000 1.000000
vt 0.375000 1.000000
vt 0.125000 0.500000
vt 0.125000 0.750000
vt 0.875000 0.500000
vt 0.875000 0.750000
s 0
usemtl WarmWood
f 245/461/154 246/462/154 248/463/154 247/464/154
f 247/464/155 248/463/155 252/465/155 251/466/155
f 251/466/156 252/465/156 250/467/156 249/468/156
f 249/468/157 250/467/157 246/469/157 245/470/157
f 247/471/158 251/466/158 249/468/158 245/472/158
f 252/465/159 248/473/159 246/474/159 250/467/159
o ChairB0
v -2.850000 0.430000 2.700000
v -2.850000 0.470000 2.700000
v -2.850000 0.430000 2.300000
v -2.850000 0.470000 2.300000
v -2.450000 0.430000 2.700000
v -2.450000 0.470000 2.700000
v -2.450000 0.430000 2.300000
v -2.450000 0.470000 2.300000
vn -1.0000 -0.0000 -0.0000
vn -0.0000 -0.0000 -1.0000
vn 1.0000 -0.0000 -0.0000
vn -0.0000 -0.0000 1.0000
vn -0.0000 -1.0000 -0.0000
vn -0.0000 1.0000 -0.0000
vt 0.375000 0.000000
vt 0.625000 0.000000
vt 0.625000 0.250000
vt 0.375000 0.250000
vt 0.625000 0.500000
vt 0.375000 0.500000
vt 0.625000 0.750000
vt 0.375000 0.750000
vt 0.625000 1.000000
vt 0.375000 1.000000
vt 0.125000 0.500000
vt 0.125000 0.750000
vt 0.875000 0.500000
vt 0.875000 0.750000
s 0
usemtl WarmWood
f 253/475/160 254/476/160 256/477/160 255/478/160
f 255/478/161 256/477/161 260/479/161 259/480/161
f 259/480/162 260/479/162 258/481/162 257/482/162
f 257/482/163 258/481/163 254/483/163 253/484/163
f 255/485/164 259/480/164 257/482/164 253/486/164
f 260/479/165 256/487/165 254/488/165 258/481/165
o ChairBB0
v -2.850000 0.450000 2.540000
v -2.850000 1.050000 2.540000
v -2.850000 0.450000 2.460000
v -2.850000 1.050000 2.460000
v -2.450000 0.450000 2.540000
v -2.450000 1.050000 2.540000
v -2.450000 0.450000 2.460000
v -2.450000 1.050000 2.460000
vn -1.0000 -0.0000 -0.0000
vn -0.0000 -0.0000 -1.0000
vn 1.0000 -0.0000 -0.0000
vn -0.0000 -0.0000 1.0000
vn -0.0000 -1.0000 -0.0000
vn -0.0000 1.0000 -0.0000
vt 0.375000 0.000000
vt 0.625000 0.000000
vt 0.625000 0.250000
vt 0.375000 0.250000
vt 0.625000 0.500000
vt 0.375000 0.500000
vt 0.625000 0.750000
vt 0.375000 0.750000
vt 0.625000 1.000000
vt 0.375000 1.000000
vt 0.125000 0.500000
vt 0.125000 0.750000
vt 0.875000 0.500000
vt 0.875000 0.750000
s 0
usemtl BlackMetal
f 261/489/166 262/490/166 264/491/166 263/492/166
f 263/492/167 264/491/167 268/493/167 267/494/167
f 267/494/168 268/493/168 266/495/168 265/496/168
f 265/496/169 266/495/169 262/497/169 261/498/169
f 263/499/170 267/494/170 265/496/170 261/500/170
f 268/493/171 264/501/171 262/502/171 266/495/171
o SmallTable1
v -1.500000 0.725000 2.100000
v -1.500000 0.775000 2.100000
v -1.421964 0.725000 2.107686
v -1.421964 0.775000 2.107686
v -1.346927 0.725000 2.130448
v -1.346927 0.775000 2.130448
v -1.277772 0.725000 2.167412
v -1.277772 0.775000 2.167412
v -1.217157 0.725000 2.217157
v -1.217157 0.775000 2.217157
v -1.167412 0.725000 2.277772
v -1.167412 0.775000 2.277772
v -1.130448 0.725000 2.346927
v -1.130448 0.775000 2.346927
v -1.107686 0.725000 2.421964
v -1.107686 0.775000 2.421964
v -1.100000 0.725000 2.500000
v -1.100000 0.775000 2.500000
v -1.107686 0.725000 2.578036
v -1.107686 0.775000 2.578036
v -1.130448 0.725000 2.653073
v -1.130448 0.775000 2.653073
v -1.167412 0.725000 2.722228
v -1.167412 0.775000 2.722228
v -1.217157 0.725000 2.782843
v -1.217157 0.775000 2.782843
v -1.277772 0.725000 2.832588
v -1.277772 0.775000 2.832588
v -1.346927 0.725000 2.869552
v -1.346927 0.775000 2.869552
v -1.421964 0.725000 2.892314
v -1.421964 0.775000 2.892314
v -1.500000 0.725000 2.900000
v -1.500000 0.775000 2.900000
v -1.578036 0.725000 2.892314
v -1.578036 0.775000 2.892314
v -1.653073 0.725000 2.869552
v -1.653073 0.775000 2.869552
v -1.722228 0.725000 2.832588
v -1.722228 0.775000 2.832588
v -1.782843 0.725000 2.782843
v -1.782843 0.775000 2.782843
v -1.832588 0.725000 2.722228
v -1.832588 0.775000 2.722228
v -1.869552 0.725000 2.653073
v -1.869552 0.775000 2.653073
v -1.892314 0.725000 2.578036
v -1.892314 0.775000 2.578036
v -1.900000 0.725000 2.500000
v -1.900000 0.775000 2.500000
v -1.892314 0.725000 2.421964
v -1.892314 0.775000 2.421964
v -1.869552 0.725000 2.346927
v -1.869552 0.775000 2.346927
v -1.832588 0.725000 2.277772
v -1.832588 0.775000 2.277772
v -1.782843 0.725000 2.217157
v -1.782843 0.775000 2.217157
v -1.722228 0.725000 2.167412
v -1.722228 0.775000 2.167412
v -1.653073 0.725000 2.130448
v -1.653073 0.775000 2.130448
v -1.578036 0.725000 2.107686
v -1.578036 0.775000 2.107686
vn 0.0980 -0.0000 -0.9952
vn 0.2903 -0.0000 -0.9569
vn 0.4714 -0.0000 -0.8819
vn 0.6344 -0.0000 -0.7730
vn 0.7730 -0.0000 -0.6344
vn 0.8819 -0.0000 -0.4714
vn 0.9569 -0.0000 -0.2903
vn 0.9952 -0.0000 -0.0980
vn 0.9952 -0.0000 0.0980
vn 0.9569 -0.0000 0.2903
vn 0.8819 -0.0000 0.4714
vn 0.7730 -0.0000 0.6344
vn 0.6344 -0.0000 0.7730
vn 0.4714 -0.0000 0.8819
vn 0.2903 -0.0000 0.9569
vn 0.0980 -0.0000 0.9952
vn -0.0980 -0.0000 0.9952
vn -0.2903 -0.0000 0.9569
vn -0.4714 -0.0000 0.8819
vn -0.6344 -0.0000 0.7730
vn -0.7730 -0.0000 0.6344
vn -0.8819 -0.0000 0.4714
vn -0.9569 -0.0000 0.2903
vn -0.9952 -0.0000 0.0980
vn -0.9952 -0.0000 -0.0980
vn -0.9569 -0.0000 -0.2903
vn -0.8819 -0.0000 -0.4714
vn -0.7730 -0.0000 -0.6344
vn -0.6344 -0.0000 -0.7730
vn -0.4714 -0.0000 -0.8819
vn -0.0000 1.0000 -0.0000
vn -0.2903 -0.0000 -0.9569
vn -0.0980 -0.0000 -0.9952
vn -0.0000 -1.0000 -0.0000
vt 1.000000 0.500000
vt 1.000000 1.000000
vt 0.968750 1.000000
vt 0.968750 0.500000
vt 0.937500 1.000000
vt 0.937500 0.500000
vt 0.906250 1.000000
vt 0.906250 0.500000
vt 0.875000 1.000000
vt 0.875000 0.500000
vt 0.843750 1.000000
vt 0.843750 0.500000
vt 0.812500 1.000000
vt 0.812500 0.500000
vt 0.781250 1.000000
vt 0.781250 0.500000
vt 0.750000 1.000000
vt 0.750000 0.500000
vt 0.718750 1.000000
vt 0.718750 0.500000
vt 0.687500 1.000000
vt 0.687500 0.500000
vt 0.656250 1.000000
vt 0.656250 0.500000
vt 0.625000 1.000000
vt 0.625000 0.500000
vt 0.593750 1.000000
vt 0.593750 0.500000
vt 0.562500 1.000000
vt 0.562500 0.500000
vt 0.531250 1.000000
vt 0.531250 0.500000
vt 0.500000 1.000000
vt 0.500000 0.500000
vt 0.468750 1.000000
vt 0.468750 0.500000
vt 0.437500 1.000000
vt 0.437500 0.500000
vt 0.406250 1.000000
vt 0.406250 0.500000
vt 0.375000 1.000000
vt 0.375000 0.500000
vt 0.343750 1.000000
vt 0.343750 0.500000
vt 0.312500 1.000000
vt 0.312500 0.500000
vt 0.281250 1.000000
vt 0.281250 0.500000
vt 0.250000 1.000000
vt 0.250000 0.500000
vt 0.218750 1.000000
vt 0.218750 0.500000
vt 0.187500 1.000000
vt 0.187500 0.500000
vt 0.156250 1.000000
vt 0.156250 0.500000
vt 0.125000 1.000000
vt 0.125000 0.500000
vt 0.093750 1.000000
vt 0.093750 0.500000
vt 0.062500 1.000000
vt 0.062500 0.500000
vt 0.296822 0.485388
vt 0.250000 0.490000
vt 0.203178 0.485388
vt 0.158156 0.471731
vt 0.116663 0.449553
vt 0.080294 0.419706
vt 0.050447 0.383337
vt 0.028269 0.341844
vt 0.014612 0.296822
vt 0.010000 0.250000
vt 0.014612 0.203178
vt 0.028269 0.158156
vt 0.050447 0.116663
vt 0.080294 0.080294
vt 0.116663 0.050447
vt 0.158156 0.028269
vt 0.203178 0.014612
vt 0.250000 0.010000
vt 0.296822 0.014612
vt 0.341844 0.028269
vt 0.383337 0.050447
vt 0.419706 0.080294
vt 0.449553 0.116663
vt 0.471731 0.158156
vt 0.485388 0.203178
vt 0.490000 0.250000
vt 0.485388 0.296822
vt 0.471731 0.341844
vt 0.449553 0.383337
vt 0.419706 0.419706
vt 0.383337 0.449553
vt 0.341844 0.471731
vt 0.031250 1.000000
vt 0.031250 0.500000
vt 0.000000 1.000000
vt 0.000000 0.500000
vt 0.750000 0.490000
vt 0.796822 0.485388
vt 0.841844 0.471731
vt 0.883337 0.449553
vt 0.919706 0.419706
vt 0.949553 0.383337
vt 0.971731 0.341844
vt 0.985388 0.296822
vt 0.990000 0.250000
vt 0.985388 0.203178
vt 0.971731 0.158156
vt 0.949553 0.116663
vt 0.919706 0.080294
vt 0.883337 0.050447
vt 0.841844 0.028269
vt 0.796822 0.014612
vt 0.750000 0.010000
vt 0.703178 0.014612
vt 0.658156 0.028269
vt 0.616663 0.050447
vt 0.580294 0.080294
vt 0.550447 0.116663
vt 0.528269 0.158156
vt 0.514612 0.203178
vt 0.510000 0.250000
vt 0.514612 0.296822
vt 0.528269 0.341844
vt 0.550447 0.383337
vt 0.580294 0.419706
vt 0.616663 0.449553
vt 0.658156 0.471731
vt 0.703178 0.485388
s 0
usemtl WarmWood
f 269/503/172 270/504/172 272/505/172 271/506/172
f 271/506/173 272/505/173 274/507/173 273/508/173
f 273/508/174 274/507/174 276/509/174 275/510/174
f 275/510/175 276/509/175 278/511/175 277/512/175
f 277/512/176 278/511/176 280/513/176 279/514/176
f 279/514/177 280/513/177 282/515/177 281/516/177
f 281/516/178 282/515/178 284/517/178 283/518/178
f 283/518/179 284/517/179 286/519/179 285/520/179
f 285/520/180 286/519/180 288/521/180 287/522/180
f 287/522/181 288/521/181 290/523/181 289/524/181
f 289/524/182 290/523/182 292/525/182 291/526/182
f 291/526/183 292/525/183 294/527/183 293/528/183
f 293/528/184 294/527/184 296/529/184 295/530/184
f 295/530/185 296/529/185 298/531/185 297/532/185
f 297/532/186 298/531/186 300/533/186 299/534/186
f 299/534/187 300/533/187 302/535/187 301/536/187
f 301/536/188 302/535/188 304/537/188 303/538/188
f 303/538/189 304/537/189 306/539/189 305/540/189
f 305/540/190 306/539/190 308/541/190 307/542/190
f 307/542/191 308/541/191 310/543/191 309/544/191
f 309/544/192 310/543/192 312/545/192 311/546/192
f 311/546/193 312/545/193 314/547/193 313/548/193
f 313/548/194 314/547/194 316/549/194 315/550/194
f 315/550/195 316/549/195 318/551/195 317/552/195
f 317/552/196 318/551/196 320/553/196 319/554/196
f 319/554/197 320/553/197 322/555/197 321/556/197
f 321/556/198 322/555/198 324/557/198 323/558/198
f 323/558/199 324/557/199 326/559/199 325/560/199
f 325/560/200 326/559/200 328/561/200 327/562/200
f 327/562/201 328/561/201 330/563/201 329/564/201
f 272/565/202 270/566/202 332/567/202 330/568/202 328/569/202 326/570/202 324/571/202 322/572/202 320/573/202 318/574/202 316/575/202 314/576/202 312/577/202 310/578/202 308/579/202 306/580/202 304/581/202 302/582/202 300/583/202 298/584/202 296/585/202 294/586/202 292/587/202 290/588/202 288/589/202 286/590/202 284/591/202 282/592/202 280/593/202 278/594/202 276/595/202 274/596/202
f 329/564/203 330/563/203 332/597/203 331/598/203
f 331/598/204 332/597/204 270/599/204 269/600/204
f 269/601/205 271/602/205 273/603/205 275/604/205 277/605/205 279/606/205 281/607/205 283/608/205 285/609/205 287/610/205 289/611/205 291/612/205 293/613/205 295/614/205 297/615/205 299/616/205 301/617/205 303/618/205 305/619/205 307/620/205 309/621/205 311/622/205 313/623/205 315/624/205 317/625/205 319/626/205 321/627/205 323/628/205 325/629/205 327/630/205 329/631/205 331/632/205
o TableStem1
v -1.500000 0.000000 2.430000
v -1.500000 0.750000 2.430000
v -1.486344 0.000000 2.431345
v -1.486344 0.750000 2.431345
v -1.473212 0.000000 2.435328
v -1.473212 0.750000 2.435328
v -1.461110 0.000000 2.441797
v -1.461110 0.750000 2.441797
v -1.450503 0.000000 2.450503
v -1.450503 0.750000 2.450503
v -1.441797 0.000000 2.461110
v -1.441797 0.750000 2.461110
v -1.435328 0.000000 2.473212
v -1.435328 0.750000 2.473212
v -1.431345 0.000000 2.486344
v -1.431345 0.750000 2.486344
v -1.430000 0.000000 2.500000
v -1.430000 0.750000 2.500000
v -1.431345 0.000000 2.513656
v -1.431345 0.750000 2.513656
v -1.435328 0.000000 2.526788
v -1.435328 0.750000 2.526788
v -1.441797 0.000000 2.538890
v -1.441797 0.750000 2.538890
v -1.450503 0.000000 2.549497
v -1.450503 0.750000 2.549497
v -1.461110 0.000000 2.558203
v -1.461110 0.750000 2.558203
v -1.473212 0.000000 2.564672
v -1.473212 0.750000 2.564672
v -1.486344 0.000000 2.568655
v -1.486344 0.750000 2.568655
v -1.500000 0.000000 2.570000
v -1.500000 0.750000 2.570000
v -1.513656 0.000000 2.568655
v -1.513656 0.750000 2.568655
v -1.526788 0.000000 2.564672
v -1.526788 0.750000 2.564672
v -1.538890 0.000000 2.558203
v -1.538890 0.750000 2.558203
v -1.549497 0.000000 2.549497
v -1.549497 0.750000 2.549497
v -1.558203 0.000000 2.538890
v -1.558203 0.750000 2.538890
v -1.564672 0.000000 2.526788
v -1.564672 0.750000 2.526788
v -1.568655 0.000000 2.513656
v -1.568655 0.750000 2.513656
v -1.570000 0.000000 2.500000
v -1.570000 0.750000 2.500000
v -1.568655 0.000000 2.486344
v -1.568655 0.750000 2.486344
v -1.564672 0.000000 2.473212
v -1.564672 0.750000 2.473212
v -1.558203 0.000000 2.461110
v -1.558203 0.750000 2.461110
v -1.549497 0.000000 2.450503
v -1.549497 0.750000 2.450503
v -1.538890 0.000000 2.441797
v -1.538890 0.750000 2.441797
v -1.526788 0.000000 2.435328
v -1.526788 0.750000 2.435328
v -1.513656 0.000000 2.431345
v -1.513656 0.750000 2.431345
vn 0.0980 -0.0000 -0.9952
vn 0.2903 -0.0000 -0.9569
vn 0.4714 -0.0000 -0.8819
vn 0.6344 -0.0000 -0.7730
vn 0.7730 -0.0000 -0.6344
vn 0.8819 -0.0000 -0.4714
vn 0.9569 -0.0000 -0.2903
vn 0.9952 -0.0000 -0.0980
vn 0.9952 -0.0000 0.0980
vn 0.9569 -0.0000 0.2903
vn 0.8819 -0.0000 0.4714
vn 0.7730 -0.0000 0.6344
vn 0.6344 -0.0000 0.7730
vn 0.4714 -0.0000 0.8819
vn 0.2903 -0.0000 0.9569
vn 0.0980 -0.0000 0.9952
vn -0.0980 -0.0000 0.9952
vn -0.2903 -0.0000 0.9569
vn -0.4714 -0.0000 0.8819
vn -0.6344 -0.0000 0.7730
vn -0.7730 -0.0000 0.6344
vn -0.8819 -0.0000 0.4714
vn -0.9569 -0.0000 0.2903
vn -0.9952 -0.0000 0.0980
vn -0.9952 -0.0000 -0.0980
vn -0.9569 -0.0000 -0.2903
vn -0.8819 -0.0000 -0.4714
vn -0.7730 -0.0000 -0.6344
vn -0.6344 -0.0000 -0.7730
vn -0.4714 -0.0000 -0.8819
vn -0.0000 1.0000 -0.0000
vn -0.2903 -0.0000 -0.9569
vn -0.0980 -0.0000 -0.9952
vn -0.0000 -1.0000 -0.0000
vt 1.000000 0.500000
vt 1.000000 1.000000
vt 0.968750 1.000000
vt 0.968750 0.500000
vt 0.937500 1.000000
vt 0.937500 0.500000
vt 0.906250 1.000000
vt 0.906250 0.500000
vt 0.875000 1.000000
vt 0.875000 0.500000
vt 0.843750 1.000000
vt 0.843750 0.500000
vt 0.812500 1.000000
vt 0.812500 0.500000
vt 0.781250 1.000000
vt 0.781250 0.500000
vt 0.750000 1.000000
vt 0.750000 0.500000
vt 0.718750 1.000000
vt 0.718750 0.500000
vt 0.687500 1.000000
vt 0.687500 0.500000
vt 0.656250 1.000000
vt 0.656250 0.500000
vt 0.625000 1.000000
vt 0.625000 0.500000
vt 0.593750 1.000000
vt 0.593750 0.500000
vt 0.562500 1.000000
vt 0.562500 0.500000
vt 0.531250 1.000000
vt 0.531250 0.500000
vt 0.500000 1.000000
vt 0.500000 0.500000
vt 0.468750 1.000000
vt 0.468750 0.500000
vt 0.437500 1.000000
vt 0.437500 0.500000
vt 0.406250 1.000000
vt 0.406250 0.500000
vt 0.375000 1.000000
vt 0.375000 0.500000
vt 0.343750 1.000000
vt 0.343750 0.500000
vt 0.312500 1.000000
vt 0.312500 0.500000
vt 0.281250 1.000000
vt 0.281250 0.500000
vt 0.250000 1.000000
vt 0.250000 0.500000
vt 0.218750 1.000000
vt 0.218750 0.500000
vt 0.187500 1.000000
vt 0.187500 0.500000
vt 0.156250 1.000000
vt 0.156250 0.500000
vt 0.125000 1.000000
vt 0.125000 0.500000
vt 0.093750 1.000000
vt 0.093750 0.500000
vt 0.062500 1.000000
vt 0.062500 0.500000
vt 0.296822 0.485388
vt 0.250000 0.490000
vt 0.203178 0.485388
vt 0.158156 0.471731
vt 0.116663 0.449553
vt 0.080294 0.419706
vt 0.050447 0.383337
vt 0.028269 0.341844
vt 0.014612 0.296822
vt 0.010000 0.250000
vt 0.014612 0.203178
vt 0.028269 0.158156
vt 0.050447 0.116663
vt 0.080294 0.080294
vt 0.116663 0.050447
vt 0.158156 0.028269
vt 0.203178 0.014612
vt 0.250000 0.010000
vt 0.296822 0.014612
vt 0.341844 0.028269
vt 0.383337 0.050447
vt 0.419706 0.080294
vt 0.449553 0.116663
vt 0.471731 0.158156
vt 0.485388 0.203178
vt 0.490000 0.250000
vt 0.485388 0.296822
vt 0.471731 0.341844
vt 0.449553 0.383337
vt 0.419706 0.419706
vt 0.383337 0.449553
vt 0.341844 0.471731
vt 0.031250 1.000000
vt 0.031250 0.500000
vt 0.000000 1.000000
vt 0.000000 0.500000
vt 0.750000 0.490000
vt 0.796822 0.485388
vt 0.841844 0.471731
vt 0.883337 0.449553
vt 0.919706 0.419706
vt 0.949553 0.383337
vt 0.971731 0.341844
vt 0.985388 0.296822
vt 0.990000 0.250000
vt 0.985388 0.203178
vt 0.971731 0.158156
vt 0.949553 0.116663
vt 0.919706 0.080294
vt 0.883337 0.050447
vt 0.841844 0.028269
vt 0.796822 0.014612
vt 0.750000 0.010000
vt 0.703178 0.014612
vt 0.658156 0.028269
vt 0.616663 0.050447
vt 0.580294 0.080294
vt 0.550447 0.116663
vt 0.528269 0.158156
vt 0.514612 0.203178
vt 0.510000 0.250000
vt 0.514612 0.296822
vt 0.528269 0.341844
vt 0.550447 0.383337
vt 0.580294 0.419706
vt 0.616663 0.449553
vt 0.658156 0.471731
vt 0.703178 0.485388
s 0
usemtl BlackMetal
f 333/633/206 334/634/206 336/635/206 335/636/206
f 335/636/207 336/635/207 338/637/207 337/638/207
f 337/638/208 338/637/208 340/639/208 339/640/208
f 339/640/209 340/639/209 342/641/209 341/642/209
f 341/642/210 342/641/210 344/643/210 343/644/210
f 343/644/211 344/643/211 346/645/211 345/646/211
f 345/646/212 346/645/212 348/647/212 347/648/212
f 347/648/213 348/647/213 350/649/213 349/650/213
f 349/650/214 350/649/214 352/651/214 351/652/214
f 351/652/215 352/651/215 354/653/215 353/654/215
f 353/654/216 354/653/216 356/655/216 355/656/216
f 355/656/217 356/655/217 358/657/217 357/658/217
f 357/658/218 358/657/218 360/659/218 359/660/218
f 359/660/219 360/659/219 362/661/219 361/662/219
f 361/662/220 362/661/220 364/663/220 363/664/220
f 363/664/221 364/663/221 366/665/221 365/666/221
f 365/666/222 366/665/222 368/667/222 367/668/222
f 367/668/223 368/667/223 370/669/223 369/670/223
f 369/670/224 370/669/224 372/671/224 371/672/224
f 371/672/225 372/671/225 374/673/225 373/674/225
f 373/674/226 374/673/226 376/675/226 375/676/226
f 375/676/227 376/675/227 378/677/227 377/678/227
f 377/678/228 378/677/228 380/679/228 379/680/228
f 379/680/229 380/679/229 382/681/229 381/682/229
f 381/682/230 382/681/230 384/683/230 383/684/230
f 383/684/231 384/683/231 386/685/231 385/686/231
f 385/686/232 386/685/232 388/687/232 387/688/232
f 387/688/233 388/687/233 390/689/233 389/690/233
f 389/690/234 390/689/234 392/691/234 391/692/234
f 391/692/235 392/691/235 394/693/235 393/694/235
f 336/695/236 334/696/236 396/697/236 394/698/236 392/699/236 390/700/236 388/701/236 386/702/236 384/703/236 382/704/236 380/705/236 378/706/236 376/707/236 374/708/236 372/709/236 370/710/236 368/711/236 366/712/236 364/713/236 362/714/236 360/715/236 358/716/236 356/717/236 354/718/236 352/719/236 350/720/236 348/721/236 346/722/236 344/723/236 342/724/236 340/725/236 338/726/236
f 393/694/237 394/693/237 396/727/237 395/728/237
f 395/728/238 396/727/238 334/729/238 333/730/238
f 333/731/239 335/732/239 337/733/239 339/734/239 341/735/239 343/736/239 345/737/239 347/738/239 349/739/239 351/740/239 353/741/239 355/742/239 357/743/239 359/744/239 361/745/239 363/746/239 365/747/239 367/748/239 369/749/239 371/750/239 373/751/239 375/752/239 377/753/239 379/754/239 381/755/239 383/756/239 385/757/239 387/758/239 389/759/239 391/760/239 393/761/239 395/762/239
o ChairA1
v -2.250000 0.430000 2.700000
v -2.250000 0.470000 2.700000
v -2.250000 0.430000 2.300000
v -2.250000 0.470000 2.300000
v -1.850000 0.430000 2.700000
v -1.850000 0.470000 2.700000
v -1.850000 0.430000 2.300000
v -1.850000 0.470000 2.300000
vn -1.0000 -0.0000 -0.0000
vn -0.0000 -0.0000 -1.0000
vn 1.0000 -0.0000 -0.0000
vn -0.0000 -0.0000 1.0000
vn -0.0000 -1.0000 -0.0000
vn -0.0000 1.0000 -0.0000
vt 0.375000 0.000000
vt 0.625000 0.000000
vt 0.625000 0.250000
vt 0.375000 0.250000
vt 0.625000 0.500000
vt 0.375000 0.500000
vt 0.625000 0.750000
vt 0.375000 0.750000
vt 0.625000 1.000000
vt 0.375000 1.000000
vt 0.125000 0.500000
vt 0.125000 0.750000
vt 0.875000 0.500000
vt 0.875000 0.750000
s 0
usemtl WarmWood
f 397/763/240 398/764/240 400/765/240 399/766/240
f 399/766/241 400/765/241 404/767/241 403/768/241
f 403/768/242 404/767/242 402/769/242 401/770/242
f 401/770/243 402/769/243 398/771/243 397/772/243
f 399/773/244 403/768/244 401/770/244 397/774/244
f 404/767/245 400/775/245 398/776/245 402/769/245
o ChairAB1
v -2.250000 0.450000 2.540000
v -2.250000 1.050000 2.540000
v -2.250000 0.450000 2.460000
v -2.250000 1.050000 2.460000
v -1.850000 0.450000 2.540000
v -1.850000 1.050000 2.540000
v -1.850000 0.450000 2.460000
v -1.850000 1.050000 2.460000
vn -1.0000 -0.0000 -0.0000
vn -0.0000 -0.0000 -1.0000
vn 1.0000 -0.0000 -0.0000
vn -0.0000 -0.0000 1.0000
vn -0.0000 -1.0000 -0.0000
vn -0.0000 1.0000 -0.0000
vt 0.375000 0.000000
vt 0.625000 0.000000
vt 0.625000 0.250000
vt 0.375000 0.250000
vt 0.625000 0.500000
vt 0.375000 0.500000
vt 0.625000 0.750000
vt 0.375000 0.750000
vt 0.625000 1.000000
vt 0.375000 1.000000
vt 0.125000 0.500000
vt 0.125000 0.750000
vt 0.875000 0.500000
vt 0.875000 0.750000
s 0
usemtl WarmWood
f 405/777/246 406/778/246 408/779/246 407/780/246
f 407/780/247 408/779/247 412/781/247 411/782/247
f 411/782/248 412/781/248 410/783/248 409/784/248
f 409/784/249 410/783/249 406/785/249 405/786/249
f 407/787/250 411/782/250 409/784/250 405/788/250
f 412/781/251 408/789/251 406/790/251 410/783/251
o ChairB1
v -1.150000 0.430000 2.700000
v -1.150000 0.470000 2.700000
v -1.150000 0.430000 2.300000
v -1.150000 0.470000 2.300000
v -0.750000 0.430000 2.700000
v -0.750000 0.470000 2.700000
v -0.750000 0.430000 2.300000
v -0.750000 0.470000 2.300000
vn -1.0000 -0.0000 -0.0000
vn -0.0000 -0.0000 -1.0000
vn 1.0000 -0.0000 -0.0000
vn -0.0000 -0.0000 1.0000
vn -0.0000 -1.0000 -0.0000
vn -0.0000 1.0000 -0.0000
vt 0.375000 0.000000
vt 0.625000 0.000000
vt 0.625000 0.250000
vt 0.375000 0.250000
vt 0.625000 0.500000
vt 0.375000 0.500000
vt 0.625000 0.750000
vt 0.375000 0.750000
vt 0.625000 1.000000
vt 0.375000 1.000000
vt 0.125000 0.500000
vt 0.125000 0.750000
vt 0.875000 0.500000
vt 0.875000 0.750000
s 0
usemtl WarmWood
f 413/791/252 414/792/252 416/793/252 415/794/252
f 415/794/253 416/793/253 420/795/253 419/796/253
f 419/796/254 420/795/254 418/797/254 417/798/254
f 417/798/255 418/797/255 414/799/255 413/800/255
f 415/801/256 419/796/256 417/798/256 413/802/256
f 420/795/257 416/803/257 414/804/257 418/797/257
o ChairBB1
v -1.150000 0.450000 2.540000
v -1.150000 1.050000 2.540000
v -1.150000 0.450000 2.460000
v -1.150000 1.050000 2.460000
v -0.750000 0.450000 2.540000
v -0.750000 1.050000 2.540000
v -0.750000 0.450000 2.460000
v -0.750000 1.050000 2.460000
vn -1.0000 -0.0000 -0.0000
vn -0.0000 -0.0000 -1.0000
vn 1.0000 -0.0000 -0.0000
vn -0.0000 -0.0000 1.0000
vn -0.0000 -1.0000 -0.0000
vn -0.0000 1.0000 -0.0000
vt 0.375000 0.000000
vt 0.625000 0.000000
vt 0.625000 0.250000
vt 0.375000 0.250000
vt 0.625000 0.500000
vt 0.375000 0.500000
vt 0.625000 0.750000
vt 0.375000 0.750000
vt 0.625000 1.000000
vt 0.375000 1.000000
vt 0.125000 0.500000
vt 0.125000 0.750000
vt 0.875000 0.500000
vt 0.875000 0.750000
s 0
usemtl BlackMetal
f 421/805/258 422/806/258 424/807/258 423/808/258
f 423/808/259 424/807/259 428/809/259 427/810/259
f 427/810/260 428/809/260 426/811/260 425/812/260
f 425/812/261 426/811/261 422/813/261 421/814/261
f 423/815/262 427/810/262 425/812/262 421/816/262
f 428/809/263 424/817/263 422/818/263 426/811/263
o SmallTable2
v -3.200000 0.725000 0.600000
v -3.200000 0.775000 0.600000
v -3.121964 0.725000 0.607686
v -3.121964 0.775000 0.607686
v -3.046927 0.725000 0.630448
v -3.046927 0.775000 0.630448
v -2.977772 0.725000 0.667412
v -2.977772 0.775000 0.667412
v -2.917157 0.725000 0.717157
v -2.917157 0.775000 0.717157
v -2.867412 0.725000 0.777772
v -2.867412 0.775000 0.777772
v -2.830448 0.725000 0.846927
v -2.830448 0.775000 0.846927
v -2.807686 0.725000 0.921964
v -2.807686 0.775000 0.921964
v -2.800000 0.725000 1.000000
v -2.800000 0.775000 1.000000
v -2.807686 0.725000 1.078036
v -2.807686 0.775000 1.078036
v -2.830448 0.725000 1.153073
v -2.830448 0.775000 1.153073
v -2.867412 0.725000 1.222228
v -2.867412 0.775000 1.222228
v -2.917157 0.725000 1.282843
v -2.917157 0.775000 1.282843
v -2.977772 0.725000 1.332588
v -2.977772 0.775000 1.332588
v -3.046927 0.725000 1.369552
v -3.046927 0.775000 1.369552
v -3.121964 0.725000 1.392314
v -3.121964 0.775000 1.392314
v -3.200000 0.725000 1.400000
v -3.200000 0.775000 1.400000
v -3.278036 0.725000 1.392314
v -3.278036 0.775000 1.392314
v -3.353073 0.725000 1.369552
v -3.353073 0.775000 1.369552
v -3.422228 0.725000 1.332588
v -3.422228 0.775000 1.332588
v -3.482843 0.725000 1.282843
v -3.482843 0.775000 1.282843
v -3.532588 0.725000 1.222228
v -3.532588 0.775000 1.222228
v -3.569552 0.725000 1.153073
v -3.569552 0.775000 1.153073
v -3.592314 0.725000 1.078036
v -3.592314 0.775000 1.078036
v -3.600000 0.725000 1.000000
v -3.600000 0.775000 1.000000
v -3.592314 0.725000 0.921964
v -3.592314 0.775000 0.921964
v -3.569552 0.725000 0.846927
v -3.569552 0.775000 0.846927
v -3.532588 0.725000 0.777772
v -3.532588 0.775000 0.777772
v -3.482843 0.725000 0.717157
v -3.482843 0.775000 0.717157
v -3.422228 0.725000 0.667412
v -3.422228 0.775000 0.667412
v -3.353073 0.725000 0.630448
v -3.353073 0.775000 0.630448
v -3.278036 0.725000 0.607686
v -3.278036 0.775000 0.607686
vn 0.0980 -0.0000 -0.9952
vn 0.2903 -0.0000 -0.9569
vn 0.4714 -0.0000 -0.8819
vn 0.6344 -0.0000 -0.7730
vn 0.7730 -0.0000 -0.6344
vn 0.8819 -0.0000 -0.4714
vn 0.9569 -0.0000 -0.2903
vn 0.9952 -0.0000 -0.0980
vn 0.9952 -0.0000 0.0980
vn 0.9569 -0.0000 0.2903
vn 0.8819 -0.0000 0.4714
vn 0.7730 -0.0000 0.6344
vn 0.6344 -0.0000 0.7730
vn 0.4714 -0.0000 0.8819
vn 0.2903 -0.0000 0.9569
vn 0.0980 -0.0000 0.9952
vn -0.0980 -0.0000 0.9952
vn -0.2903 -0.0000 0.9569
vn -0.4714 -0.0000 0.8819
vn -0.6344 -0.0000 0.7730
vn -0.7730 -0.0000 0.6344
vn -0.8819 -0.0000 0.4714
vn -0.9569 -0.0000 0.2903
vn -0.9952 -0.0000 0.0980
vn -0.9952 -0.0000 -0.0980
vn -0.9569 -0.0000 -0.2903
vn -0.8819 -0.0000 -0.4714
vn -0.7730 -0.0000 -0.6344
vn -0.6344 -0.0000 -0.7730
vn -0.4714 -0.0000 -0.8819
vn -0.0000 1.0000 -0.0000
vn -0.2903 -0.0000 -0.9569
vn -0.0980 -0.0000 -0.9952
vn -0.0000 -1.0000 -0.0000
vt 1.000000 0.500000
vt 1.000000 1.000000
vt 0.968750 1.000000
vt 0.968750 0.500000
vt 0.937500 1.000000
vt 0.937500 0.500000
vt 0.906250 1.000000
vt 0.906250 0.500000
vt 0.875000 1.000000
vt 0.875000 0.500000
vt 0.843750 1.000000
vt 0.843750 0.500000
vt 0.812500 1.000000
vt 0.812500 0.500000
vt 0.781250 1.000000
vt 0.781250 0.500000
vt 0.750000 1.000000
vt 0.750000 0.500000
vt 0.718750 1.000000
vt 0.718750 0.500000
vt 0.687500 1.000000
vt 0.687500 0.500000
vt 0.656250 1.000000
vt 0.656250 0.500000
vt 0.625000 1.000000
vt 0.625000 0.500000
vt 0.593750 1.000000
vt 0.593750 0.500000
vt 0.562500 1.000000
vt 0.562500 0.500000
vt 0.531250 1.000000
vt 0.531250 0.500000
vt 0.500000 1.000000
vt 0.500000 0.500000
vt 0.468750 1.000000
vt 0.468750 0.500000
vt 0.437500 1.000000
vt 0.437500 0.500000
vt 0.406250 1.000000
vt 0.406250 0.500000
vt 0.375000 1.000000
vt 0.375000 0.500000
vt 0.343750 1.000000
vt 0.343750 0.500000
vt 0.312500 1.000000
vt 0.312500 0.500000
vt 0.281250 1.000000
vt 0.281250 0.500000
vt 0.250000 1.000000
vt 0.250000 0.500000
vt 0.218750 1.000000
vt 0.218750 0.500000
vt 0.187500 1.000000
vt 0.187500 0.500000
vt 0.156250 1.000000
vt 0.156250 0.500000
vt 0.125000 1.000000
vt 0.125000 0.500000
vt 0.093750 1.000000
vt 0.093750 0.500000
vt 0.062500 1.000000
vt 0.062500 0.500000
vt 0.296822 0.485388
vt 0.250000 0.490000
vt 0.203178 0.485388
vt 0.158156 0.471731
vt 0.116663 0.449553
vt 0.080294 0.419706
vt 0.050447 0.383337
vt 0.028269 0.341844
vt 0.014612 0.296822
vt 0.010000 0.250000
vt 0.014612 0.203178
vt 0.028269 0.158156
vt 0.050447 0.116663
vt 0.080294 0.080294
vt 0.116663 0.050447
vt 0.158156 0.028269
vt 0.203178 0.014612
vt 0.250000 0.010000
vt 0.296822 0.014612
vt 0.341844 0.028269
vt 0.383337 0.050447
vt 0.419706 0.080294
vt 0.449553 0.116663
vt 0.471731 0.158156
vt 0.485388 0.203178
vt 0.490000 0.250000
vt 0.485388 0.296822
vt 0.471731 0.341844
vt 0.449553 0.383337
vt 0.419706 0.419706
vt 0.383337 0.449553
vt 0.341844 0.471731
vt 0.031250 1.000000
vt 0.031250 0.500000
vt 0.000000 1.000000
vt 0.000000 0.500000
vt 0.750000 0.490000
vt 0.796822 0.485388
vt 0.841844 0.471731
vt 0.883337 0.449553
vt 0.919706 0.419706
vt 0.949553 0.383337
vt 0.971731 0.341844
vt 0.985388 0.296822
vt 0.990000 0.250000
vt 0.985388 0.203178
vt 0.971731 0.158156
vt 0.949553 0.116663
vt 0.919706 0.080294
vt 0.883337 0.050447
vt 0.841844 0.028269
vt 0.796822 0.014612
vt 0.750000 0.010000
vt 0.703178 0.014612
vt 0.658156 0.028269
vt 0.616663 0.050447
vt 0.580294 0.080294
vt 0.550447 0.116663
vt 0.528269 0.158156
vt 0.514612 0.203178
vt 0.510000 0.250000
vt 0.514612 0.296822
vt 0.528269 0.341844
vt 0.550447 0.383337
vt 0.580294 0.419706
vt 0.616663 0.449553
vt 0.658156 0.471731
vt 0.703178 0.485388
s 0
usemtl WarmWood
f 429/819/264 430/820/264 432/821/264 431/822/264
f 431/822/265 432/821/265 434/823/265 433/824/265
f 433/824/266 434/823/266 436/825/266 435/826/266
f 435/826/267 436/825/267 438/827/267 437/828/267
f 437/828/268 438/827/268 440/829/268 439/830/268
f 439/830/269 440/829/269 442/831/269 441/832/269
f 441/832/270 442/831/270 444/833/270 443/834/270
f 443/834/271 444/833/271 446/835/271 445/836/271
f 445/836/272 446/835/272 448/837/272 447/838/272
f 447/838/273 448/837/273 450/839/273 449/840/273
f 449/840/274 450/839/274 452/841/274 451/842/274
f 451/842/275 452/841/275 454/843/275 453/844/275
f 453/844/276 454/843/276 456/845/276 455/846/276
f 455/846/277 456/845/277 458/847/277 457/848/277
f 457/848/278 458/847/278 460/849/278 459/850/278
f 459/850/279 460/849/279 462/851/279 461/852/279
f 461/852/280 462/851/280 464/853/280 463/854/280
f 463/854/281 464/853/281 466/855/281 465/856/281
f 465/856/282 466/855/282 468/857/282 467/858/282
f 467/858/283 468/857/283 470/859/283 469/860/283
f 469/860/284 470/859/284 472/861/284 471/862/284
f 471/862/285 472/861/285 474/863/285 473/864/285
f 473/864/286 474/863/286 476/865/286 475/866/286
f 475/866/287 476/865/287 478/867/287 477/868/287
f 477/868/288 478/867/288 480/869/288 479/870/288
f 479/870/289 480/869/289 482/871/289 481/872/289
f 481/872/290 482/871/290 484/873/290 483/874/290
f 483/874/291 484/873/291 486/875/291 485/876/291
f 485/876/292 486/875/292 488/877/292 487/878/292
f 487/878/293 488/877/293 490/879/293 489/880/293
f 432/881/294 430/882/294 492/883/294 490/884/294 488/885/294 486/886/294 484/887/294 482/888/294 480/889/294 478/890/294 476/891/294 474/892/294 472/893/294 470/894/294 468/895/294 466/896/294 464/897/294 462/898/294 460/899/294 458/900/294 456/901/294 454/902/294 452/903/294 450/904/294 448/905/294 446/906/294 444/907/294 442/908/294 440/909/294 438/910/294 436/911/294 434/912/294
f 489/880/295 490/879/295 492/913/295 491/914/295
f 491/914/296 492/913/296 430/915/296 429/916/296
f 429/917/297 431/918/297 433/919/297 435/920/297 437/921/297 439/922/297 441/923/297 443/924/297 445/925/297 447/926/297 449/927/297 451/928/297 453/929/297 455/930/297 457/931/297 459/932/297 461/933/297 463/934/297 465/935/297 467/936/297 469/937/297 471/938/297 473/939/297 475/940/297 477/941/297 479/942/297 481/943/297 483/944/297 485/945/297 487/946/297 489/947/297 491/948/297
o TableStem2
v -3.200000 0.000000 0.930000
v -3.200000 0.750000 0.930000
v -3.186344 0.000000 0.931345
v -3.186344 0.750000 0.931345
v -3.173212 0.000000 0.935328
v -3.173212 0.750000 0.935328
v -3.161110 0.000000 0.941797
v -3.161110 0.750000 0.941797
v -3.150503 0.000000 0.950503
v -3.150503 0.750000 0.950503
v -3.141797 0.000000 0.961110
v -3.141797 0.750000 0.961110
v -3.135329 0.000000 0.973212
v -3.135329 0.750000 0.973212
v -3.131345 0.000000 0.986344
v -3.131345 0.750000 0.986344
v -3.130000 0.000000 1.000000
v -3.130000 0.750000 1.000000
v -3.131345 0.000000 1.013656
v -3.131345 0.750000 1.013656
v -3.135329 0.000000 1.026788
v -3.135329 0.750000 1.026788
v -3.141797 0.000000 1.038890
v -3.141797 0.750000 1.038890
v -3.150503 0.000000 1.049497
v -3.150503 0.750000 1.049497
v -3.161110 0.000000 1.058203
v -3.161110 0.750000 1.058203
v -3.173212 0.000000 1.064672
v -3.173212 0.750000 1.064672
v -3.186344 0.000000 1.068655
v -3.186344 0.750000 1.068655
v -3.200000 0.000000 1.070000
v -3.200000 0.750000 1.070000
v -3.213656 0.000000 1.068655
v -3.213656 0.750000 1.068655
v -3.226788 0.000000 1.064672
v -3.226788 0.750000 1.064672
v -3.238890 0.000000 1.058203
v -3.238890 0.750000 1.058203
v -3.249497 0.000000 1.049497
v -3.249497 0.750000 1.049497
v -3.258203 0.000000 1.038890
v -3.258203 0.750000 1.038890
v -3.264672 0.000000 1.026788
v -3.264672 0.750000 1.026788
v -3.268655 0.000000 1.013656
v -3.268655 0.750000 1.013656
v -3.270000 0.000000 1.000000
v -3.270000 0.750000 1.000000
v -3.268655 0.000000 0.986344
v -3.268655 0.750000 0.986344
v -3.264672 0.000000 0.973212
v -3.264672 0.750000 0.973212
v -3.258203 0.000000 0.961110
v -3.258203 0.750000 0.961110
v -3.249497 0.000000 0.950503
v -3.249497 0.750000 0.950503
v -3.238890 0.000000 0.941797
v -3.238890 0.750000 0.941797
v -3.226788 0.000000 0.935328
v -3.226788 0.750000 0.935328
v -3.213656 0.000000 0.931345
v -3.213656 0.750000 0.931345
vn 0.0980 -0.0000 -0.9952
vn 0.2903 -0.0000 -0.9569
vn 0.4714 -0.0000 -0.8819
vn 0.6344 -0.0000 -0.7730
vn 0.7730 -0.0000 -0.6344
vn 0.8819 -0.0000 -0.4714
vn 0.9569 -0.0000 -0.2903
vn 0.9952 -0.0000 -0.0980
vn 0.9952 -0.0000 0.0980
vn 0.9569 -0.0000 0.2903
vn 0.8819 -0.0000 0.4714
vn 0.7730 -0.0000 0.6344
vn 0.6344 -0.0000 0.7730
vn 0.4714 -0.0000 0.8819
vn 0.2903 -0.0000 0.9569
vn 0.0980 -0.0000 0.9952
vn -0.0980 -0.0000 0.9952
vn -0.2903 -0.0000 0.9569
vn -0.4714 -0.0000 0.8819
vn -0.6344 -0.0000 0.7730
vn -0.7730 -0.0000 0.6344
vn -0.8819 -0.0000 0.4714
vn -0.9569 -0.0000 0.2903
vn -0.9952 -0.0000 0.0980
vn -0.9952 -0.0000 -0.0980
vn -0.9569 -0.0000 -0.2903
vn -0.8819 -0.0000 -0.4714
vn -0.7730 -0.0000 -0.6344
vn -0.6344 -0.0000 -0.7730
vn -0.4714 -0.0000 -0.8819
vn -0.0000 1.0000 -0.0000
vn -0.2903 -0.0000 -0.9569
vn -0.0980 -0.0000 -0.9952
vn -0.0000 -1.0000 -0.0000
vt 1.000000 0.500000
vt 1.000000 1.000000
vt 0.968750 1.000000
vt 0.968750 0.500000
vt 0.937500 1.000000
vt 0.937500 0.500000
vt 0.906250 1.000000
vt 0.906250 0.500000
vt 0.875000 1.000000
vt 0.875000 0.500000
vt 0.843750 1.000000
vt 0.843750 0.500000
vt 0.812500 1.000000
vt 0.812500 0.500000
vt 0.781250 1.000000
vt 0.781250 0.500000
vt 0.750000 1.000000
vt 0.750000 0.500000
vt 0.718750 1.000000
vt 0.718750 0.500000
vt 0.687500 1.000000
vt 0.687500 0.500000
vt 0.656250 1.000000
vt 0.656250 0.500000
vt 0.625000 1.000000
vt 0.625000 0.500000
vt 0.593750 1.000000
vt 0.593750 0.500000
vt 0.562500 1.000000
vt 0.562500 0.500000
vt 0.531250 1.000000
vt 0.531250 0.500000
vt 0.500000 1.000000
vt 0.500000 0.500000
vt 0.468750 1.000000
vt 0.468750 0.500000
vt 0.437500 1.000000
vt 0.437500 0.500000
vt 0.406250 1.000000
vt 0.406250 0.500000
vt 0.375000 1.000000
vt 0.375000 0.500000
vt 0.343750 1.000000
vt 0.343750 0.500000
vt 0.312500 1.000000
vt 0.312500 0.500000
vt 0.281250 1.000000
vt 0.281250 0.500000
vt 0.250000 1.000000
vt 0.250000 0.500000
vt 0.218750 1.000000
vt 0.218750 0.500000
vt 0.187500 1.000000
vt 0.187500 0.500000
vt 0.156250 1.000000
vt 0.156250 0.500000
vt 0.125000 1.000000
vt 0.125000 0.500000
vt 0.093750 1.000000
vt 0.093750 0.500000
vt 0.062500 1.000000
vt 0.062500 0.500000
vt 0.296822 0.485388
vt 0.250000 0.490000
vt 0.203178 0.485388
vt 0.158156 0.471731
vt 0.116663 0.449553
vt 0.080294 0.419706
vt 0.050447 0.383337
vt 0.028269 0.341844
vt 0.014612 0.296822
vt 0.010000 0.250000
vt 0.014612 0.203178
vt 0.028269 0.158156
vt 0.050447 0.116663
vt 0.080294 0.080294
vt 0.116663 0.050447
vt 0.158156 0.028269
vt 0.203178 0.014612
vt 0.250000 0.010000
vt 0.296822 0.014612
vt 0.341844 0.028269
vt 0.383337 0.050447
vt 0.419706 0.080294
vt 0.449553 0.116663
vt 0.471731 0.158156
vt 0.485388 0.203178
vt 0.490000 0.250000
vt 0.485388 0.296822
vt 0.471731 0.341844
vt 0.449553 0.383337
vt 0.419706 0.419706
vt 0.383337 0.449553
vt 0.341844 0.471731
vt 0.031250 1.000000
vt 0.031250 0.500000
vt 0.000000 1.000000
vt 0.000000 0.500000
vt 0.750000 0.490000
vt 0.796822 0.485388
vt 0.841844 0.471731
vt 0.883337 0.449553
vt 0.919706 0.419706
vt 0.949553 0.383337
vt 0.971731 0.341844
vt 0.985388 0.296822
vt 0.990000 0.250000
vt 0.985388 0.203178
vt 0.971731 0.158156
vt 0.949553 0.116663
vt 0.919706 0.080294
vt 0.883337 0.050447
vt 0.841844 0.028269
vt 0.796822 0.014612
vt 0.750000 0.010000
vt 0.703178 0.014612
vt 0.658156 0.028269
vt 0.616663 0.050447
vt 0.580294 0.080294
vt 0.550447 0.116663
vt 0.528269 0.158156
vt 0.514612 0.203178
vt 0.510000 0.250000
vt 0.514612 0.296822
vt 0.528269 0.341844
vt 0.550447 0.383337
vt 0.580294 0.419706
vt 0.616663 0.449553
vt 0.658156 0.471731
vt 0.703178 0.485388
s 0
usemtl BlackMetal
f 493/949/298 494/950/298 496/951/298 495/952/298
f 495/952/299 496/951/299 498/953/299 497/954/299
f 497/954/300 498/953/300 500/955/300 499/956/300
f 499/956/301 500/955/301 502/957/301 501/958/301
f 501/958/302 502/957/302 504/959/302 503/960/302
f 503/960/303 504/959/303 506/961/303 505/962/303
f 505/962/304 506/961/304 508/963/304 507/964/304
f 507/964/305 508/963/305 510/965/305 509/966/305
f 509/966/306 510/965/306 512/967/306 511/968/306
f 511/968/307 512/967/307 514/969/307 513/970/307
f 513/970/308 514/969/308 516/971/308 515/972/308
f 515/972/309 516/971/309 518/973/309 517/974/309
f 517/974/310 518/973/310 520/975/310 519/976/310
f 519/976/311 520/975/311 522/977/311 521/978/311
f 521/978/312 522/977/312 524/979/312 523/980/312
f 523/980/313 524/979/313 526/981/313 525/982/313
f 525/982/314 526/981/314 528/983/314 527/984/314
f 527/984/315 528/983/315 530/985/315 529/986/315
f 529/986/316 530/985/316 532/987/316 531/988/316
f 531/988/317 532/987/317 534/989/317 533/990/317
f 533/990/318 534/989/318 536/991/318 535/992/318
f 535/992/319 536/991/319 538/993/319 537/994/319
f 537/994/320 538/993/320 540/995/320 539/996/320
f 539/996/321 540/995/321 542/997/321 541/998/321
f 541/998/322 542/997/322 544/999/322 543/1000/322
f 543/1000/323 544/999/323 546/1001/323 545/1002/323
f 545/1002/324 546/1001/324 548/1003/324 547/1004/324
f 547/1004/325 548/1003/325 550/1005/325 549/1006/325
f 549/1006/326 550/1005/326 552/1007/326 551/1008/326
f 551/1008/327 552/1007/327 554/1009/327 553/1010/327
f 496/1011/328 494/1012/328 556/1013/328 554/1014/328 552/1015/328 550/1016/328 548/1017/328 546/1018/328 544/1019/328 542/1020/328 540/1021/328 538/1022/328 536/1023/328 534/1024/328 532/1025/328 530/1026/328 528/1027/328 526/1028/328 524/1029/328 522/1030/328 520/1031/328 518/1032/328 516/1033/328 514/1034/328 512/1035/328 510/1036/328 508/1037/328 506/1038/328 504/1039/328 502/1040/328 500/1041/328 498/1042/328
f 553/1010/329 554/1009/329 556/1043/329 555/1044/329
f 555/1044/330 556/1043/330 494/1045/330 493/1046/330
f 493/1047/331 495/1048/331 497/1049/331 499/1050/331 501/1051/331 503/1052/331 505/1053/331 507/1054/331 509/1055/331 511/1056/331 513/1057/331 515/1058/331 517/1059/331 519/1060/331 521/1061/331 523/1062/331 525/1063/331 527/1064/331 529/1065/331 531/1066/331 533/1067/331 535/1068/331 537/1069/331 539/1070/331 541/1071/331 543/1072/331 545/1073/331 547/1074/331 549/1075/331 551/1076/331 553/1077/331 555/1078/331
o ChairA2
v -3.950000 0.430000 1.200000
v -3.950000 0.470000 1.200000
v -3.950000 0.430000 0.800000
v -3.950000 0.470000 0.800000
v -3.550000 0.430000 1.200000
v -3.550000 0.470000 1.200000
v -3.550000 0.430000 0.800000
v -3.550000 0.470000 0.800000
vn -1.0000 -0.0000 -0.0000
vn -0.0000 -0.0000 -1.0000
vn 1.0000 -0.0000 -0.0000
vn -0.0000 -0.0000 1.0000
vn -0.0000 -1.0000 -0.0000
vn -0.0000 1.0000 -0.0000
vt 0.375000 0.000000
vt 0.625000 0.000000
vt 0.625000 0.250000
vt 0.375000 0.250000
vt 0.625000 0.500000
vt 0.375000 0.500000
vt 0.625000 0.750000
vt 0.375000 0.750000
vt 0.625000 1.000000
vt 0.375000 1.000000
vt 0.125000 0.500000
vt 0.125000 0.750000
vt 0.875000 0.500000
vt 0.875000 0.750000
s 0
usemtl WarmWood
f 557/1079/332 558/1080/332 560/1081/332 559/1082/332
f 559/1082/333 560/1081/333 564/1083/333 563/1084/333
f 563/1084/334 564/1083/334 562/1085/334 561/1086/334
f 561/1086/335 562/1085/335 558/1087/335 557/1088/335
f 559/1089/336 563/1084/336 561/1086/336 557/1090/336
f 564/1083/337 560/1091/337 558/1092/337 562/1085/337
o ChairAB2
v -3.950000 0.450000 1.040000
v -3.950000 1.050000 1.040000
v -3.950000 0.450000 0.960000
v -3.950000 1.050000 0.960000
v -3.550000 0.450000 1.040000
v -3.550000 1.050000 1.040000
v -3.550000 0.450000 0.960000
v -3.550000 1.050000 0.960000
vn -1.0000 -0.0000 -0.0000
vn -0.0000 -0.0000 -1.0000
vn 1.0000 -0.0000 -0.0000
vn -0.0000 -0.0000 1.0000
vn -0.0000 -1.0000 -0.0000
vn -0.0000 1.0000 -0.0000
vt 0.375000 0.000000
vt 0.625000 0.000000
vt 0.625000 0.250000
vt 0.375000 0.250000
vt 0.625000 0.500000
vt 0.375000 0.500000
vt 0.625000 0.750000
vt 0.375000 0.750000
vt 0.625000 1.000000
vt 0.375000 1.000000
vt 0.125000 0.500000
vt 0.125000 0.750000
vt 0.875000 0.500000
vt 0.875000 0.750000
s 0
usemtl WarmWood
f 565/1093/338 566/1094/338 568/1095/338 567/1096/338
f 567/1096/339 568/1095/339 572/1097/339 571/1098/339
f 571/1098/340 572/1097/340 570/1099/340 569/1100/340
f 569/1100/341 570/1099/341 566/1101/341 565/1102/341
f 567/1103/342 571/1098/342 569/1100/342 565/1104/342
f 572/1097/343 568/1105/343 566/1106/343 570/1099/343
o ChairB2
v -2.850000 0.430000 1.200000
v -2.850000 0.470000 1.200000
v -2.850000 0.430000 0.800000
v -2.850000 0.470000 0.800000
v -2.450000 0.430000 1.200000
v -2.450000 0.470000 1.200000
v -2.450000 0.430000 0.800000
v -2.450000 0.470000 0.800000
vn -1.0000 -0.0000 -0.0000
vn -0.0000 -0.0000 -1.0000
vn 1.0000 -0.0000 -0.0000
vn -0.0000 -0.0000 1.0000
vn -0.0000 -1.0000 -0.0000
vn -0.0000 1.0000 -0.0000
vt 0.375000 0.000000
vt 0.625000 0.000000
vt 0.625000 0.250000
vt 0.375000 0.250000
vt 0.625000 0.500000
vt 0.375000 0.500000
vt 0.625000 0.750000
vt 0.375000 0.750000
vt 0.625000 1.000000
vt 0.375000 1.000000
vt 0.125000 0.500000
vt 0.125000 0.750000
vt 0.875000 0.500000
vt 0.875000 0.750000
s 0
usemtl WarmWood
f 573/1107/344 574/1108/344 576/1109/344 575/1110/344
f 575/1110/345 576/1109/345 580/1111/345 579/1112/345
f 579/1112/346 580/1111/346 578/1113/346 577/1114/346
f 577/1114/347 578/1113/347 574/1115/347 573/1116/347
f 575/1117/348 579/1112/348 577/1114/348 573/1118/348
f 580/1111/349 576/1119/349 574/1120/349 578/1113/349
o ChairBB2
v -2.850000 0.450000 1.040000
v -2.850000 1.050000 1.040000
v -2.850000 0.450000 0.960000
v -2.850000 1.050000 0.960000
v -2.450000 0.450000 1.040000
v -2.450000 1.050000 1.040000
v -2.450000 0.450000 0.960000
v -2.450000 1.050000 0.960000
vn -1.0000 -0.0000 -0.0000
vn -0.0000 -0.0000 -1.0000
vn 1.0000 -0.0000 -0.0000
vn -0.0000 -0.0000 1.0000
vn -0.0000 -1.0000 -0.0000
vn -0.0000 1.0000 -0.0000
vt 0.375000 0.000000
vt 0.625000 0.000000
vt 0.625000 0.250000
vt 0.375000 0.250000
vt 0.625000 0.500000
vt 0.375000 0.500000
vt 0.625000 0.750000
vt 0.375000 0.750000
vt 0.625000 1.000000
vt 0.375000 1.000000
vt 0.125000 0.500000
vt 0.125000 0.750000
vt 0.875000 0.500000
vt 0.875000 0.750000
s 0
usemtl BlackMetal
f 581/1121/350 582/1122/350 584/1123/350 583/1124/350
f 583/1124/351 584/1123/351 588/1125/351 587/1126/351
f 587/1126/352 588/1125/352 586/1127/352 585/1128/352
f 585/1128/353 586/1127/353 582/1129/353 581/1130/353
f 583/1131/354 587/1126/354 585/1128/354 581/1132/354
f 588/1125/355 584/1133/355 582/1134/355 586/1127/355
o SmallTable3
v -1.500000 0.725000 0.600000
v -1.500000 0.775000 0.600000
v -1.421964 0.725000 0.607686
v -1.421964 0.775000 0.607686
v -1.346927 0.725000 0.630448
v -1.346927 0.775000 0.630448
v -1.277772 0.725000 0.667412
v -1.277772 0.775000 0.667412
v -1.217157 0.725000 0.717157
v -1.217157 0.775000 0.717157
v -1.167412 0.725000 0.777772
v -1.167412 0.775000 0.777772
v -1.130448 0.725000 0.846927
v -1.130448 0.775000 0.846927
v -1.107686 0.725000 0.921964
v -1.107686 0.775000 0.921964
v -1.100000 0.725000 1.000000
v -1.100000 0.775000 1.000000
v -1.107686 0.725000 1.078036
v -1.107686 0.775000 1.078036
v -1.130448 0.725000 1.153073
v -1.130448 0.775000 1.153073
v -1.167412 0.725000 1.222228
v -1.167412 0.775000 1.222228
v -1.217157 0.725000 1.282843
v -1.217157 0.775000 1.282843
v -1.277772 0.725000 1.332588
v -1.277772 0.775000 1.332588
v -1.346927 0.725000 1.369552
v -1.346927 0.775000 1.369552
v -1.421964 0.725000 1.392314
v -1.421964 0.775000 1.392314
v -1.500000 0.725000 1.400000
v -1.500000 0.775000 1.400000
v -1.578036 0.725000 1.392314
v -1.578036 0.775000 1.392314
v -1.653073 0.725000 1.369552
v -1.653073 0.775000 1.369552
v -1.722228 0.725000 1.332588
v -1.722228 0.775000 1.332588
v -1.782843 0.725000 1.282843
v -1.782843 0.775000 1.282843
v -1.832588 0.725000 1.222228
v -1.832588 0.775000 1.222228
v -1.869552 0.725000 1.153073
v -1.869552 0.775000 1.153073
v -1.892314 0.725000 1.078036
v -1.892314 0.775000 1.078036
v -1.900000 0.725000 1.000000
v -1.900000 0.775000 1.000000
v -1.892314 0.725000 0.921964
v -1.892314 0.775000 0.921964
v -1.869552 0.725000 0.846927
v -1.869552 0.775000 0.846927
v -1.832588 0.725000 0.777772
v -1.832588 0.775000 0.777772
v -1.782843 0.725000 0.717157
v -1.782843 0.775000 0.717157
v -1.722228 0.725000 0.667412
v -1.722228 0.775000 0.667412
v -1.653073 0.725000 0.630448
v -1.653073 0.775000 0.630448
v -1.578036 0.725000 0.607686
v -1.578036 0.775000 0.607686
vn 0.0980 -0.0000 -0.9952
vn 0.2903 -0.0000 -0.9569
vn 0.4714 -0.0000 -0.8819
vn 0.6344 -0.0000 -0.7730
vn 0.7730 -0.0000 -0.6344
vn 0.8819 -0.0000 -0.4714
vn 0.9569 -0.0000 -0.2903
vn 0.9952 -0.0000 -0.0980
vn 0.9952 -0.0000 0.0980
vn 0.9569 -0.0000 0.2903
vn 0.8819 -0.0000 0.4714
vn 0.7730 -0.0000 0.6344
vn 0.6344 -0.0000 0.7730
vn 0.4714 -0.0000 0.8819
vn 0.2903 -0.0000 0.9569
vn 0.0980 -0.0000 0.9952
vn -0.0980 -0.0000 0.9952
vn -0.2903 -0.0000 0.9569
vn -0.4714 -0.0000 0.8819
vn -0.6344 -0.0000 0.7730
vn -0.7730 -0.0000 0.6344
vn -0.8819 -0.0000 0.4714
vn -0.9569 -0.0000 0.2903
vn -0.9952 -0.0000 0.0980
vn -0.9952 -0.0000 -0.0980
vn -0.9569 -0.0000 -0.2903
vn -0.8819 -0.0000 -0.4714
vn -0.7730 -0.0000 -0.6344
vn -0.6344 -0.0000 -0.7730
vn -0.4714 -0.0000 -0.8819
vn -0.0000 1.0000 -0.0000
vn -0.2903 -0.0000 -0.9569
vn -0.0980 -0.0000 -0.9952
vn -0.0000 -1.0000 -0.0000
vt 1.000000 0.500000
vt 1.000000 1.000000
vt 0.968750 1.000000
vt 0.968750 0.500000
vt 0.937500 1.000000
vt 0.937500 0.500000
vt 0.906250 1.000000
vt 0.906250 0.500000
vt 0.875000 1.000000
vt 0.875000 0.500000
vt 0.843750 1.000000
vt 0.843750 0.500000
vt 0.812500 1.000000
vt 0.812500 0.500000
vt 0.781250 1.000000
vt 0.781250 0.500000
vt 0.750000 1.000000
vt 0.750000 0.500000
vt 0.718750 1.000000
vt 0.718750 0.500000
vt 0.687500 1.000000
vt 0.687500 0.500000
vt 0.656250 1.000000
vt 0.656250 0.500000
vt 0.625000 1.000000
vt 0.625000 0.500000
vt 0.593750 1.000000
vt 0.593750 0.500000
vt 0.562500 1.000000
vt 0.562500 0.500000
vt 0.531250 1.000000
vt 0.531250 0.500000
vt 0.500000 1.000000
vt 0.500000 0.500000
vt 0.468750 1.000000
vt 0.468750 0.500000
vt 0.437500 1.000000
vt 0.437500 0.500000
vt 0.406250 1.000000
vt 0.406250 0.500000
vt 0.375000 1.000000
vt 0.375000 0.500000
vt 0.343750 1.000000
vt 0.343750 0.500000
vt 0.312500 1.000000
vt 0.312500 0.500000
vt 0.281250 1.000000
vt 0.281250 0.500000
vt 0.250000 1.000000
vt 0.250000 0.500000
vt 0.218750 1.000000
vt 0.218750 0.500000
vt 0.187500 1.000000
vt 0.187500 0.500000
vt 0.156250 1.000000
vt 0.156250 0.500000
vt 0.125000 1.000000
vt 0.125000 0.500000
vt 0.093750 1.000000
vt 0.093750 0.500000
vt 0.062500 1.000000
vt 0.062500 0.500000
vt 0.296822 0.485388
vt 0.250000 0.490000
vt 0.203178 0.485388
vt 0.158156 0.471731
vt 0.116663 0.449553
vt 0.080294 0.419706
vt 0.050447 0.383337
vt 0.028269 0.341844
vt 0.014612 0.296822
vt 0.010000 0.250000
vt 0.014612 0.203178
vt 0.028269 0.158156
vt 0.050447 0.116663
vt 0.080294 0.080294
vt 0.116663 0.050447
vt 0.158156 0.028269
vt 0.203178 0.014612
vt 0.250000 0.010000
vt 0.296822 0.014612
vt 0.341844 0.028269
vt 0.383337 0.050447
vt 0.419706 0.080294
vt 0.449553 0.116663
vt 0.471731 0.158156
vt 0.485388 0.203178
vt 0.490000 0.250000
vt 0.485388 0.296822
vt 0.471731 0.341844
vt 0.449553 0.383337
vt 0.419706 0.419706
vt 0.383337 0.449553
vt 0.341844 0.471731
vt 0.031250 1.000000
vt 0.031250 0.500000
vt 0.000000 1.000000
vt 0.000000 0.500000
vt 0.750000 0.490000
vt 0.796822 0.485388
vt 0.841844 0.471731
vt 0.883337 0.449553
vt 0.919706 0.419706
vt 0.949553 0.383337
vt 0.971731 0.341844
vt 0.985388 0.296822
vt 0.990000 0.250000
vt 0.985388 0.203178
vt 0.971731 0.158156
vt 0.949553 0.116663
vt 0.919706 0.080294
vt 0.883337 0.050447
vt 0.841844 0.028269
vt 0.796822 0.014612
vt 0.750000 0.010000
vt 0.703178 0.014612
vt 0.658156 0.028269
vt 0.616663 0.050447
vt 0.580294 0.080294
vt 0.550447 0.116663
vt 0.528269 0.158156
vt 0.514612 0.203178
vt 0.510000 0.250000
vt 0.514612 0.296822
vt 0.528269 0.341844
vt 0.550447 0.383337
vt 0.580294 0.419706
vt 0.616663 0.449553
vt 0.658156 0.471731
vt 0.703178 0.485388
s 0
usemtl WarmWood
f 589/1135/356 590/1136/356 592/1137/356 591/1138/356
f 591/1138/357 592/1137/357 594/1139/357 593/1140/357
f 593/1140/358 594/1139/358 596/1141/358 595/1142/358
f 595/1142/359 596/1141/359 598/1143/359 597/1144/359
f 597/1144/360 598/1143/360 600/1145/360 599/1146/360
f 599/1146/361 600/1145/361 602/1147/361 601/1148/361
f 601/1148/362 602/1147/362 604/1149/362 603/1150/362
f 603/1150/363 604/1149/363 606/1151/363 605/1152/363
f 605/1152/364 606/1151/364 608/1153/364 607/1154/364
f 607/1154/365 608/1153/365 610/1155/365 609/1156/365
f 609/1156/366 610/1155/366 612/1157/366 611/1158/366
f 611/1158/367 612/1157/367 614/1159/367 613/1160/367
f 613/1160/368 614/1159/368 616/1161/368 615/1162/368
f 615/1162/369 616/1161/369 618/1163/369 617/1164/369
f 617/1164/370 618/1163/370 620/1165/370 619/1166/370
f 619/1166/371 620/1165/371 622/1167/371 621/1168/371
f 621/1168/372 622/1167/372 624/1169/372 623/1170/372
f 623/1170/373 624/1169/373 626/1171/373 625/1172/373
f 625/1172/374 626/1171/374 628/1173/374 627/1174/374
f 627/1174/375 628/1173/375 630/1175/375 629/1176/375
f 629/1176/376 630/1175/376 632/1177/376 631/1178/376
f 631/1178/377 632/1177/377 634/1179/377 633/1180/377
f 633/1180/378 634/1179/378 636/1181/378 635/1182/378
f 635/1182/379 636/1181/379 638/1183/379 637/1184/379
f 637/1184/380 638/1183/380 640/1185/380 639/1186/380
f 639/1186/381 640/1185/381 642/1187/381 641/1188/381
f 641/1188/382 642/1187/382 644/1189/382 643/1190/382
f 643/1190/383 644/1189/383 646/1191/383 645/1192/383
f 645/1192/384 646/1191/384 648/1193/384 647/1194/384
f 647/1194/385 648/1193/385 650/1195/385 649/1196/385
f 592/1197/386 590/1198/386 652/1199/386 650/1200/386 648/1201/386 646/1202/386 644/1203/386 642/1204/386 640/1205/386 638/1206/386 636/1207/386 634/1208/386 632/1209/386 630/1210/386 628/1211/386 626/1212/386 624/1213/386 622/1214/386 620/1215/386 618/1216/386 616/1217/386 614/1218/386 612/1219/386 610/1220/386 608/1221/386 606/1222/386 604/1223/386 602/1224/386 600/1225/386 598/1226/386 596/1227/386 594/1228/386
f 649/1196/387 650/1195/387 652/1229/387 651/1230/387
f 651/1230/388 652/1229/388 590/1231/388 589/1232/388
f 589/1233/389 591/1234/389 593/1235/389 595/1236/389 597/1237/389 599/1238/389 601/1239/389 603/1240/389 605/1241/389 607/1242/389 609/1243/389 611/1244/389 613/1245/389 615/1246/389 617/1247/389 619/1248/389 621/1249/389 623/1250/389 625/1251/389 627/1252/389 629/1253/389 631/1254/389 633/1255/389 635/1256/389 637/1257/389 639/1258/389 641/1259/389 643/1260/389 645/1261/389 647/1262/389 649/1263/389 651/1264/389
o TableStem3
v -1.500000 0.000000 0.930000
v -1.500000 0.750000 0.930000
v -1.486344 0.000000 0.931345
v -1.486344 0.750000 0.931345
v -1.473212 0.000000 0.935328
v -1.473212 0.750000 0.935328
v -1.461110 0.000000 0.941797
v -1.461110 0.750000 0.941797
v -1.450503 0.000000 0.950503
v -1.450503 0.750000 0.950503
v -1.441797 0.000000 0.961110
v -1.441797 0.750000 0.961110
v -1.435328 0.000000 0.973212
v -1.435328 0.750000 0.973212
v -1.431345 0.000000 0.986344
v -1.431345 0.750000 0.986344
v -1.430000 0.000000 1.000000
v -1.430000 0.750000 1.000000
v -1.431345 0.000000 1.013656
v -1.431345 0.750000 1.013656
v -1.435328 0.000000 1.026788
v -1.435328 0.750000 1.026788
v -1.441797 0.000000 1.038890
v -1.441797 0.750000 1.038890
v -1.450503 0.000000 1.049497
v -1.450503 0.750000 1.049497
v -1.461110 0.000000 1.058203
v -1.461110 0.750000 1.058203
v -1.473212 0.000000 1.064672
v -1.473212 0.750000 1.064672
v -1.486344 0.000000 1.068655
v -1.486344 0.750000 1.068655
v -1.500000 0.000000 1.070000
v -1.500000 0.750000 1.070000
v -1.513656 0.000000 1.068655
v -1.513656 0.750000 1.068655
v -1.526788 0.000000 1.064672
v -1.526788 0.750000 1.064672
v -1.538890 0.000000 1.058203
v -1.538890 0.750000 1.058203
v -1.549497 0.000000 1.049497
v -1.549497 0.750000 1.049497
v -1.558203 0.000000 1.038890
v -1.558203 0.750000 1.038890
v -1.564672 0.000000 1.026788
v -1.564672 0.750000 1.026788
v -1.568655 0.000000 1.013656
v -1.568655 0.750000 1.013656
v -1.570000 0.000000 1.000000
v -1.570000 0.750000 1.000000
v -1.568655 0.000000 0.986344
v -1.568655 0.750000 0.986344
v -1.564672 0.000000 0.973212
v -1.564672 0.750000 0.973212
v -1.558203 0.000000 0.961110
v -1.558203 0.750000 0.961110
v -1.549497 0.000000 0.950503
v -1.549497 0.750000 0.950503
v -1.538890 0.000000 0.941797
v -1.538890 0.750000 0.941797
v -1.526788 0.000000 0.935328
v -1.526788 0.750000 0.935328
v -1.513656 0.000000 0.931345
v -1.513656 0.750000 0.931345
vn 0.0980 -0.0000 -0.9952
vn 0.2903 -0.0000 -0.9569
vn 0.4714 -0.0000 -0.8819
vn 0.6344 -0.0000 -0.7730
vn 0.7730 -0.0000 -0.6344
vn 0.8819 -0.0000 -0.4714
vn 0.9569 -0.0000 -0.2903
vn 0.9952 -0.0000 -0.0980
vn 0.9952 -0.0000 0.0980
vn 0.9569 -0.0000 0.2903
vn 0.8819 -0.0000 0.4714
vn 0.7730 -0.0000 0.6344
vn 0.6344 -0.0000 0.7730
vn 0.4714 -0.0000 0.8819
vn 0.2903 -0.0000 0.9569
vn 0.0980 -0.0000 0.9952
vn -0.0980 -0.0000 0.9952
vn -0.2903 -0.0000 0.9569
vn -0.4714 -0.0000 0.8819
vn -0.6344 -0.0000 0.7730
vn -0.7730 -0.0000 0.6344
vn -0.8819 -0.0000 0.4714
vn -0.9569 -0.0000 0.2903
vn -0.9952 -0.0000 0.0980
vn -0.9952 -0.0000 -0.0980
vn -0.9569 -0.0000 -0.2903
vn -0.8819 -0.0000 -0.4714
vn -0.7730 -0.0000 -0.6344
vn -0.6344 -0.0000 -0.7730
vn -0.4714 -0.0000 -0.8819
vn -0.0000 1.0000 -0.0000
vn -0.2903 -0.0000 -0.9569
vn -0.0980 -0.0000 -0.9952
vn -0.0000 -1.0000 -0.0000
vt 1.000000 0.500000
vt 1.000000 1.000000
vt 0.968750 1.000000
vt 0.968750 0.500000
vt 0.937500 1.000000
vt 0.937500 0.500000
vt 0.906250 1.000000
vt 0.906250 0.500000
vt 0.875000 1.000000
vt 0.875000 0.500000
vt 0.843750 1.000000
vt 0.843750 0.500000
vt 0.812500 1.000000
vt 0.812500 0.500000
vt 0.781250 1.000000
vt 0.781250 0.500000
vt 0.750000 1.000000
vt 0.750000 0.500000
vt 0.718750 1.000000
vt 0.718750 0.500000
vt 0.687500 1.000000
vt 0.687500 0.500000
vt 0.656250 1.000000
vt 0.656250 0.500000
vt 0.625000 1.000000
vt 0.625000 0.500000
vt 0.593750 1.000000
vt 0.593750 0.500000
vt 0.562500 1.000000
vt 0.562500 0.500000
vt 0.531250 1.000000
vt 0.531250 0.500000
vt 0.500000 1.000000
vt 0.500000 0.500000
vt 0.468750 1.000000
vt 0.468750 0.500000
vt 0.437500 1.000000
vt 0.437500 0.500000
vt 0.406250 1.000000
vt 0.406250 0.500000
vt 0.375000 1.000000
vt 0.375000 0.500000
vt 0.343750 1.000000
vt 0.343750 0.500000
vt 0.312500 1.000000
vt 0.312500 0.500000
vt 0.281250 1.000000
vt 0.281250 0.500000
vt 0.250000 1.000000
vt 0.250000 0.500000
vt 0.218750 1.000000
vt 0.218750 0.500000
vt 0.187500 1.000000
vt 0.187500 0.500000
vt 0.156250 1.000000
vt 0.156250 0.500000
vt 0.125000 1.000000
vt 0.125000 0.500000
vt 0.093750 1.000000
vt 0.093750 0.500000
vt 0.062500 1.000000
vt 0.062500 0.500000
vt 0.296822 0.485388
vt 0.250000 0.490000
vt 0.203178 0.485388
vt 0.158156 0.471731
vt 0.116663 0.449553
vt 0.080294 0.419706
vt 0.050447 0.383337
vt 0.028269 0.341844
vt 0.014612 0.296822
vt 0.010000 0.250000
vt 0.014612 0.203178
vt 0.028269 0.158156
vt 0.050447 0.116663
vt 0.080294 0.080294
vt 0.116663 0.050447
vt 0.158156 0.028269
vt 0.203178 0.014612
vt 0.250000 0.010000
vt 0.296822 0.014612
vt 0.341844 0.028269
vt 0.383337 0.050447
vt 0.419706 0.080294
vt 0.449553 0.116663
vt 0.471731 0.158156
vt 0.485388 0.203178
vt 0.490000 0.250000
vt 0.485388 0.296822
vt 0.471731 0.341844
vt 0.449553 0.383337
vt 0.419706 0.419706
vt 0.383337 0.449553
vt 0.341844 0.471731
vt 0.031250 1.000000
vt 0.031250 0.500000
vt 0.000000 1.000000
vt 0.000000 0.500000
vt 0.750000 0.490000
vt 0.796822 0.485388
vt 0.841844 0.471731
vt 0.883337 0.449553
vt 0.919706 0.419706
vt 0.949553 0.383337
vt 0.971731 0.341844
vt 0.985388 0.296822
vt 0.990000 0.250000
vt 0.985388 0.203178
vt 0.971731 0.158156
vt 0.949553 0.116663
vt 0.919706 0.080294
vt 0.883337 0.050447
vt 0.841844 0.028269
vt 0.796822 0.014612
vt 0.750000 0.010000
vt 0.703178 0.014612
vt 0.658156 0.028269
vt 0.616663 0.050447
vt 0.580294 0.080294
vt 0.550447 0.116663
vt 0.528269 0.158156
vt 0.514612 0.203178
vt 0.510000 0.250000
vt 0.514612 0.296822
vt 0.528269 0.341844
vt 0.550447 0.383337
vt 0.580294 0.419706
vt 0.616663 0.449553
vt 0.658156 0.471731
vt 0.703178 0.485388
s 0
usemtl BlackMetal
f 653/1265/390 654/1266/390 656/1267/390 655/1268/390
f 655/1268/391 656/1267/391 658/1269/391 657/1270/391
f 657/1270/392 658/1269/392 660/1271/392 659/1272/392
f 659/1272/393 660/1271/393 662/1273/393 661/1274/393
f 661/1274/394 662/1273/394 664/1275/394 663/1276/394
f 663/1276/395 664/1275/395 666/1277/395 665/1278/395
f 665/1278/396 666/1277/396 668/1279/396 667/1280/396
f 667/1280/397 668/1279/397 670/1281/397 669/1282/397
f 669/1282/398 670/1281/398 672/1283/398 671/1284/398
f 671/1284/399 672/1283/399 674/1285/399 673/1286/399
f 673/1286/400 674/1285/400 676/1287/400 675/1288/400
f 675/1288/401 676/1287/401 678/1289/401 677/1290/401
f 677/1290/402 678/1289/402 680/1291/402 679/1292/402
f 679/1292/403 680/1291/403 682/1293/403 681/1294/403
f 681/1294/404 682/1293/404 684/1295/404 683/1296/404
f 683/1296/405 684/1295/405 686/1297/405 685/1298/405
f 685/1298/406 686/1297/406 688/1299/406 687/1300/406
f 687/1300/407 688/1299/407 690/1301/407 689/1302/407
f 689/1302/408 690/1301/408 692/1303/408 691/1304/408
f 691/1304/409 692/1303/409 694/1305/409 693/1306/409
f 693/1306/410 694/1305/410 696/1307/410 695/1308/410
f 695/1308/411 696/1307/411 698/1309/411 697/1310/411
f 697/1310/412 698/1309/412 700/1311/412 699/1312/412
f 699/1312/413 700/1311/413 702/1313/413 701/1314/413
f 701/1314/414 702/1313/414 704/1315/414 703/1316/414
f 703/1316/415 704/1315/415 706/1317/415 705/1318/415
f 705/1318/416 706/1317/416 708/1319/416 707/1320/416
f 707/1320/417 708/1319/417 710/1321/417 709/1322/417
f 709/1322/418 710/1321/418 712/1323/418 711/1324/418
f 711/1324/419 712/1323/419 714/1325/419 713/1326/419
f 656/1327/420 654/1328/420 716/1329/420 714/1330/420 712/1331/420 710/1332/420 708/1333/420 706/1334/420 704/1335/420 702/1336/420 700/1337/420 698/1338/420 696/1339/420 694/1340/420 692/1341/420 690/1342/420 688/1343/420 686/1344/420 684/1345/420 682/1346/420 680/1347/420 678/1348/420 676/1349/420 674/1350/420 672/1351/420 670/1352/420 668/1353/420 666/1354/420 664/1355/420 662/1356/420 660/1357/420 658/1358/420
f 713/1326/421 714/1325/421 716/1359/421 715/1360/421
f 715/1360/422 716/1359/422 654/1361/422 653/1362/422
f 653/1363/423 655/1364/423 657/1365/423 659/1366/423 661/1367/423 663/1368/423 665/1369/423 667/1370/423 669/1371/423 671/1372/423 673/1373/423 675/1374/423 677/1375/423 679/1376/423 681/1377/423 683/1378/423 685/1379/423 687/1380/423 689/1381/423 691/1382/423 693/1383/423 695/1384/423 697/1385/423 699/1386/423 701/1387/423 703/1388/423 705/1389/423 707/1390/423 709/1391/423 711/1392/423 713/1393/423 715/1394/423
o ChairA3
v -2.250000 0.430000 1.200000
v -2.250000 0.470000 1.200000
v -2.250000 0.430000 0.800000
v -2.250000 0.470000 0.800000
v -1.850000 0.430000 1.200000
v -1.850000 0.470000 1.200000
v -1.850000 0.430000 0.800000
v -1.850000 0.470000 0.800000
vn -1.0000 -0.0000 -0.0000
vn -0.0000 -0.0000 -1.0000
vn 1.0000 -0.0000 -0.0000
vn -0.0000 -0.0000 1.0000
vn -0.0000 -1.0000 -0.0000
vn -0.0000 1.0000 -0.0000
vt 0.375000 0.000000
vt 0.625000 0.000000
vt 0.625000 0.250000
vt 0.375000 0.250000
vt 0.625000 0.500000
vt 0.375000 0.500000
vt 0.625000 0.750000
vt 0.375000 0.750000
vt 0.625000 1.000000
vt 0.375000 1.000000
vt 0.125000 0.500000
vt 0.125000 0.750000
vt 0.875000 0.500000
vt 0.875000 0.750000
s 0
usemtl WarmWood
f 717/1395/424 718/1396/424 720/1397/424 719/1398/424
f 719/1398/425 720/1397/425 724/1399/425 723/1400/425
f 723/1400/426 724/1399/426 722/1401/426 721/1402/426
f 721/1402/427 722/1401/427 718/1403/427 717/1404/427
f 719/1405/428 723/1400/428 721/1402/428 717/1406/428
f 724/1399/429 720/1407/429 718/1408/429 722/1401/429
o ChairAB3
v -2.250000 0.450000 1.040000
v -2.250000 1.050000 1.040000
v -2.250000 0.450000 0.960000
v -2.250000 1.050000 0.960000
v -1.850000 0.450000 1.040000
v -1.850000 1.050000 1.040000
v -1.850000 0.450000 0.960000
v -1.850000 1.050000 0.960000
vn -1.0000 -0.0000 -0.0000
vn -0.0000 -0.0000 -1.0000
vn 1.0000 -0.0000 -0.0000
vn -0.0000 -0.0000 1.0000
vn -0.0000 -1.0000 -0.0000
vn -0.0000 1.0000 -0.0000
vt 0.375000 0.000000
vt 0.625000 0.000000
vt 0.625000 0.250000
vt 0.375000 0.250000
vt 0.625000 0.500000
vt 0.375000 0.500000
vt 0.625000 0.750000
vt 0.375000 0.750000
vt 0.625000 1.000000
vt 0.375000 1.000000
vt 0.125000 0.500000
vt 0.125000 0.750000
vt 0.875000 0.500000
vt 0.875000 0.750000
s 0
usemtl WarmWood
f 725/1409/430 726/1410/430 728/1411/430 727/1412/430
f 727/1412/431 728/1411/431 732/1413/431 731/1414/431
f 731/1414/432 732/1413/432 730/1415/432 729/1416/432
f 729/1416/433 730/1415/433 726/1417/433 725/1418/433
f 727/1419/434 731/1414/434 729/1416/434 725/1420/434
f 732/1413/435 728/1421/435 726/1422/435 730/1415/435
o ChairB3
v -1.150000 0.430000 1.200000
v -1.150000 0.470000 1.200000
v -1.150000 0.430000 0.800000
v -1.150000 0.470000 0.800000
v -0.750000 0.430000 1.200000
v -0.750000 0.470000 1.200000
v -0.750000 0.430000 0.800000
v -0.750000 0.470000 0.800000
vn -1.0000 -0.0000 -0.0000
vn -0.0000 -0.0000 -1.0000
vn 1.0000 -0.0000 -0.0000
vn -0.0000 -0.0000 1.0000
vn -0.0000 -1.0000 -0.0000
vn -0.0000 1.0000 -0.0000
vt 0.375000 0.000000
vt 0.625000 0.000000
vt 0.625000 0.250000
vt 0.375000 0.250000
vt 0.625000 0.500000
vt 0.375000 0.500000
vt 0.625000 0.750000
vt 0.375000 0.750000
vt 0.625000 1.000000
vt 0.375000 1.000000
vt 0.125000 0.500000
vt 0.125000 0.750000
vt 0.875000 0.500000
vt 0.875000 0.750000
s 0
usemtl WarmWood
f 733/1423/436 734/1424/436 736/1425/436 735/1426/436
f 735/1426/437 736/1425/437 740/1427/437 739/1428/437
f 739/1428/438 740/1427/438 738/1429/438 737/1430/438
f 737/1430/439 738/1429/439 734/1431/439 733/1432/439
f 735/1433/440 739/1428/440 737/1430/440 733/1434/440
f 740/1427/441 736/1435/441 734/1436/441 738/1429/441
o ChairBB3
v -1.150000 0.450000 1.040000
v -1.150000 1.050000 1.040000
v -1.150000 0.450000 0.960000
v -1.150000 1.050000 0.960000
v -0.750000 0.450000 1.040000
v -0.750000 1.050000 1.040000
v -0.750000 0.450000 0.960000
v -0.750000 1.050000 0.960000
vn -1.0000 -0.0000 -0.0000
vn -0.0000 -0.0000 -1.0000
vn 1.0000 -0.0000 -0.0000
vn -0.0000 -0.0000 1.0000
vn -0.0000 -1.0000 -0.0000
vn -0.0000 1.0000 -0.0000
vt 0.375000 0.000000
vt 0.625000 0.000000
vt 0.625000 0.250000
vt 0.375000 0.250000
vt 0.625000 0.500000
vt 0.375000 0.500000
vt 0.625000 0.750000
vt 0.375000 0.750000
vt 0.625000 1.000000
vt 0.375000 1.000000
vt 0.125000 0.500000
vt 0.125000 0.750000
vt 0.875000 0.500000
vt 0.875000 0.750000
s 0
usemtl BlackMetal
f 741/1437/442 742/1438/442 744/1439/442 743/1440/442
f 743/1440/443 744/1439/443 748/1441/443 747/1442/443
f 747/1442/444 748/1441/444 746/1443/444 745/1444/444
f 745/1444/445 746/1443/445 742/1445/445 741/1446/445
f 743/1447/446 747/1442/446 745/1444/446 741/1448/446
f 748/1441/447 744/1449/447 742/1450/447 746/1443/447
o LongTable
v 0.400000 0.725000 1.950000
v 0.400000 0.775000 1.950000
v 0.400000 0.725000 1.050000
v 0.400000 0.775000 1.050000
v 3.600000 0.725000 1.950000
v 3.600000 0.775000 1.950000
v 3.600000 0.725000 1.050000
v 3.600000 0.775000 1.050000
vn -1.0000 -0.0000 -0.0000
vn -0.0000 -0.0000 -1.0000
vn 1.0000 -0.0000 -0.0000
vn -0.0000 -0.0000 1.0000
vn -0.0000 -1.0000 -0.0000
vn -0.0000 1.0000 -0.0000
vt 0.375000 0.000000
vt 0.625000 0.000000
vt 0.625000 0.250000
vt 0.375000 0.250000
vt 0.625000 0.500000
vt 0.375000 0.500000
vt 0.625000 0.750000
vt 0.375000 0.750000
vt 0.625000 1.000000
vt 0.375000 1.000000
vt 0.125000 0.500000
vt 0.125000 0.750000
vt 0.875000 0.500000
vt 0.875000 0.750000
s 0
usemtl WarmWood
f 749/1451/448 750/1452/448 752/1453/448 751/1454/448
f 751/1454/449 752/1453/449 756/1455/449 755/1456/449
f 755/1456/450 756/1455/450 754/1457/450 753/1458/450
f 753/1458/451 754/1457/451 750/1459/451 749/1460/451
f 751/1461/452 755/1456/452 753/1458/452 749/1462/452
f 756/1455/453 752/1463/453 750/1464/453 754/1457/453
o LongLegA
v 0.410000 0.000000 1.540000
v 0.410000 0.750000 1.540000
v 0.410000 0.000000 1.460000
v 0.410000 0.750000 1.460000
v 0.490000 0.000000 1.540000
v 0.490000 0.750000 1.540000
v 0.490000 0.000000 1.460000
v 0.490000 0.750000 1.460000
vn -1.0000 -0.0000 -0.0000
vn -0.0000 -0.0000 -1.0000
vn 1.0000 -0.0000 -0.0000
vn -0.0000 -0.0000 1.0000
vn -0.0000 -1.0000 -0.0000
vn -0.0000 1.0000 -0.0000
vt 0.375000 0.000000
vt 0.625000 0.000000
vt 0.625000 0.250000
vt 0.375000 0.250000
vt 0.625000 0.500000
vt 0.375000 0.500000
vt 0.625000 0.750000
vt 0.375000 0.750000
vt 0.625000 1.000000
vt 0.375000 1.000000
vt 0.125000 0.500000
vt 0.125000 0.750000
vt 0.875000 0.500000
vt 0.875000 0.750000
s 0
usemtl BlackMetal
f 757/1465/454 758/1466/454 760/1467/454 759/1468/454
f 759/1468/455 760/1467/455 764/1469/455 763/1470/455
f 763/1470/456 764/1469/456 762/1471/456 761/1472/456
f 761/1472/457 762/1471/457 758/1473/457 757/1474/457
f 759/1475/458 763/1470/458 761/1472/458 757/1476/458
f 764/1469/459 760/1477/459 758/1478/459 762/1471/459
o LongLegB
v 3.510000 0.000000 1.540000
v 3.510000 0.750000 1.540000
v 3.510000 0.000000 1.460000
v 3.510000 0.750000 1.460000
v 3.590000 0.000000 1.540000
v 3.590000 0.750000 1.540000
v 3.590000 0.000000 1.460000
v 3.590000 0.750000 1.460000
vn -1.0000 -0.0000 -0.0000
vn -0.0000 -0.0000 -1.0000
vn 1.0000 -0.0000 -0.0000
vn -0.0000 -0.0000 1.0000
vn -0.0000 -1.0000 -0.0000
vn -0.0000 1.0000 -0.0000
vt 0.375000 0.000000
vt 0.625000 0.000000
vt 0.625000 0.250000
vt 0.375000 0.250000
vt 0.625000 0.500000
vt 0.375000 0.500000
vt 0.625000 0.750000
vt 0.375000 0.750000
vt 0.625000 1.000000
vt 0.375000 1.000000
vt 0.125000 0.500000
vt 0.125000 0.750000
vt 0.875000 0.500000
vt 0.875000 0.750000
s 0
usemtl BlackMetal
f 765/1479/460 766/1480/460 768/1481/460 767/1482/460
f 767/1482/461 768/1481/461 772/1483/461 771/1484/461
f 771/1484/462 772/1483/462 770/1485/462 769/1486/462
f 769/1486/463 770/1485/463 766/1487/463 765/1488/463
f 767/1489/464 771/1484/464 769/1486/464 765/1490/464
f 772/1483/465 768/1491/465 766/1492/465 770/1485/465
o StoolN0
v 0.750000 0.425000 0.770000
v 0.750000 0.475000 0.770000
v 0.785116 0.425000 0.773459
v 0.785116 0.475000 0.773459
v 0.818883 0.425000 0.783702
v 0.818883 0.475000 0.783702
v 0.850003 0.425000 0.800335
v 0.850003 0.475000 0.800335
v 0.877279 0.425000 0.822721
v 0.877279 0.475000 0.822721
v 0.899665 0.425000 0.849997
v 0.899665 0.475000 0.849997
v 0.916298 0.425000 0.881117
v 0.916298 0.475000 0.881117
v 0.926541 0.425000 0.914884
v 0.926541 0.475000 0.914884
v 0.930000 0.425000 0.950000
v 0.930000 0.475000 0.950000
v 0.926541 0.425000 0.985116
v 0.926541 0.475000 0.985116
v 0.916298 0.425000 1.018883
v 0.916298 0.475000 1.018883
v 0.899665 0.425000 1.050003
v 0.899665 0.475000 1.050003
v 0.877279 0.425000 1.077279
v 0.877279 0.475000 1.077279
v 0.850003 0.425000 1.099665
v 0.850003 0.475000 1.099665
v 0.818883 0.425000 1.116298
v 0.818883 0.475000 1.116298
v 0.785116 0.425000 1.126541
v 0.785116 0.475000 1.126541
v 0.750000 0.425000 1.130000
v 0.750000 0.475000 1.130000
v 0.714884 0.425000 1.126541
v 0.714884 0.475000 1.126541
v 0.681117 0.425000 1.116298
v 0.681117 0.475000 1.116298
v 0.649997 0.425000 1.099665
v 0.649997 0.475000 1.099665
v 0.622721 0.425000 1.077279
v 0.622721 0.475000 1.077279
v 0.600335 0.425000 1.050003
v 0.600335 0.475000 1.050003
v 0.583702 0.425000 1.018883
v 0.583702 0.475000 1.018883
v 0.573459 0.425000 0.985116
v 0.573459 0.475000 0.985116
v 0.570000 0.425000 0.950000
v 0.570000 0.475000 0.950000
v 0.573459 0.425000 0.914884
v 0.573459 0.475000 0.914884
v 0.583702 0.425000 0.881117
v 0.583702 0.475000 0.881117
v 0.600335 0.425000 0.849997
v 0.600335 0.475000 0.849997
v 0.622721 0.425000 0.822721
v 0.622721 0.475000 0.822721
v 0.649997 0.425000 0.800335
v 0.649997 0.475000 0.800335
v 0.681117 0.425000 0.783702
v 0.681117 0.475000 0.783702
v 0.714884 0.425000 0.773459
v 0.714884 0.475000 0.773459
vn 0.0980 -0.0000 -0.9952
vn 0.2903 -0.0000 -0.9569
vn 0.4714 -0.0000 -0.8819
vn 0.6344 -0.0000 -0.7730
vn 0.7730 -0.0000 -0.6344
vn 0.8819 -0.0000 -0.4714
vn 0.9569 -0.0000 -0.2903
vn 0.9952 -0.0000 -0.0980
vn 0.9952 -0.0000 0.0980
vn 0.9569 -0.0000 0.2903
vn 0.8819 -0.0000 0.4714
vn 0.7730 -0.0000 0.6344
vn 0.6344 -0.0000 0.7730
vn 0.4714 -0.0000 0.8819
vn 0.2903 -0.0000 0.9569
vn 0.0980 -0.0000 0.9952
vn -0.0980 -0.0000 0.9952
vn -0.2903 -0.0000 0.9569
vn -0.4714 -0.0000 0.8819
vn -0.6344 -0.0000 0.7730
vn -0.7730 -0.0000 0.6344
vn -0.8819 -0.0000 0.4714
vn -0.9569 -0.0000 0.2903
vn -0.9952 -0.0000 0.0980
vn -0.9952 -0.0000 -0.0980
vn -0.9569 -0.0000 -0.2903
vn -0.8819 -0.0000 -0.4714
vn -0.7730 -0.0000 -0.6344
vn -0.6344 -0.0000 -0.7730
vn -0.4714 -0.0000 -0.8819
vn -0.0000 1.0000 -0.0000
vn -0.2903 -0.0000 -0.9569
vn -0.0980 -0.0000 -0.9952
vn -0.0000 -1.0000 -0.0000
vt 1.000000 0.500000
vt 1.000000 1.000000
vt 0.968750 1.000000
vt 0.968750 0.500000
vt 0.937500 1.000000
vt 0.937500 0.500000
vt 0.906250 1.000000
vt 0.906250 0.500000
vt 0.875000 1.000000
vt 0.875000 0.500000
vt 0.843750 1.000000
vt 0.843750 0.500000
vt 0.812500 1.000000
vt 0.812500 0.500000
vt 0.781250 1.000000
vt 0.781250 0.500000
vt 0.750000 1.000000
vt 0.750000 0.500000
vt 0.718750 1.000000
vt 0.718750 0.500000
vt 0.687500 1.000000
vt 0.687500 0.500000
vt 0.656250 1.000000
vt 0.656250 0.500000
vt 0.625000 1.000000
vt 0.625000 0.500000
vt 0.593750 1.000000
vt 0.593750 0.500000
vt 0.562500 1.000000
vt 0.562500 0.500000
vt 0.531250 1.000000
vt 0.531250 0.500000
vt 0.500000 1.000000
vt 0.500000 0.500000
vt 0.468750 1.000000
vt 0.468750 0.500000
vt 0.437500 1.000000
vt 0.437500 0.500000
vt 0.406250 1.000000
vt 0.406250 0.500000
vt 0.375000 1.000000
vt 0.375000 0.500000
vt 0.343750 1.000000
vt 0.343750 0.500000
vt 0.312500 1.000000
vt 0.312500 0.500000
vt 0.281250 1.000000
vt 0.281250 0.500000
vt 0.250000 1.000000
vt 0.250000 0.500000
vt 0.218750 1.000000
vt 0.218750 0.500000
vt 0.187500 1.000000
vt 0.187500 0.500000
vt 0.156250 1.000000
vt 0.156250 0.500000
vt 0.125000 1.000000
vt 0.125000 0.500000
vt 0.093750 1.000000
vt 0.093750 0.500000
vt 0.062500 1.000000
vt 0.062500 0.500000
vt 0.296822 0.485388
vt 0.250000 0.490000
vt 0.203178 0.485388
vt 0.158156 0.471731
vt 0.116663 0.449553
vt 0.080294 0.419706
vt 0.050447 0.383337
vt 0.028269 0.341844
vt 0.014612 0.296822
vt 0.010000 0.250000
vt 0.014612 0.203178
vt 0.028269 0.158156
vt 0.050447 0.116663
vt 0.080294 0.080294
vt 0.116663 0.050447
vt 0.158156 0.028269
vt 0.203178 0.014612
vt 0.250000 0.010000
vt 0.296822 0.014612
vt 0.341844 0.028269
vt 0.383337 0.050447
vt 0.419706 0.080294
vt 0.449553 0.116663
vt 0.471731 0.158156
vt 0.485388 0.203178
vt 0.490000 0.250000
vt 0.485388 0.296822
vt 0.471731 0.341844
vt 0.449553 0.383337
vt 0.419706 0.419706
vt 0.383337 0.449553
vt 0.341844 0.471731
vt 0.031250 1.000000
vt 0.031250 0.500000
vt 0.000000 1.000000
vt 0.000000 0.500000
vt 0.750000 0.490000
vt 0.796822 0.485388
vt 0.841844 0.471731
vt 0.883337 0.449553
vt 0.919706 0.419706
vt 0.949553 0.383337
vt 0.971731 0.341844
vt 0.985388 0.296822
vt 0.990000 0.250000
vt 0.985388 0.203178
vt 0.971731 0.158156
vt 0.949553 0.116663
vt 0.919706 0.080294
vt 0.883337 0.050447
vt 0.841844 0.028269
vt 0.796822 0.014612
vt 0.750000 0.010000
vt 0.703178 0.014612
vt 0.658156 0.028269
vt 0.616663 0.050447
vt 0.580294 0.080294
vt 0.550447 0.116663
vt 0.528269 0.158156
vt 0.514612 0.203178
vt 0.510000 0.250000
vt 0.514612 0.296822
vt 0.528269 0.341844
vt 0.550447 0.383337
vt 0.580294 0.419706
vt 0.616663 0.449553
vt 0.658156 0.471731
vt 0.703178 0.485388
s 0
usemtl WarmWood
f 773/1493/466 774/1494/466 776/1495/466 775/1496/466
f 775/1496/467 776/1495/467 778/1497/467 777/1498/467
f 777/1498/468 778/1497/468 780/1499/468 779/1500/468
f 779/1500/469 780/1499/469 782/1501/469 781/1502/469
f 781/1502/470 782/1501/470 784/1503/470 783/1504/470
f 783/1504/471 784/1503/471 786/1505/471 785/1506/471
f 785/1506/472 786/1505/472 788/1507/472 787/1508/472
f 787/1508/473 788/1507/473 790/1509/473 789/1510/473
f 789/1510/474 790/1509/474 792/1511/474 791/1512/474
f 791/1512/475 792/1511/475 794/1513/475 793/1514/475
f 793/1514/476 794/1513/476 796/1515/476 795/1516/476
f 795/1516/477 796/1515/477 798/1517/477 797/1518/477
f 797/1518/478 798/1517/478 800/1519/478 799/1520/478
f 799/1520/479 800/1519/479 802/1521/479 801/1522/479
f 801/1522/480 802/1521/480 804/1523/480 803/1524/480
f 803/1524/481 804/1523/481 806/1525/481 805/1526/481
f 805/1526/482 806/1525/482 808/1527/482 807/1528/482
f 807/1528/483 808/1527/483 810/1529/483 809/1530/483
f 809/1530/484 810/1529/484 812/1531/484 811/1532/484
f 811/1532/485 812/1531/485 814/1533/485 813/1534/485
f 813/1534/486 814/1533/486 816/1535/486 815/1536/486
f 815/1536/487 816/1535/487 818/1537/487 817/1538/487
f 817/1538/488 818/1537/488 820/1539/488 819/1540/488
f 819/1540/489 820/1539/489 822/1541/489 821/1542/489
f 821/1542/490 822/1541/490 824/1543/490 823/1544/490
f 823/1544/491 824/1543/491 826/1545/491 825/1546/491
f 825/1546/492 826/1545/492 828/1547/492 827/1548/492
f 827/1548/493 828/1547/493 830/1549/493 829/1550/493
f 829/1550/494 830/1549/494 832/1551/494 831/1552/494
f 831/1552/495 832/1551/495 834/1553/495 833/1554/495
f 776/1555/496 774/1556/496 836/1557/496 834/1558/496 832/1559/496 830/1560/496 828/1561/496 826/1562/496 824/1563/496 822/1564/496 820/1565/496 818/1566/496 816/1567/496 814/1568/496 812/1569/496 810/1570/496 808/1571/496 806/1572/496 804/1573/496 802/1574/496 800/1575/496 798/1576/496 796/1577/496 794/1578/496 792/1579/496 790/1580/496 788/1581/496 786/1582/496 784/1583/496 782/1584/496 780/1585/496 778/1586/496
f 833/1554/497 834/1553/497 836/1587/497 835/1588/497
f 835/1588/498 836/1587/498 774/1589/498 773/1590/498
f 773/1591/499 775/1592/499 777/1593/499 779/1594/499 781/1595/499 783/1596/499 785/1597/499 787/1598/499 789/1599/499 791/1600/499 793/1601/499 795/1602/499 797/1603/499 799/1604/499 801/1605/499 803/1606/499 805/1607/499 807/1608/499 809/1609/499 811/1610/499 813/1611/499 815/1612/499 817/1613/499 819/1614/499 821/1615/499 823/1616/499 825/1617/499 827/1618/499 829/1619/499 831/1620/499 833/1621/499 835/1622/499
o StoolS0
v 0.750000 0.425000 1.870000
v 0.750000 0.475000 1.870000
v 0.785116 0.425000 1.873459
v 0.785116 0.475000 1.873459
v 0.818883 0.425000 1.883702
v 0.818883 0.475000 1.883702
v 0.850003 0.425000 1.900335
v 0.850003 0.475000 1.900335
v 0.877279 0.425000 1.922721
v 0.877279 0.475000 1.922721
v 0.899665 0.425000 1.949997
v 0.899665 0.475000 1.949997
v 0.916298 0.425000 1.981117
v 0.916298 0.475000 1.981117
v 0.926541 0.425000 2.014884
v 0.926541 0.475000 2.014884
v 0.930000 0.425000 2.050000
v 0.930000 0.475000 2.050000
v 0.926541 0.425000 2.085116
v 0.926541 0.475000 2.085116
v 0.916298 0.425000 2.118883
v 0.916298 0.475000 2.118883
v 0.899665 0.425000 2.150002
v 0.899665 0.475000 2.150002
v 0.877279 0.425000 2.177279
v 0.877279 0.475000 2.177279
v 0.850003 0.425000 2.199665
v 0.850003 0.475000 2.199665
v 0.818883 0.425000 2.216298
v 0.818883 0.475000 2.216298
v 0.785116 0.425000 2.226541
v 0.785116 0.475000 2.226541
v 0.750000 0.425000 2.230000
v 0.750000 0.475000 2.230000
v 0.714884 0.425000 2.226541
v 0.714884 0.475000 2.226541
v 0.681117 0.425000 2.216298
v 0.681117 0.475000 2.216298
v 0.649997 0.425000 2.199665
v 0.649997 0.475000 2.199665
v 0.622721 0.425000 2.177279
v 0.622721 0.475000 2.177279
v 0.600335 0.425000 2.150002
v 0.600335 0.475000 2.150002
v 0.583702 0.425000 2.118883
v 0.583702 0.475000 2.118883
v 0.573459 0.425000 2.085116
v 0.573459 0.475000 2.085116
v 0.570000 0.425000 2.050000
v 0.570000 0.475000 2.050000
v 0.573459 0.425000 2.014884
v 0.573459 0.475000 2.014884
v 0.583702 0.425000 1.981117
v 0.583702 0.475000 1.981117
v 0.600335 0.425000 1.949997
v 0.600335 0.475000 1.949997
v 0.622721 0.425000 1.922721
v 0.622721 0.475000 1.922721
v 0.649997 0.425000 1.900335
v 0.649997 0.475000 1.900335
v 0.681117 0.425000 1.883702
v 0.681117 0.475000 1.883702
v 0.714884 0.425000 1.873459
v 0.714884 0.475000 1.873459
vn 0.0980 -0.0000 -0.9952
vn 0.2903 -0.0000 -0.9569
vn 0.4714 -0.0000 -0.8819
vn 0.6344 -0.0000 -0.7730
vn 0.7730 -0.0000 -0.6344
vn 0.8819 -0.0000 -0.4714
vn 0.9569 -0.0000 -0.2903
vn 0.9952 -0.0000 -0.0980
vn 0.9952 -0.0000 0.0980
vn 0.9569 -0.0000 0.2903
vn 0.8819 -0.0000 0.4714
vn 0.7730 -0.0000 0.6344
vn 0.6344 -0.0000 0.7730
vn 0.4714 -0.0000 0.8819
vn 0.2903 -0.0000 0.9569
vn 0.0980 -0.0000 0.9952
vn -0.0980 -0.0000 0.9952
vn -0.2903 -0.0000 0.9569
vn -0.4714 -0.0000 0.8819
vn -0.6344 -0.0000 0.7730
vn -0.7730 -0.0000 0.6344
vn -0.8819 -0.0000 0.4714
vn -0.9569 -0.0000 0.2903
vn -0.9952 -0.0000 0.0980
vn -0.9952 -0.0000 -0.0980
vn -0.9569 -0.0000 -0.2903
vn -0.8819 -0.0000 -0.4714
vn -0.7730 -0.0000 -0.6344
vn -0.6344 -0.0000 -0.7730
vn -0.4714 -0.0000 -0.8819
vn -0.0000 1.0000 -0.0000
vn -0.2903 -0.0000 -0.9569
vn -0.0980 -0.0000 -0.9952
vn -0.0000 -1.0000 -0.0000
vt 1.000000 0.500000
vt 1.000000 1.000000
vt 0.968750 1.000000
vt 0.968750 0.500000
vt 0.937500 1.000000
vt 0.937500 0.500000
vt 0.906250 1.000000
vt 0.906250 0.500000
vt 0.875000 1.000000
vt 0.875000 0.500000
vt 0.843750 1.000000
vt 0.843750 0.500000
vt 0.812500 1.000000
vt 0.812500 0.500000
vt 0.781250 1.000000
vt 0.781250 0.500000
vt 0.750000 1.000000
vt 0.750000 0.500000
vt 0.718750 1.000000
vt 0.718750 0.500000
vt 0.687500 1.000000
vt 0.687500 0.500000
vt 0.656250 1.000000
vt 0.656250 0.500000
vt 0.625000 1.000000
vt 0.625000 0.500000
vt 0.593750 1.000000
vt 0.593750 0.500000
vt 0.562500 1.000000
vt 0.562500 0.500000
vt 0.531250 1.000000
vt 0.531250 0.500000
vt 0.500000 1.000000
vt 0.500000 0.500000
vt 0.468750 1.000000
vt 0.468750 0.500000
vt 0.437500 1.000000
vt 0.437500 0.500000
vt 0.406250 1.000000
vt 0.406250 0.500000
vt 0.375000 1.000000
vt 0.375000 0.500000
vt 0.343750 1.000000
vt 0.343750 0.500000
vt 0.312500 1.000000
vt 0.312500 0.500000
vt 0.281250 1.000000
vt 0.281250 0.500000
vt 0.250000 1.000000
vt 0.250000 0.500000
vt 0.218750 1.000000
vt 0.218750 0.500000
vt 0.187500 1.000000
vt 0.187500 0.500000
vt 0.156250 1.000000
vt 0.156250 0.500000
vt 0.125000 1.000000
vt 0.125000 0.500000
vt 0.093750 1.000000
vt 0.093750 0.500000
vt 0.062500 1.000000
vt 0.062500 0.500000
vt 0.296822 0.485388
vt 0.250000 0.490000
vt 0.203178 0.485388
vt 0.158156 0.471731
vt 0.116663 0.449553
vt 0.080294 0.419706
vt 0.050447 0.383337
vt 0.028269 0.341844
vt 0.014612 0.296822
vt 0.010000 0.250000
vt 0.014612 0.203178
vt 0.028269 0.158156
vt 0.050447 0.116663
vt 0.080294 0.080294
vt 0.116663 0.050447
vt 0.158156 0.028269
vt 0.203178 0.014612
vt 0.250000 0.010000
vt 0.296822 0.014612
vt 0.341844 0.028269
vt 0.383337 0.050447
vt 0.419706 0.080294
vt 0.449553 0.116663
vt 0.471731 0.158156
vt 0.485388 0.203178
vt 0.490000 0.250000
vt 0.485388 0.296822
vt 0.471731 0.341844
vt 0.449553 0.383337
vt 0.419706 0.419706
vt 0.383337 0.449553
vt 0.341844 0.471731
vt 0.031250 1.000000
vt 0.031250 0.500000
vt 0.000000 1.000000
vt 0.000000 0.500000
vt 0.750000 0.490000
vt 0.796822 0.485388
vt 0.841844 0.471731
vt 0.883337 0.449553
vt 0.919706 0.419706
vt 0.949553 0.383337
vt 0.971731 0.341844
vt 0.985388 0.296822
vt 0.990000 0.250000
vt 0.985388 0.203178
vt 0.971731 0.158156
vt 0.949553 0.116663
vt 0.919706 0.080294
vt 0.883337 0.050447
vt 0.841844 0.028269
vt 0.796822 0.014612
vt 0.750000 0.010000
vt 0.703178 0.014612
vt 0.658156 0.028269
vt 0.616663 0.050447
vt 0.580294 0.080294
vt 0.550447 0.116663
vt 0.528269 0.158156
vt 0.514612 0.203178
vt 0.510000 0.250000
vt 0.514612 0.296822
vt 0.528269 0.341844
vt 0.550447 0.383337
vt 0.580294 0.419706
vt 0.616663 0.449553
vt 0.658156 0.471731
vt 0.703178 0.485388
s 0
usemtl WarmWood
f 837/1623/500 838/1624/500 840/1625/500 839/1626/500
f 839/1626/501 840/1625/501 842/1627/501 841/1628/501
f 841/1628/502 842/1627/502 844/1629/502 843/1630/502
f 843/1630/503 844/1629/503 846/1631/503 845/1632/503
f 845/1632/504 846/1631/504 848/1633/504 847/1634/504
f 847/1634/505 848/1633/505 850/1635/505 849/1636/505
f 849/1636/506 850/1635/506 852/1637/506 851/1638/506
f 851/1638/507 852/1637/507 854/1639/507 853/1640/507
f 853/1640/508 854/1639/508 856/1641/508 855/1642/508
f 855/1642/509 856/1641/509 858/1643/509 857/1644/509
f 857/1644/510 858/1643/510 860/1645/510 859/1646/510
f 859/1646/511 860/1645/511 862/1647/511 861/1648/511
f 861/1648/512 862/1647/512 864/1649/512 863/1650/512
f 863/1650/513 864/1649/513 866/1651/513 865/1652/513
f 865/1652/514 866/1651/514 868/1653/514 867/1654/514
f 867/1654/515 868/1653/515 870/1655/515 869/1656/515
f 869/1656/516 870/1655/516 872/1657/516 871/1658/516
f 871/1658/517 872/1657/517 874/1659/517 873/1660/517
f 873/1660/518 874/1659/518 876/1661/518 875/1662/518
f 875/1662/519 876/1661/519 878/1663/519 877/1664/519
f 877/1664/520 878/1663/520 880/1665/520 879/1666/520
f 879/1666/521 880/1665/521 882/1667/521 881/1668/521
f 881/1668/522 882/1667/522 884/1669/522 883/1670/522
f 883/1670/523 884/1669/523 886/1671/523 885/1672/523
f 885/1672/524 886/1671/524 888/1673/524 887/1674/524
f 887/1674/525 888/1673/525 890/1675/525 889/1676/525
f 889/1676/526 890/1675/526 892/1677/526 891/1678/526
f 891/1678/527 892/1677/527 894/1679/527 893/1680/527
f 893/1680/528 894/1679/528 896/1681/528 895/1682/528
f 895/1682/529 896/1681/529 898/1683/529 897/1684/529
f 840/1685/530 838/1686/530 900/1687/530 898/1688/530 896/1689/530 894/1690/530 892/1691/530 890/1692/530 888/1693/530 886/1694/530 884/1695/530 882/1696/530 880/1697/530 878/1698/530 876/1699/530 874/1700/530 872/1701/530 870/1702/530 868/1703/530 866/1704/530 864/1705/530 862/1706/530 860/1707/530 858/1708/530 856/1709/530 854/1710/530 852/1711/530 850/1712/530 848/1713/530 846/1714/530 844/1715/530 842/1716/530
f 897/1684/531 898/1683/531 900/1717/531 899/1718/531
f 899/1718/532 900/1717/532 838/1719/532 837/1720/532
f 837/1721/533 839/1722/533 841/1723/533 843/1724/533 845/1725/533 847/1726/533 849/1727/533 851/1728/533 853/1729/533 855/1730/533 857/1731/533 859/1732/533 861/1733/533 863/1734/533 865/1735/533 867/1736/533 869/1737/533 871/1738/533 873/1739/533 875/1740/533 877/1741/533 879/1742/533 881/1743/533 883/1744/533 885/1745/533 887/1746/533 889/1747/533 891/1748/533 893/1749/533 895/1750/533 897/1751/533 899/1752/533
o StoolN1
v 1.450000 0.425000 0.770000
v 1.450000 0.475000 0.770000
v 1.485116 0.425000 0.773459
v 1.485116 0.475000 0.773459
v 1.518883 0.425000 0.783702
v 1.518883 0.475000 0.783702
v 1.550003 0.425000 0.800335
v 1.550003 0.475000 0.800335
v 1.577279 0.425000 0.822721
v 1.577279 0.475000 0.822721
v 1.599665 0.425000 0.849997
v 1.599665 0.475000 0.849997
v 1.616298 0.425000 0.881117
v 1.616298 0.475000 0.881117
v 1.626541 0.425000 0.914884
v 1.626541 0.475000 0.914884
v 1.630000 0.425000 0.950000
v 1.630000 0.475000 0.950000
v 1.626541 0.425000 0.985116
v 1.626541 0.475000 0.985116
v 1.616298 0.425000 1.018883
v 1.616298 0.475000 1.018883
v 1.599665 0.425000 1.050003
v 1.599665 0.475000 1.050003
v 1.577279 0.425000 1.077279
v 1.577279 0.475000 1.077279
v 1.550003 0.425000 1.099665
v 1.550003 0.475000 1.099665
v 1.518883 0.425000 1.116298
v 1.518883 0.475000 1.116298
v 1.485116 0.425000 1.126541
v 1.485116 0.475000 1.126541
v 1.450000 0.425000 1.130000
v 1.450000 0.475000 1.130000
v 1.414884 0.425000 1.126541
v 1.414884 0.475000 1.126541
v 1.381117 0.425000 1.116298
v 1.381117 0.475000 1.116298
v 1.349997 0.425000 1.099665
v 1.349997 0.475000 1.099665
v 1.322721 0.425000 1.077279
v 1.322721 0.475000 1.077279
v 1.300336 0.425000 1.050003
v 1.300336 0.475000 1.050003
v 1.283702 0.425000 1.018883
v 1.283702 0.475000 1.018883
v 1.273459 0.425000 0.985116
v 1.273459 0.475000 0.985116
v 1.270000 0.425000 0.950000
v 1.270000 0.475000 0.950000
v 1.273459 0.425000 0.914884
v 1.273459 0.475000 0.914884
v 1.283702 0.425000 0.881117
v 1.283702 0.475000 0.881117
v 1.300336 0.425000 0.849997
v 1.300336 0.475000 0.849997
v 1.322721 0.425000 0.822721
v 1.322721 0.475000 0.822721
v 1.349997 0.425000 0.800335
v 1.349997 0.475000 0.800335
v 1.381117 0.425000 0.783702
v 1.381117 0.475000 0.783702
v 1.414884 0.425000 0.773459
v 1.414884 0.475000 0.773459
vn 0.0980 -0.0000 -0.9952
vn 0.2903 -0.0000 -0.9569
vn 0.4714 -0.0000 -0.8819
vn 0.6344 -0.0000 -0.7730
vn 0.7730 -0.0000 -0.6344
vn 0.8819 -0.0000 -0.4714
vn 0.9569 -0.0000 -0.2903
vn 0.9952 -0.0000 -0.0980
vn 0.9952 -0.0000 0.0980
vn 0.9569 -0.0000 0.2903
vn 0.8819 -0.0000 0.4714
vn 0.7730 -0.0000 0.6344
vn 0.6344 -0.0000 0.7730
vn 0.4714 -0.0000 0.8819
vn 0.2903 -0.0000 0.9569
vn 0.0980 -0.0000 0.9952
vn -0.0980 -0.0000 0.9952
vn -0.2903 -0.0000 0.9569
vn -0.4714 -0.0000 0.8819
vn -0.6344 -0.0000 0.7730
vn -0.7730 -0.0000 0.6344
vn -0.8819 -0.0000 0.4714
vn -0.9569 -0.0000 0.2903
vn -0.9952 -0.0000 0.0980
vn -0.9952 -0.0000 -0.0980
vn -0.9569 -0.0000 -0.2903
vn -0.8819 -0.0000 -0.4714
vn -0.7730 -0.0000 -0.6344
vn -0.6344 -0.0000 -0.7730
vn -0.4714 -0.0000 -0.8819
vn -0.0000 1.0000 -0.0000
vn -0.2903 -0.0000 -0.9569
vn -0.0980 -0.0000 -0.9952
vn -0.0000 -1.0000 -0.0000
vt 1.000000 0.500000
vt 1.000000 1.000000
vt 0.968750 1.000000
vt 0.968750 0.500000
vt 0.937500 1.000000
vt 0.937500 0.500000
vt 0.906250 1.000000
vt 0.906250 0.500000
vt 0.875000 1.000000
vt 0.875000 0.500000
vt 0.843750 1.000000
vt 0.843750 0.500000
vt 0.812500 1.000000
vt 0.812500 0.500000
vt 0.781250 1.000000
vt 0.781250 0.500000
vt 0.750000 1.000000
vt 0.750000 0.500000
vt 0.718750 1.000000
vt 0.718750 0.500000
vt 0.687500 1.000000
vt 0.687500 0.500000
vt 0.656250 1.000000
vt 0.656250 0.500000
vt 0.625000 1.000000
vt 0.625000 0.500000
vt 0.593750 1.000000
vt 0.593750 0.500000
vt 0.562500 1.000000
vt 0.562500 0.500000
vt 0.531250 1.000000
vt 0.531250 0.500000
vt 0.500000 1.000000
vt 0.500000 0.500000
vt 0.468750 1.000000
vt 0.468750 0.500000
vt 0.437500 1.000000
vt 0.437500 0.500000
vt 0.406250 1.000000
vt 0.406250 0.500000
vt 0.375000 1.000000
vt 0.375000 0.500000
vt 0.343750 1.000000
vt 0.343750 0.500000
vt 0.312500 1.000000
vt 0.312500 0.500000
vt 0.281250 1.000000
vt 0.281250 0.500000
vt 0.250000 1.000000
vt 0.250000 0.500000
vt 0.218750 1.000000
vt 0.218750 0.500000
vt 0.187500 1.000000
vt 0.187500 0.500000
vt 0.156250 1.000000
vt 0.156250 0.500000
vt 0.125000 1.000000
vt 0.125000 0.500000
vt 0.093750 1.000000
vt 0.093750 0.500000
vt 0.062500 1.000000
vt 0.062500 0.500000
vt 0.296822 0.485388
vt 0.250000 0.490000
vt 0.203178 0.485388
vt 0.158156 0.471731
vt 0.116663 0.449553
vt 0.080294 0.419706
vt 0.050447 0.383337
vt 0.028269 0.341844
vt 0.014612 0.296822
vt 0.010000 0.250000
vt 0.014612 0.203178
vt 0.028269 0.158156
vt 0.050447 0.116663
vt 0.080294 0.080294
vt 0.116663 0.050447
vt 0.158156 0.028269
vt 0.203178 0.014612
vt 0.250000 0.010000
vt 0.296822 0.014612
vt 0.341844 0.028269
vt 0.383337 0.050447
vt 0.419706 0.080294
vt 0.449553 0.116663
vt 0.471731 0.158156
vt 0.485388 0.203178
vt 0.490000 0.250000
vt 0.485388 0.296822
vt 0.471731 0.341844
vt 0.449553 0.383337
vt 0.419706 0.419706
vt 0.383337 0.449553
vt 0.341844 0.471731
vt 0.031250 1.000000
vt 0.031250 0.500000
vt 0.000000 1.000000
vt 0.000000 0.500000
vt 0.750000 0.490000
vt 0.796822 0.485388
vt 0.841844 0.471731
vt 0.883337 0.449553
vt 0.919706 0.419706
vt 0.949553 0.383337
vt 0.971731 0.341844
vt 0.985388 0.296822
vt 0.990000 0.250000
vt 0.985388 0.203178
vt 0.971731 0.158156
vt 0.949553 0.116663
vt 0.919706 0.080294
vt 0.883337 0.050447
vt 0.841844 0.028269
vt 0.796822 0.014612
vt 0.750000 0.010000
vt 0.703178 0.014612
vt 0.658156 0.028269
vt 0.616663 0.050447
vt 0.580294 0.080294
vt 0.550447 0.116663
vt 0.528269 0.158156
vt 0.514612 0.203178
vt 0.510000 0.250000
vt 0.514612 0.296822
vt 0.528269 0.341844
vt 0.550447 0.383337
vt 0.580294 0.419706
vt 0.616663 0.449553
vt 0.658156 0.471731
vt 0.703178 0.485388
s 0
usemtl WarmWood
f 901/1753/534 902/1754/534 904/1755/534 903/1756/534
f 903/1756/535 904/1755/535 906/1757/535 905/1758/535
f 905/1758/536 906/1757/536 908/1759/536 907/1760/536
f 907/1760/537 908/1759/537 910/1761/537 909/1762/537
f 909/1762/538 910/1761/538 912/1763/538 911/1764/538
f 911/1764/539 912/1763/539 914/1765/539 913/1766/539
f 913/1766/540 914/1765/540 916/1767/540 915/1768/540
f 915/1768/541 916/1767/541 918/1769/541 917/1770/541
f 917/1770/542 918/1769/542 920/1771/542 919/1772/542
f 919/1772/543 920/1771/543 922/1773/543 921/1774/543
f 921/1774/544 922/1773/544 924/1775/544 923/1776/544
f 923/1776/545 924/1775/545 926/1777/545 925/1778/545
f 925/1778/546 926/1777/546 928/1779/546 927/1780/546
f 927/1780/547 928/1779/547 930/1781/547 929/1782/547
f 929/1782/548 930/1781/548 932/1783/548 931/1784/548
f 931/1784/549 932/1783/549 934/1785/549 933/1786/549
f 933/1786/550 934/1785/550 936/1787/550 935/1788/550
f 935/1788/551 936/1787/551 938/1789/551 937/1790/551
f 937/1790/552 938/1789/552 940/1791/552 939/1792/552
f 939/1792/553 940/1791/553 942/1793/553 941/1794/553
f 941/1794/554 942/1793/554 944/1795/554 943/1796/554
f 943/1796/555 944/1795/555 946/1797/555 945/1798/555
f 945/1798/556 946/1797/556 948/1799/556 947/1800/556
f 947/1800/557 948/1799/557 950/1801/557 949/1802/557
f 949/1802/558 950/1801/558 952/1803/558 951/1804/558
f 951/1804/559 952/1803/559 954/1805/559 953/1806/559
f 953/1806/560 954/1805/560 956/1807/560 955/1808/560
f 955/1808/561 956/1807/561 958/1809/561 957/1810/561
f 957/1810/562 958/1809/562 960/1811/562 959/1812/562
f 959/1812/563 960/1811/563 962/1813/563 961/1814/563
f 904/1815/564 902/1816/564 964/1817/564 962/1818/564 960/1819/564 958/1820/564 956/1821/564 954/1822/564 952/1823/564 950/1824/564 948/1825/564 946/1826/564 944/1827/564 942/1828/564 940/1829/564 938/1830/564 936/1831/564 934/1832/564 932/1833/564 930/1834/564 928/1835/564 926/1836/564 924/1837/564 922/1838/564 920/1839/564 918/1840/564 916/1841/564 914/1842/564 912/1843/564 910/1844/564 908/1845/564 906/1846/564
f 961/1814/565 962/1813/565 964/1847/565 963/1848/565
f 963/1848/566 964/1847/566 902/1849/566 901/1850/566
f 901/1851/567 903/1852/567 905/1853/567 907/1854/567 909/1855/567 911/1856/567 913/1857/567 915/1858/567 917/1859/567 919/1860/567 921/1861/567 923/1862/567 925/1863/567 927/1864/567 929/1865/567 931/1866/567 933/1867/567 935/1868/567 937/1869/567 939/1870/567 941/1871/567 943/1872/567 945/1873/567 947/1874/567 949/1875/567 951/1876/567 953/1877/567 955/1878/567 957/1879/567 959/1880/567 961/1881/567 963/1882/567
o StoolS1
v 1.450000 0.425000 1.870000
v 1.450000 0.475000 1.870000
v 1.485116 0.425000 1.873459
v 1.485116 0.475000 1.873459
v 1.518883 0.425000 1.883702
v 1.518883 0.475000 1.883702
v 1.550003 0.425000 1.900335
v 1.550003 0.475000 1.900335
v 1.577279 0.425000 1.922721
v 1.577279 0.475000 1.922721
v 1.599665 0.425000 1.949997
v 1.599665 0.475000 1.949997
v 1.616298 0.425000 1.981117
v 1.616298 0.475000 1.981117
v 1.626541 0.425000 2.014884
v 1.626541 0.475000 2.014884
v 1.630000 0.425000 2.050000
v 1.630000 0.475000 2.050000
v 1.626541 0.425000 2.085116
v 1.626541 0.475000 2.085116
v 1.616298 0.425000 2.118883
v 1.616298 0.475000 2.118883
v 1.599665 0.425000 2.150002
v 1.599665 0.475000 2.150002
v 1.577279 0.425000 2.177279
v 1.577279 0.475000 2.177279
v 1.550003 0.425000 2.199665
v 1.550003 0.475000 2.199665
v 1.518883 0.425000 2.216298
v 1.518883 0.475000 2.216298
v 1.485116 0.425000 2.226541
v 1.485116 0.475000 2.226541
v 1.450000 0.425000 2.230000
v 1.450000 0.475000 2.230000
v 1.414884 0.425000 2.226541
v 1.414884 0.475000 2.226541
v 1.381117 0.425000 2.216298
v 1.381117 0.475000 2.216298
v 1.349997 0.425000 2.199665
v 1.349997 0.475000 2.199665
v 1.322721 0.425000 2.177279
v 1.322721 0.475000 2.177279
v 1.300336 0.425000 2.150002
v 1.300336 0.475000 2.150002
v 1.283702 0.425000 2.118883
v 1.283702 0.475000 2.118883
v 1.273459 0.425000 2.085116
v 1.273459 0.475000 2.085116
v 1.270000 0.425000 2.050000
v 1.270000 0.475000 2.050000
v 1.273459 0.425000 2.014884
v 1.273459 0.475000 2.014884
v 1.283702 0.425000 1.981117
v 1.283702 0.475000 1.981117
v 1.300336 0.425000 1.949997
v 1.300336 0.475000 1.949997
v 1.322721 0.425000 1.922721
v 1.322721 0.475000 1.922721
v 1.349997 0.425000 1.900335
v 1.349997 0.475000 1.900335
v 1.381117 0.425000 1.883702
v 1.381117 0.475000 1.883702
v 1.414884 0.425000 1.873459
v 1.414884 0.475000 1.873459
vn 0.0980 -0.0000 -0.9952
vn 0.2903 -0.0000 -0.9569
vn 0.4714 -0.0000 -0.8819
vn 0.6344 -0.0000 -0.7730
vn 0.7730 -0.0000 -0.6344
vn 0.8819 -0.0000 -0.4714
vn 0.9569 -0.0000 -0.2903
vn 0.9952 -0.0000 -0.0980
vn 0.9952 -0.0000 0.0980
vn 0.9569 -0.0000 0.2903
vn 0.8819 -0.0000 0.4714
vn 0.7730 -0.0000 0.6344
vn 0.6344 -0.0000 0.7730
vn 0.4714 -0.0000 0.8819
vn 0.2903 -0.0000 0.9569
vn 0.0980 -0.0000 0.9952
vn -0.0980 -0.0000 0.9952
vn -0.2903 -0.0000 0.9569
vn -0.4714 -0.0000 0.8819
vn -0.6344 -0.0000 0.7730
vn -0.7730 -0.0000 0.6344
vn -0.8819 -0.0000 0.4714
vn -0.9569 -0.0000 0.2903
vn -0.9952 -0.0000 0.0980
vn -0.9952 -0.0000 -0.0980
vn -0.9569 -0.0000 -0.2903
vn -0.8819 -0.0000 -0.4714
vn -0.7730 -0.0000 -0.6344
vn -0.6344 -0.0000 -0.7730
vn -0.4714 -0.0000 -0.8819
vn -0.0000 1.0000 -0.0000
vn -0.2903 -0.0000 -0.9569
vn -0.0980 -0.0000 -0.9952
vn -0.0000 -1.0000 -0.0000
vt 1.000000 0.500000
vt 1.000000 1.000000
vt 0.968750 1.000000
vt 0.968750 0.500000
vt 0.937500 1.000000
vt 0.937500 0.500000
vt 0.906250 1.000000
vt 0.906250 0.500000
vt 0.875000 1.000000
vt 0.875000 0.500000
vt 0.843750 1.000000
vt 0.843750 0.500000
vt 0.812500 1.000000
vt 0.812500 0.500000
vt 0.781250 1.000000
vt 0.781250 0.500000
vt 0.750000 1.000000
vt 0.750000 0.500000
vt 0.718750 1.000000
vt 0.718750 0.500000
vt 0.687500 1.000000
vt 0.687500 0.500000
vt 0.656250 1.000000
vt 0.656250 0.500000
vt 0.625000 1.000000
vt 0.625000 0.500000
vt 0.593750 1.000000
vt 0.593750 0.500000
vt 0.562500 1.000000
vt 0.562500 0.500000
vt 0.531250 1.000000
vt 0.531250 0.500000
vt 0.500000 1.000000
vt 0.500000 0.500000
vt 0.468750 1.000000
vt 0.468750 0.500000
vt 0.437500 1.000000
vt 0.437500 0.500000
vt 0.406250 1.000000
vt 0.406250 0.500000
vt 0.375000 1.000000
vt 0.375000 0.500000
vt 0.343750 1.000000
vt 0.343750 0.500000
vt 0.312500 1.000000
vt 0.312500 0.500000
vt 0.281250 1.000000
vt 0.281250 0.500000
vt 0.250000 1.000000
vt 0.250000 0.500000
vt 0.218750 1.000000
vt 0.218750 0.500000
vt 0.187500 1.000000
vt 0.187500 0.500000
vt 0.156250 1.000000
vt 0.156250 0.500000
vt 0.125000 1.000000
vt 0.125000 0.500000
vt 0.093750 1.000000
vt 0.093750 0.500000
vt 0.062500 1.000000
vt 0.062500 0.500000
vt 0.296822 0.485388
vt 0.250000 0.490000
vt 0.203178 0.485388
vt 0.158156 0.471731
vt 0.116663 0.449553
vt 0.080294 0.419706
vt 0.050447 0.383337
vt 0.028269 0.341844
vt 0.014612 0.296822
vt 0.010000 0.250000
vt 0.014612 0.203178
vt 0.028269 0.158156
vt 0.050447 0.116663
vt 0.080294 0.080294
vt 0.116663 0.050447
vt 0.158156 0.028269
vt 0.203178 0.014612
vt 0.250000 0.010000
vt 0.296822 0.014612
vt 0.341844 0.028269
vt 0.383337 0.050447
vt 0.419706 0.080294
vt 0.449553 0.116663
vt 0.471731 0.158156
vt 0.485388 0.203178
vt 0.490000 0.250000
vt 0.485388 0.296822
vt 0.471731 0.341844
vt 0.449553 0.383337
vt 0.419706 0.419706
vt 0.383337 0.449553
vt 0.341844 0.471731
vt 0.031250 1.000000
vt 0.031250 0.500000
vt 0.000000 1.000000
vt 0.000000 0.500000
vt 0.750000 0.490000
vt 0.796822 0.485388
vt 0.841844 0.471731
vt 0.883337 0.449553
vt 0.919706 0.419706
vt 0.949553 0.383337
vt 0.971731 0.341844
vt 0.985388 0.296822
vt 0.990000 0.250000
vt 0.985388 0.203178
vt 0.971731 0.158156
vt 0.949553 0.116663
vt 0.919706 0.080294
vt 0.883337 0.050447
vt 0.841844 0.028269
vt 0.796822 0.014612
vt 0.750000 0.010000
vt 0.703178 0.014612
vt 0.658156 0.028269
vt 0.616663 0.050447
vt 0.580294 0.080294
vt 0.550447 0.116663
vt 0.528269 0.158156
vt 0.514612 0.203178
vt 0.510000 0.250000
vt 0.514612 0.296822
vt 0.528269 0.341844
vt 0.550447 0.383337
vt 0.580294 0.419706
vt 0.616663 0.449553
vt 0.658156 0.471731
vt 0.703178 0.485388
s 0
usemtl WarmWood
f 965/1883/568 966/1884/568 968/1885/568 967/1886/568
f 967/1886/569 968/1885/569 970/1887/569 969/1888/569
f 969/1888/570 970/1887/570 972/1889/570 971/1890/570
f 971/1890/571 972/1889/571 974/1891/571 973/1892/571
f 973/1892/572 974/1891/572 976/1893/572 975/1894/572
f 975/1894/573 976/1893/573 978/1895/573 977/1896/573
f 977/1896/574 978/1895/574 980/1897/574 979/1898/574
f 979/1898/575 980/1897/575 982/1899/575 981/1900/575
f 981/1900/576 982/1899/576 984/1901/576 983/1902/576
f 983/1902/577 984/1901/577 986/1903/577 985/1904/577
f 985/1904/578 986/1903/578 988/1905/578 987/1906/578
f 987/1906/579 988/1905/579 990/1907/579 989/1908/579
f 989/1908/580 990/1907/580 992/1909/580 991/1910/580
f 991/1910/581 992/1909/581 994/1911/581 993/1912/581
f 993/1912/582 994/1911/582 996/1913/582 995/1914/582
f 995/1914/583 996/1913/583 998/1915/583 997/1916/583
f 997/1916/584 998/1915/584 1000/1917/584 999/1918/584
f 999/1918/585 1000/1917/585 1002/1919/585 1001/1920/585
f 1001/1920/586 1002/1919/586 1004/1921/586 1003/1922/586
f 1003/1922/587 1004/1921/587 1006/1923/587 1005/1924/587
f 1005/1924/588 1006/1923/588 1008/1925/588 1007/1926/588
f 1007/1926/589 1008/1925/589 1010/1927/589 1009/1928/589
f 1009/1928/590 1010/1927/590 1012/1929/590 1011/1930/590
f 1011/1930/591 1012/1929/591 1014/1931/591 1013/1932/591
f 1013/1932/592 1014/1931/592 1016/1933/592 1015/1934/592
f 1015/1934/593 1016/1933/593 1018/1935/593 1017/1936/593
f 1017/1936/594 1018/1935/594 1020/1937/594 1019/1938/594
f 1019/1938/595 1020/1937/595 1022/1939/595 1021/1940/595
f 1021/1940/596 1022/1939/596 1024/1941/596 1023/1942/596
f 1023/1942/597 1024/1941/597 1026/1943/597 1025/1944/597
f 968/1945/598 966/1946/598 1028/1947/598 1026/1948/598 1024/1949/598 1022/1950/598 1020/1951/598 1018/1952/598 1016/1953/598 1014/1954/598 1012/1955/598 1010/1956/598 1008/1957/598 1006/1958/598 1004/1959/598 1002/1960/598 1000/1961/598 998/1962/598 996/1963/598 994/1964/598 992/1965/598 990/1966/598 988/1967/598 986/1968/598 984/1969/598 982/1970/598 980/1971/598 978/1972/598 976/1973/598 974/1974/598 972/1975/598 970/1976/598
f 1025/1944/599 1026/1943/599 1028/1977/599 1027/1978/599
f 1027/1978/600 1028/1977/600 966/1979/600 965/1980/600
f 965/1981/601 967/1982/601 969/1983/601 971/1984/601 973/1985/601 975/1986/601 977/1987/601 979/1988/601 981/1989/601 983/1990/601 985/1991/601 987/1992/601 989/1993/601 991/1994/601 993/1995/601 995/1996/601 997/1997/601 999/1998/601 1001/1999/601 1003/2000/601 1005/2001/601 1007/2002/601 1009/2003/601 1011/2004/601 1013/2005/601 1015/2006/601 1017/2007/601 1019/2008/601 1021/2009/601 1023/2010/601 1025/2011/601 1027/2012/601
o StoolN2
v 2.150000 0.425000 0.770000
v 2.150000 0.475000 0.770000
v 2.185116 0.425000 0.773459
v 2.185116 0.475000 0.773459
v 2.218883 0.425000 0.783702
v 2.218883 0.475000 0.783702
v 2.250003 0.425000 0.800335
v 2.250003 0.475000 0.800335
v 2.277279 0.425000 0.822721
v 2.277279 0.475000 0.822721
v 2.299665 0.425000 0.849997
v 2.299665 0.475000 0.849997
v 2.316298 0.425000 0.881117
v 2.316298 0.475000 0.881117
v 2.326541 0.425000 0.914884
v 2.326541 0.475000 0.914884
v 2.330000 0.425000 0.950000
v 2.330000 0.475000 0.950000
v 2.326541 0.425000 0.985116
v 2.326541 0.475000 0.985116
v 2.316298 0.425000 1.018883
v 2.316298 0.475000 1.018883
v 2.299665 0.425000 1.050003
v 2.299665 0.475000 1.050003
v 2.277279 0.425000 1.077279
v 2.277279 0.475000 1.077279
v 2.250003 0.425000 1.099665
v 2.250003 0.475000 1.099665
v 2.218883 0.425000 1.116298
v 2.218883 0.475000 1.116298
v 2.185116 0.425000 1.126541
v 2.185116 0.475000 1.126541
v 2.150000 0.425000 1.130000
v 2.150000 0.475000 1.130000
v 2.114884 0.425000 1.126541
v 2.114884 0.475000 1.126541
v 2.081117 0.425000 1.116298
v 2.081117 0.475000 1.116298
v 2.049997 0.425000 1.099665
v 2.049997 0.475000 1.099665
v 2.022721 0.425000 1.077279
v 2.022721 0.475000 1.077279
v 2.000335 0.425000 1.050003
v 2.000335 0.475000 1.050003
v 1.983702 0.425000 1.018883
v 1.983702 0.475000 1.018883
v 1.973459 0.425000 0.985116
v 1.973459 0.475000 0.985116
v 1.970000 0.425000 0.950000
v 1.970000 0.475000 0.950000
v 1.973459 0.425000 0.914884
v 1.973459 0.475000 0.914884
v 1.983702 0.425000 0.881117
v 1.983702 0.475000 0.881117
v 2.000335 0.425000 0.849997
v 2.000335 0.475000 0.849997
v 2.022721 0.425000 0.822721
v 2.022721 0.475000 0.822721
v 2.049997 0.425000 0.800335
v 2.049997 0.475000 0.800335
v 2.081117 0.425000 0.783702
v 2.081117 0.475000 0.783702
v 2.114884 0.425000 0.773459
v 2.114884 0.475000 0.773459
vn 0.0980 -0.0000 -0.9952
vn 0.2903 -0.0000 -0.9569
vn 0.4714 -0.0000 -0.8819
vn 0.6344 -0.0000 -0.7730
vn 0.7730 -0.0000 -0.6344
vn 0.8819 -0.0000 -0.4714
vn 0.9569 -0.0000 -0.2903
vn 0.9952 -0.0000 -0.0980
vn 0.9952 -0.0000 0.0980
vn 0.9569 -0.0000 0.2903
vn 0.8819 -0.0000 0.4714
vn 0.7730 -0.0000 0.6344
vn 0.6344 -0.0000 0.7730
vn 0.4714 -0.0000 0.8819
vn 0.2903 -0.0000 0.9569
vn 0.0980 -0.0000 0.9952
vn -0.0980 -0.0000 0.9952
vn -0.2903 -0.0000 0.9569
vn -0.4714 -0.0000 0.8819
vn -0.6344 -0.0000 0.7730
vn -0.7730 -0.0000 0.6344
vn -0.8819 -0.0000 0.4714
vn -0.9569 -0.0000 0.2903
vn -0.9952 -0.0000 0.0980
vn -0.9952 -0.0000 -0.0980
vn -0.9569 -0.0000 -0.2903
vn -0.8819 -0.0000 -0.4714
vn -0.7730 -0.0000 -0.6344
vn -0.6344 -0.0000 -0.7730
vn -0.4714 -0.0000 -0.8819
vn -0.0000 1.0000 -0.0000
vn -0.2903 -0.0000 -0.9569
vn -0.0980 -0.0000 -0.9952
vn -0.0000 -1.0000 -0.0000
vt 1.000000 0.500000
vt 1.000000 1.000000
vt 0.968750 1.000000
vt 0.968750 0.500000
vt 0.937500 1.000000
vt 0.937500 0.500000
vt 0.906250 1.000000
vt 0.906250 0.500000
vt 0.875000 1.000000
vt 0.875000 0.500000
vt 0.843750 1.000000
vt 0.843750 0.500000
vt 0.812500 1.000000
vt 0.812500 0.500000
vt 0.781250 1.000000
vt 0.781250 0.500000
vt 0.750000 1.000000
vt 0.750000 0.500000
vt 0.718750 1.000000
vt 0.718750 0.500000
vt 0.687500 1.000000
vt 0.687500 0.500000
vt 0.656250 1.000000
vt 0.656250 0.500000
vt 0.625000 1.000000
vt 0.625000 0.500000
vt 0.593750 1.000000
vt 0.593750 0.500000
vt 0.562500 1.000000
vt 0.562500 0.500000
vt 0.531250 1.000000
vt 0.531250 0.500000
vt 0.500000 1.000000
vt 0.500000 0.500000
vt 0.468750 1.000000
vt 0.468750 0.500000
vt 0.437500 1.000000
vt 0.437500 0.500000
vt 0.406250 1.000000
vt 0.406250 0.500000
vt 0.375000 1.000000
vt 0.375000 0.500000
vt 0.343750 1.000000
vt 0.343750 0.500000
vt 0.312500 1.000000
vt 0.312500 0.500000
vt 0.281250 1.000000
vt 0.281250 0.500000
vt 0.250000 1.000000
vt 0.250000 0.500000
vt 0.218750 1.000000
vt 0.218750 0.500000
vt 0.187500 1.000000
vt 0.187500 0.500000
vt 0.156250 1.000000
vt 0.156250 0.500000
vt 0.125000 1.000000
vt 0.125000 0.500000
vt 0.093750 1.000000
vt 0.093750 0.500000
vt 0.062500 1.000000
vt 0.062500 0.500000
vt 0.296822 0.485388
vt 0.250000 0.490000
vt 0.203178 0.485388
vt 0.158156 0.471731
vt 0.116663 0.449553
vt 0.080294 0.419706
vt 0.050447 0.383337
vt 0.028269 0.341844
vt 0.014612 0.296822
vt 0.010000 0.250000
vt 0.014612 0.203178
vt 0.028269 0.158156
vt 0.050447 0.116663
vt 0.080294 0.080294
vt 0.116663 0.050447
vt 0.158156 0.028269
vt 0.203178 0.014612
vt 0.250000 0.010000
vt 0.296822 0.014612
vt 0.341844 0.028269
vt 0.383337 0.050447
vt 0.419706 0.080294
vt 0.449553 0.116663
vt 0.471731 0.158156
vt 0.485388 0.203178
vt 0.490000 0.250000
vt 0.485388 0.296822
vt 0.471731 0.341844
vt 0.449553 0.383337
vt 0.419706 0.419706
vt 0.383337 0.449553
vt 0.341844 0.471731
vt 0.031250 1.000000
vt 0.031250 0.500000
vt 0.000000 1.000000
vt 0.000000 0.500000
vt 0.750000 0.490000
vt 0.796822 0.485388
vt 0.841844 0.471731
vt 0.883337 0.449553
vt 0.919706 0.419706
vt 0.949553 0.383337
vt 0.971731 0.341844
vt 0.985388 0.296822
vt 0.990000 0.250000
vt 0.985388 0.203178
vt 0.971731 0.158156
vt 0.949553 0.116663
vt 0.919706 0.080294
vt 0.883337 0.050447
vt 0.841844 0.028269
vt 0.796822 0.014612
vt 0.750000 0.010000
vt 0.703178 0.014612
vt 0.658156 0.028269
vt 0.616663 0.050447
vt 0.580294 0.080294
vt 0.550447 0.116663
vt 0.528269 0.158156
vt 0.514612 0.203178
vt 0.510000 0.250000
vt 0.514612 0.296822
vt 0.528269 0.341844
vt 0.550447 0.383337
vt 0.580294 0.419706
vt 0.616663 0.449553
vt 0.658156 0.471731
vt 0.703178 0.485388
s 0
usemtl WarmWood
f 1029/2013/602 1030/2014/602 1032/2015/602 1031/2016/602
f 1031/2016/603 1032/2015/603 1034/2017/603 1033/2018/603
f 1033/2018/604 1034/2017/604 1036/2019/604 1035/2020/604
f 1035/2020/605 1036/2019/605 1038/2021/605 1037/2022/605
f 1037/2022/606 1038/2021/606 1040/2023/606 1039/2024/606
f 1039/2024/607 1040/2023/607 1042/2025/607 1041/2026/607
f 1041/2026/608 1042/2025/608 1044/2027/608 1043/2028/608
f 1043/2028/609 1044/2027/609 1046/2029/609 1045/2030/609
f 1045/2030/610 1046/2029/610 1048/2031/610 1047/2032/610
f 1047/2032/611 1048/2031/611 1050/2033/611 1049/2034/611
f 1049/2034/612 1050/2033/612 1052/2035/612 1051/2036/612
f 1051/2036/613 1052/2035/613 1054/2037/613 1053/2038/613
f 1053/2038/614 1054/2037/614 1056/2039/614 1055/2040/614
f 1055/2040/615 1056/2039/615 1058/2041/615 1057/2042/615
f 1057/2042/616 1058/2041/616 1060/2043/616 1059/2044/616
f 1059/2044/617 1060/2043/617 1062/2045/617 1061/2046/617
f 1061/2046/618 1062/2045/618 1064/2047/618 1063/2048/618
f 1063/2048/619 1064/2047/619 1066/2049/619 1065/2050/619
f 1065/2050/620 1066/2049/620 1068/2051/620 1067/2052/620
f 1067/2052/621 1068/2051/621 1070/2053/621 1069/2054/621
f 1069/2054/622 1070/2053/622 1072/2055/622 1071/2056/622
f 1071/2056/623 1072/2055/623 1074/2057/623 1073/2058/623
f 1073/2058/624 1074/2057/624 1076/2059/624 1075/2060/624
f 1075/2060/625 1076/2059/625 1078/2061/625 1077/2062/625
f 1077/2062/626 1078/2061/626 1080/2063/626 1079/2064/626
f 1079/2064/627 1080/2063/627 1082/2065/627 1081/2066/627
f 1081/2066/628 1082/2065/628 1084/2067/628 1083/2068/628
f 1083/2068/629 1084/2067/629 1086/2069/629 1085/2070/629
f 1085/2070/630 1086/2069/630 1088/2071/630 1087/2072/630
f 1087/2072/631 1088/2071/631 1090/2073/631 1089/2074/631
f 1032/2075/632 1030/2076/632 1092/2077/632 1090/2078/632 1088/2079/632 1086/2080/632 1084/2081/632 1082/2082/632 1080/2083/632 1078/2084/632 1076/2085/632 1074/2086/632 1072/2087/632 1070/2088/632 1068/2089/632 1066/2090/632 1064/2091/632 1062/2092/632 1060/2093/632 1058/2094/632 1056/2095/632 1054/2096/632 1052/2097/632 1050/2098/632 1048/2099/632 1046/2100/632 1044/2101/632 1042/2102/632 1040/2103/632 1038/2104/632 1036/2105/632 1034/2106/632
f 1089/2074/633 1090/2073/633 1092/2107/633 1091/2108/633
f 1091/2108/634 1092/2107/634 1030/2109/634 1029/2110/634
f 1029/2111/635 1031/2112/635 1033/2113/635 1035/2114/635 1037/2115/635 1039/2116/635 1041/2117/635 1043/2118/635 1045/2119/635 1047/2120/635 1049/2121/635 1051/2122/635 1053/2123/635 1055/2124/635 1057/2125/635 1059/2126/635 1061/2127/635 1063/2128/635 1065/2129/635 1067/2130/635 1069/2131/635 1071/2132/635 1073/2133/635 1075/2134/635 1077/2135/635 1079/2136/635 1081/2137/635 1083/2138/635 1085/2139/635 1087/2140/635 1089/2141/635 1091/2142/635
o StoolS2
v 2.150000 0.425000 1.870000
v 2.150000 0.475000 1.870000
v 2.185116 0.425000 1.873459
v 2.185116 0.475000 1.873459
v 2.218883 0.425000 1.883702
v 2.218883 0.475000 1.883702
v 2.250003 0.425000 1.900335
v 2.250003 0.475000 1.900335
v 2.277279 0.425000 1.922721
v 2.277279 0.475000 1.922721
v 2.299665 0.425000 1.949997
v 2.299665 0.475000 1.949997
v 2.316298 0.425000 1.981117
v 2.316298 0.475000 1.981117
v 2.326541 0.425000 2.014884
v 2.326541 0.475000 2.014884
v 2.330000 0.425000 2.050000
v 2.330000 0.475000 2.050000
v 2.326541 0.425000 2.085116
v 2.326541 0.475000 2.085116
v 2.316298 0.425000 2.118883
v 2.316298 0.475000 2.118883
v 2.299665 0.425000 2.150002
v 2.299665 0.475000 2.150002
v 2.277279 0.425000 2.177279
v 2.277279 0.475000 2.177279
v 2.250003 0.425000 2.199665
v 2.250003 0.475000 2.199665
v 2.218883 0.425000 2.216298
v 2.218883 0.475000 2.216298
v 2.185116 0.425000 2.226541
v 2.185116 0.475000 2.226541
v 2.150000 0.425000 2.230000
v 2.150000 0.475000 2.230000
v 2.114884 0.425000 2.226541
v 2.114884 0.475000 2.226541
v 2.081117 0.425000 2.216298
v 2.081117 0.475000 2.216298
v 2.049997 0.425000 2.199665
v 2.049997 0.475000 2.199665
v 2.022721 0.425000 2.177279
v 2.022721 0.475000 2.177279
v 2.000335 0.425000 2.150002
v 2.000335 0.475000 2.150002
v 1.983702 0.425000 2.118883
v 1.983702 0.475000 2.118883
v 1.973459 0.425000 2.085116
v 1.973459 0.475000 2.085116
v 1.970000 0.425000 2.050000
v 1.970000 0.475000 2.050000
v 1.973459 0.425000 2.014884
v 1.973459 0.475000 2.014884
v 1.983702 0.425000 1.981117
v 1.983702 0.475000 1.981117
v 2.000335 0.425000 1.949997
v 2.000335 0.475000 1.949997
v 2.022721 0.425000 1.922721
v 2.022721 0.475000 1.922721
v 2.049997 0.425000 1.900335
v 2.049997 0.475000 1.900335
v 2.081117 0.425000 1.883702
v 2.081117 0.475000 1.883702
v 2.114884 0.425000 1.873459
v 2.114884 0.475000 1.873459
vn 0.0980 -0.0000 -0.9952
vn 0.2903 -0.0000 -0.9569
vn 0.4714 -0.0000 -0.8819
vn 0.6344 -0.0000 -0.7730
vn 0.7730 -0.0000 -0.6344
vn 0.8819 -0.0000 -0.4714
vn 0.9569 -0.0000 -0.2903
vn 0.9952 -0.0000 -0.0980
vn 0.9952 -0.0000 0.0980
vn 0.9569 -0.0000 0.2903
vn 0.8819 -0.0000 0.4714
vn 0.7730 -0.0000 0.6344
vn 0.6344 -0.0000 0.7730
vn 0.4714 -0.0000 0.8819
vn 0.2903 -0.0000 0.9569
vn 0.0980 -0.0000 0.9952
vn -0.0980 -0.0000 0.9952
vn -0.2903 -0.0000 0.9569
vn -0.4714 -0.0000 0.8819
vn -0.6344 -0.0000 0.7730
vn -0.7730 -0.0000 0.6344
vn -0.8819 -0.0000 0.4714
vn -0.9569 -0.0000 0.2903
vn -0.9952 -0.0000 0.0980
vn -0.9952 -0.0000 -0.0980
vn -0.9569 -0.0000 -0.2903
vn -0.8819 -0.0000 -0.4714
vn -0.7730 -0.0000 -0.6344
vn -0.6344 -0.0000 -0.7730
vn -0.4714 -0.0000 -0.8819
vn -0.0000 1.0000 -0.0000
vn -0.2903 -0.0000 -0.9569
vn -0.0980 -0.0000 -0.9952
vn -0.0000 -1.0000 -0.0000
vt 1.000000 0.500000
vt 1.000000 1.000000
vt 0.968750 1.000000
vt 0.968750 0.500000
vt 0.937500 1.000000
vt 0.937500 0.500000
vt 0.906250 1.000000
vt 0.906250 0.500000
vt 0.875000 1.000000
vt 0.875000 0.500000
vt 0.843750 1.000000
vt 0.843750 0.500000
vt 0.812500 1.000000
vt 0.812500 0.500000
vt 0.781250 1.000000
vt 0.781250 0.500000
vt 0.750000 1.000000
vt 0.750000 0.500000
vt 0.718750 1.000000
vt 0.718750 0.500000
vt 0.687500 1.000000
vt 0.687500 0.500000
vt 0.656250 1.000000
vt 0.656250 0.500000
vt 0.625000 1.000000
vt 0.625000 0.500000
vt 0.593750 1.000000
vt 0.593750 0.500000
vt 0.562500 1.000000
vt 0.562500 0.500000
vt 0.531250 1.000000
vt 0.531250 0.500000
vt 0.500000 1.000000
vt 0.500000 0.500000
vt 0.468750 1.000000
vt 0.468750 0.500000
vt 0.437500 1.000000
vt 0.437500 0.500000
vt 0.406250 1.000000
vt 0.406250 0.500000
vt 0.375000 1.000000
vt 0.375000 0.500000
vt 0.343750 1.000000
vt 0.343750 0.500000
vt 0.312500 1.000000
vt 0.312500 0.500000
vt 0.281250 1.000000
vt 0.281250 0.500000
vt 0.250000 1.000000
vt 0.250000 0.500000
vt 0.218750 1.000000
vt 0.218750 0.500000
vt 0.187500 1.000000
vt 0.187500 0.500000
vt 0.156250 1.000000
vt 0.156250 0.500000
vt 0.125000 1.000000
vt 0.125000 0.500000
vt 0.093750 1.000000
vt 0.093750 0.500000
vt 0.062500 1.000000
vt 0.062500 0.500000
vt 0.296822 0.485388
vt 0.250000 0.490000
vt 0.203178 0.485388
vt 0.158156 0.471731
vt 0.116663 0.449553
vt 0.080294 0.419706
vt 0.050447 0.383337
vt 0.028269 0.341844
vt 0.014612 0.296822
vt 0.010000 0.250000
vt 0.014612 0.203178
vt 0.028269 0.158156
vt 0.050447 0.116663
vt 0.080294 0.080294
vt 0.116663 0.050447
vt 0.158156 0.028269
vt 0.203178 0.014612
vt 0.250000 0.010000
vt 0.296822 0.014612
vt 0.341844 0.028269
vt 0.383337 0.050447
vt 0.419706 0.080294
vt 0.449553 0.116663
vt 0.471731 0.158156
vt 0.485388 0.203178
vt 0.490000 0.250000
vt 0.485388 0.296822
vt 0.471731 0.341844
vt 0.449553 0.383337
vt 0.419706 0.419706
vt 0.383337 0.449553
vt 0.341844 0.471731
vt 0.031250 1.000000
vt 0.031250 0.500000
vt 0.000000 1.000000
vt 0.000000 0.500000
vt 0.750000 0.490000
vt 0.796822 0.485388
vt 0.841844 0.471731
vt 0.883337 0.449553
vt 0.919706 0.419706
vt 0.949553 0.383337
vt 0.971731 0.341844
vt 0.985388 0.296822
vt 0.990000 0.250000
vt 0.985388 0.203178
vt 0.971731 0.158156
vt 0.949553 0.116663
vt 0.919706 0.080294
vt 0.883337 0.050447
vt 0.841844 0.028269
vt 0.796822 0.014612
vt 0.750000 0.010000
vt 0.703178 0.014612
vt 0.658156 0.028269
vt 0.616663 0.050447
vt 0.580294 0.080294
vt 0.550447 0.116663
vt 0.528269 0.158156
vt 0.514612 0.203178
vt 0.510000 0.250000
vt 0.514612 0.296822
vt 0.528269 0.341844
vt 0.550447 0.383337
vt 0.580294 0.419706
vt 0.616663 0.449553
vt 0.658156 0.471731
vt 0.703178 0.485388
s 0
usemtl WarmWood
f 1093/2143/636 1094/2144/636 1096/2145/636 1095/2146/636
f 1095/2146/637 1096/2145/637 1098/2147/637 1097/2148/637
f 1097/2148/638 1098/2147/638 1100/2149/638 1099/2150/638
f 1099/2150/639 1100/2149/639 1102/2151/639 1101/2152/639
f 1101/2152/640 1102/2151/640 1104/2153/640 1103/2154/640
f 1103/2154/641 1104/2153/641 1106/2155/641 1105/2156/641
f 1105/2156/642 1106/2155/642 1108/2157/642 1107/2158/642
f 1107/2158/643 1108/2157/643 1110/2159/643 1109/2160/643
f 1109/2160/644 1110/2159/644 1112/2161/644 1111/2162/644
f 1111/2162/645 1112/2161/645 1114/2163/645 1113/2164/645
f 1113/2164/646 1114/2163/646 1116/2165/646 1115/2166/646
f 1115/2166/647 1116/2165/647 1118/2167/647 1117/2168/647
f 1117/2168/648 1118/2167/648 1120/2169/648 1119/2170/648
f 1119/2170/649 1120/2169/649 1122/2171/649 1121/2172/649
f 1121/2172/650 1122/2171/650 1124/2173/650 1123/2174/650
f 1123/2174/651 1124/2173/651 1126/2175/651 1125/2176/651
f 1125/2176/652 1126/2175/652 1128/2177/652 1127/2178/652
f 1127/2178/653 1128/2177/653 1130/2179/653 1129/2180/653
f 1129/2180/654 1130/2179/654 1132/2181/654 1131/2182/654
f 1131/2182/655 1132/2181/655 1134/2183/655 1133/2184/655
f 1133/2184/656 1134/2183/656 1136/2185/656 1135/2186/656
f 1135/2186/657 1136/2185/657 1138/2187/657 1137/2188/657
f 1137/2188/658 1138/2187/658 1140/2189/658 1139/2190/658
f 1139/2190/659 1140/2189/659 1142/2191/659 1141/2192/659
f 1141/2192/660 1142/2191/660 1144/2193/660 1143/2194/660
f 1143/2194/661 1144/2193/661 1146/2195/661 1145/2196/661
f 1145/2196/662 1146/2195/662 1148/2197/662 1147/2198/662
f 1147/2198/663 1148/2197/663 1150/2199/663 1149/2200/663
f 1149/2200/664 1150/2199/664 1152/2201/664 1151/2202/664
f 1151/2202/665 1152/2201/665 1154/2203/665 1153/2204/665
f 1096/2205/666 1094/2206/666 1156/2207/666 1154/2208/666 1152/2209/666 1150/2210/666 1148/2211/666 1146/2212/666 1144/2213/666 1142/2214/666 1140/2215/666 1138/2216/666 1136/2217/666 1134/2218/666 1132/2219/666 1130/2220/666 1128/2221/666 1126/2222/666 1124/2223/666 1122/2224/666 1120/2225/666 1118/2226/666 1116/2227/666 1114/2228/666 1112/2229/666 1110/2230/666 1108/2231/666 1106/2232/666 1104/2233/666 1102/2234/666 1100/2235/666 1098/2236/666
f 1153/2204/667 1154/2203/667 1156/2237/667 1155/2238/667
f 1155/2238/668 1156/2237/668 1094/2239/668 1093/2240/668
f 1093/2241/669 1095/2242/669 1097/2243/669 1099/2244/669 1101/2245/669 1103/2246/669 1105/2247/669 1107/2248/669 1109/2249/669 1111/2250/669 1113/2251/669 1115/2252/669 1117/2253/669 1119/2254/669 1121/2255/669 1123/2256/669 1125/2257/669 1127/2258/669 1129/2259/669 1131/2260/669 1133/2261/669 1135/2262/669 1137/2263/669 1139/2264/669 1141/2265/669 1143/2266/669 1145/2267/669 1147/2268/669 1149/2269/669 1151/2270/669 1153/2271/669 1155/2272/669
o StoolN3
v 2.850000 0.425000 0.770000
v 2.850000 0.475000 0.770000
v 2.885116 0.425000 0.773459
v 2.885116 0.475000 0.773459
v 2.918883 0.425000 0.783702
v 2.918883 0.475000 0.783702
v 2.950003 0.425000 0.800335
v 2.950003 0.475000 0.800335
v 2.977279 0.425000 0.822721
v 2.977279 0.475000 0.822721
v 2.999665 0.425000 0.849997
v 2.999665 0.475000 0.849997
v 3.016298 0.425000 0.881117
v 3.016298 0.475000 0.881117
v 3.026541 0.425000 0.914884
v 3.026541 0.475000 0.914884
v 3.030000 0.425000 0.950000
v 3.030000 0.475000 0.950000
v 3.026541 0.425000 0.985116
v 3.026541 0.475000 0.985116
v 3.016298 0.425000 1.018883
v 3.016298 0.475000 1.018883
v 2.999665 0.425000 1.050003
v 2.999665 0.475000 1.050003
v 2.977279 0.425000 1.077279
v 2.977279 0.475000 1.077279
v 2.950003 0.425000 1.099665
v 2.950003 0.475000 1.099665
v 2.918883 0.425000 1.116298
v 2.918883 0.475000 1.116298
v 2.885116 0.425000 1.126541
v 2.885116 0.475000 1.126541
v 2.850000 0.425000 1.130000
v 2.850000 0.475000 1.130000
v 2.814884 0.425000 1.126541
v 2.814884 0.475000 1.126541
v 2.781117 0.425000 1.116298
v 2.781117 0.475000 1.116298
v 2.749997 0.425000 1.099665
v 2.749997 0.475000 1.099665
v 2.722721 0.425000 1.077279
v 2.722721 0.475000 1.077279
v 2.700335 0.425000 1.050003
v 2.700335 0.475000 1.050003
v 2.683702 0.425000 1.018883
v 2.683702 0.475000 1.018883
v 2.673459 0.425000 0.985116
v 2.673459 0.475000 0.985116
v 2.670000 0.425000 0.950000
v 2.670000 0.475000 0.950000
v 2.673459 0.425000 0.914884
v 2.673459 0.475000 0.914884
v 2.683702 0.425000 0.881117
v 2.683702 0.475000 0.881117
v 2.700335 0.425000 0.849997
v 2.700335 0.475000 0.849997
v 2.722721 0.425000 0.822721
v 2.722721 0.475000 0.822721
v 2.749997 0.425000 0.800335
v 2.749997 0.475000 0.800335
v 2.781117 0.425000 0.783702
v 2.781117 0.475000 0.783702
v 2.814884 0.425000 0.773459
v 2.814884 0.475000 0.773459
vn 0.0980 -0.0000 -0.9952
vn 0.2903 -0.0000 -0.9569
vn 0.4714 -0.0000 -0.8819
vn 0.6344 -0.0000 -0.7730
vn 0.7730 -0.0000 -0.6344
vn 0.8819 -0.0000 -0.4714
vn 0.9569 -0.0000 -0.2903
vn 0.9952 -0.0000 -0.0980
vn 0.9952 -0.0000 0.0980
vn 0.9569 -0.0000 0.2903
vn 0.8819 -0.0000 0.4714
vn 0.7730 -0.0000 0.6344
vn 0.6344 -0.0000 0.7730
vn 0.4714 -0.0000 0.8819
vn 0.2903 -0.0000 0.9569
vn 0.0980 -0.0000 0.9952
vn -0.0980 -0.0000 0.9952
vn -0.2903 -0.0000 0.9569
vn -0.4714 -0.0000 0.8819
vn -0.6344 -0.0000 0.7730
vn -0.7730 -0.0000 0.6344
vn -0.8819 -0.0000 0.4714
vn -0.9569 -0.0000 0.2903
vn -0.9952 -0.0000 0.0980
vn -0.9952 -0.0000 -0.0980
vn -0.9569 -0.0000 -0.2903
vn -0.8819 -0.0000 -0.4714
vn -0.7730 -0.0000 -0.6344
vn -0.6344 -0.0000 -0.7730
vn -0.4714 -0.0000 -0.8819
vn -0.0000 1.0000 -0.0000
vn -0.2903 -0.0000 -0.9569
vn -0.0980 -0.0000 -0.9952
vn -0.0000 -1.0000 -0.0000
vt 1.000000 0.500000
vt 1.000000 1.000000
vt 0.968750 1.000000
vt 0.968750 0.500000
vt 0.937500 1.000000
vt 0.937500 0.500000
vt 0.906250 1.000000
vt 0.906250 0.500000
vt 0.875000 1.000000
vt 0.875000 0.500000
vt 0.843750 1.000000
vt 0.843750 0.500000
vt 0.812500 1.000000
vt 0.812500 0.500000
vt 0.781250 1.000000
vt 0.781250 0.500000
vt 0.750000 1.000000
vt 0.750000 0.500000
vt 0.718750 1.000000
vt 0.718750 0.500000
vt 0.687500 1.000000
vt 0.687500 0.500000
vt 0.656250 1.000000
vt 0.656250 0.500000
vt 0.625000 1.000000
vt 0.625000 0.500000
vt 0.593750 1.000000
vt 0.593750 0.500000
vt 0.562500 1.000000
vt 0.562500 0.500000
vt 0.531250 1.000000
vt 0.531250 0.500000
vt 0.500000 1.000000
vt 0.500000 0.500000
vt 0.468750 1.000000
vt 0.468750 0.500000
vt 0.437500 1.000000
vt 0.437500 0.500000
vt 0.406250 1.000000
vt 0.406250 0.500000
vt 0.375000 1.000000
vt 0.375000 0.500000
vt 0.343750 1.000000
vt 0.343750 0.500000
vt 0.312500 1.000000
vt 0.312500 0.500000
vt 0.281250 1.000000
vt 0.281250 0.500000
vt 0.250000 1.000000
vt 0.250000 0.500000
vt 0.218750 1.000000
vt 0.218750 0.500000
vt 0.187500 1.000000
vt 0.187500 0.500000
vt 0.156250 1.000000
vt 0.156250 0.500000
vt 0.125000 1.000000
vt 0.125000 0.500000
vt 0.093750 1.000000
vt 0.093750 0.500000
vt 0.062500 1.000000
vt 0.062500 0.500000
vt 0.296822 0.485388
vt 0.250000 0.490000
vt 0.203178 0.485388
vt 0.158156 0.471731
vt 0.116663 0.449553
vt 0.080294 0.419706
vt 0.050447 0.383337
vt 0.028269 0.341844
vt 0.014612 0.296822
vt 0.010000 0.250000
vt 0.014612 0.203178
vt 0.028269 0.158156
vt 0.050447 0.116663
vt 0.080294 0.080294
vt 0.116663 0.050447
vt 0.158156 0.028269
vt 0.203178 0.014612
vt 0.250000 0.010000
vt 0.296822 0.014612
vt 0.341844 0.028269
vt 0.383337 0.050447
vt 0.419706 0.080294
vt 0.449553 0.116663
vt 0.471731 0.158156
vt 0.485388 0.203178
vt 0.490000 0.250000
vt 0.485388 0.296822
vt 0.471731 0.341844
vt 0.449553 0.383337
vt 0.419706 0.419706
vt 0.383337 0.449553
vt 0.341844 0.471731
vt 0.031250 1.000000
vt 0.031250 0.500000
vt 0.000000 1.000000
vt 0.000000 0.500000
vt 0.750000 0.490000
vt 0.796822 0.485388
vt 0.841844 0.471731
vt 0.883337 0.449553
vt 0.919706 0.419706
vt 0.949553 0.383337
vt 0.971731 0.341844
vt 0.985388 0.296822
vt 0.990000 0.250000
vt 0.985388 0.203178
vt 0.971731 0.158156
vt 0.949553 0.116663
vt 0.919706 0.080294
vt 0.883337 0.050447
vt 0.841844 0.028269
vt 0.796822 0.014612
vt 0.750000 0.010000
vt 0.703178 0.014612
vt 0.658156 0.028269
vt 0.616663 0.050447
vt 0.580294 0.080294
vt 0.550447 0.116663
vt 0.528269 0.158156
vt 0.514612 0.203178
vt 0.510000 0.250000
vt 0.514612 0.296822
vt 0.528269 0.341844
vt 0.550447 0.383337
vt 0.580294 0.419706
vt 0.616663 0.449553
vt 0.658156 0.471731
vt 0.703178 0.485388
s 0
usemtl WarmWood
f 1157/2273/670 1158/2274/670 1160/2275/670 1159/2276/670
f 1159/2276/671 1160/2275/671 1162/2277/671 1161/2278/671
f 1161/2278/672 1162/2277/672 1164/2279/672 1163/2280/672
f 1163/2280/673 1164/2279/673 1166/2281/673 1165/2282/673
f 1165/2282/674 1166/2281/674 1168/2283/674 1167/2284/674
f 1167/2284/675 1168/2283/675 1170/2285/675 1169/2286/675
f 1169/2286/676 1170/2285/676 1172/2287/676 1171/2288/676
f 1171/2288/677 1172/2287/677 1174/2289/677 1173/2290/677
f 1173/2290/678 1174/2289/678 1176/2291/678 1175/2292/678
f 1175/2292/679 1176/2291/679 1178/2293/679 1177/2294/679
f 1177/2294/680 1178/2293/680 1180/2295/680 1179/2296/680
f 1179/2296/681 1180/2295/681 1182/2297/681 1181/2298/681
f 1181/2298/682 1182/2297/682 1184/2299/682 1183/2300/682
f 1183/2300/683 1184/2299/683 1186/2301/683 1185/2302/683
f 1185/2302/684 1186/2301/684 1188/2303/684 1187/2304/684
f 1187/2304/685 1188/2303/685 1190/2305/685 1189/2306/685
f 1189/2306/686 1190/2305/686 1192/2307/686 1191/2308/686
f 1191/2308/687 1192/2307/687 1194/2309/687 1193/2310/687
f 1193/2310/688 1194/2309/688 1196/2311/688 1195/2312/688
f 1195/2312/689 1196/2311/689 1198/2313/689 1197/2314/689
f 1197/2314/690 1198/2313/690 1200/2315/690 1199/2316/690
f 1199/2316/691 1200/2315/691 1202/2317/691 1201/2318/691
f 1201/2318/692 1202/2317/692 1204/2319/692 1203/2320/692
f 1203/2320/693 1204/2319/693 1206/2321/693 1205/2322/693
f 1205/2322/694 1206/2321/694 1208/2323/694 1207/2324/694
f 1207/2324/695 1208/2323/695 1210/2325/695 1209/2326/695
f 1209/2326/696 1210/2325/696 1212/2327/696 1211/2328/696
f 1211/2328/697 1212/2327/697 1214/2329/697 1213/2330/697
f 1213/2330/698 1214/2329/698 1216/2331/698 1215/2332/698
f 1215/2332/699 1216/2331/699 1218/2333/699 1217/2334/699
f 1160/2335/700 1158/2336/700 1220/2337/700 1218/2338/700 1216/2339/700 1214/2340/700 1212/2341/700 1210/2342/700 1208/2343/700 1206/2344/700 1204/2345/700 1202/2346/700 1200/2347/700 1198/2348/700 1196/2349/700 1194/2350/700 1192/2351/700 1190/2352/700 1188/2353/700 1186/2354/700 1184/2355/700 1182/2356/700 1180/2357/700 1178/2358/700 1176/2359/700 1174/2360/700 1172/2361/700 1170/2362/700 1168/2363/700 1166/2364/700 1164/2365/700 1162/2366/700
f 1217/2334/701 1218/2333/701 1220/2367/701 1219/2368/701
f 1219/2368/702 1220/2367/702 1158/2369/702 1157/2370/702
f 1157/2371/703 1159/2372/703 1161/2373/703 1163/2374/703 1165/2375/703 1167/2376/703 1169/2377/703 1171/2378/703 1173/2379/703 1175/2380/703 1177/2381/703 1179/2382/703 1181/2383/703 1183/2384/703 1185/2385/703 1187/2386/703 1189/2387/703 1191/2388/703 1193/2389/703 1195/2390/703 1197/2391/703 1199/2392/703 1201/2393/703 1203/2394/703 1205/2395/703 1207/2396/703 1209/2397/703 1211/2398/703 1213/2399/703 1215/2400/703 1217/2401/703 1219/2402/703
o StoolS3
v 2.850000 0.425000 1.870000
v 2.850000 0.475000 1.870000
v 2.885116 0.425000 1.873459
v 2.885116 0.475000 1.873459
v 2.918883 0.425000 1.883702
v 2.918883 0.475000 1.883702
v 2.950003 0.425000 1.900335
v 2.950003 0.475000 1.900335
v 2.977279 0.425000 1.922721
v 2.977279 0.475000 1.922721
v 2.999665 0.425000 1.949997
v 2.999665 0.475000 1.949997
v 3.016298 0.425000 1.981117
v 3.016298 0.475000 1.981117
v 3.026541 0.425000 2.014884
v 3.026541 0.475000 2.014884
v 3.030000 0.425000 2.050000
v 3.030000 0.475000 2.050000
v 3.026541 0.425000 2.085116
v 3.026541 0.475000 2.085116
v 3.016298 0.425000 2.118883
v 3.016298 0.475000 2.118883
v 2.999665 0.425000 2.150002
v 2.999665 0.475000 2.150002
v 2.977279 0.425000 2.177279
v 2.977279 0.475000 2.177279
v 2.950003 0.425000 2.199665
v 2.950003 0.475000 2.199665
v 2.918883 0.425000 2.216298
v 2.918883 0.475000 2.216298
v 2.885116 0.425000 2.226541
v 2.885116 0.475000 2.226541
v 2.850000 0.425000 2.230000
v 2.850000 0.475000 2.230000
v 2.814884 0.425000 2.226541
v 2.814884 0.475000 2.226541
v 2.781117 0.425000 2.216298
v 2.781117 0.475000 2.216298
v 2.749997 0.425000 2.199665
v 2.749997 0.475000 2.199665
v 2.722721 0.425000 2.177279
v 2.722721 0.475000 2.177279
v 2.700335 0.425000 2.150002
v 2.700335 0.475000 2.150002
v 2.683702 0.425000 2.118883
v 2.683702 0.475000 2.118883
v 2.673459 0.425000 2.085116
v 2.673459 0.475000 2.085116
v 2.670000 0.425000 2.050000
v 2.670000 0.475000 2.050000
v 2.673459 0.425000 2.014884
v 2.673459 0.475000 2.014884
v 2.683702 0.425000 1.981117
v 2.683702 0.475000 1.981117
v 2.700335 0.425000 1.949997
v 2.700335 0.475000 1.949997
v 2.722721 0.425000 1.922721
v 2.722721 0.475000 1.922721
v 2.749997 0.425000 1.900335
v 2.749997 0.475000 1.900335
v 2.781117 0.425000 1.883702
v 2.781117 0.475000 1.883702
v 2.814884 0.425000 1.873459
v 2.814884 0.475000 1.873459
vn 0.0980 -0.0000 -0.9952
vn 0.2903 -0.0000 -0.9569
vn 0.4714 -0.0000 -0.8819
vn 0.6344 -0.0000 -0.7730
vn 0.7730 -0.0000 -0.6344
vn 0.8819 -0.0000 -0.4714
vn 0.9569 -0.0000 -0.2903
vn 0.9952 -0.0000 -0.0980
vn 0.9952 -0.0000 0.0980
vn 0.9569 -0.0000 0.2903
vn 0.8819 -0.0000 0.4714
vn 0.7730 -0.0000 0.6344
vn 0.6344 -0.0000 0.7730
vn 0.4714 -0.0000 0.8819
vn 0.2903 -0.0000 0.9569
vn 0.0980 -0.0000 0.9952
vn -0.0980 -0.0000 0.9952
vn -0.2903 -0.0000 0.9569
vn -0.4714 -0.0000 0.8819
vn -0.6344 -0.0000 0.7730
vn -0.7730 -0.0000 0.6344
vn -0.8819 -0.0000 0.4714
vn -0.9569 -0.0000 0.2903
vn -0.9952 -0.0000 0.0980
vn -0.9952 -0.0000 -0.0980
vn -0.9569 -0.0000 -0.2903
vn -0.8819 -0.0000 -0.4714
vn -0.7730 -0.0000 -0.6344
vn -0.6344 -0.0000 -0.7730
vn -0.4714 -0.0000 -0.8819
vn -0.0000 1.0000 -0.0000
vn -0.2903 -0.0000 -0.9569
vn -0.0980 -0.0000 -0.9952
vn -0.0000 -1.0000 -0.0000
vt 1.000000 0.500000
vt 1.000000 1.000000
vt 0.968750 1.000000
vt 0.968750 0.500000
vt 0.937500 1.000000
vt 0.937500 0.500000
vt 0.906250 1.000000
vt 0.906250 0.500000
vt 0.875000 1.000000
vt 0.875000 0.500000
vt 0.843750 1.000000
vt 0.843750 0.500000
vt 0.812500 1.000000
vt 0.812500 0.500000
vt 0.781250 1.000000
vt 0.781250 0.500000
vt 0.750000 1.000000
vt 0.750000 0.500000
vt 0.718750 1.000000
vt 0.718750 0.500000
vt 0.687500 1.000000
vt 0.687500 0.500000
vt 0.656250 1.000000
vt 0.656250 0.500000
vt 0.625000 1.000000
vt 0.625000 0.500000
vt 0.593750 1.000000
vt 0.593750 0.500000
vt 0.562500 1.000000
vt 0.562500 0.500000
vt 0.531250 1.000000
vt 0.531250 0.500000
vt 0.500000 1.000000
vt 0.500000 0.500000
vt 0.468750 1.000000
vt 0.468750 0.500000
vt 0.437500 1.000000
vt 0.437500 0.500000
vt 0.406250 1.000000
vt 0.406250 0.500000
vt 0.375000 1.000000
vt 0.375000 0.500000
vt 0.343750 1.000000
vt 0.343750 0.500000
vt 0.312500 1.000000
vt 0.312500 0.500000
vt 0.281250 1.000000
vt 0.281250 0.500000
vt 0.250000 1.000000
vt 0.250000 0.500000
vt 0.218750 1.000000
vt 0.218750 0.500000
vt 0.187500 1.000000
vt 0.187500 0.500000
vt 0.156250 1.000000
vt 0.156250 0.500000
vt 0.125000 1.000000
vt 0.125000 0.500000
vt 0.093750 1.000000
vt 0.093750 0.500000
vt 0.062500 1.000000
vt 0.062500 0.500000
vt 0.296822 0.485388
vt 0.250000 0.490000
vt 0.203178 0.485388
vt 0.158156 0.471731
vt 0.116663 0.449553
vt 0.080294 0.419706
vt 0.050447 0.383337
vt 0.028269 0.341844
vt 0.014612 0.296822
vt 0.010000 0.250000
vt 0.014612 0.203178
vt 0.028269 0.158156
vt 0.050447 0.116663
vt 0.080294 0.080294
vt 0.116663 0.050447
vt 0.158156 0.028269
vt 0.203178 0.014612
vt 0.250000 0.010000
vt 0.296822 0.014612
vt 0.341844 0.028269
vt 0.383337 0.050447
vt 0.419706 0.080294
vt 0.449553 0.116663
vt 0.471731 0.158156
vt 0.485388 0.203178
vt 0.490000 0.250000
vt 0.485388 0.296822
vt 0.471731 0.341844
vt 0.449553 0.383337
vt 0.419706 0.419706
vt 0.383337 0.449553
vt 0.341844 0.471731
vt 0.031250 1.000000
vt 0.031250 0.500000
vt 0.000000 1.000000
vt 0.000000 0.500000
vt 0.750000 0.490000
vt 0.796822 0.485388
vt 0.841844 0.471731
vt 0.883337 0.449553
vt 0.919706 0.419706
vt 0.949553 0.383337
vt 0.971731 0.341844
vt 0.985388 0.296822
vt 0.990000 0.250000
vt 0.985388 0.203178
vt 0.971731 0.158156
vt 0.949553 0.116663
vt 0.919706 0.080294
vt 0.883337 0.050447
vt 0.841844 0.028269
vt 0.796822 0.014612
vt 0.750000 0.010000
vt 0.703178 0.014612
vt 0.658156 0.028269
vt 0.616663 0.050447
vt 0.580294 0.080294
vt 0.550447 0.116663
vt 0.528269 0.158156
vt 0.514612 0.203178
vt 0.510000 0.250000
vt 0.514612 0.296822
vt 0.528269 0.341844
vt 0.550447 0.383337
vt 0.580294 0.419706
vt 0.616663 0.449553
vt 0.658156 0.471731
vt 0.703178 0.485388
s 0
usemtl WarmWood
f 1221/2403/704 1222/2404/704 1224/2405/704 1223/2406/704
f 1223/2406/705 1224/2405/705 1226/2407/705 1225/2408/705
f 1225/2408/706 1226/2407/706 1228/2409/706 1227/2410/706
f 1227/2410/707 1228/2409/707 1230/2411/707 1229/2412/707
f 1229/2412/708 1230/2411/708 1232/2413/708 1231/2414/708
f 1231/2414/709 1232/2413/709 1234/2415/709 1233/2416/709
f 1233/2416/710 1234/2415/710 1236/2417/710 1235/2418/710
f 1235/2418/711 1236/2417/711 1238/2419/711 1237/2420/711
f 1237/2420/712 1238/2419/712 1240/2421/712 1239/2422/712
f 1239/2422/713 1240/2421/713 1242/2423/713 1241/2424/713
f 1241/2424/714 1242/2423/714 1244/2425/714 1243/2426/714
f 1243/2426/715 1244/2425/715 1246/2427/715 1245/2428/715
f 1245/2428/716 1246/2427/716 1248/2429/716 1247/2430/716
f 1247/2430/717 1248/2429/717 1250/2431/717 1249/2432/717
f 1249/2432/718 1250/2431/718 1252/2433/718 1251/2434/718
f 1251/2434/719 1252/2433/719 1254/2435/719 1253/2436/719
f 1253/2436/720 1254/2435/720 1256/2437/720 1255/2438/720
f 1255/2438/721 1256/2437/721 1258/2439/721 1257/2440/721
f 1257/2440/722 1258/2439/722 1260/2441/722 1259/2442/722
f 1259/2442/723 1260/2441/723 1262/2443/723 1261/2444/723
f 1261/2444/724 1262/2443/724 1264/2445/724 1263/2446/724
f 1263/2446/725 1264/2445/725 1266/2447/725 1265/2448/725
f 1265/2448/726 1266/2447/726 1268/2449/726 1267/2450/726
f 1267/2450/727 1268/2449/727 1270/2451/727 1269/2452/727
f 1269/2452/728 1270/2451/728 1272/2453/728 1271/2454/728
f 1271/2454/729 1272/2453/729 1274/2455/729 1273/2456/729
f 1273/2456/730 1274/2455/730 1276/2457/730 1275/2458/730
f 1275/2458/731 1276/2457/731 1278/2459/731 1277/2460/731
f 1277/2460/732 1278/2459/732 1280/2461/732 1279/2462/732
f 1279/2462/733 1280/2461/733 1282/2463/733 1281/2464/733
f 1224/2465/734 1222/2466/734 1284/2467/734 1282/2468/734 1280/2469/734 1278/2470/734 1276/2471/734 1274/2472/734 1272/2473/734 1270/2474/734 1268/2475/734 1266/2476/734 1264/2477/734 1262/2478/734 1260/2479/734 1258/2480/734 1256/2481/734 1254/2482/734 1252/2483/734 1250/2484/734 1248/2485/734 1246/2486/734 1244/2487/734 1242/2488/734 1240/2489/734 1238/2490/734 1236/2491/734 1234/2492/734 1232/2493/734 1230/2494/734 1228/2495/734 1226/2496/734
f 1281/2464/735 1282/2463/735 1284/2497/735 1283/2498/735
f 1283/2498/736 1284/2497/736 1222/2499/736 1221/2500/736
f 1221/2501/737 1223/2502/737 1225/2503/737 1227/2504/737 1229/2505/737 1231/2506/737 1233/2507/737 1235/2508/737 1237/2509/737 1239/2510/737 1241/2511/737 1243/2512/737 1245/2513/737 1247/2514/737 1249/2515/737 1251/2516/737 1253/2517/737 1255/2518/737 1257/2519/737 1259/2520/737 1261/2521/737 1263/2522/737 1265/2523/737 1267/2524/737 1269/2525/737 1271/2526/737 1273/2527/737 1275/2528/737 1277/2529/737 1279/2530/737 1281/2531/737 1283/2532/737
o BookWall
v -4.970000 0.000000 3.500000
v -4.970000 3.500000 3.500000
v -4.970000 0.000000 -1.500000
v -4.970000 3.500000 -1.500000
v -4.730000 0.000000 3.500000
v -4.730000 3.500000 3.500000
v -4.730000 0.000000 -1.500000
v -4.730000 3.500000 -1.500000
vn -1.0000 -0.0000 -0.0000
vn -0.0000 -0.0000 -1.0000
vn 1.0000 -0.0000 -0.0000
vn -0.0000 -0.0000 1.0000
vn -0.0000 -1.0000 -0.0000
vn -0.0000 1.0000 -0.0000
vt 0.375000 0.000000
vt 0.625000 0.000000
vt 0.625000 0.250000
vt 0.375000 0.250000
vt 0.625000 0.500000
vt 0.375000 0.500000
vt 0.625000 0.750000
vt 0.375000 0.750000
vt 0.625000 1.000000
vt 0.375000 1.000000
vt 0.125000 0.500000
vt 0.125000 0.750000
vt 0.875000 0.500000
vt 0.875000 0.750000
s 0
usemtl BookDark
f 1285/2533/738 1286/2534/738 1288/2535/738 1287/2536/738
f 1287/2536/739 1288/2535/739 1292/2537/739 1291/2538/739
f 1291/2538/740 1292/2537/740 1290/2539/740 1289/2540/740
f 1289/2540/741 1290/2539/741 1286/2541/741 1285/2542/741
f 1287/2543/742 1291/2538/742 1289/2540/742 1285/2544/742
f 1292/2537/743 1288/2545/743 1286/2546/743 1290/2539/743
o BookShelf0
v -4.850000 0.380000 3.500000
v -4.850000 0.420000 3.500000
v -4.850000 0.380000 -1.500000
v -4.850000 0.420000 -1.500000
v -4.550000 0.380000 3.500000
v -4.550000 0.420000 3.500000
v -4.550000 0.380000 -1.500000
v -4.550000 0.420000 -1.500000
vn -1.0000 -0.0000 -0.0000
vn -0.0000 -0.0000 -1.0000
vn 1.0000 -0.0000 -0.0000
vn -0.0000 -0.0000 1.0000
vn -0.0000 -1.0000 -0.0000
vn -0.0000 1.0000 -0.0000
vt 0.375000 0.000000
vt 0.625000 0.000000
vt 0.625000 0.250000
vt 0.375000 0.250000
vt 0.625000 0.500000
vt 0.375000 0.500000
vt 0.625000 0.750000
vt 0.375000 0.750000
vt 0.625000 1.000000
vt 0.375000 1.000000
vt 0.125000 0.500000
vt 0.125000 0.750000
vt 0.875000 0.500000
vt 0.875000 0.750000
s 0
usemtl WarmWood
f 1293/2547/744 1294/2548/744 1296/2549/744 1295/2550/744
f 1295/2550/745 1296/2549/745 1300/2551/745 1299/2552/745
f 1299/2552/746 1300/2551/746 1298/2553/746 1297/2554/746
f 1297/2554/747 1298/2553/747 1294/2555/747 1293/2556/747
f 1295/2557/748 1299/2552/748 1297/2554/748 1293/2558/748
f 1300/2551/749 1296/2559/749 1294/2560/749 1298/2553/749
o BookShelf1
v -4.850000 0.930000 3.500000
v -4.850000 0.970000 3.500000
v -4.850000 0.930000 -1.500000
v -4.850000 0.970000 -1.500000
v -4.550000 0.930000 3.500000
v -4.550000 0.970000 3.500000
v -4.550000 0.930000 -1.500000
v -4.550000 0.970000 -1.500000
vn -1.0000 -0.0000 -0.0000
vn -0.0000 -0.0000 -1.0000
vn 1.0000 -0.0000 -0.0000
vn -0.0000 -0.0000 1.0000
vn -0.0000 -1.0000 -0.0000
vn -0.0000 1.0000 -0.0000
vt 0.375000 0.000000
vt 0.625000 0.000000
vt 0.625000 0.250000
vt 0.375000 0.250000
vt 0.625000 0.500000
vt 0.375000 0.500000
vt 0.625000 0.750000
vt 0.375000 0.750000
vt 0.625000 1.000000
vt 0.375000 1.000000
vt 0.125000 0.500000
vt 0.125000 0.750000
vt 0.875000 0.500000
vt 0.875000 0.750000
s 0
usemtl WarmWood
f 1301/2561/750 1302/2562/750 1304/2563/750 1303/2564/750
f 1303/2564/751 1304/2563/751 1308/2565/751 1307/2566/751
f 1307/2566/752 1308/2565/752 1306/2567/752 1305/2568/752
f 1305/2568/753 1306/2567/753 1302/2569/753 1301/2570/753
f 1303/2571/754 1307/2566/754 1305/2568/754 1301/2572/754
f 1308/2565/755 1304/2573/755 1302/2574/755 1306/2567/755
o BookShelf2
v -4.850000 1.480000 3.500000
v -4.850000 1.520000 3.500000
v -4.850000 1.480000 -1.500000
v -4.850000 1.520000 -1.500000
v -4.550000 1.480000 3.500000
v -4.550000 1.520000 3.500000
v -4.550000 1.480000 -1.500000
v -4.550000 1.520000 -1.500000
vn -1.0000 -0.0000 -0.0000
vn -0.0000 -0.0000 -1.0000
vn 1.0000 -0.0000 -0.0000
vn -0.0000 -0.0000 1.0000
vn -0.0000 -1.0000 -0.0000
vn -0.0000 1.0000 -0.0000
vt 0.375000 0.000000
vt 0.625000 0.000000
vt 0.625000 0.250000
vt 0.375000 0.250000
vt 0.625000 0.500000
vt 0.375000 0.500000
vt 0.625000 0.750000
vt 0.375000 0.750000
vt 0.625000 1.000000
vt 0.375000 1.000000
vt 0.125000 0.500000
vt 0.125000 0.750000
vt 0.875000 0.500000
vt 0.875000 0.750000
s 0
usemtl WarmWood
f 1309/2575/756 1310/2576/756 1312/2577/756 1311/2578/756
f 1311/2578/757 1312/2577/757 1316/2579/757 1315/2580/757
f 1315/2580/758 1316/2579/758 1314/2581/758 1313/2582/758
f 1313/2582/759 1314/2581/759 1310/2583/759 1309/2584/759
f 1311/2585/760 1315/2580/760 1313/2582/760 1309/2586/760
f 1316/2579/761 1312/2587/761 1310/2588/761 1314/2581/761
o BookShelf3
v -4.850000 2.030000 3.500000
v -4.850000 2.070000 3.500000
v -4.850000 2.030000 -1.500000
v -4.850000 2.070000 -1.500000
v -4.550000 2.030000 3.500000
v -4.550000 2.070000 3.500000
v -4.550000 2.030000 -1.500000
v -4.550000 2.070000 -1.500000
vn -1.0000 -0.0000 -0.0000
vn -0.0000 -0.0000 -1.0000
vn 1.0000 -0.0000 -0.0000
vn -0.0000 -0.0000 1.0000
vn -0.0000 -1.0000 -0.0000
vn -0.0000 1.0000 -0.0000
vt 0.375000 0.000000
vt 0.625000 0.000000
vt 0.625000 0.250000
vt 0.375000 0.250000
vt 0.625000 0.500000
vt 0.375000 0.500000
vt 0.625000 0.750000
vt 0.375000 0.750000
vt 0.625000 1.000000
vt 0.375000 1.000000
vt 0.125000 0.500000
vt 0.125000 0.750000
vt 0.875000 0.500000
vt 0.875000 0.750000
s 0
usemtl WarmWood
f 1317/2589/762 1318/2590/762 1320/2591/762 1319/2592/762
f 1319/2592/763 1320/2591/763 1324/2593/763 1323/2594/763
f 1323/2594/764 1324/2593/764 1322/2595/764 1321/2596/764
f 1321/2596/765 1322/2595/765 1318/2597/765 1317/2598/765
f 1319/2599/766 1323/2594/766 1321/2596/766 1317/2600/766
f 1324/2593/767 1320/2601/767 1318/2602/767 1322/2595/767
o BookShelf4
v -4.850000 2.580000 3.500000
v -4.850000 2.620000 3.500000
v -4.850000 2.580000 -1.500000
v -4.850000 2.620000 -1.500000
v -4.550000 2.580000 3.500000
v -4.550000 2.620000 3.500000
v -4.550000 2.580000 -1.500000
v -4.550000 2.620000 -1.500000
vn -1.0000 -0.0000 -0.0000
vn -0.0000 -0.0000 -1.0000
vn 1.0000 -0.0000 -0.0000
vn -0.0000 -0.0000 1.0000
vn -0.0000 -1.0000 -0.0000
vn -0.0000 1.0000 -0.0000
vt 0.375000 0.000000
vt 0.625000 0.000000
vt 0.625000 0.250000
vt 0.375000 0.250000
vt 0.625000 0.500000
vt 0.375000 0.500000
vt 0.625000 0.750000
vt 0.375000 0.750000
vt 0.625000 1.000000
vt 0.375000 1.000000
vt 0.125000 0.500000
vt 0.125000 0.750000
vt 0.875000 0.500000
vt 0.875000 0.750000
s 0
usemtl WarmWood
f 1325/2603/768 1326/2604/768 1328/2605/768 1327/2606/768
f 1327/2606/769 1328/2605/769 1332/2607/769 1331/2608/769
f 1331/2608/770 1332/2607/770 1330/2609/770 1329/2610/770
f 1329/2610/771 1330/2609/771 1326/2611/771 1325/2612/771
f 1327/2613/772 1331/2608/772 1329/2610/772 1325/2614/772
f 1332/2607/773 1328/2615/773 1326/2616/773 1330/2609/773
o Bench
v -4.800000 0.310000 3.850000
v -4.800000 0.390000 3.850000
v -4.800000 0.310000 3.150000
v -4.800000 0.390000 3.150000
v -3.600000 0.310000 3.850000
v -3.600000 0.390000 3.850000
v -3.600000 0.310000 3.150000
v -3.600000 0.390000 3.150000
vn -1.0000 -0.0000 -0.0000
vn -0.0000 -0.0000 -1.0000
vn 1.0000 -0.0000 -0.0000
vn -0.0000 -0.0000 1.0000
vn -0.0000 -1.0000 -0.0000
vn -0.0000 1.0000 -0.0000
vt 0.375000 0.000000
vt 0.625000 0.000000
vt 0.625000 0.250000
vt 0.375000 0.250000
vt 0.625000 0.500000
vt 0.375000 0.500000
vt 0.625000 0.750000
vt 0.375000 0.750000
vt 0.625000 1.000000
vt 0.375000 1.000000
vt 0.125000 0.500000
vt 0.125000 0.750000
vt 0.875000 0.500000
vt 0.875000 0.750000
s 0
usemtl WarmWood
f 1333/2617/774 1334/2618/774 1336/2619/774 1335/2620/774
f 1335/2620/775 1336/2619/775 1340/2621/775 1339/2622/775
f 1339/2622/776 1340/2621/776 1338/2623/776 1337/2624/776
f 1337/2624/777 1338/2623/777 1334/2625/777 1333/2626/777
f 1335/2627/778 1339/2622/778 1337/2624/778 1333/2628/778
f 1340/2621/779 1336/2629/779 1334/2630/779 1338/2623/779
o BenchBack
v -4.500000 0.350000 3.850000
v -4.500000 1.150000 3.850000
v -4.500000 0.350000 3.150000
v -4.500000 1.150000 3.150000
v -4.400000 0.350000 3.850000
v -4.400000 1.150000 3.850000
v -4.400000 0.350000 3.150000
v -4.400000 1.150000 3.150000
vn -1.0000 -0.0000 -0.0000
vn -0.0000 -0.0000 -1.0000
vn 1.0000 -0.0000 -0.0000
vn -0.0000 -0.0000 1.0000
vn -0.0000 -1.0000 -0.0000
vn -0.0000 1.0000 -0.0000
vt 0.375000 0.000000
vt 0.625000 0.000000
vt 0.625000 0.250000
vt 0.375000 0.250000
vt 0.625000 0.500000
vt 0.375000 0.500000
vt 0.625000 0.750000
vt 0.375000 0.750000
vt 0.625000 1.000000
vt 0.375000 1.000000
vt 0.125000 0.500000
vt 0.125000 0.750000
vt 0.875000 0.500000
vt 0.875000 0.750000
s 0
usemtl WarmWood
f 1341/2631/780 1342/2632/780 1344/2633/780 1343/2634/780
f 1343/2634/781 1344/2633/781 1348/2635/781 1347/2636/781
f 1347/2636/782 1348/2635/782 1346/2637/782 1345/2638/782
f 1345/2638/783 1346/2637/783 1342/2639/783 1341/2640/783
f 1343/2641/784 1347/2636/784 1345/2638/784 1341/2642/784
f 1348/2635/785 1344/2643/785 1342/2644/785 1346/2637/785
o KitchenCounter
v 2.100000 0.000000 -2.600000
v 2.100000 0.900000 -2.600000
v 2.100000 0.000000 -3.400000
v 2.100000 0.900000 -3.400000
v 4.900000 0.000000 -2.600000
v 4.900000 0.900000 -2.600000
v 4.900000 0.000000 -3.400000
v 4.900000 0.900000 -3.400000
vn -1.0000 -0.0000 -0.0000
vn -0.0000 -0.0000 -1.0000
vn 1.0000 -0.0000 -0.0000
vn -0.0000 -0.0000 1.0000
vn -0.0000 -1.0000 -0.0000
vn -0.0000 1.0000 -0.0000
vt 0.375000 0.000000
vt 0.625000 0.000000
vt 0.625000 0.250000
vt 0.375000 0.250000
vt 0.625000 0.500000
vt 0.375000 0.500000
vt 0.625000 0.750000
vt 0.375000 0.750000
vt 0.625000 1.000000
vt 0.375000 1.000000
vt 0.125000 0.500000
vt 0.125000 0.750000
vt 0.875000 0.500000
vt 0.875000 0.750000
s 0
usemtl StainlessSteel
f 1349/2645/786 1350/2646/786 1352/2647/786 1351/2648/786
f 1351/2648/787 1352/2647/787 1356/2649/787 1355/2650/787
f 1355/2650/788 1356/2649/788 1354/2651/788 1353/2652/788
f 1353/2652/789 1354/2651/789 1350/2653/789 1349/2654/789
f 1351/2655/790 1355/2650/790 1353/2652/790 1349/2656/790
f 1356/2649/791 1352/2657/791 1350/2658/791 1354/2651/791
o Stove
v 3.800000 0.860000 -3.000000
v 3.800000 0.940000 -3.000000
v 3.800000 0.860000 -3.600000
v 3.800000 0.940000 -3.600000
v 4.600000 0.860000 -3.000000
v 4.600000 0.940000 -3.000000
v 4.600000 0.860000 -3.600000
v 4.600000 0.940000 -3.600000
vn -1.0000 -0.0000 -0.0000
vn -0.0000 -0.0000 -1.0000
vn 1.0000 -0.0000 -0.0000
vn -0.0000 -0.0000 1.0000
vn -0.0000 -1.0000 -0.0000
vn -0.0000 1.0000 -0.0000
vt 0.375000 0.000000
vt 0.625000 0.000000
vt 0.625000 0.250000
vt 0.375000 0.250000
vt 0.625000 0.500000
vt 0.375000 0.500000
vt 0.625000 0.750000
vt 0.375000 0.750000
vt 0.625000 1.000000
vt 0.375000 1.000000
vt 0.125000 0.500000
vt 0.125000 0.750000
vt 0.875000 0.500000
vt 0.875000 0.750000
s 0
usemtl BlackMetal
f 1357/2659/792 1358/2660/792 1360/2661/792 1359/2662/792
f 1359/2662/793 1360/2661/793 1364/2663/793 1363/2664/793
f 1363/2664/794 1364/2663/794 1362/2665/794 1361/2666/794
f 1361/2666/795 1362/2665/795 1358/2667/795 1357/2668/795
f 1359/2669/796 1363/2664/796 1361/2666/796 1357/2670/796
f 1364/2663/797 1360/2671/797 1358/2672/797 1362/2665/797
o Fridge
v 2.400000 0.000000 -3.250000
v 2.400000 2.000000 -3.250000
v 2.400000 0.000000 -3.950000
v 2.400000 2.000000 -3.950000
v 3.200000 0.000000 -3.250000
v 3.200000 2.000000 -3.250000
v 3.200000 0.000000 -3.950000
v 3.200000 2.000000 -3.950000
vn -1.0000 -0.0000 -0.0000
vn -0.0000 -0.0000 -1.0000
vn 1.0000 -0.0000 -0.0000
vn -0.0000 -0.0000 1.0000
vn -0.0000 -1.0000 -0.0000
vn -0.0000 1.0000 -0.0000
vt 0.375000 0.000000
vt 0.625000 0.000000
vt 0.625000 0.250000
vt 0.375000 0.250000
vt 0.625000 0.500000
vt 0.375000 0.500000
vt 0.625000 0.750000
vt 0.375000 0.750000
vt 0.625000 1.000000
vt 0.375000 1.000000
vt 0.125000 0.500000
vt 0.125000 0.750000
vt 0.875000 0.500000
vt 0.875000 0.750000
s 0
usemtl StainlessSteel
f 1365/2673/798 1366/2674/798 1368/2675/798 1367/2676/798
f 1367/2676/799 1368/2675/799 1372/2677/799 1371/2678/799
f 1371/2678/800 1372/2677/800 1370/2679/800 1369/2680/800
f 1369/2680/801 1370/2679/801 1366/2681/801 1365/2682/801
f 1367/2683/802 1371/2678/802 1369/2680/802 1365/2684/802
f 1372/2677/803 1368/2685/803 1366/2686/803 1370/2679/803
o Cord0
v -3.200000 2.200000 2.492000
v -3.200000 3.500000 2.492000
v -3.198439 2.200000 2.492154
v -3.198439 3.500000 2.492154
v -3.196939 2.200000 2.492609
v -3.196939 3.500000 2.492609
v -3.195555 2.200000 2.493348
v -3.195555 3.500000 2.493348
v -3.194343 2.200000 2.494343
v -3.194343 3.500000 2.494343
v -3.193348 2.200000 2.495555
v -3.193348 3.500000 2.495555
v -3.192609 2.200000 2.496938
v -3.192609 3.500000 2.496938
v -3.192154 2.200000 2.498439
v -3.192154 3.500000 2.498439
v -3.192000 2.200000 2.500000
v -3.192000 3.500000 2.500000
v -3.192154 2.200000 2.501561
v -3.192154 3.500000 2.501561
v -3.192609 2.200000 2.503062
v -3.192609 3.500000 2.503062
v -3.193348 2.200000 2.504445
v -3.193348 3.500000 2.504445
v -3.194343 2.200000 2.505657
v -3.194343 3.500000 2.505657
v -3.195555 2.200000 2.506652
v -3.195555 3.500000 2.506652
v -3.196939 2.200000 2.507391
v -3.196939 3.500000 2.507391
v -3.198439 2.200000 2.507846
v -3.198439 3.500000 2.507846
v -3.200000 2.200000 2.508000
v -3.200000 3.500000 2.508000
v -3.201561 2.200000 2.507846
v -3.201561 3.500000 2.507846
v -3.203062 2.200000 2.507391
v -3.203062 3.500000 2.507391
v -3.204445 2.200000 2.506652
v -3.204445 3.500000 2.506652
v -3.205657 2.200000 2.505657
v -3.205657 3.500000 2.505657
v -3.206652 2.200000 2.504445
v -3.206652 3.500000 2.504445
v -3.207391 2.200000 2.503062
v -3.207391 3.500000 2.503062
v -3.207846 2.200000 2.501561
v -3.207846 3.500000 2.501561
v -3.208000 2.200000 2.500000
v -3.208000 3.500000 2.500000
v -3.207846 2.200000 2.498439
v -3.207846 3.500000 2.498439
v -3.207391 2.200000 2.496938
v -3.207391 3.500000 2.496938
v -3.206652 2.200000 2.495555
v -3.206652 3.500000 2.495555
v -3.205657 2.200000 2.494343
v -3.205657 3.500000 2.494343
v -3.204445 2.200000 2.493348
v -3.204445 3.500000 2.493348
v -3.203062 2.200000 2.492609
v -3.203062 3.500000 2.492609
v -3.201561 2.200000 2.492154
v -3.201561 3.500000 2.492154
vn 0.0980 -0.0000 -0.9952
vn 0.2903 -0.0000 -0.9569
vn 0.4714 -0.0000 -0.8819
vn 0.6344 -0.0000 -0.7730
vn 0.7730 -0.0000 -0.6344
vn 0.8819 -0.0000 -0.4714
vn 0.9569 -0.0000 -0.2903
vn 0.9952 -0.0000 -0.0980
vn 0.9952 -0.0000 0.0980
vn 0.9569 -0.0000 0.2903
vn 0.8819 -0.0000 0.4714
vn 0.7730 -0.0000 0.6344
vn 0.6344 -0.0000 0.7730
vn 0.4714 -0.0000 0.8819
vn 0.2903 -0.0000 0.9569
vn 0.0980 -0.0000 0.9952
vn -0.0980 -0.0000 0.9952
vn -0.2903 -0.0000 0.9569
vn -0.4714 -0.0000 0.8819
vn -0.6344 -0.0000 0.7730
vn -0.7730 -0.0000 0.6344
vn -0.8819 -0.0000 0.4714
vn -0.9569 -0.0000 0.2903
vn -0.9952 -0.0000 0.0980
vn -0.9952 -0.0000 -0.0980
vn -0.9569 -0.0000 -0.2903
vn -0.8819 -0.0000 -0.4714
vn -0.7730 -0.0000 -0.6344
vn -0.6344 -0.0000 -0.7730
vn -0.4714 -0.0000 -0.8819
vn -0.0000 1.0000 -0.0000
vn -0.2903 -0.0000 -0.9569
vn -0.0980 -0.0000 -0.9952
vn -0.0000 -1.0000 -0.0000
vt 1.000000 0.500000
vt 1.000000 1.000000
vt 0.968750 1.000000
vt 0.968750 0.500000
vt 0.937500 1.000000
vt 0.937500 0.500000
vt 0.906250 1.000000
vt 0.906250 0.500000
vt 0.875000 1.000000
vt 0.875000 0.500000
vt 0.843750 1.000000
vt 0.843750 0.500000
vt 0.812500 1.000000
vt 0.812500 0.500000
vt 0.781250 1.000000
vt 0.781250 0.500000
vt 0.750000 1.000000
vt 0.750000 0.500000
vt 0.718750 1.000000
vt 0.718750 0.500000
vt 0.687500 1.000000
vt 0.687500 0.500000
vt 0.656250 1.000000
vt 0.656250 0.500000
vt 0.625000 1.000000
vt 0.625000 0.500000
vt 0.593750 1.000000
vt 0.593750 0.500000
vt 0.562500 1.000000
vt 0.562500 0.500000
vt 0.531250 1.000000
vt 0.531250 0.500000
vt 0.500000 1.000000
vt 0.500000 0.500000
vt 0.468750 1.000000
vt 0.468750 0.500000
vt 0.437500 1.000000
vt 0.437500 0.500000
vt 0.406250 1.000000
vt 0.406250 0.500000
vt 0.375000 1.000000
vt 0.375000 0.500000
vt 0.343750 1.000000
vt 0.343750 0.500000
vt 0.312500 1.000000
vt 0.312500 0.500000
vt 0.281250 1.000000
vt 0.281250 0.500000
vt 0.250000 1.000000
vt 0.250000 0.500000
vt 0.218750 1.000000
vt 0.218750 0.500000
vt 0.187500 1.000000
vt 0.187500 0.500000
vt 0.156250 1.000000
vt 0.156250 0.500000
vt 0.125000 1.000000
vt 0.125000 0.500000
vt 0.093750 1.000000
vt 0.093750 0.500000
vt 0.062500 1.000000
vt 0.062500 0.500000
vt 0.296822 0.485388
vt 0.250000 0.490000
vt 0.203178 0.485388
vt 0.158156 0.471731
vt 0.116663 0.449553
vt 0.080294 0.419706
vt 0.050447 0.383337
vt 0.028269 0.341844
vt 0.014612 0.296822
vt 0.010000 0.250000
vt 0.014612 0.203178
vt 0.028269 0.158156
vt 0.050447 0.116663
vt 0.080294 0.080294
vt 0.116663 0.050447
vt 0.158156 0.028269
vt 0.203178 0.014612
vt 0.250000 0.010000
vt 0.296822 0.014612
vt 0.341844 0.028269
vt 0.383337 0.050447
vt 0.419706 0.080294
vt 0.449553 0.116663
vt 0.471731 0.158156
vt 0.485388 0.203178
vt 0.490000 0.250000
vt 0.485388 0.296822
vt 0.471731 0.341844
vt 0.449553 0.383337
vt 0.419706 0.419706
vt 0.383337 0.449553
vt 0.341844 0.471731
vt 0.031250 1.000000
vt 0.031250 0.500000
vt 0.000000 1.000000
vt 0.000000 0.500000
vt 0.750000 0.490000
vt 0.796822 0.485388
vt 0.841844 0.471731
vt 0.883337 0.449553
vt 0.919706 0.419706
vt 0.949553 0.383337
vt 0.971731 0.341844
vt 0.985388 0.296822
vt 0.990000 0.250000
vt 0.985388 0.203178
vt 0.971731 0.158156
vt 0.949553 0.116663
vt 0.919706 0.080294
vt 0.883337 0.050447
vt 0.841844 0.028269
vt 0.796822 0.014612
vt 0.750000 0.010000
vt 0.703178 0.014612
vt 0.658156 0.028269
vt 0.616663 0.050447
vt 0.580294 0.080294
vt 0.550447 0.116663
vt 0.528269 0.158156
vt 0.514612 0.203178
vt 0.510000 0.250000
vt 0.514612 0.296822
vt 0.528269 0.341844
vt 0.550447 0.383337
vt 0.580294 0.419706
vt 0.616663 0.449553
vt 0.658156 0.471731
vt 0.703178 0.485388
s 0
usemtl Cord
f 1373/2687/804 1374/2688/804 1376/2689/804 1375/2690/804
f 1375/2690/805 1376/2689/805 1378/2691/805 1377/2692/805
f 1377/2692/806 1378/2691/806 1380/2693/806 1379/2694/806
f 1379/2694/807 1380/2693/807 1382/2695/807 1381/2696/807
f 1381/2696/808 1382/2695/808 1384/2697/808 1383/2698/808
f 1383/2698/809 1384/2697/809 1386/2699/809 1385/2700/809
f 1385/2700/810 1386/2699/810 1388/2701/810 1387/2702/810
f 1387/2702/811 1388/2701/811 1390/2703/811 1389/2704/811
f 1389/2704/812 1390/2703/812 1392/2705/812 1391/2706/812
f 1391/2706/813 1392/2705/813 1394/2707/813 1393/2708/813
f 1393/2708/814 1394/2707/814 1396/2709/814 1395/2710/814
f 1395/2710/815 1396/2709/815 1398/2711/815 1397/2712/815
f 1397/2712/816 1398/2711/816 1400/2713/816 1399/2714/816
f 1399/2714/817 1400/2713/817 1402/2715/817 1401/2716/817
f 1401/2716/818 1402/2715/818 1404/2717/818 1403/2718/818
f 1403/2718/819 1404/2717/819 1406/2719/819 1405/2720/819
f 1405/2720/820 1406/2719/820 1408/2721/820 1407/2722/820
f 1407/2722/821 1408/2721/821 1410/2723/821 1409/2724/821
f 1409/2724/822 1410/2723/822 1412/2725/822 1411/2726/822
f 1411/2726/823 1412/2725/823 1414/2727/823 1413/2728/823
f 1413/2728/824 1414/2727/824 1416/2729/824 1415/2730/824
f 1415/2730/825 1416/2729/825 1418/2731/825 1417/2732/825
f 1417/2732/826 1418/2731/826 1420/2733/826 1419/2734/826
f 1419/2734/827 1420/2733/827 1422/2735/827 1421/2736/827
f 1421/2736/828 1422/2735/828 1424/2737/828 1423/2738/828
f 1423/2738/829 1424/2737/829 1426/2739/829 1425/2740/829
f 1425/2740/830 1426/2739/830 1428/2741/830 1427/2742/830
f 1427/2742/831 1428/2741/831 1430/2743/831 1429/2744/831
f 1429/2744/832 1430/2743/832 1432/2745/832 1431/2746/832
f 1431/2746/833 1432/2745/833 1434/2747/833 1433/2748/833
f 1376/2749/834 1374/2750/834 1436/2751/834 1434/2752/834 1432/2753/834 1430/2754/834 1428/2755/834 1426/2756/834 1424/2757/834 1422/2758/834 1420/2759/834 1418/2760/834 1416/2761/834 1414/2762/834 1412/2763/834 1410/2764/834 1408/2765/834 1406/2766/834 1404/2767/834 1402/2768/834 1400/2769/834 1398/2770/834 1396/2771/834 1394/2772/834 1392/2773/834 1390/2774/834 1388/2775/834 1386/2776/834 1384/2777/834 1382/2778/834 1380/2779/834 1378/2780/834
f 1433/2748/835 1434/2747/835 1436/2781/835 1435/2782/835
f 1435/2782/836 1436/2781/836 1374/2783/836 1373/2784/836
f 1373/2785/837 1375/2786/837 1377/2787/837 1379/2788/837 1381/2789/837 1383/2790/837 1385/2791/837 1387/2792/837 1389/2793/837 1391/2794/837 1393/2795/837 1395/2796/837 1397/2797/837 1399/2798/837 1401/2799/837 1403/2800/837 1405/2801/837 1407/2802/837 1409/2803/837 1411/2804/837 1413/2805/837 1415/2806/837 1417/2807/837 1419/2808/837 1421/2809/837 1423/2810/837 1425/2811/837 1427/2812/837 1429/2813/837 1431/2814/837 1433/2815/837 1435/2816/837
o Pendant0
v -3.200000 1.950000 2.350000
v -3.170737 1.950000 2.352882
v -3.142597 1.950000 2.361418
v -3.116664 1.950000 2.375280
v -3.093934 1.950000 2.393934
v -3.075280 1.950000 2.416664
v -3.061418 1.950000 2.442597
v -3.052882 1.950000 2.470737
v -3.050000 1.950000 2.500000
v -3.052882 1.950000 2.529263
v -3.061418 1.950000 2.557403
v -3.075280 1.950000 2.583336
v -3.093934 1.950000 2.606066
v -3.116664 1.950000 2.624720
v -3.142597 1.950000 2.638582
v -3.170737 1.950000 2.647118
v -3.200000 1.950000 2.650000
v -3.229264 1.950000 2.647118
v -3.257403 1.950000 2.638582
v -3.283336 1.950000 2.624720
v -3.306066 1.950000 2.606066
v -3.324720 1.950000 2.583336
v -3.338582 1.950000 2.557403
v -3.347118 1.950000 2.529263
v -3.350000 1.950000 2.500000
v -3.347118 1.950000 2.470737
v -3.338582 1.950000 2.442597
v -3.324720 1.950000 2.416664
v -3.306066 1.950000 2.393934
v -3.283336 1.950000 2.375280
v -3.257403 1.950000 2.361418
v -3.229264 1.950000 2.352882
v -3.200000 2.250000 2.500000
vn 0.0878 0.4455 -0.8910
vn 0.2599 0.4455 -0.8567
vn 0.4220 0.4455 -0.7896
vn 0.5680 0.4455 -0.6921
vn 0.6921 0.4455 -0.5680
vn 0.7896 0.4455 -0.4220
vn 0.8567 0.4455 -0.2599
vn 0.8910 0.4455 -0.0878
vn 0.8910 0.4455 0.0878
vn 0.8567 0.4455 0.2599
vn 0.7896 0.4455 0.4220
vn 0.6921 0.4455 0.5680
vn 0.5680 0.4455 0.6921
vn 0.4220 0.4455 0.7896
vn 0.2599 0.4455 0.8567
vn 0.0878 0.4455 0.8910
vn -0.0878 0.4455 0.8910
vn -0.2599 0.4455 0.8567
vn -0.4220 0.4455 0.7896
vn -0.5680 0.4455 0.6921
vn -0.6921 0.4455 0.5680
vn -0.7896 0.4455 0.4220
vn -0.8567 0.4455 0.2599
vn -0.8910 0.4455 0.0878
vn -0.8910 0.4455 -0.0878
vn -0.8567 0.4455 -0.2599
vn -0.7896 0.4455 -0.4220
vn -0.6921 0.4455 -0.5680
vn -0.5680 0.4455 -0.6921
vn -0.4220 0.4455 -0.7896
vn -0.0000 -1.0000 -0.0000
vn -0.2599 0.4455 -0.8567
vn -0.0878 0.4455 -0.8910
vt 0.250000 0.490000
vt 0.250000 0.250000
vt 0.296822 0.485388
vt 0.341844 0.471731
vt 0.383337 0.449553
vt 0.419706 0.419706
vt 0.449553 0.383337
vt 0.471731 0.341844
vt 0.485388 0.296822
vt 0.490000 0.250000
vt 0.485388 0.203178
vt 0.471731 0.158156
vt 0.449553 0.116663
vt 0.419706 0.080294
vt 0.383337 0.050447
vt 0.341844 0.028269
vt 0.296822 0.014612
vt 0.250000 0.010000
vt 0.203178 0.014612
vt 0.158156 0.028269
vt 0.116663 0.050447
vt 0.080294 0.080294
vt 0.050447 0.116663
vt 0.028269 0.158156
vt 0.014612 0.203178
vt 0.010000 0.250000
vt 0.014612 0.296822
vt 0.028269 0.341844
vt 0.050447 0.383337
vt 0.080294 0.419706
vt 0.116663 0.449553
vt 0.158156 0.471731
vt 0.750000 0.490000
vt 0.796822 0.485388
vt 0.841844 0.471731
vt 0.883337 0.449553
vt 0.919706 0.419706
vt 0.949553 0.383337
vt 0.971731 0.341844
vt 0.985388 0.296822
vt 0.990000 0.250000
vt 0.985388 0.203178
vt 0.971731 0.158156
vt 0.949553 0.116663
vt 0.919706 0.080294
vt 0.883337 0.050447
vt 0.841844 0.028269
vt 0.796822 0.014612
vt 0.750000 0.010000
vt 0.703178 0.014612
vt 0.658156 0.028269
vt 0.616663 0.050447
vt 0.580294 0.080294
vt 0.550447 0.116663
vt 0.528269 0.158156
vt 0.514612 0.203178
vt 0.510000 0.250000
vt 0.514612 0.296822
vt 0.528269 0.341844
vt 0.550447 0.383337
vt 0.580294 0.419706
vt 0.616663 0.449553
vt 0.658156 0.471731
vt 0.703178 0.485388
vt 0.203178 0.485388
s 0
usemtl Brass
f 1437/2817/838 1469/2818/838 1438/2819/838
f 1438/2819/839 1469/2818/839 1439/2820/839
f 1439/2820/840 1469/2818/840 1440/2821/840
f 1440/2821/841 1469/2818/841 1441/2822/841
f 1441/2822/842 1469/2818/842 1442/2823/842
f 1442/2823/843 1469/2818/843 1443/2824/843
f 1443/2824/844 1469/2818/844 1444/2825/844
f 1444/2825/845 1469/2818/845 1445/2826/845
f 1445/2826/846 1469/2818/846 1446/2827/846
f 1446/2827/847 1469/2818/847 1447/2828/847
f 1447/2828/848 1469/2818/848 1448/2829/848
f 1448/2829/849 1469/2818/849 1449/2830/849
f 1449/2830/850 1469/2818/850 1450/2831/850
f 1450/2831/851 1469/2818/851 1451/2832/851
f 1451/2832/852 1469/2818/852 1452/2833/852
f 1452/2833/853 1469/2818/853 1453/2834/853
f 1453/2834/854 1469/2818/854 1454/2835/854
f 1454/2835/855 1469/2818/855 1455/2836/855
f 1455/2836/856 1469/2818/856 1456/2837/856
f 1456/2837/857 1469/2818/857 1457/2838/857
f 1457/2838/858 1469/2818/858 1458/2839/858
f 1458/2839/859 1469/2818/859 1459/2840/859
f 1459/2840/860 1469/2818/860 1460/2841/860
f 1460/2841/861 1469/2818/861 1461/2842/861
f 1461/2842/862 1469/2818/862 1462/2843/862
f 1462/2843/863 1469/2818/863 1463/2844/863
f 1463/2844/864 1469/2818/864 1464/2845/864
f 1464/2845/865 1469/2818/865 1465/2846/865
f 1465/2846/866 1469/2818/866 1466/2847/866
f 1466/2847/867 1469/2818/867 1467/2848/867
f 1437/2849/868 1438/2850/868 1439/2851/868 1440/2852/868 1441/2853/868 1442/2854/868 1443/2855/868 1444/2856/868 1445/2857/868 1446/2858/868 1447/2859/868 1448/2860/868 1449/2861/868 1450/2862/868 1451/2863/868 1452/2864/868 1453/2865/868 1454/2866/868 1455/2867/868 1456/2868/868 1457/2869/868 1458/2870/868 1459/2871/868 1460/2872/868 1461/2873/868 1462/2874/868 1463/2875/868 1464/2876/868 1465/2877/868 1466/2878/868 1467/2879/868 1468/2880/868
f 1467/2848/869 1469/2818/869 1468/2881/869
f 1468/2881/870 1469/2818/870 1437/2817/870
o Cord1
v -1.500000 2.200000 2.492000
v -1.500000 3.500000 2.492000
v -1.498439 2.200000 2.492154
v -1.498439 3.500000 2.492154
v -1.496939 2.200000 2.492609
v -1.496939 3.500000 2.492609
v -1.495555 2.200000 2.493348
v -1.495555 3.500000 2.493348
v -1.494343 2.200000 2.494343
v -1.494343 3.500000 2.494343
v -1.493348 2.200000 2.495555
v -1.493348 3.500000 2.495555
v -1.492609 2.200000 2.496938
v -1.492609 3.500000 2.496938
v -1.492154 2.200000 2.498439
v -1.492154 3.500000 2.498439
v -1.492000 2.200000 2.500000
v -1.492000 3.500000 2.500000
v -1.492154 2.200000 2.501561
v -1.492154 3.500000 2.501561
v -1.492609 2.200000 2.503062
v -1.492609 3.500000 2.503062
v -1.493348 2.200000 2.504445
v -1.493348 3.500000 2.504445
v -1.494343 2.200000 2.505657
v -1.494343 3.500000 2.505657
v -1.495555 2.200000 2.506652
v -1.495555 3.500000 2.506652
v -1.496939 2.200000 2.507391
v -1.496939 3.500000 2.507391
v -1.498439 2.200000 2.507846
v -1.498439 3.500000 2.507846
v -1.500000 2.200000 2.508000
v -1.500000 3.500000 2.508000
v -1.501561 2.200000 2.507846
v -1.501561 3.500000 2.507846
v -1.503061 2.200000 2.507391
v -1.503061 3.500000 2.507391
v -1.504445 2.200000 2.506652
v -1.504445 3.500000 2.506652
v -1.505657 2.200000 2.505657
v -1.505657 3.500000 2.505657
v -1.506652 2.200000 2.504445
v -1.506652 3.500000 2.504445
v -1.507391 2.200000 2.503062
v -1.507391 3.500000 2.503062
v -1.507846 2.200000 2.501561
v -1.507846 3.500000 2.501561
v -1.508000 2.200000 2.500000
v -1.508000 3.500000 2.500000
v -1.507846 2.200000 2.498439
v -1.507846 3.500000 2.498439
v -1.507391 2.200000 2.496938
v -1.507391 3.500000 2.496938
v -1.506652 2.200000 2.495555
v -1.506652 3.500000 2.495555
v -1.505657 2.200000 2.494343
v -1.505657 3.500000 2.494343
v -1.504445 2.200000 2.493348
v -1.504445 3.500000 2.493348
v -1.503061 2.200000 2.492609
v -1.503061 3.500000 2.492609
v -1.501561 2.200000 2.492154
v -1.501561 3.500000 2.492154
vn 0.0980 -0.0000 -0.9952
vn 0.2903 -0.0000 -0.9569
vn 0.4714 -0.0000 -0.8819
vn 0.6344 -0.0000 -0.7730
vn 0.7730 -0.0000 -0.6344
vn 0.8819 -0.0000 -0.4714
vn 0.9569 -0.0000 -0.2903
vn 0.9952 -0.0000 -0.0980
vn 0.9952 -0.0000 0.0980
vn 0.9569 -0.0000 0.2903
vn 0.8819 -0.0000 0.4714
vn 0.7730 -0.0000 0.6344
vn 0.6344 -0.0000 0.7730
vn 0.4714 -0.0000 0.8819
vn 0.2903 -0.0000 0.9569
vn 0.0980 -0.0000 0.9952
vn -0.0980 -0.0000 0.9952
vn -0.2903 -0.0000 0.9569
vn -0.4714 -0.0000 0.8819
vn -0.6344 -0.0000 0.7730
vn -0.7730 -0.0000 0.6344
vn -0.8819 -0.0000 0.4714
vn -0.9569 -0.0000 0.2903
vn -0.9952 -0.0000 0.0980
vn -0.9952 -0.0000 -0.0980
vn -0.9569 -0.0000 -0.2903
vn -0.8819 -0.0000 -0.4714
vn -0.7730 -0.0000 -0.6344
vn -0.6344 -0.0000 -0.7730
vn -0.4714 -0.0000 -0.8819
vn -0.0000 1.0000 -0.0000
vn -0.2903 -0.0000 -0.9569
vn -0.0980 -0.0000 -0.9952
vn -0.0000 -1.0000 -0.0000
vt 1.000000 0.500000
vt 1.000000 1.000000
vt 0.968750 1.000000
vt 0.968750 0.500000
vt 0.937500 1.000000
vt 0.937500 0.500000
vt 0.906250 1.000000
vt 0.906250 0.500000
vt 0.875000 1.000000
vt 0.875000 0.500000
vt 0.843750 1.000000
vt 0.843750 0.500000
vt 0.812500 1.000000
vt 0.812500 0.500000
vt 0.781250 1.000000
vt 0.781250 0.500000
vt 0.750000 1.000000
vt 0.750000 0.500000
vt 0.718750 1.000000
vt 0.718750 0.500000
vt 0.687500 1.000000
vt 0.687500 0.500000
vt 0.656250 1.000000
vt 0.656250 0.500000
vt 0.625000 1.000000
vt 0.625000 0.500000
vt 0.593750 1.000000
vt 0.593750 0.500000
vt 0.562500 1.000000
vt 0.562500 0.500000
vt 0.531250 1.000000
vt 0.531250 0.500000
vt 0.500000 1.000000
vt 0.500000 0.500000
vt 0.468750 1.000000
vt 0.468750 0.500000
vt 0.437500 1.000000
vt 0.437500 0.500000
vt 0.406250 1.000000
vt 0.406250 0.500000
vt 0.375000 1.000000
vt 0.375000 0.500000
vt 0.343750 1.000000
vt 0.343750 0.500000
vt 0.312500 1.000000
vt 0.312500 0.500000
vt 0.281250 1.000000
vt 0.281250 0.500000
vt 0.250000 1.000000
vt 0.250000 0.500000
vt 0.218750 1.000000
vt 0.218750 0.500000
vt 0.187500 1.000000
vt 0.187500 0.500000
vt 0.156250 1.000000
vt 0.156250 0.500000
vt 0.125000 1.000000
vt 0.125000 0.500000
vt 0.093750 1.000000
vt 0.093750 0.500000
vt 0.062500 1.000000
vt 0.062500 0.500000
vt 0.296822 0.485388
vt 0.250000 0.490000
vt 0.203178 0.485388
vt 0.158156 0.471731
vt 0.116663 0.449553
vt 0.080294 0.419706
vt 0.050447 0.383337
vt 0.028269 0.341844
vt 0.014612 0.296822
vt 0.010000 0.250000
vt 0.014612 0.203178
vt 0.028269 0.158156
vt 0.050447 0.116663
vt 0.080294 0.080294
vt 0.116663 0.050447
vt 0.158156 0.028269
vt 0.203178 0.014612
vt 0.250000 0.010000
vt 0.296822 0.014612
vt 0.341844 0.028269
vt 0.383337 0.050447
vt 0.419706 0.080294
vt 0.449553 0.116663
vt 0.471731 0.158156
vt 0.485388 0.203178
vt 0.490000 0.250000
vt 0.485388 0.296822
vt 0.471731 0.341844
vt 0.449553 0.383337
vt 0.419706 0.419706
vt 0.383337 0.449553
vt 0.341844 0.471731
vt 0.031250 1.000000
vt 0.031250 0.500000
vt 0.000000 1.000000
vt 0.000000 0.500000
vt 0.750000 0.490000
vt 0.796822 0.485388
vt 0.841844 0.471731
vt 0.883337 0.449553
vt 0.919706 0.419706
vt 0.949553 0.383337
vt 0.971731 0.341844
vt 0.985388 0.296822
vt 0.990000 0.250000
vt 0.985388 0.203178
vt 0.971731 0.158156
vt 0.949553 0.116663
vt 0.919706 0.080294
vt 0.883337 0.050447
vt 0.841844 0.028269
vt 0.796822 0.014612
vt 0.750000 0.010000
vt 0.703178 0.014612
vt 0.658156 0.028269
vt 0.616663 0.050447
vt 0.580294 0.080294
vt 0.550447 0.116663
vt 0.528269 0.158156
vt 0.514612 0.203178
vt 0.510000 0.250000
vt 0.514612 0.296822
vt 0.528269 0.341844
vt 0.550447 0.383337
vt 0.580294 0.419706
vt 0.616663 0.449553
vt 0.658156 0.471731
vt 0.703178 0.485388
s 0
usemtl Cord
f 1470/2882/871 1471/2883/871 1473/2884/871 1472/2885/871
f 1472/2885/872 1473/2884/872 1475/2886/872 1474/2887/872
f 1474/2887/873 1475/2886/873 1477/2888/873 1476/2889/873
f 1476/2889/874 1477/2888/874 1479/2890/874 1478/2891/874
f 1478/2891/875 1479/2890/875 1481/2892/875 1480/2893/875
f 1480/2893/876 1481/2892/876 1483/2894/876 1482/2895/876
f 1482/2895/877 1483/2894/877 1485/2896/877 1484/2897/877
f 1484/2897/878 1485/2896/878 1487/2898/878 1486/2899/878
f 1486/2899/879 1487/2898/879 1489/2900/879 1488/2901/879
f 1488/2901/880 1489/2900/880 1491/2902/880 1490/2903/880
f 1490/2903/881 1491/2902/881 1493/2904/881 1492/2905/881
f 1492/2905/882 1493/2904/882 1495/2906/882 1494/2907/882
f 1494/2907/883 1495/2906/883 1497/2908/883 1496/2909/883
f 1496/2909/884 1497/2908/884 1499/2910/884 1498/2911/884
f 1498/2911/885 1499/2910/885 1501/2912/885 1500/2913/885
f 1500/2913/886 1501/2912/886 1503/2914/886 1502/2915/886
f 1502/2915/887 1503/2914/887 1505/2916/887 1504/2917/887
f 1504/2917/888 1505/2916/888 1507/2918/888 1506/2919/888
f 1506/2919/889 1507/2918/889 1509/2920/889 1508/2921/889
f 1508/2921/890 1509/2920/890 1511/2922/890 1510/2923/890
f 1510/2923/891 1511/2922/891 1513/2924/891 1512/2925/891
f 1512/2925/892 1513/2924/892 1515/2926/892 1514/2927/892
f 1514/2927/893 1515/2926/893 1517/2928/893 1516/2929/893
f 1516/2929/894 1517/2928/894 1519/2930/894 1518/2931/894
f 1518/2931/895 1519/2930/895 1521/2932/895 1520/2933/895
f 1520/2933/896 1521/2932/896 1523/2934/896 1522/2935/896
f 1522/2935/897 1523/2934/897 1525/2936/897 1524/2937/897
f 1524/2937/898 1525/2936/898 1527/2938/898 1526/2939/898
f 1526/2939/899 1527/2938/899 1529/2940/899 1528/2941/899
f 1528/2941/900 1529/2940/900 1531/2942/900 1530/2943/900
f 1473/2944/901 1471/2945/901 1533/2946/901 1531/2947/901 1529/2948/901 1527/2949/901 1525/2950/901 1523/2951/901 1521/2952/901 1519/2953/901 1517/2954/901 1515/2955/901 1513/2956/901 1511/2957/901 1509/2958/901 1507/2959/901 1505/2960/901 1503/2961/901 1501/2962/901 1499/2963/901 1497/2964/901 1495/2965/901 1493/2966/901 1491/2967/901 1489/2968/901 1487/2969/901 1485/2970/901 1483/2971/901 1481/2972/901 1479/2973/901 1477/2974/901 1475/2975/901
f 1530/2943/902 1531/2942/902 1533/2976/902 1532/2977/902
f 1532/2977/903 1533/2976/903 1471/2978/903 1470/2979/903
f 1470/2980/904 1472/2981/904 1474/2982/904 1476/2983/904 1478/2984/904 1480/2985/904 1482/2986/904 1484/2987/904 1486/2988/904 1488/2989/904 1490/2990/904 1492/2991/904 1494/2992/904 1496/2993/904 1498/2994/904 1500/2995/904 1502/2996/904 1504/2997/904 1506/2998/904 1508/2999/904 1510/3000/904 1512/3001/904 1514/3002/904 1516/3003/904 1518/3004/904 1520/3005/904 1522/3006/904 1524/3007/904 1526/3008/904 1528/3009/904 1530/3010/904 1532/3011/904
o Pendant1
v -1.500000 1.950000 2.350000
v -1.470737 1.950000 2.352882
v -1.442598 1.950000 2.361418
v -1.416664 1.950000 2.375280
v -1.393934 1.950000 2.393934
v -1.375280 1.950000 2.416664
v -1.361418 1.950000 2.442597
v -1.352882 1.950000 2.470737
v -1.350000 1.950000 2.500000
v -1.352882 1.950000 2.529263
v -1.361418 1.950000 2.557403
v -1.375280 1.950000 2.583336
v -1.393934 1.950000 2.606066
v -1.416664 1.950000 2.624720
v -1.442598 1.950000 2.638582
v -1.470737 1.950000 2.647118
v -1.500000 1.950000 2.650000
v -1.529263 1.950000 2.647118
v -1.557402 1.950000 2.638582
v -1.583336 1.950000 2.624720
v -1.606066 1.950000 2.606066
v -1.624720 1.950000 2.583336
v -1.638582 1.950000 2.557403
v -1.647118 1.950000 2.529263
v -1.650000 1.950000 2.500000
v -1.647118 1.950000 2.470737
v -1.638582 1.950000 2.442597
v -1.624720 1.950000 2.416664
v -1.606066 1.950000 2.393934
v -1.583336 1.950000 2.375280
v -1.557402 1.950000 2.361418
v -1.529263 1.950000 2.352882
v -1.500000 2.250000 2.500000
vn 0.0878 0.4455 -0.8910
vn 0.2599 0.4455 -0.8567
vn 0.4220 0.4455 -0.7896
vn 0.5680 0.4455 -0.6921
vn 0.6921 0.4455 -0.5680
vn 0.7896 0.4455 -0.4220
vn 0.8567 0.4455 -0.2599
vn 0.8910 0.4455 -0.0878
vn 0.8910 0.4455 0.0878
vn 0.8567 0.4455 0.2599
vn 0.7896 0.4455 0.4220
vn 0.6921 0.4455 0.5680
vn 0.5680 0.4455 0.6921
vn 0.4220 0.4455 0.7896
vn 0.2599 0.4455 0.8567
vn 0.0878 0.4455 0.8910
vn -0.0878 0.4455 0.8910
vn -0.2599 0.4455 0.8567
vn -0.4220 0.4455 0.7896
vn -0.5680 0.4455 0.6921
vn -0.6921 0.4455 0.5680
vn -0.7896 0.4455 0.4220
vn -0.8567 0.4455 0.2599
vn -0.8910 0.4455 0.0878
vn -0.8910 0.4455 -0.0878
vn -0.8567 0.4455 -0.2599
vn -0.7896 0.4455 -0.4220
vn -0.6921 0.4455 -0.5680
vn -0.5680 0.4455 -0.6921
vn -0.4220 0.4455 -0.7896
vn -0.0000 -1.0000 -0.0000
vn -0.2599 0.4455 -0.8567
vn -0.0878 0.4455 -0.8910
vt 0.250000 0.490000
vt 0.250000 0.250000
vt 0.296822 0.485388
vt 0.341844 0.471731
vt 0.383337 0.449553
vt 0.419706 0.419706
vt 0.449553 0.383337
vt 0.471731 0.341844
vt 0.485388 0.296822
vt 0.490000 0.250000
vt 0.485388 0.203178
vt 0.471731 0.158156
vt 0.449553 0.116663
vt 0.419706 0.080294
vt 0.383337 0.050447
vt 0.341844 0.028269
vt 0.296822 0.014612
vt 0.250000 0.010000
vt 0.203178 0.014612
vt 0.158156 0.028269
vt 0.116663 0.050447
vt 0.080294 0.080294
vt 0.050447 0.116663
vt 0.028269 0.158156
vt 0.014612 0.203178
vt 0.010000 0.250000
vt 0.014612 0.296822
vt 0.028269 0.341844
vt 0.050447 0.383337
vt 0.080294 0.419706
vt 0.116663 0.449553
vt 0.158156 0.471731
vt 0.750000 0.490000
vt 0.796822 0.485388
vt 0.841844 0.471731
vt 0.883337 0.449553
vt 0.919706 0.419706
vt 0.949553 0.383337
vt 0.971731 0.341844
vt 0.985388 0.296822
vt 0.990000 0.250000
vt 0.985388 0.203178
vt 0.971731 0.158156
vt 0.949553 0.116663
vt 0.919706 0.080294
vt 0.883337 0.050447
vt 0.841844 0.028269
vt 0.796822 0.014612
vt 0.750000 0.010000
vt 0.703178 0.014612
vt 0.658156 0.028269
vt 0.616663 0.050447
vt 0.580294 0.080294
vt 0.550447 0.116663
vt 0.528269 0.158156
vt 0.514612 0.203178
vt 0.510000 0.250000
vt 0.514612 0.296822
vt 0.528269 0.341844
vt 0.550447 0.383337
vt 0.580294 0.419706
vt 0.616663 0.449553
vt 0.658156 0.471731
vt 0.703178 0.485388
vt 0.203178 0.485388
s 0
usemtl Brass
f 1534/3012/905 1566/3013/905 1535/3014/905
f 1535/3014/906 1566/3013/906 1536/3015/906
f 1536/3015/907 1566/3013/907 1537/3016/907
f 1537/3016/908 1566/3013/908 1538/3017/908
f 1538/3017/909 1566/3013/909 1539/3018/909
f 1539/3018/910 1566/3013/910 1540/3019/910
f 1540/3019/911 1566/3013/911 1541/3020/911
f 1541/3020/912 1566/3013/912 1542/3021/912
f 1542/3021/913 1566/3013/913 1543/3022/913
f 1543/3022/914 1566/3013/914 1544/3023/914
f 1544/3023/915 1566/3013/915 1545/3024/915
f 1545/3024/916 1566/3013/916 1546/3025/916
f 1546/3025/917 1566/3013/917 1547/3026/917
f 1547/3026/918 1566/3013/918 1548/3027/918
f 1548/3027/919 1566/3013/919 1549/3028/919
f 1549/3028/920 1566/3013/920 1550/3029/920
f 1550/3029/921 1566/3013/921 1551/3030/921
f 1551/3030/922 1566/3013/922 1552/3031/922
f 1552/3031/923 1566/3013/923 1553/3032/923
f 1553/3032/924 1566/3013/924 1554/3033/924
f 1554/3033/925 1566/3013/925 1555/3034/925
f 1555/3034/926 1566/3013/926 1556/3035/926
f 1556/3035/927 1566/3013/927 1557/3036/927
f 1557/3036/928 1566/3013/928 1558/3037/928
f 1558/3037/929 1566/3013/929 1559/3038/929
f 1559/3038/930 1566/3013/930 1560/3039/930
f 1560/3039/931 1566/3013/931 1561/3040/931
f 1561/3040/932 1566/3013/932 1562/3041/932
f 1562/3041/933 1566/3013/933 1563/3042/933
f 1563/3042/934 1566/3013/934 1564/3043/934
f 1534/3044/935 1535/3045/935 1536/3046/935 1537/3047/935 1538/3048/935 1539/3049/935 1540/3050/935 1541/3051/935 1542/3052/935 1543/3053/935 1544/3054/935 1545/3055/935 1546/3056/935 1547/3057/935 1548/3058/935 1549/3059/935 1550/3060/935 1551/3061/935 1552/3062/935 1553/3063/935 1554/3064/935 1555/3065/935 1556/3066/935 1557/3067/935 1558/3068/935 1559/3069/935 1560/3070/935 1561/3071/935 1562/3072/935 1563/3073/935 1564/3074/935 1565/3075/935
f 1564/3043/936 1566/3013/936 1565/3076/936
f 1565/3076/937 1566/3013/937 1534/3012/937
o Cord2
v -3.200000 2.200000 0.992000
v -3.200000 3.500000 0.992000
v -3.198439 2.200000 0.992154
v -3.198439 3.500000 0.992154
v -3.196939 2.200000 0.992609
v -3.196939 3.500000 0.992609
v -3.195555 2.200000 0.993348
v -3.195555 3.500000 0.993348
v -3.194343 2.200000 0.994343
v -3.194343 3.500000 0.994343
v -3.193348 2.200000 0.995555
v -3.193348 3.500000 0.995555
v -3.192609 2.200000 0.996939
v -3.192609 3.500000 0.996939
v -3.192154 2.200000 0.998439
v -3.192154 3.500000 0.998439
v -3.192000 2.200000 1.000000
v -3.192000 3.500000 1.000000
v -3.192154 2.200000 1.001561
v -3.192154 3.500000 1.001561
v -3.192609 2.200000 1.003061
v -3.192609 3.500000 1.003061
v -3.193348 2.200000 1.004445
v -3.193348 3.500000 1.004445
v -3.194343 2.200000 1.005657
v -3.194343 3.500000 1.005657
v -3.195555 2.200000 1.006652
v -3.195555 3.500000 1.006652
v -3.196939 2.200000 1.007391
v -3.196939 3.500000 1.007391
v -3.198439 2.200000 1.007846
v -3.198439 3.500000 1.007846
v -3.200000 2.200000 1.008000
v -3.200000 3.500000 1.008000
v -3.201561 2.200000 1.007846
v -3.201561 3.500000 1.007846
v -3.203062 2.200000 1.007391
v -3.203062 3.500000 1.007391
v -3.204445 2.200000 1.006652
v -3.204445 3.500000 1.006652
v -3.205657 2.200000 1.005657
v -3.205657 3.500000 1.005657
v -3.206652 2.200000 1.004445
v -3.206652 3.500000 1.004445
v -3.207391 2.200000 1.003061
v -3.207391 3.500000 1.003061
v -3.207846 2.200000 1.001561
v -3.207846 3.500000 1.001561
v -3.208000 2.200000 1.000000
v -3.208000 3.500000 1.000000
v -3.207846 2.200000 0.998439
v -3.207846 3.500000 0.998439
v -3.207391 2.200000 0.996939
v -3.207391 3.500000 0.996939
v -3.206652 2.200000 0.995555
v -3.206652 3.500000 0.995555
v -3.205657 2.200000 0.994343
v -3.205657 3.500000 0.994343
v -3.204445 2.200000 0.993348
v -3.204445 3.500000 0.993348
v -3.203062 2.200000 0.992609
v -3.203062 3.500000 0.992609
v -3.201561 2.200000 0.992154
v -3.201561 3.500000 0.992154
vn 0.0980 -0.0000 -0.9952
vn 0.2903 -0.0000 -0.9569
vn 0.4714 -0.0000 -0.8819
vn 0.6344 -0.0000 -0.7730
vn 0.7730 -0.0000 -0.6344
vn 0.8819 -0.0000 -0.4714
vn 0.9569 -0.0000 -0.2903
vn 0.9952 -0.0000 -0.0980
vn 0.9952 -0.0000 0.0980
vn 0.9569 -0.0000 0.2903
vn 0.8819 -0.0000 0.4714
vn 0.7730 -0.0000 0.6344
vn 0.6344 -0.0000 0.7730
vn 0.4714 -0.0000 0.8819
vn 0.2903 -0.0000 0.9569
vn 0.0980 -0.0000 0.9952
vn -0.0980 -0.0000 0.9952
vn -0.2903 -0.0000 0.9569
vn -0.4714 -0.0000 0.8819
vn -0.6344 -0.0000 0.7730
vn -0.7730 -0.0000 0.6344
vn -0.8819 -0.0000 0.4714
vn -0.9569 -0.0000 0.2903
vn -0.9952 -0.0000 0.0980
vn -0.9952 -0.0000 -0.0980
vn -0.9569 -0.0000 -0.2903
vn -0.8819 -0.0000 -0.4714
vn -0.7730 -0.0000 -0.6344
vn -0.6344 -0.0000 -0.7730
vn -0.4714 -0.0000 -0.8819
vn -0.0000 1.0000 -0.0000
vn -0.2903 -0.0000 -0.9569
vn -0.0980 -0.0000 -0.9952
vn -0.0000 -1.0000 -0.0000
vt 1.000000 0.500000
vt 1.000000 1.000000
vt 0.968750 1.000000
vt 0.968750 0.500000
vt 0.937500 1.000000
vt 0.937500 0.500000
vt 0.906250 1.000000
vt 0.906250 0.500000
vt 0.875000 1.000000
vt 0.875000 0.500000
vt 0.843750 1.000000
vt 0.843750 0.500000
vt 0.812500 1.000000
vt 0.812500 0.500000
vt 0.781250 1.000000
vt 0.781250 0.500000
vt 0.750000 1.000000
vt 0.750000 0.500000
vt 0.718750 1.000000
vt 0.718750 0.500000
vt 0.687500 1.000000
vt 0.687500 0.500000
vt 0.656250 1.000000
vt 0.656250 0.500000
vt 0.625000 1.000000
vt 0.625000 0.500000
vt 0.593750 1.000000
vt 0.593750 0.500000
vt 0.562500 1.000000
vt 0.562500 0.500000
vt 0.531250 1.000000
vt 0.531250 0.500000
vt 0.500000 1.000000
vt 0.500000 0.500000
vt 0.468750 1.000000
vt 0.468750 0.500000
vt 0.437500 1.000000
vt 0.437500 0.500000
vt 0.406250 1.000000
vt 0.406250 0.500000
vt 0.375000 1.000000
vt 0.375000 0.500000
vt 0.343750 1.000000
vt 0.343750 0.500000
vt 0.312500 1.000000
vt 0.312500 0.500000
vt 0.281250 1.000000
vt 0.281250 0.500000
vt 0.250000 1.000000
vt 0.250000 0.500000
vt 0.218750 1.000000
vt 0.218750 0.500000
vt 0.187500 1.000000
vt 0.187500 0.500000
vt 0.156250 1.000000
vt 0.156250 0.500000
vt 0.125000 1.000000
vt 0.125000 0.500000
vt 0.093750 1.000000
vt 0.093750 0.500000
vt 0.062500 1.000000
vt 0.062500 0.500000
vt 0.296822 0.485388
vt 0.250000 0.490000
vt 0.203178 0.485388
vt 0.158156 0.471731
vt 0.116663 0.449553
vt 0.080294 0.419706
vt 0.050447 0.383337
vt 0.028269 0.341844
vt 0.014612 0.296822
vt 0.010000 0.250000
vt 0.014612 0.203178
vt 0.028269 0.158156
vt 0.050447 0.116663
vt 0.080294 0.080294
vt 0.116663 0.050447
vt 0.158156 0.028269
vt 0.203178 0.014612
vt 0.250000 0.010000
vt 0.296822 0.014612
vt 0.341844 0.028269
vt 0.383337 0.050447
vt 0.419706 0.080294
vt 0.449553 0.116663
vt 0.471731 0.158156
vt 0.485388 0.203178
vt 0.490000 0.250000
vt 0.485388 0.296822
vt 0.471731 0.341844
vt 0.449553 0.383337
vt 0.419706 0.419706
vt 0.383337 0.449553
vt 0.341844 0.471731
vt 0.031250 1.000000
vt 0.031250 0.500000
vt 0.000000 1.000000
vt 0.000000 0.500000
vt 0.750000 0.490000
vt 0.796822 0.485388
vt 0.841844 0.471731
vt 0.883337 0.449553
vt 0.919706 0.419706
vt 0.949553 0.383337
vt 0.971731 0.341844
vt 0.985388 0.296822
vt 0.990000 0.250000
vt 0.985388 0.203178
vt 0.971731 0.158156
vt 0.949553 0.116663
vt 0.919706 0.080294
vt 0.883337 0.050447
vt 0.841844 0.028269
vt 0.796822 0.014612
vt 0.750000 0.010000
vt 0.703178 0.014612
vt 0.658156 0.028269
vt 0.616663 0.050447
vt 0.580294 0.080294
vt 0.550447 0.116663
vt 0.528269 0.158156
vt 0.514612 0.203178
vt 0.510000 0.250000
vt 0.514612 0.296822
vt 0.528269 0.341844
vt 0.550447 0.383337
vt 0.580294 0.419706
vt 0.616663 0.449553
vt 0.658156 0.471731
vt 0.703178 0.485388
s 0
usemtl Cord
f 1567/3077/938 1568/3078/938 1570/3079/938 1569/3080/938
f 1569/3080/939 1570/3079/939 1572/3081/939 1571/3082/939
f 1571/3082/940 1572/3081/940 1574/3083/940 1573/3084/940
f 1573/3084/941 1574/3083/941 1576/3085/941 1575/3086/941
f 1575/3086/942 1576/3085/942 1578/3087/942 1577/3088/942
f 1577/3088/943 1578/3087/943 1580/3089/943 1579/3090/943
f 1579/3090/944 1580/3089/944 1582/3091/944 1581/3092/944
f 1581/3092/945 1582/3091/945 1584/3093/945 1583/3094/945
f 1583/3094/946 1584/3093/946 1586/3095/946 1585/3096/946
f 1585/3096/947 1586/3095/947 1588/3097/947 1587/3098/947
f 1587/3098/948 1588/3097/948 1590/3099/948 1589/3100/948
f 1589/3100/949 1590/3099/949 1592/3101/949 1591/3102/949
f 1591/3102/950 1592/3101/950 1594/3103/950 1593/3104/950
f 1593/3104/951 1594/3103/951 1596/3105/951 1595/3106/951
f 1595/3106/952 1596/3105/952 1598/3107/952 1597/3108/952
f 1597/3108/953 1598/3107/953 1600/3109/953 1599/3110/953
f 1599/3110/954 1600/3109/954 1602/3111/954 1601/3112/954
f 1601/3112/955 1602/3111/955 1604/3113/955 1603/3114/955
f 1603/3114/956 1604/3113/956 1606/3115/956 1605/3116/956
f 1605/3116/957 1606/3115/957 1608/3117/957 1607/3118/957
f 1607/3118/958 1608/3117/958 1610/3119/958 1609/3120/958
f 1609/3120/959 1610/3119/959 1612/3121/959 1611/3122/959
f 1611/3122/960 1612/3121/960 1614/3123/960 1613/3124/960
f 1613/3124/961 1614/3123/961 1616/3125/961 1615/3126/961
f 1615/3126/962 1616/3125/962 1618/3127/962 1617/3128/962
f 1617/3128/963 1618/3127/963 1620/3129/963 1619/3130/963
f 1619/3130/964 1620/3129/964 1622/3131/964 1621/3132/964
f 1621/3132/965 1622/3131/965 1624/3133/965 1623/3134/965
f 1623/3134/966 1624/3133/966 1626/3135/966 1625/3136/966
f 1625/3136/967 1626/3135/967 1628/3137/967 1627/3138/967
f 1570/3139/968 1568/3140/968 1630/3141/968 1628/3142/968 1626/3143/968 1624/3144/968 1622/3145/968 1620/3146/968 1618/3147/968 1616/3148/968 1614/3149/968 1612/3150/968 1610/3151/968 1608/3152/968 1606/3153/968 1604/3154/968 1602/3155/968 1600/3156/968 1598/3157/968 1596/3158/968 1594/3159/968 1592/3160/968 1590/3161/968 1588/3162/968 1586/3163/968 1584/3164/968 1582/3165/968 1580/3166/968 1578/3167/968 1576/3168/968 1574/3169/968 1572/3170/968
f 1627/3138/969 1628/3137/969 1630/3171/969 1629/3172/969
f 1629/3172/970 1630/3171/970 1568/3173/970 1567/3174/970
f 1567/3175/971 1569/3176/971 1571/3177/971 1573/3178/971 1575/3179/971 1577/3180/971 1579/3181/971 1581/3182/971 1583/3183/971 1585/3184/971 1587/3185/971 1589/3186/971 1591/3187/971 1593/3188/971 1595/3189/971 1597/3190/971 1599/3191/971 1601/3192/971 1603/3193/971 1605/3194/971 1607/3195/971 1609/3196/971 1611/3197/971 1613/3198/971 1615/3199/971 1617/3200/971 1619/3201/971 1621/3202/971 1623/3203/971 1625/3204/971 1627/3205/971 1629/3206/971
o Pendant2
v -3.200000 1.950000 0.850000
v -3.170737 1.950000 0.852882
v -3.142597 1.950000 0.861418
v -3.116664 1.950000 0.875280
v -3.093934 1.950000 0.893934
v -3.075280 1.950000 0.916664
v -3.061418 1.950000 0.942598
v -3.052882 1.950000 0.970736
v -3.050000 1.950000 1.000000
v -3.052882 1.950000 1.029263
v -3.061418 1.950000 1.057402
v -3.075280 1.950000 1.083336
v -3.093934 1.950000 1.106066
v -3.116664 1.950000 1.124720
v -3.142597 1.950000 1.138582
v -3.170737 1.950000 1.147118
v -3.200000 1.950000 1.150000
v -3.229264 1.950000 1.147118
v -3.257403 1.950000 1.138582
v -3.283336 1.950000 1.124720
v -3.306066 1.950000 1.106066
v -3.324720 1.950000 1.083336
v -3.338582 1.950000 1.057402
v -3.347118 1.950000 1.029263
v -3.350000 1.950000 1.000000
v -3.347118 1.950000 0.970736
v -3.338582 1.950000 0.942598
v -3.324720 1.950000 0.916664
v -3.306066 1.950000 0.893934
v -3.283336 1.950000 0.875280
v -3.257403 1.950000 0.861418
v -3.229264 1.950000 0.852882
v -3.200000 2.250000 1.000000
vn 0.0878 0.4455 -0.8910
vn 0.2599 0.4455 -0.8567
vn 0.4220 0.4455 -0.7896
vn 0.5680 0.4455 -0.6921
vn 0.6921 0.4455 -0.5680
vn 0.7896 0.4455 -0.4220
vn 0.8567 0.4455 -0.2599
vn 0.8910 0.4455 -0.0878
vn 0.8910 0.4455 0.0878
vn 0.8567 0.4455 0.2599
vn 0.7896 0.4455 0.4220
vn 0.6921 0.4455 0.5680
vn 0.5680 0.4455 0.6921
vn 0.4220 0.4455 0.7896
vn 0.2599 0.4455 0.8567
vn 0.0878 0.4455 0.8910
vn -0.0878 0.4455 0.8910
vn -0.2599 0.4455 0.8567
vn -0.4220 0.4455 0.7896
vn -0.5680 0.4455 0.6921
vn -0.6921 0.4455 0.5680
vn -0.7896 0.4455 0.4220
vn -0.8567 0.4455 0.2599
vn -0.8910 0.4455 0.0878
vn -0.8910 0.4455 -0.0878
vn -0.8567 0.4455 -0.2599
vn -0.7896 0.4455 -0.4220
vn -0.6921 0.4455 -0.5680
vn -0.5680 0.4455 -0.6921
vn -0.4220 0.4455 -0.7896
vn -0.0000 -1.0000 -0.0000
vn -0.2599 0.4455 -0.8567
vn -0.0878 0.4455 -0.8910
vt 0.250000 0.490000
vt 0.250000 0.250000
vt 0.296822 0.485388
vt 0.341844 0.471731
vt 0.383337 0.449553
vt 0.419706 0.419706
vt 0.449553 0.383337
vt 0.471731 0.341844
vt 0.485388 0.296822
vt 0.490000 0.250000
vt 0.485388 0.203178
vt 0.471731 0.158156
vt 0.449553 0.116663
vt 0.419706 0.080294
vt 0.383337 0.050447
vt 0.341844 0.028269
vt 0.296822 0.014612
vt 0.250000 0.010000
vt 0.203178 0.014612
vt 0.158156 0.028269
vt 0.116663 0.050447
vt 0.080294 0.080294
vt 0.050447 0.116663
vt 0.028269 0.158156
vt 0.014612 0.203178
vt 0.010000 0.250000
vt 0.014612 0.296822
vt 0.028269 0.341844
vt 0.050447 0.383337
vt 0.080294 0.419706
vt 0.116663 0.449553
vt 0.158156 0.471731
vt 0.750000 0.490000
vt 0.796822 0.485388
vt 0.841844 0.471731
vt 0.883337 0.449553
vt 0.919706 0.419706
vt 0.949553 0.383337
vt 0.971731 0.341844
vt 0.985388 0.296822
vt 0.990000 0.250000
vt 0.985388 0.203178
vt 0.971731 0.158156
vt 0.949553 0.116663
vt 0.919706 0.080294
vt 0.883337 0.050447
vt 0.841844 0.028269
vt 0.796822 0.014612
vt 0.750000 0.010000
vt 0.703178 0.014612
vt 0.658156 0.028269
vt 0.616663 0.050447
vt 0.580294 0.080294
vt 0.550447 0.116663
vt 0.528269 0.158156
vt 0.514612 0.203178
vt 0.510000 0.250000
vt 0.514612 0.296822
vt 0.528269 0.341844
vt 0.550447 0.383337
vt 0.580294 0.419706
vt 0.616663 0.449553
vt 0.658156 0.471731
vt 0.703178 0.485388
vt 0.203178 0.485388
s 0
usemtl Brass
f 1631/3207/972 1663/3208/972 1632/3209/972
f 1632/3209/973 1663/3208/973 1633/3210/973
f 1633/3210/974 1663/3208/974 1634/3211/974
f 1634/3211/975 1663/3208/975 1635/3212/975
f 1635/3212/976 1663/3208/976 1636/3213/976
f 1636/3213/977 1663/3208/977 1637/3214/977
f 1637/3214/978 1663/3208/978 1638/3215/978
f 1638/3215/979 1663/3208/979 1639/3216/979
f 1639/3216/980 1663/3208/980 1640/3217/980
f 1640/3217/981 1663/3208/981 1641/3218/981
f 1641/3218/982 1663/3208/982 1642/3219/982
f 1642/3219/983 1663/3208/983 1643/3220/983
f 1643/3220/984 1663/3208/984 1644/3221/984
f 1644/3221/985 1663/3208/985 1645/3222/985
f 1645/3222/986 1663/3208/986 1646/3223/986
f 1646/3223/987 1663/3208/987 1647/3224/987
f 1647/3224/988 1663/3208/988 1648/3225/988
f 1648/3225/989 1663/3208/989 1649/3226/989
f 1649/3226/990 1663/3208/990 1650/3227/990
f 1650/3227/991 1663/3208/991 1651/3228/991
f 1651/3228/992 1663/3208/992 1652/3229/992
f 1652/3229/993 1663/3208/993 1653/3230/993
f 1653/3230/994 1663/3208/994 1654/3231/994
f 1654/3231/995 1663/3208/995 1655/3232/995
f 1655/3232/996 1663/3208/996 1656/3233/996
f 1656/3233/997 1663/3208/997 1657/3234/997
f 1657/3234/998 1663/3208/998 1658/3235/998
f 1658/3235/999 1663/3208/999 1659/3236/999
f 1659/3236/1000 1663/3208/1000 1660/3237/1000
f 1660/3237/1001 1663/3208/1001 1661/3238/1001
f 1631/3239/1002 1632/3240/1002 1633/3241/1002 1634/3242/1002 1635/3243/1002 1636/3244/1002 1637/3245/1002 1638/3246/1002 1639/3247/1002 1640/3248/1002 1641/3249/1002 1642/3250/1002 1643/3251/1002 1644/3252/1002 1645/3253/1002 1646/3254/1002 1647/3255/1002 1648/3256/1002 1649/3257/1002 1650/3258/1002 1651/3259/1002 1652/3260/1002 1653/3261/1002 1654/3262/1002 1655/3263/1002 1656/3264/1002 1657/3265/1002 1658/3266/1002 1659/3267/1002 1660/3268/1002 1661/3269/1002 1662/3270/1002
f 1661/3238/1003 1663/3208/1003 1662/3271/1003
f 1662/3271/1004 1663/3208/1004 1631/3207/1004
o Cord3
v -1.500000 2.200000 0.992000
v -1.500000 3.500000 0.992000
v -1.498439 2.200000 0.992154
v -1.498439 3.500000 0.992154
v -1.496939 2.200000 0.992609
v -1.496939 3.500000 0.992609
v -1.495555 2.200000 0.993348
v -1.495555 3.500000 0.993348
v -1.494343 2.200000 0.994343
v -1.494343 3.500000 0.994343
v -1.493348 2.200000 0.995555
v -1.493348 3.500000 0.995555
v -1.492609 2.200000 0.996939
v -1.492609 3.500000 0.996939
v -1.492154 2.200000 0.998439
v -1.492154 3.500000 0.998439
v -1.492000 2.200000 1.000000
v -1.492000 3.500000 1.000000
v -1.492154 2.200000 1.001561
v -1.492154 3.500000 1.001561
v -1.492609 2.200000 1.003061
v -1.492609 3.500000 1.003061
v -1.493348 2.200000 1.004445
v -1.493348 3.500000 1.004445
v -1.494343 2.200000 1.005657
v -1.494343 3.500000 1.005657
v -1.495555 2.200000 1.006652
v -1.495555 3.500000 1.006652
v -1.496939 2.200000 1.007391
v -1.496939 3.500000 1.007391
v -1.498439 2.200000 1.007846
v -1.498439 3.500000 1.007846
v -1.500000 2.200000 1.008000
v -1.500000 3.500000 1.008000
v -1.501561 2.200000 1.007846
v -1.501561 3.500000 1.007846
v -1.503061 2.200000 1.007391
v -1.503061 3.500000 1.007391
v -1.504445 2.200000 1.006652
v -1.504445 3.500000 1.006652
v -1.505657 2.200000 1.005657
v -1.505657 3.500000 1.005657
v -1.506652 2.200000 1.004445
v -1.506652 3.500000 1.004445
v -1.507391 2.200000 1.003061
v -1.507391 3.500000 1.003061
v -1.507846 2.200000 1.001561
v -1.507846 3.500000 1.001561
v -1.508000 2.200000 1.000000
v -1.508000 3.500000 1.000000
v -1.507846 2.200000 0.998439
v -1.507846 3.500000 0.998439
v -1.507391 2.200000 0.996939
v -1.507391 3.500000 0.996939
v -1.506652 2.200000 0.995555
v -1.506652 3.500000 0.995555
v -1.505657 2.200000 0.994343
v -1.505657 3.500000 0.994343
v -1.504445 2.200000 0.993348
v -1.504445 3.500000 0.993348
v -1.503061 2.200000 0.992609
v -1.503061 3.500000 0.992609
v -1.501561 2.200000 0.992154
v -1.501561 3.500000 0.992154
vn 0.0980 -0.0000 -0.9952
vn 0.2903 -0.0000 -0.9569
vn 0.4714 -0.0000 -0.8819
vn 0.6344 -0.0000 -0.7730
vn 0.7730 -0.0000 -0.6344
vn 0.8819 -0.0000 -0.4714
vn 0.9569 -0.0000 -0.2903
vn 0.9952 -0.0000 -0.0980
vn 0.9952 -0.0000 0.0980
vn 0.9569 -0.0000 0.2903
vn 0.8819 -0.0000 0.4714
vn 0.7730 -0.0000 0.6344
vn 0.6344 -0.0000 0.7730
vn 0.4714 -0.0000 0.8819
vn 0.2903 -0.0000 0.9569
vn 0.0980 -0.0000 0.9952
vn -0.0980 -0.0000 0.9952
vn -0.2903 -0.0000 0.9569
vn -0.4714 -0.0000 0.8819
vn -0.6344 -0.0000 0.7730
vn -0.7730 -0.0000 0.6344
vn -0.8819 -0.0000 0.4714
vn -0.9569 -0.0000 0.2903
vn -0.9952 -0.0000 0.0980
vn -0.9952 -0.0000 -0.0980
vn -0.9569 -0.0000 -0.2903
vn -0.8819 -0.0000 -0.4714
vn -0.7730 -0.0000 -0.6344
vn -0.6344 -0.0000 -0.7730
vn -0.4714 -0.0000 -0.8819
vn -0.0000 1.0000 -0.0000
vn -0.2903 -0.0000 -0.9569
vn -0.0980 -0.0000 -0.9952
vn -0.0000 -1.0000 -0.0000
vt 1.000000 0.500000
vt 1.000000 1.000000
vt 0.968750 1.000000
vt 0.968750 0.500000
vt 0.937500 1.000000
vt 0.937500 0.500000
vt 0.906250 1.000000
vt 0.906250 0.500000
vt 0.875000 1.000000
vt 0.875000 0.500000
vt 0.843750 1.000000
vt 0.843750 0.500000
vt 0.812500 1.000000
vt 0.812500 0.500000
vt 0.781250 1.000000
vt 0.781250 0.500000
vt 0.750000 1.000000
vt 0.750000 0.500000
vt 0.718750 1.000000
vt 0.718750 0.500000
vt 0.687500 1.000000
vt 0.687500 0.500000
vt 0.656250 1.000000
vt 0.656250 0.500000
vt 0.625000 1.000000
vt 0.625000 0.500000
vt 0.593750 1.000000
vt 0.593750 0.500000
vt 0.562500 1.000000
vt 0.562500 0.500000
vt 0.531250 1.000000
vt 0.531250 0.500000
vt 0.500000 1.000000
vt 0.500000 0.500000
vt 0.468750 1.000000
vt 0.468750 0.500000
vt 0.437500 1.000000
vt 0.437500 0.500000
vt 0.406250 1.000000
vt 0.406250 0.500000
vt 0.375000 1.000000
vt 0.375000 0.500000
vt 0.343750 1.000000
vt 0.343750 0.500000
vt 0.312500 1.000000
vt 0.312500 0.500000
vt 0.281250 1.000000
vt 0.281250 0.500000
vt 0.250000 1.000000
vt 0.250000 0.500000
vt 0.218750 1.000000
vt 0.218750 0.500000
vt 0.187500 1.000000
vt 0.187500 0.500000
vt 0.156250 1.000000
vt 0.156250 0.500000
vt 0.125000 1.000000
vt 0.125000 0.500000
vt 0.093750 1.000000
vt 0.093750 0.500000
vt 0.062500 1.000000
vt 0.062500 0.500000
vt 0.296822 0.485388
vt 0.250000 0.490000
vt 0.203178 0.485388
vt 0.158156 0.471731
vt 0.116663 0.449553
vt 0.080294 0.419706
vt 0.050447 0.383337
vt 0.028269 0.341844
vt 0.014612 0.296822
vt 0.010000 0.250000
vt 0.014612 0.203178
vt 0.028269 0.158156
vt 0.050447 0.116663
vt 0.080294 0.080294
vt 0.116663 0.050447
vt 0.158156 0.028269
vt 0.203178 0.014612
vt 0.250000 0.010000
vt 0.296822 0.014612
vt 0.341844 0.028269
vt 0.383337 0.050447
vt 0.419706 0.080294
vt 0.449553 0.116663
vt 0.471731 0.158156
vt 0.485388 0.203178
vt 0.490000 0.250000
vt 0.485388 0.296822
vt 0.471731 0.341844
vt 0.449553 0.383337
vt 0.419706 0.419706
vt 0.383337 0.449553
vt 0.341844 0.471731
vt 0.031250 1.000000
vt 0.031250 0.500000
vt 0.000000 1.000000
vt 0.000000 0.500000
vt 0.750000 0.490000
vt 0.796822 0.485388
vt 0.841844 0.471731
vt 0.883337 0.449553
vt 0.919706 0.419706
vt 0.949553 0.383337
vt 0.971731 0.341844
vt 0.985388 0.296822
vt 0.990000 0.250000
vt 0.985388 0.203178
vt 0.971731 0.158156
vt 0.949553 0.116663
vt 0.919706 0.080294
vt 0.883337 0.050447
vt 0.841844 0.028269
vt 0.796822 0.014612
vt 0.750000 0.010000
vt 0.703178 0.014612
vt 0.658156 0.028269
vt 0.616663 0.050447
vt 0.580294 0.080294
vt 0.550447 0.116663
vt 0.528269 0.158156
vt 0.514612 0.203178
vt 0.510000 0.250000
vt 0.514612 0.296822
vt 0.528269 0.341844
vt 0.550447 0.383337
vt 0.580294 0.419706
vt 0.616663 0.449553
vt 0.658156 0.471731
vt 0.703178 0.485388
s 0
usemtl Cord
f 1664/3272/1005 1665/3273/1005 1667/3274/1005 1666/3275/1005
f 1666/3275/1006 1667/3274/1006 1669/3276/1006 1668/3277/1006
f 1668/3277/1007 1669/3276/1007 1671/3278/1007 1670/3279/1007
f 1670/3279/1008 1671/3278/1008 1673/3280/1008 1672/3281/1008
f 1672/3281/1009 1673/3280/1009 1675/3282/1009 1674/3283/1009
f 1674/3283/1010 1675/3282/1010 1677/3284/1010 1676/3285/1010
f 1676/3285/1011 1677/3284/1011 1679/3286/1011 1678/3287/1011
f 1678/3287/1012 1679/3286/1012 1681/3288/1012 1680/3289/1012
f 1680/3289/1013 1681/3288/1013 1683/3290/1013 1682/3291/1013
f 1682/3291/1014 1683/3290/1014 1685/3292/1014 1684/3293/1014
f 1684/3293/1015 1685/3292/1015 1687/3294/1015 1686/3295/1015
f 1686/3295/1016 1687/3294/1016 1689/3296/1016 1688/3297/1016
f 1688/3297/1017 1689/3296/1017 1691/3298/1017 1690/3299/1017
f 1690/3299/1018 1691/3298/1018 1693/3300/1018 1692/3301/1018
f 1692/3301/1019 1693/3300/1019 1695/3302/1019 1694/3303/1019
f 1694/3303/1020 1695/3302/1020 1697/3304/1020 1696/3305/1020
f 1696/3305/1021 1697/3304/1021 1699/3306/1021 1698/3307/1021
f 1698/3307/1022 1699/3306/1022 1701/3308/1022 1700/3309/1022
f 1700/3309/1023 1701/3308/1023 1703/3310/1023 1702/3311/1023
f 1702/3311/1024 1703/3310/1024 1705/3312/1024 1704/3313/1024
f 1704/3313/1025 1705/3312/1025 1707/3314/1025 1706/3315/1025
f 1706/3315/1026 1707/3314/1026 1709/3316/1026 1708/3317/1026
f 1708/3317/1027 1709/3316/1027 1711/3318/1027 1710/3319/1027
f 1710/3319/1028 1711/3318/1028 1713/3320/1028 1712/3321/1028
f 1712/3321/1029 1713/3320/1029 1715/3322/1029 1714/3323/1029
f 1714/3323/1030 1715/3322/1030 1717/3324/1030 1716/3325/1030
f 1716/3325/1031 1717/3324/1031 1719/3326/1031 1718/3327/1031
f 1718/3327/1032 1719/3326/1032 1721/3328/1032 1720/3329/1032
f 1720/3329/1033 1721/3328/1033 1723/3330/1033 1722/3331/1033
f 1722/3331/1034 1723/3330/1034 1725/3332/1034 1724/3333/1034
f 1667/3334/1035 1665/3335/1035 1727/3336/1035 1725/3337/1035 1723/3338/1035 1721/3339/1035 1719/3340/1035 1717/3341/1035 1715/3342/1035 1713/3343/1035 1711/3344/1035 1709/3345/1035 1707/3346/1035 1705/3347/1035 1703/3348/1035 1701/3349/1035 1699/3350/1035 1697/3351/1035 1695/3352/1035 1693/3353/1035 1691/3354/1035 1689/3355/1035 1687/3356/1035 1685/3357/1035 1683/3358/1035 1681/3359/1035 1679/3360/1035 1677/3361/1035 1675/3362/1035 1673/3363/1035 1671/3364/1035 1669/3365/1035
f 1724/3333/1036 1725/3332/1036 1727/3366/1036 1726/3367/1036
f 1726/3367/1037 1727/3366/1037 1665/3368/1037 1664/3369/1037
f 1664/3370/1038 1666/3371/1038 1668/3372/1038 1670/3373/1038 1672/3374/1038 1674/3375/1038 1676/3376/1038 1678/3377/1038 1680/3378/1038 1682/3379/1038 1684/3380/1038 1686/3381/1038 1688/3382/1038 1690/3383/1038 1692/3384/1038 1694/3385/1038 1696/3386/1038 1698/3387/1038 1700/3388/1038 1702/3389/1038 1704/3390/1038 1706/3391/1038 1708/3392/1038 1710/3393/1038 1712/3394/1038 1714/3395/1038 1716/3396/1038 1718/3397/1038 1720/3398/1038 1722/3399/1038 1724/3400/1038 1726/3401/1038
o Pendant3
v -1.500000 1.950000 0.850000
v -1.470737 1.950000 0.852882
v -1.442598 1.950000 0.861418
v -1.416664 1.950000 0.875280
v -1.393934 1.950000 0.893934
v -1.375280 1.950000 0.916664
v -1.361418 1.950000 0.942598
v -1.352882 1.950000 0.970736
v -1.350000 1.950000 1.000000
v -1.352882 1.950000 1.029263
v -1.361418 1.950000 1.057402
v -1.375280 1.950000 1.083336
v -1.393934 1.950000 1.106066
v -1.416664 1.950000 1.124720
v -1.442598 1.950000 1.138582
v -1.470737 1.950000 1.147118
v -1.500000 1.950000 1.150000
v -1.529263 1.950000 1.147118
v -1.557402 1.950000 1.138582
v -1.583336 1.950000 1.124720
v -1.606066 1.950000 1.106066
v -1.624720 1.950000 1.083336
v -1.638582 1.950000 1.057402
v -1.647118 1.950000 1.029263
v -1.650000 1.950000 1.000000
v -1.647118 1.950000 0.970736
v -1.638582 1.950000 0.942598
v -1.624720 1.950000 0.916664
v -1.606066 1.950000 0.893934
v -1.583336 1.950000 0.875280
v -1.557402 1.950000 0.861418
v -1.529263 1.950000 0.852882
v -1.500000 2.250000 1.000000
vn 0.0878 0.4455 -0.8910
vn 0.2599 0.4455 -0.8567
vn 0.4220 0.4455 -0.7896
vn 0.5680 0.4455 -0.6921
vn 0.6921 0.4455 -0.5680
vn 0.7896 0.4455 -0.4220
vn 0.8567 0.4455 -0.2599
vn 0.8910 0.4455 -0.0878
vn 0.8910 0.4455 0.0878
vn 0.8567 0.4455 0.2599
vn 0.7896 0.4455 0.4220
vn 0.6921 0.4455 0.5680
vn 0.5680 0.4455 0.6921
vn 0.4220 0.4455 0.7896
vn 0.2599 0.4455 0.8567
vn 0.0878 0.4455 0.8910
vn -0.0878 0.4455 0.8910
vn -0.2599 0.4455 0.8567
vn -0.4220 0.4455 0.7896
vn -0.5680 0.4455 0.6921
vn -0.6921 0.4455 0.5680
vn -0.7896 0.4455 0.4220
vn -0.8567 0.4455 0.2599
vn -0.8910 0.4455 0.0878
vn -0.8910 0.4455 -0.0878
vn -0.8567 0.4455 -0.2599
vn -0.7896 0.4455 -0.4220
vn -0.6921 0.4455 -0.5680
vn -0.5680 0.4455 -0.6921
vn -0.4220 0.4455 -0.7896
vn -0.0000 -1.0000 -0.0000
vn -0.2599 0.4455 -0.8567
vn -0.0878 0.4455 -0.8910
vt 0.250000 0.490000
vt 0.250000 0.250000
vt 0.296822 0.485388
vt 0.341844 0.471731
vt 0.383337 0.449553
vt 0.419706 0.419706
vt 0.449553 0.383337
vt 0.471731 0.341844
vt 0.485388 0.296822
vt 0.490000 0.250000
vt 0.485388 0.203178
vt 0.471731 0.158156
vt 0.449553 0.116663
vt 0.419706 0.080294
vt 0.383337 0.050447
vt 0.341844 0.028269
vt 0.296822 0.014612
vt 0.250000 0.010000
vt 0.203178 0.014612
vt 0.158156 0.028269
vt 0.116663 0.050447
vt 0.080294 0.080294
vt 0.050447 0.116663
vt 0.028269 0.158156
vt 0.014612 0.203178
vt 0.010000 0.250000
vt 0.014612 0.296822
vt 0.028269 0.341844
vt 0.050447 0.383337
vt 0.080294 0.419706
vt 0.116663 0.449553
vt 0.158156 0.471731
vt 0.750000 0.490000
vt 0.796822 0.485388
vt 0.841844 0.471731
vt 0.883337 0.449553
vt 0.919706 0.419706
vt 0.949553 0.383337
vt 0.971731 0.341844
vt 0.985388 0.296822
vt 0.990000 0.250000
vt 0.985388 0.203178
vt 0.971731 0.158156
vt 0.949553 0.116663
vt 0.919706 0.080294
vt 0.883337 0.050447
vt 0.841844 0.028269
vt 0.796822 0.014612
vt 0.750000 0.010000
vt 0.703178 0.014612
vt 0.658156 0.028269
vt 0.616663 0.050447
vt 0.580294 0.080294
vt 0.550447 0.116663
vt 0.528269 0.158156
vt 0.514612 0.203178
vt 0.510000 0.250000
vt 0.514612 0.296822
vt 0.528269 0.341844
vt 0.550447 0.383337
vt 0.580294 0.419706
vt 0.616663 0.449553
vt 0.658156 0.471731
vt 0.703178 0.485388
vt 0.203178 0.485388
s 0
usemtl Brass
f 1728/3402/1039 1760/3403/1039 1729/3404/1039
f 1729/3404/1040 1760/3403/1040 1730/3405/1040
f 1730/3405/1041 1760/3403/1041 1731/3406/1041
f 1731/3406/1042 1760/3403/1042 1732/3407/1042
f 1732/3407/1043 1760/3403/1043 1733/3408/1043
f 1733/3408/1044 1760/3403/1044 1734/3409/1044
f 1734/3409/1045 1760/3403/1045 1735/3410/1045
f 1735/3410/1046 1760/3403/1046 1736/3411/1046
f 1736/3411/1047 1760/3403/1047 1737/3412/1047
f 1737/3412/1048 1760/3403/1048 1738/3413/1048
f 1738/3413/1049 1760/3403/1049 1739/3414/1049
f 1739/3414/1050 1760/3403/1050 1740/3415/1050
f 1740/3415/1051 1760/3403/1051 1741/3416/1051
f 1741/3416/1052 1760/3403/1052 1742/3417/1052
f 1742/3417/1053 1760/3403/1053 1743/3418/1053
f 1743/3418/1054 1760/3403/1054 1744/3419/1054
f 1744/3419/1055 1760/3403/1055 1745/3420/1055
f 1745/3420/1056 1760/3403/1056 1746/3421/1056
f 1746/3421/1057 1760/3403/1057 1747/3422/1057
f 1747/3422/1058 1760/3403/1058 1748/3423/1058
f 1748/3423/1059 1760/3403/1059 1749/3424/1059
f 1749/3424/1060 1760/3403/1060 1750/3425/1060
f 1750/3425/1061 1760/3403/1061 1751/3426/1061
f 1751/3426/1062 1760/3403/1062 1752/3427/1062
f 1752/3427/1063 1760/3403/1063 1753/3428/1063
f 1753/3428/1064 1760/3403/1064 1754/3429/1064
f 1754/3429/1065 1760/3403/1065 1755/3430/1065
f 1755/3430/1066 1760/3403/1066 1756/3431/1066
f 1756/3431/1067 1760/3403/1067 1757/3432/1067
f 1757/3432/1068 1760/3403/1068 1758/3433/1068
f 1728/3434/1069 1729/3435/1069 1730/3436/1069 1731/3437/1069 1732/3438/1069 1733/3439/1069 1734/3440/1069 1735/3441/1069 1736/3442/1069 1737/3443/1069 1738/3444/1069 1739/3445/1069 1740/3446/1069 1741/3447/1069 1742/3448/1069 1743/3449/1069 1744/3450/1069 1745/3451/1069 1746/3452/1069 1747/3453/1069 1748/3454/1069 1749/3455/1069 1750/3456/1069 1751/3457/1069 1752/3458/1069 1753/3459/1069 1754/3460/1069 1755/3461/1069 1756/3462/1069 1757/3463/1069 1758/3464/1069 1759/3465/1069
f 1758/3433/1070 1760/3403/1070 1759/3466/1070
f 1759/3466/1071 1760/3403/1071 1728/3402/1071
o Cord4
v 1.250000 2.200000 1.492000
v 1.250000 3.500000 1.492000
v 1.251561 2.200000 1.492154
v 1.251561 3.500000 1.492154
v 1.253061 2.200000 1.492609
v 1.253061 3.500000 1.492609
v 1.254445 2.200000 1.493348
v 1.254445 3.500000 1.493348
v 1.255657 2.200000 1.494343
v 1.255657 3.500000 1.494343
v 1.256652 2.200000 1.495555
v 1.256652 3.500000 1.495555
v 1.257391 2.200000 1.496939
v 1.257391 3.500000 1.496939
v 1.257846 2.200000 1.498439
v 1.257846 3.500000 1.498439
v 1.258000 2.200000 1.500000
v 1.258000 3.500000 1.500000
v 1.257846 2.200000 1.501561
v 1.257846 3.500000 1.501561
v 1.257391 2.200000 1.503061
v 1.257391 3.500000 1.503061
v 1.256652 2.200000 1.504445
v 1.256652 3.500000 1.504445
v 1.255657 2.200000 1.505657
v 1.255657 3.500000 1.505657
v 1.254445 2.200000 1.506652
v 1.254445 3.500000 1.506652
v 1.253061 2.200000 1.507391
v 1.253061 3.500000 1.507391
v 1.251561 2.200000 1.507846
v 1.251561 3.500000 1.507846
v 1.250000 2.200000 1.508000
v 1.250000 3.500000 1.508000
v 1.248439 2.200000 1.507846
v 1.248439 3.500000 1.507846
v 1.246939 2.200000 1.507391
v 1.246939 3.500000 1.507391
v 1.245555 2.200000 1.506652
v 1.245555 3.500000 1.506652
v 1.244343 2.200000 1.505657
v 1.244343 3.500000 1.505657
v 1.243348 2.200000 1.504445
v 1.243348 3.500000 1.504445
v 1.242609 2.200000 1.503061
v 1.242609 3.500000 1.503061
v 1.242154 2.200000 1.501561
v 1.242154 3.500000 1.501561
v 1.242000 2.200000 1.500000
v 1.242000 3.500000 1.500000
v 1.242154 2.200000 1.498439
v 1.242154 3.500000 1.498439
v 1.242609 2.200000 1.496939
v 1.242609 3.500000 1.496939
v 1.243348 2.200000 1.495555
v 1.243348 3.500000 1.495555
v 1.244343 2.200000 1.494343
v 1.244343 3.500000 1.494343
v 1.245555 2.200000 1.493348
v 1.245555 3.500000 1.493348
v 1.246939 2.200000 1.492609
v 1.246939 3.500000 1.492609
v 1.248439 2.200000 1.492154
v 1.248439 3.500000 1.492154
vn 0.0980 -0.0000 -0.9952
vn 0.2903 -0.0000 -0.9569
vn 0.4714 -0.0000 -0.8819
vn 0.6344 -0.0000 -0.7730
vn 0.7730 -0.0000 -0.6344
vn 0.8819 -0.0000 -0.4714
vn 0.9569 -0.0000 -0.2903
vn 0.9952 -0.0000 -0.0980
vn 0.9952 -0.0000 0.0980
vn 0.9569 -0.0000 0.2903
vn 0.8819 -0.0000 0.4714
vn 0.7730 -0.0000 0.6344
vn 0.6344 -0.0000 0.7730
vn 0.4714 -0.0000 0.8819
vn 0.2903 -0.0000 0.9569
vn 0.0980 -0.0000 0.9952
vn -0.0980 -0.0000 0.9952
vn -0.2903 -0.0000 0.9569
vn -0.4714 -0.0000 0.8819
vn -0.6344 -0.0000 0.7730
vn -0.7730 -0.0000 0.6344
vn -0.8819 -0.0000 0.4714
vn -0.9569 -0.0000 0.2903
vn -0.9952 -0.0000 0.0980
vn -0.9952 -0.0000 -0.0980
vn -0.9569 -0.0000 -0.2903
vn -0.8819 -0.0000 -0.4714
vn -0.7730 -0.0000 -0.6344
vn -0.6344 -0.0000 -0.7730
vn -0.4714 -0.0000 -0.8819
vn -0.0000 1.0000 -0.0000
vn -0.2903 -0.0000 -0.9569
vn -0.0980 -0.0000 -0.9952
vn -0.0000 -1.0000 -0.0000
vt 1.000000 0.500000
vt 1.000000 1.000000
vt 0.968750 1.000000
vt 0.968750 0.500000
vt 0.937500 1.000000
vt 0.937500 0.500000
vt 0.906250 1.000000
vt 0.906250 0.500000
vt 0.875000 1.000000
vt 0.875000 0.500000
vt 0.843750 1.000000
vt 0.843750 0.500000
vt 0.812500 1.000000
vt 0.812500 0.500000
vt 0.781250 1.000000
vt 0.781250 0.500000
vt 0.750000 1.000000
vt 0.750000 0.500000
vt 0.718750 1.000000
vt 0.718750 0.500000
vt 0.687500 1.000000
vt 0.687500 0.500000
vt 0.656250 1.000000
vt 0.656250 0.500000
vt 0.625000 1.000000
vt 0.625000 0.500000
vt 0.593750 1.000000
vt 0.593750 0.500000
vt 0.562500 1.000000
vt 0.562500 0.500000
vt 0.531250 1.000000
vt 0.531250 0.500000
vt 0.500000 1.000000
vt 0.500000 0.500000
vt 0.468750 1.000000
vt 0.468750 0.500000
vt 0.437500 1.000000
vt 0.437500 0.500000
vt 0.406250 1.000000
vt 0.406250 0.500000
vt 0.375000 1.000000
vt 0.375000 0.500000
vt 0.343750 1.000000
vt 0.343750 0.500000
vt 0.312500 1.000000
vt 0.312500 0.500000
vt 0.281250 1.000000
vt 0.281250 0.500000
vt 0.250000 1.000000
vt 0.250000 0.500000
vt 0.218750 1.000000
vt 0.218750 0.500000
vt 0.187500 1.000000
vt 0.187500 0.500000
vt 0.156250 1.000000
vt 0.156250 0.500000
vt 0.125000 1.000000
vt 0.125000 0.500000
vt 0.093750 1.000000
vt 0.093750 0.500000
vt 0.062500 1.000000
vt 0.062500 0.500000
vt 0.296822 0.485388
vt 0.250000 0.490000
vt 0.203178 0.485388
vt 0.158156 0.471731
vt 0.116663 0.449553
vt 0.080294 0.419706
vt 0.050447 0.383337
vt 0.028269 0.341844
vt 0.014612 0.296822
vt 0.010000 0.250000
vt 0.014612 0.203178
vt 0.028269 0.158156
vt 0.050447 0.116663
vt 0.080294 0.080294
vt 0.116663 0.050447
vt 0.158156 0.028269
vt 0.203178 0.014612
vt 0.250000 0.010000
vt 0.296822 0.014612
vt 0.341844 0.028269
vt 0.383337 0.050447
vt 0.419706 0.080294
vt 0.449553 0.116663
vt 0.471731 0.158156
vt 0.485388 0.203178
vt 0.490000 0.250000
vt 0.485388 0.296822
vt 0.471731 0.341844
vt 0.449553 0.383337
vt 0.419706 0.419706
vt 0.383337 0.449553
vt 0.341844 0.471731
vt 0.031250 1.000000
vt 0.031250 0.500000
vt 0.000000 1.000000
vt 0.000000 0.500000
vt 0.750000 0.490000
vt 0.796822 0.485388
vt 0.841844 0.471731
vt 0.883337 0.449553
vt 0.919706 0.419706
vt 0.949553 0.383337
vt 0.971731 0.341844
vt 0.985388 0.296822
vt 0.990000 0.250000
vt 0.985388 0.203178
vt 0.971731 0.158156
vt 0.949553 0.116663
vt 0.919706 0.080294
vt 0.883337 0.050447
vt 0.841844 0.028269
vt 0.796822 0.014612
vt 0.750000 0.010000
vt 0.703178 0.014612
vt 0.658156 0.028269
vt 0.616663 0.050447
vt 0.580294 0.080294
vt 0.550447 0.116663
vt 0.528269 0.158156
vt 0.514612 0.203178
vt 0.510000 0.250000
vt 0.514612 0.296822
vt 0.528269 0.341844
vt 0.550447 0.383337
vt 0.580294 0.419706
vt 0.616663 0.449553
vt 0.658156 0.471731
vt 0.703178 0.485388
s 0
usemtl Cord
f 1761/3467/1072 1762/3468/1072 1764/3469/1072 1763/3470/1072
f 1763/3470/1073 1764/3469/1073 1766/3471/1073 1765/3472/1073
f 1765/3472/1074 1766/3471/1074 1768/3473/1074 1767/3474/1074
f 1767/3474/1075 1768/3473/1075 1770/3475/1075 1769/3476/1075
f 1769/3476/1076 1770/3475/1076 1772/3477/1076 1771/3478/1076
f 1771/3478/1077 1772/3477/1077 1774/3479/1077 1773/3480/1077
f 1773/3480/1078 1774/3479/1078 1776/3481/1078 1775/3482/1078
f 1775/3482/1079 1776/3481/1079 1778/3483/1079 1777/3484/1079
f 1777/3484/1080 1778/3483/1080 1780/3485/1080 1779/3486/1080
f 1779/3486/1081 1780/3485/1081 1782/3487/1081 1781/3488/1081
f 1781/3488/1082 1782/3487/1082 1784/3489/1082 1783/3490/1082
f 1783/3490/1083 1784/3489/1083 1786/3491/1083 1785/3492/1083
f 1785/3492/1084 1786/3491/1084 1788/3493/1084 1787/3494/1084
f 1787/3494/1085 1788/3493/1085 1790/3495/1085 1789/3496/1085
f 1789/3496/1086 1790/3495/1086 1792/3497/1086 1791/3498/1086
f 1791/3498/1087 1792/3497/1087 1794/3499/1087 1793/3500/1087
f 1793/3500/1088 1794/3499/1088 1796/3501/1088 1795/3502/1088
f 1795/3502/1089 1796/3501/1089 1798/3503/1089 1797/3504/1089
f 1797/3504/1090 1798/3503/1090 1800/3505/1090 1799/3506/1090
f 1799/3506/1091 1800/3505/1091 1802/3507/1091 1801/3508/1091
f 1801/3508/1092 1802/3507/1092 1804/3509/1092 1803/3510/1092
f 1803/3510/1093 1804/3509/1093 1806/3511/1093 1805/3512/1093
f 1805/3512/1094 1806/3511/1094 1808/3513/1094 1807/3514/1094
f 1807/3514/1095 1808/3513/1095 1810/3515/1095 1809/3516/1095
f 1809/3516/1096 1810/3515/1096 1812/3517/1096 1811/3518/1096
f 1811/3518/1097 1812/3517/1097 1814/3519/1097 1813/3520/1097
f 1813/3520/1098 1814/3519/1098 1816/3521/1098 1815/3522/1098
f 1815/3522/1099 1816/3521/1099 1818/3523/1099 1817/3524/1099
f 1817/3524/1100 1818/3523/1100 1820/3525/1100 1819/3526/1100
f 1819/3526/1101 1820/3525/1101 1822/3527/1101 1821/3528/1101
f 1764/3529/1102 1762/3530/1102 1824/3531/1102 1822/3532/1102 1820/3533/1102 1818/3534/1102 1816/3535/1102 1814/3536/1102 1812/3537/1102 1810/3538/1102 1808/3539/1102 1806/3540/1102 1804/3541/1102 1802/3542/1102 1800/3543/1102 1798/3544/1102 1796/3545/1102 1794/3546/1102 1792/3547/1102 1790/3548/1102 1788/3549/1102 1786/3550/1102 1784/3551/1102 1782/3552/1102 1780/3553/1102 1778/3554/1102 1776/3555/1102 1774/3556/1102 1772/3557/1102 1770/3558/1102 1768/3559/1102 1766/3560/1102
f 1821/3528/1103 1822/3527/1103 1824/3561/1103 1823/3562/1103
f 1823/3562/1104 1824/3561/1104 1762/3563/1104 1761/3564/1104
f 1761/3565/1105 1763/3566/1105 1765/3567/1105 1767/3568/1105 1769/3569/1105 1771/3570/1105 1773/3571/1105 1775/3572/1105 1777/3573/1105 1779/3574/1105 1781/3575/1105 1783/3576/1105 1785/3577/1105 1787/3578/1105 1789/3579/1105 1791/3580/1105 1793/3581/1105 1795/3582/1105 1797/3583/1105 1799/3584/1105 1801/3585/1105 1803/3586/1105 1805/3587/1105 1807/3588/1105 1809/3589/1105 1811/3590/1105 1813/3591/1105 1815/3592/1105 1817/3593/1105 1819/3594/1105 1821/3595/1105 1823/3596/1105
o Pendant4
v 1.250000 1.920000 1.320000
v 1.285116 1.920000 1.323459
v 1.318883 1.920000 1.333702
v 1.350003 1.920000 1.350335
v 1.377279 1.920000 1.372721
v 1.399665 1.920000 1.399997
v 1.416298 1.920000 1.431117
v 1.426541 1.920000 1.464884
v 1.430000 1.920000 1.500000
v 1.426541 1.920000 1.535116
v 1.416298 1.920000 1.568883
v 1.399665 1.920000 1.600003
v 1.377279 1.920000 1.627279
v 1.350003 1.920000 1.649665
v 1.318883 1.920000 1.666298
v 1.285116 1.920000 1.676541
v 1.250000 1.920000 1.680000
v 1.214884 1.920000 1.676541
v 1.181117 1.920000 1.666298
v 1.149997 1.920000 1.649665
v 1.122721 1.920000 1.627279
v 1.100335 1.920000 1.600003
v 1.083702 1.920000 1.568883
v 1.073459 1.920000 1.535116
v 1.070000 1.920000 1.500000
v 1.073459 1.920000 1.464884
v 1.083702 1.920000 1.431117
v 1.100335 1.920000 1.399997
v 1.122721 1.920000 1.372721
v 1.149997 1.920000 1.350335
v 1.181117 1.920000 1.333702
v 1.214884 1.920000 1.323459
v 1.250000 2.280000 1.500000
vn 0.0878 0.4455 -0.8910
vn 0.2599 0.4455 -0.8567
vn 0.4220 0.4455 -0.7896
vn 0.5680 0.4455 -0.6921
vn 0.6921 0.4455 -0.5680
vn 0.7896 0.4455 -0.4220
vn 0.8567 0.4455 -0.2599
vn 0.8910 0.4455 -0.0878
vn 0.8910 0.4455 0.0878
vn 0.8567 0.4455 0.2599
vn 0.7896 0.4455 0.4220
vn 0.6921 0.4455 0.5680
vn 0.5680 0.4455 0.6921
vn 0.4220 0.4455 0.7896
vn 0.2599 0.4455 0.8567
vn 0.0878 0.4455 0.8910
vn -0.0878 0.4455 0.8910
vn -0.2599 0.4455 0.8567
vn -0.4220 0.4455 0.7896
vn -0.5680 0.4455 0.6921
vn -0.6921 0.4455 0.5680
vn -0.7896 0.4455 0.4220
vn -0.8567 0.4455 0.2599
vn -0.8910 0.4455 0.0878
vn -0.8910 0.4455 -0.0878
vn -0.8567 0.4455 -0.2599
vn -0.7896 0.4455 -0.4220
vn -0.6921 0.4455 -0.5680
vn -0.5680 0.4455 -0.6921
vn -0.4220 0.4455 -0.7896
vn -0.0000 -1.0000 -0.0000
vn -0.2599 0.4455 -0.8567
vn -0.0878 0.4455 -0.8910
vt 0.250000 0.490000
vt 0.250000 0.250000
vt 0.296822 0.485388
vt 0.341844 0.471731
vt 0.383337 0.449553
vt 0.419706 0.419706
vt 0.449553 0.383337
vt 0.471731 0.341844
vt 0.485388 0.296822
vt 0.490000 0.250000
vt 0.485388 0.203178
vt 0.471731 0.158156
vt 0.449553 0.116663
vt 0.419706 0.080294
vt 0.383337 0.050447
vt 0.341844 0.028269
vt 0.296822 0.014612
vt 0.250000 0.010000
vt 0.203178 0.014612
vt 0.158156 0.028269
vt 0.116663 0.050447
vt 0.080294 0.080294
vt 0.050447 0.116663
vt 0.028269 0.158156
vt 0.014612 0.203178
vt 0.010000 0.250000
vt 0.014612 0.296822
vt 0.028269 0.341844
vt 0.050447 0.383337
vt 0.080294 0.419706
vt 0.116663 0.449553
vt 0.158156 0.471731
vt 0.750000 0.490000
vt 0.796822 0.485388
vt 0.841844 0.471731
vt 0.883337 0.449553
vt 0.919706 0.419706
vt 0.949553 0.383337
vt 0.971731 0.341844
vt 0.985388 0.296822
vt 0.990000 0.250000
vt 0.985388 0.203178
vt 0.971731 0.158156
vt 0.949553 0.116663
vt 0.919706 0.080294
vt 0.883337 0.050447
vt 0.841844 0.028269
vt 0.796822 0.014612
vt 0.750000 0.010000
vt 0.703178 0.014612
vt 0.658156 0.028269
vt 0.616663 0.050447
vt 0.580294 0.080294
vt 0.550447 0.116663
vt 0.528269 0.158156
vt 0.514612 0.203178
vt 0.510000 0.250000
vt 0.514612 0.296822
vt 0.528269 0.341844
vt 0.550447 0.383337
vt 0.580294 0.419706
vt 0.616663 0.449553
vt 0.658156 0.471731
vt 0.703178 0.485388
vt 0.203178 0.485388
s 0
usemtl Brass
f 1825/3597/1106 1857/3598/1106 1826/3599/1106
f 1826/3599/1107 1857/3598/1107 1827/3600/1107
f 1827/3600/1108 1857/3598/1108 1828/3601/1108
f 1828/3601/1109 1857/3598/1109 1829/3602/1109
f 1829/3602/1110 1857/3598/1110 1830/3603/1110
f 1830/3603/1111 1857/3598/1111 1831/3604/1111
f 1831/3604/1112 1857/3598/1112 1832/3605/1112
f 1832/3605/1113 1857/3598/1113 1833/3606/1113
f 1833/3606/1114 1857/3598/1114 1834/3607/1114
f 1834/3607/1115 1857/3598/1115 1835/3608/1115
f 1835/3608/1116 1857/3598/1116 1836/3609/1116
f 1836/3609/1117 1857/3598/1117 1837/3610/1117
f 1837/3610/1118 1857/3598/1118 1838/3611/1118
f 1838/3611/1119 1857/3598/1119 1839/3612/1119
f 1839/3612/1120 1857/3598/1120 1840/3613/1120
f 1840/3613/1121 1857/3598/1121 1841/3614/1121
f 1841/3614/1122 1857/3598/1122 1842/3615/1122
f 1842/3615/1123 1857/3598/1123 1843/3616/1123
f 1843/3616/1124 1857/3598/1124 1844/3617/1124
f 1844/3617/1125 1857/3598/1125 1845/3618/1125
f 1845/3618/1126 1857/3598/1126 1846/3619/1126
f 1846/3619/1127 1857/3598/1127 1847/3620/1127
f 1847/3620/1128 1857/3598/1128 1848/3621/1128
f 1848/3621/1129 1857/3598/1129 1849/3622/1129
f 1849/3622/1130 1857/3598/1130 1850/3623/1130
f 1850/3623/1131 1857/3598/1131 1851/3624/1131
f 1851/3624/1132 1857/3598/1132 1852/3625/1132
f 1852/3625/1133 1857/3598/1133 1853/3626/1133
f 1853/3626/1134 1857/3598/1134 1854/3627/1134
f 1854/3627/1135 1857/3598/1135 1855/3628/1135
f 1825/3629/1136 1826/3630/1136 1827/3631/1136 1828/3632/1136 1829/3633/1136 1830/3634/1136 1831/3635/1136 1832/3636/1136 1833/3637/1136 1834/3638/1136 1835/3639/1136 1836/3640/1136 1837/3641/1136 1838/3642/1136 1839/3643/1136 1840/3644/1136 1841/3645/1136 1842/3646/1136 1843/3647/1136 1844/3648/1136 1845/3649/1136 1846/3650/1136 1847/3651/1136 1848/3652/1136 1849/3653/1136 1850/3654/1136 1851/3655/1136 1852/3656/1136 1853/3657/1136 1854/3658/1136 1855/3659/1136 1856/3660/1136
f 1855/3628/1137 1857/3598/1137 1856/3661/1137
f 1856/3661/1138 1857/3598/1138 1825/3597/1138
o Cord5
v 2.750000 2.200000 1.492000
v 2.750000 3.500000 1.492000
v 2.751561 2.200000 1.492154
v 2.751561 3.500000 1.492154
v 2.753062 2.200000 1.492609
v 2.753062 3.500000 1.492609
v 2.754445 2.200000 1.493348
v 2.754445 3.500000 1.493348
v 2.755657 2.200000 1.494343
v 2.755657 3.500000 1.494343
v 2.756652 2.200000 1.495555
v 2.756652 3.500000 1.495555
v 2.757391 2.200000 1.496939
v 2.757391 3.500000 1.496939
v 2.757846 2.200000 1.498439
v 2.757846 3.500000 1.498439
v 2.758000 2.200000 1.500000
v 2.758000 3.500000 1.500000
v 2.757846 2.200000 1.501561
v 2.757846 3.500000 1.501561
v 2.757391 2.200000 1.503061
v 2.757391 3.500000 1.503061
v 2.756652 2.200000 1.504445
v 2.756652 3.500000 1.504445
v 2.755657 2.200000 1.505657
v 2.755657 3.500000 1.505657
v 2.754445 2.200000 1.506652
v 2.754445 3.500000 1.506652
v 2.753062 2.200000 1.507391
v 2.753062 3.500000 1.507391
v 2.751561 2.200000 1.507846
v 2.751561 3.500000 1.507846
v 2.750000 2.200000 1.508000
v 2.750000 3.500000 1.508000
v 2.748439 2.200000 1.507846
v 2.748439 3.500000 1.507846
v 2.746938 2.200000 1.507391
v 2.746938 3.500000 1.507391
v 2.745555 2.200000 1.506652
v 2.745555 3.500000 1.506652
v 2.744343 2.200000 1.505657
v 2.744343 3.500000 1.505657
v 2.743348 2.200000 1.504445
v 2.743348 3.500000 1.504445
v 2.742609 2.200000 1.503061
v 2.742609 3.500000 1.503061
v 2.742154 2.200000 1.501561
v 2.742154 3.500000 1.501561
v 2.742000 2.200000 1.500000
v 2.742000 3.500000 1.500000
v 2.742154 2.200000 1.498439
v 2.742154 3.500000 1.498439
v 2.742609 2.200000 1.496939
v 2.742609 3.500000 1.496939
v 2.743348 2.200000 1.495555
v 2.743348 3.500000 1.495555
v 2.744343 2.200000 1.494343
v 2.744343 3.500000 1.494343
v 2.745555 2.200000 1.493348
v 2.745555 3.500000 1.493348
v 2.746938 2.200000 1.492609
v 2.746938 3.500000 1.492609
v 2.748439 2.200000 1.492154
v 2.748439 3.500000 1.492154
vn 0.0980 -0.0000 -0.9952
vn 0.2903 -0.0000 -0.9569
vn 0.4714 -0.0000 -0.8819
vn 0.6344 -0.0000 -0.7730
vn 0.7730 -0.0000 -0.6344
vn 0.8819 -0.0000 -0.4714
vn 0.9569 -0.0000 -0.2903
vn 0.9952 -0.0000 -0.0980
vn 0.9952 -0.0000 0.0980
vn 0.9569 -0.0000 0.2903
vn 0.8819 -0.0000 0.4714
vn 0.7730 -0.0000 0.6344
vn 0.6344 -0.0000 0.7730
vn 0.4714 -0.0000 0.8819
vn 0.2903 -0.0000 0.9569
vn 0.0980 -0.0000 0.9952
vn -0.0980 -0.0000 0.9952
vn -0.2903 -0.0000 0.9569
vn -0.4714 -0.0000 0.8819
vn -0.6344 -0.0000 0.7730
vn -0.7730 -0.0000 0.6344
vn -0.8819 -0.0000 0.4714
vn -0.9569 -0.0000 0.2903
vn -0.9952 -0.0000 0.0980
vn -0.9952 -0.0000 -0.0980
vn -0.9569 -0.0000 -0.2903
vn -0.8819 -0.0000 -0.4714
vn -0.7730 -0.0000 -0.6344
vn -0.6344 -0.0000 -0.7730
vn -0.4714 -0.0000 -0.8819
vn -0.0000 1.0000 -0.0000
vn -0.2903 -0.0000 -0.9569
vn -0.0980 -0.0000 -0.9952
vn -0.0000 -1.0000 -0.0000
vt 1.000000 0.500000
vt 1.000000 1.000000
vt 0.968750 1.000000
vt 0.968750 0.500000
vt 0.937500 1.000000
vt 0.937500 0.500000
vt 0.906250 1.000000
vt 0.906250 0.500000
vt 0.875000 1.000000
vt 0.875000 0.500000
vt 0.843750 1.000000
vt 0.843750 0.500000
vt 0.812500 1.000000
vt 0.812500 0.500000
vt 0.781250 1.000000
vt 0.781250 0.500000
vt 0.750000 1.000000
vt 0.750000 0.500000
vt 0.718750 1.000000
vt 0.718750 0.500000
vt 0.687500 1.000000
vt 0.687500 0.500000
vt 0.656250 1.000000
vt 0.656250 0.500000
vt 0.625000 1.000000
vt 0.625000 0.500000
vt 0.593750 1.000000
vt 0.593750 0.500000
vt 0.562500 1.000000
vt 0.562500 0.500000
vt 0.531250 1.000000
vt 0.531250 0.500000
vt 0.500000 1.000000
vt 0.500000 0.500000
vt 0.468750 1.000000
vt 0.468750 0.500000
vt 0.437500 1.000000
vt 0.437500 0.500000
vt 0.406250 1.000000
vt 0.406250 0.500000
vt 0.375000 1.000000
vt 0.375000 0.500000
vt 0.343750 1.000000
vt 0.343750 0.500000
vt 0.312500 1.000000
vt 0.312500 0.500000
vt 0.281250 1.000000
vt 0.281250 0.500000
vt 0.250000 1.000000
vt 0.250000 0.500000
vt 0.218750 1.000000
vt 0.218750 0.500000
vt 0.187500 1.000000
vt 0.187500 0.500000
vt 0.156250 1.000000
vt 0.156250 0.500000
vt 0.125000 1.000000
vt 0.125000 0.500000
vt 0.093750 1.000000
vt 0.093750 0.500000
vt 0.062500 1.000000
vt 0.062500 0.500000
vt 0.296822 0.485388
vt 0.250000 0.490000
vt 0.203178 0.485388
vt 0.158156 0.471731
vt 0.116663 0.449553
vt 0.080294 0.419706
vt 0.050447 0.383337
vt 0.028269 0.341844
vt 0.014612 0.296822
vt 0.010000 0.250000
vt 0.014612 0.203178
vt 0.028269 0.158156
vt 0.050447 0.116663
vt 0.080294 0.080294
vt 0.116663 0.050447
vt 0.158156 0.028269
vt 0.203178 0.014612
vt 0.250000 0.010000
vt 0.296822 0.014612
vt 0.341844 0.028269
vt 0.383337 0.050447
vt 0.419706 0.080294
vt 0.449553 0.116663
vt 0.471731 0.158156
vt 0.485388 0.203178
vt 0.490000 0.250000
vt 0.485388 0.296822
vt 0.471731 0.341844
vt 0.449553 0.383337
vt 0.419706 0.419706
vt 0.383337 0.449553
vt 0.341844 0.471731
vt 0.031250 1.000000
vt 0.031250 0.500000
vt 0.000000 1.000000
vt 0.000000 0.500000
vt 0.750000 0.490000
vt 0.796822 0.485388
vt 0.841844 0.471731
vt 0.883337 0.449553
vt 0.919706 0.419706
vt 0.949553 0.383337
vt 0.971731 0.341844
vt 0.985388 0.296822
vt 0.990000 0.250000
vt 0.985388 0.203178
vt 0.971731 0.158156
vt 0.949553 0.116663
vt 0.919706 0.080294
vt 0.883337 0.050447
vt 0.841844 0.028269
vt 0.796822 0.014612
vt 0.750000 0.010000
vt 0.703178 0.014612
vt 0.658156 0.028269
vt 0.616663 0.050447
vt 0.580294 0.080294
vt 0.550447 0.116663
vt 0.528269 0.158156
vt 0.514612 0.203178
vt 0.510000 0.250000
vt 0.514612 0.296822
vt 0.528269 0.341844
vt 0.550447 0.383337
vt 0.580294 0.419706
vt 0.616663 0.449553
vt 0.658156 0.471731
vt 0.703178 0.485388
s 0
usemtl Cord
f 1858/3662/1139 1859/3663/1139 1861/3664/1139 1860/3665/1139
f 1860/3665/1140 1861/3664/1140 1863/3666/1140 1862/3667/1140
f 1862/3667/1141 1863/3666/1141 1865/3668/1141 1864/3669/1141
f 1864/3669/1142 1865/3668/1142 1867/3670/1142 1866/3671/1142
f 1866/3671/1143 1867/3670/1143 1869/3672/1143 1868/3673/1143
f 1868/3673/1144 1869/3672/1144 1871/3674/1144 1870/3675/1144
f 1870/3675/1145 1871/3674/1145 1873/3676/1145 1872/3677/1145
f 1872/3677/1146 1873/3676/1146 1875/3678/1146 1874/3679/1146
f 1874/3679/1147 1875/3678/1147 1877/3680/1147 1876/3681/1147
f 1876/3681/1148 1877/3680/1148 1879/3682/1148 1878/3683/1148
f 1878/3683/1149 1879/3682/1149 1881/3684/1149 1880/3685/1149
f 1880/3685/1150 1881/3684/1150 1883/3686/1150 1882/3687/1150
f 1882/3687/1151 1883/3686/1151 1885/3688/1151 1884/3689/1151
f 1884/3689/1152 1885/3688/1152 1887/3690/1152 1886/3691/1152
f 1886/3691/1153 1887/3690/1153 1889/3692/1153 1888/3693/1153
f 1888/3693/1154 1889/3692/1154 1891/3694/1154 1890/3695/1154
f 1890/3695/1155 1891/3694/1155 1893/3696/1155 1892/3697/1155
f 1892/3697/1156 1893/3696/1156 1895/3698/1156 1894/3699/1156
f 1894/3699/1157 1895/3698/1157 1897/3700/1157 1896/3701/1157
f 1896/3701/1158 1897/3700/1158 1899/3702/1158 1898/3703/1158
f 1898/3703/1159 1899/3702/1159 1901/3704/1159 1900/3705/1159
f 1900/3705/1160 1901/3704/1160 1903/3706/1160 1902/3707/1160
f 1902/3707/1161 1903/3706/1161 1905/3708/1161 1904/3709/1161
f 1904/3709/1162 1905/3708/1162 1907/3710/1162 1906/3711/1162
f 1906/3711/1163 1907/3710/1163 1909/3712/1163 1908/3713/1163
f 1908/3713/1164 1909/3712/1164 1911/3714/1164 1910/3715/1164
f 1910/3715/1165 1911/3714/1165 1913/3716/1165 1912/3717/1165
f 1912/3717/1166 1913/3716/1166 1915/3718/1166 1914/3719/1166
f 1914/3719/1167 1915/3718/1167 1917/3720/1167 1916/3721/1167
f 1916/3721/1168 1917/3720/1168 1919/3722/1168 1918/3723/1168
f 1861/3724/1169 1859/3725/1169 1921/3726/1169 1919/3727/1169 1917/3728/1169 1915/3729/1169 1913/3730/1169 1911/3731/1169 1909/3732/1169 1907/3733/1169 1905/3734/1169 1903/3735/1169 1901/3736/1169 1899/3737/1169 1897/3738/1169 1895/3739/1169 1893/3740/1169 1891/3741/1169 1889/3742/1169 1887/3743/1169 1885/3744/1169 1883/3745/1169 1881/3746/1169 1879/3747/1169 1877/3748/1169 1875/3749/1169 1873/3750/1169 1871/3751/1169 1869/3752/1169 1867/3753/1169 1865/3754/1169 1863/3755/1169
f 1918/3723/1170 1919/3722/1170 1921/3756/1170 1920/3757/1170
f 1920/3757/1171 1921/3756/1171 1859/3758/1171 1858/3759/1171
f 1858/3760/1172 1860/3761/1172 1862/3762/1172 1864/3763/1172 1866/3764/1172 1868/3765/1172 1870/3766/1172 1872/3767/1172 1874/3768/1172 1876/3769/1172 1878/3770/1172 1880/3771/1172 1882/3772/1172 1884/3773/1172 1886/3774/1172 1888/3775/1172 1890/3776/1172 1892/3777/1172 1894/3778/1172 1896/3779/1172 1898/3780/1172 1900/3781/1172 1902/3782/1172 1904/3783/1172 1906/3784/1172 1908/3785/1172 1910/3786/1172 1912/3787/1172 1914/3788/1172 1916/3789/1172 1918/3790/1172 1920/3791/1172
o Pendant5
v 2.750000 1.920000 1.320000
v 2.785116 1.920000 1.323459
v 2.818883 1.920000 1.333702
v 2.850003 1.920000 1.350335
v 2.877279 1.920000 1.372721
v 2.899665 1.920000 1.399997
v 2.916298 1.920000 1.431117
v 2.926541 1.920000 1.464884
v 2.930000 1.920000 1.500000
v 2.926541 1.920000 1.535116
v 2.916298 1.920000 1.568883
v 2.899665 1.920000 1.600003
v 2.877279 1.920000 1.627279
v 2.850003 1.920000 1.649665
v 2.818883 1.920000 1.666298
v 2.785116 1.920000 1.676541
v 2.750000 1.920000 1.680000
v 2.714884 1.920000 1.676541
v 2.681117 1.920000 1.666298
v 2.649997 1.920000 1.649665
v 2.622721 1.920000 1.627279
v 2.600335 1.920000 1.600003
v 2.583702 1.920000 1.568883
v 2.573459 1.920000 1.535116
v 2.570000 1.920000 1.500000
v 2.573459 1.920000 1.464884
v 2.583702 1.920000 1.431117
v 2.600335 1.920000 1.399997
v 2.622721 1.920000 1.372721
v 2.649997 1.920000 1.350335
v 2.681117 1.920000 1.333702
v 2.714884 1.920000 1.323459
v 2.750000 2.280000 1.500000
vn 0.0878 0.4455 -0.8910
vn 0.2599 0.4455 -0.8567
vn 0.4220 0.4455 -0.7896
vn 0.5680 0.4455 -0.6921
vn 0.6921 0.4455 -0.5680
vn 0.7896 0.4455 -0.4220
vn 0.8567 0.4455 -0.2599
vn 0.8910 0.4455 -0.0878
vn 0.8910 0.4455 0.0878
vn 0.8567 0.4455 0.2599
vn 0.7896 0.4455 0.4220
vn 0.6921 0.4455 0.5680
vn 0.5680 0.4455 0.6921
vn 0.4220 0.4455 0.7896
vn 0.2599 0.4455 0.8567
vn 0.0878 0.4455 0.8910
vn -0.0878 0.4455 0.8910
vn -0.2599 0.4455 0.8567
vn -0.4220 0.4455 0.7896
vn -0.5680 0.4455 0.6921
vn -0.6921 0.4455 0.5680
vn -0.7896 0.4455 0.4220
vn -0.8567 0.4455 0.2599
vn -0.8910 0.4455 0.0878
vn -0.8910 0.4455 -0.0878
vn -0.8567 0.4455 -0.2599
vn -0.7896 0.4455 -0.4220
vn -0.6921 0.4455 -0.5680
vn -0.5680 0.4455 -0.6921
vn -0.4220 0.4455 -0.7896
vn -0.0000 -1.0000 -0.0000
vn -0.2599 0.4455 -0.8567
vn -0.0878 0.4455 -0.8910
vt 0.250000 0.490000
vt 0.250000 0.250000
vt 0.296822 0.485388
vt 0.341844 0.471731
vt 0.383337 0.449553
vt 0.419706 0.419706
vt 0.449553 0.383337
vt 0.471731 0.341844
vt 0.485388 0.296822
vt 0.490000 0.250000
vt 0.485388 0.203178
vt 0.471731 0.158156
vt 0.449553 0.116663
vt 0.419706 0.080294
vt 0.383337 0.050447
vt 0.341844 0.028269
vt 0.296822 0.014612
vt 0.250000 0.010000
vt 0.203178 0.014612
vt 0.158156 0.028269
vt 0.116663 0.050447
vt 0.080294 0.080294
vt 0.050447 0.116663
vt 0.028269 0.158156
vt 0.014612 0.203178
vt 0.010000 0.250000
vt 0.014612 0.296822
vt 0.028269 0.341844
vt 0.050447 0.383337
vt 0.080294 0.419706
vt 0.116663 0.449553
vt 0.158156 0.471731
vt 0.750000 0.490000
vt 0.796822 0.485388
vt 0.841844 0.471731
vt 0.883337 0.449553
vt 0.919706 0.419706
vt 0.949553 0.383337
vt 0.971731 0.341844
vt 0.985388 0.296822
vt 0.990000 0.250000
vt 0.985388 0.203178
vt 0.971731 0.158156
vt 0.949553 0.116663
vt 0.919706 0.080294
vt 0.883337 0.050447
vt 0.841844 0.028269
vt 0.796822 0.014612
vt 0.750000 0.010000
vt 0.703178 0.014612
vt 0.658156 0.028269
vt 0.616663 0.050447
vt 0.580294 0.080294
vt 0.550447 0.116663
vt 0.528269 0.158156
vt 0.514612 0.203178
vt 0.510000 0.250000
vt 0.514612 0.296822
vt 0.528269 0.341844
vt 0.550447 0.383337
vt 0.580294 0.419706
vt 0.616663 0.449553
vt 0.658156 0.471731
vt 0.703178 0.485388
vt 0.203178 0.485388
s 0
usemtl Brass
f 1922/3792/1173 1954/3793/1173 1923/3794/1173
f 1923/3794/1174 1954/3793/1174 1924/3795/1174
f 1924/3795/1175 1954/3793/1175 1925/3796/1175
f 1925/3796/1176 1954/3793/1176 1926/3797/1176
f 1926/3797/1177 1954/3793/1177 1927/3798/1177
f 1927/3798/1178 1954/3793/1178 1928/3799/1178
f 1928/3799/1179 1954/3793/1179 1929/3800/1179
f 1929/3800/1180 1954/3793/1180 1930/3801/1180
f 1930/3801/1181 1954/3793/1181 1931/3802/1181
f 1931/3802/1182 1954/3793/1182 1932/3803/1182
f 1932/3803/1183 1954/3793/1183 1933/3804/1183
f 1933/3804/1184 1954/3793/1184 1934/3805/1184
f 1934/3805/1185 1954/3793/1185 1935/3806/1185
f 1935/3806/1186 1954/3793/1186 1936/3807/1186
f 1936/3807/1187 1954/3793/1187 1937/3808/1187
f 1937/3808/1188 1954/3793/1188 1938/3809/1188
f 1938/3809/1189 1954/3793/1189 1939/3810/1189
f 1939/3810/1190 1954/3793/1190 1940/3811/1190
f 1940/3811/1191 1954/3793/1191 1941/3812/1191
f 1941/3812/1192 1954/3793/1192 1942/3813/1192
f 1942/3813/1193 1954/3793/1193 1943/3814/1193
f 1943/3814/1194 1954/3793/1194 1944/3815/1194
f 1944/3815/1195 1954/3793/1195 1945/3816/1195
f 1945/3816/1196 1954/3793/1196 1946/3817/1196
f 1946/3817/1197 1954/3793/1197 1947/3818/1197
f 1947/3818/1198 1954/3793/1198 1948/3819/1198
f 1948/3819/1199 1954/3793/1199 1949/3820/1199
f 1949/3820/1200 1954/3793/1200 1950/3821/1200
f 1950/3821/1201 1954/3793/1201 1951/3822/1201
f 1951/3822/1202 1954/3793/1202 1952/3823/1202
f 1922/3824/1203 1923/3825/1203 1924/3826/1203 1925/3827/1203 1926/3828/1203 1927/3829/1203 1928/3830/1203 1929/3831/1203 1930/3832/1203 1931/3833/1203 1932/3834/1203 1933/3835/1203 1934/3836/1203 1935/3837/1203 1936/3838/1203 1937/3839/1203 1938/3840/1203 1939/3841/1203 1940/3842/1203 1941/3843/1203 1942/3844/1203 1943/3845/1203 1944/3846/1203 1945/3847/1203 1946/3848/1203 1947/3849/1203 1948/3850/1203 1949/3851/1203 1950/3852/1203 1951/3853/1203 1952/3854/1203 1953/3855/1203
f 1952/3823/1204 1954/3793/1204 1953/3856/1204
f 1953/3856/1205 1954/3793/1205 1922/3792/1205
o Pot0
v -4.000000 0.000000 3.520000
v -4.000000 0.400000 3.520000
v -3.964884 0.000000 3.523459
v -3.964884 0.400000 3.523459
v -3.931117 0.000000 3.533702
v -3.931117 0.400000 3.533702
v -3.899997 0.000000 3.550335
v -3.899997 0.400000 3.550335
v -3.872721 0.000000 3.572721
v -3.872721 0.400000 3.572721
v -3.850335 0.000000 3.599998
v -3.850335 0.400000 3.599998
v -3.833702 0.000000 3.631117
v -3.833702 0.400000 3.631117
v -3.823459 0.000000 3.664884
v -3.823459 0.400000 3.664884
v -3.820000 0.000000 3.700000
v -3.820000 0.400000 3.700000
v -3.823459 0.000000 3.735116
v -3.823459 0.400000 3.735116
v -3.833702 0.000000 3.768883
v -3.833702 0.400000 3.768883
v -3.850335 0.000000 3.800003
v -3.850335 0.400000 3.800003
v -3.872721 0.000000 3.827279
v -3.872721 0.400000 3.827279
v -3.899997 0.000000 3.849665
v -3.899997 0.400000 3.849665
v -3.931117 0.000000 3.866298
v -3.931117 0.400000 3.866298
v -3.964884 0.000000 3.876541
v -3.964884 0.400000 3.876541
v -4.000000 0.000000 3.880000
v -4.000000 0.400000 3.880000
v -4.035116 0.000000 3.876541
v -4.035116 0.400000 3.876541
v -4.068883 0.000000 3.866298
v -4.068883 0.400000 3.866298
v -4.100003 0.000000 3.849665
v -4.100003 0.400000 3.849665
v -4.127279 0.000000 3.827279
v -4.127279 0.400000 3.827279
v -4.149664 0.000000 3.800003
v -4.149664 0.400000 3.800003
v -4.166298 0.000000 3.768883
v -4.166298 0.400000 3.768883
v -4.176541 0.000000 3.735116
v -4.176541 0.400000 3.735116
v -4.180000 0.000000 3.700000
v -4.180000 0.400000 3.700000
v -4.176541 0.000000 3.664884
v -4.176541 0.400000 3.664884
v -4.166298 0.000000 3.631117
v -4.166298 0.400000 3.631117
v -4.149664 0.000000 3.599998
v -4.149664 0.400000 3.599998
v -4.127279 0.000000 3.572721
v -4.127279 0.400000 3.572721
v -4.100003 0.000000 3.550335
v -4.100003 0.400000 3.550335
v -4.068883 0.000000 3.533702
v -4.068883 0.400000 3.533702
v -4.035116 0.000000 3.523459
v -4.035116 0.400000 3.523459
vn 0.0980 -0.0000 -0.9952
vn 0.2903 -0.0000 -0.9569
vn 0.4714 -0.0000 -0.8819
vn 0.6344 -0.0000 -0.7730
vn 0.7730 -0.0000 -0.6344
vn 0.8819 -0.0000 -0.4714
vn 0.9569 -0.0000 -0.2903
vn 0.9952 -0.0000 -0.0980
vn 0.9952 -0.0000 0.0980
vn 0.9569 -0.0000 0.2903
vn 0.8819 -0.0000 0.4714
vn 0.7730 -0.0000 0.6344
vn 0.6344 -0.0000 0.7730
vn 0.4714 -0.0000 0.8819
vn 0.2903 -0.0000 0.9569
vn 0.0980 -0.0000 0.9952
vn -0.0980 -0.0000 0.9952
vn -0.2903 -0.0000 0.9569
vn -0.4714 -0.0000 0.8819
vn -0.6344 -0.0000 0.7730
vn -0.7730 -0.0000 0.6344
vn -0.8819 -0.0000 0.4714
vn -0.9569 -0.0000 0.2903
vn -0.9952 -0.0000 0.0980
vn -0.9952 -0.0000 -0.0980
vn -0.9569 -0.0000 -0.2903
vn -0.8819 -0.0000 -0.4714
vn -0.7730 -0.0000 -0.6344
vn -0.6344 -0.0000 -0.7730
vn -0.4714 -0.0000 -0.8819
vn -0.0000 1.0000 -0.0000
vn -0.2903 -0.0000 -0.9569
vn -0.0980 -0.0000 -0.9952
vn -0.0000 -1.0000 -0.0000
vt 1.000000 0.500000
vt 1.000000 1.000000
vt 0.968750 1.000000
vt 0.968750 0.500000
vt 0.937500 1.000000
vt 0.937500 0.500000
vt 0.906250 1.000000
vt 0.906250 0.500000
vt 0.875000 1.000000
vt 0.875000 0.500000
vt 0.843750 1.000000
vt 0.843750 0.500000
vt 0.812500 1.000000
vt 0.812500 0.500000
vt 0.781250 1.000000
vt 0.781250 0.500000
vt 0.750000 1.000000
vt 0.750000 0.500000
vt 0.718750 1.000000
vt 0.718750 0.500000
vt 0.687500 1.000000
vt 0.687500 0.500000
vt 0.656250 1.000000
vt 0.656250 0.500000
vt 0.625000 1.000000
vt 0.625000 0.500000
vt 0.593750 1.000000
vt 0.593750 0.500000
vt 0.562500 1.000000
vt 0.562500 0.500000
vt 0.531250 1.000000
vt 0.531250 0.500000
vt 0.500000 1.000000
vt 0.500000 0.500000
vt 0.468750 1.000000
vt 0.468750 0.500000
vt 0.437500 1.000000
vt 0.437500 0.500000
vt 0.406250 1.000000
vt 0.406250 0.500000
vt 0.375000 1.000000
vt 0.375000 0.500000
vt 0.343750 1.000000
vt 0.343750 0.500000
vt 0.312500 1.000000
vt 0.312500 0.500000
vt 0.281250 1.000000
vt 0.281250 0.500000
vt 0.250000 1.000000
vt 0.250000 0.500000
vt 0.218750 1.000000
vt 0.218750 0.500000
vt 0.187500 1.000000
vt 0.187500 0.500000
vt 0.156250 1.000000
vt 0.156250 0.500000
vt 0.125000 1.000000
vt 0.125000 0.500000
vt 0.093750 1.000000
vt 0.093750 0.500000
vt 0.062500 1.000000
vt 0.062500 0.500000
vt 0.296822 0.485388
vt 0.250000 0.490000
vt 0.203178 0.485388
vt 0.158156 0.471731
vt 0.116663 0.449553
vt 0.080294 0.419706
vt 0.050447 0.383337
vt 0.028269 0.341844
vt 0.014612 0.296822
vt 0.010000 0.250000
vt 0.014612 0.203178
vt 0.028269 0.158156
vt 0.050447 0.116663
vt 0.080294 0.080294
vt 0.116663 0.050447
vt 0.158156 0.028269
vt 0.203178 0.014612
vt 0.250000 0.010000
vt 0.296822 0.014612
vt 0.341844 0.028269
vt 0.383337 0.050447
vt 0.419706 0.080294
vt 0.449553 0.116663
vt 0.471731 0.158156
vt 0.485388 0.203178
vt 0.490000 0.250000
vt 0.485388 0.296822
vt 0.471731 0.341844
vt 0.449553 0.383337
vt 0.419706 0.419706
vt 0.383337 0.449553
vt 0.341844 0.471731
vt 0.031250 1.000000
vt 0.031250 0.500000
vt 0.000000 1.000000
vt 0.000000 0.500000
vt 0.750000 0.490000
vt 0.796822 0.485388
vt 0.841844 0.471731
vt 0.883337 0.449553
vt 0.919706 0.419706
vt 0.949553 0.383337
vt 0.971731 0.341844
vt 0.985388 0.296822
vt 0.990000 0.250000
vt 0.985388 0.203178
vt 0.971731 0.158156
vt 0.949553 0.116663
vt 0.919706 0.080294
vt 0.883337 0.050447
vt 0.841844 0.028269
vt 0.796822 0.014612
vt 0.750000 0.010000
vt 0.703178 0.014612
vt 0.658156 0.028269
vt 0.616663 0.050447
vt 0.580294 0.080294
vt 0.550447 0.116663
vt 0.528269 0.158156
vt 0.514612 0.203178
vt 0.510000 0.250000
vt 0.514612 0.296822
vt 0.528269 0.341844
vt 0.550447 0.383337
vt 0.580294 0.419706
vt 0.616663 0.449553
vt 0.658156 0.471731
vt 0.703178 0.485388
s 0
usemtl Terracotta
f 1955/3857/1206 1956/3858/1206 1958/3859/1206 1957/3860/1206
f 1957/3860/1207 1958/3859/1207 1960/3861/1207 1959/3862/1207
f 1959/3862/1208 1960/3861/1208 1962/3863/1208 1961/3864/1208
f 1961/3864/1209 1962/3863/1209 1964/3865/1209 1963/3866/1209
f 1963/3866/1210 1964/3865/1210 1966/3867/1210 1965/3868/1210
f 1965/3868/1211 1966/3867/1211 1968/3869/1211 1967/3870/1211
f 1967/3870/1212 1968/3869/1212 1970/3871/1212 1969/3872/1212
f 1969/3872/1213 1970/3871/1213 1972/3873/1213 1971/3874/1213
f 1971/3874/1214 1972/3873/1214 1974/3875/1214 1973/3876/1214
f 1973/3876/1215 1974/3875/1215 1976/3877/1215 1975/3878/1215
f 1975/3878/1216 1976/3877/1216 1978/3879/1216 1977/3880/1216
f 1977/3880/1217 1978/3879/1217 1980/3881/1217 1979/3882/1217
f 1979/3882/1218 1980/3881/1218 1982/3883/1218 1981/3884/1218
f 1981/3884/1219 1982/3883/1219 1984/3885/1219 1983/3886/1219
f 1983/3886/1220 1984/3885/1220 1986/3887/1220 1985/3888/1220
f 1985/3888/1221 1986/3887/1221 1988/3889/1221 1987/3890/1221
f 1987/3890/1222 1988/3889/1222 1990/3891/1222 1989/3892/1222
f 1989/3892/1223 1990/3891/1223 1992/3893/1223 1991/3894/1223
f 1991/3894/1224 1992/3893/1224 1994/3895/1224 1993/3896/1224
f 1993/3896/1225 1994/3895/1225 1996/3897/1225 1995/3898/1225
f 1995/3898/1226 1996/3897/1226 1998/3899/1226 1997/3900/1226
f 1997/3900/1227 1998/3899/1227 2000/3901/1227 1999/3902/1227
f 1999/3902/1228 2000/3901/1228 2002/3903/1228 2001/3904/1228
f 2001/3904/1229 2002/3903/1229 2004/3905/1229 2003/3906/1229
f 2003/3906/1230 2004/3905/1230 2006/3907/1230 2005/3908/1230
f 2005/3908/1231 2006/3907/1231 2008/3909/1231 2007/3910/1231
f 2007/3910/1232 2008/3909/1232 2010/3911/1232 2009/3912/1232
f 2009/3912/1233 2010/3911/1233 2012/3913/1233 2011/3914/1233
f 2011/3914/1234 2012/3913/1234 2014/3915/1234 2013/3916/1234
f 2013/3916/1235 2014/3915/1235 2016/3917/1235 2015/3918/1235
f 1958/3919/1236 1956/3920/1236 2018/3921/1236 2016/3922/1236 2014/3923/1236 2012/3924/1236 2010/3925/1236 2008/3926/1236 2006/3927/1236 2004/3928/1236 2002/3929/1236 2000/3930/1236 1998/3931/1236 1996/3932/1236 1994/3933/1236 1992/3934/1236 1990/3935/1236 1988/3936/1236 1986/3937/1236 1984/3938/1236 1982/3939/1236 1980/3940/1236 1978/3941/1236 1976/3942/1236 1974/3943/1236 1972/3944/1236 1970/3945/1236 1968/3946/1236 1966/3947/1236 1964/3948/1236 1962/3949/1236 1960/3950/1236
f 2015/3918/1237 2016/3917/1237 2018/3951/1237 2017/3952/1237
f 2017/3952/1238 2018/3951/1238 1956/3953/1238 1955/3954/1238
f 1955/3955/1239 1957/3956/1239 1959/3957/1239 1961/3958/1239 1963/3959/1239 1965/3960/1239 1967/3961/1239 1969/3962/1239 1971/3963/1239 1973/3964/1239 1975/3965/1239 1977/3966/1239 1979/3967/1239 1981/3968/1239 1983/3969/1239 1985/3970/1239 1987/3971/1239 1989/3972/1239 1991/3973/1239 1993/3974/1239 1995/3975/1239 1997/3976/1239 1999/3977/1239 2001/3978/1239 2003/3979/1239 2005/3980/1239 2007/3981/1239 2009/3982/1239 2011/3983/1239 2013/3984/1239 2015/3985/1239 2017/3986/1239
o Plant0
v -4.000000 1.032588 3.505550
v -4.000000 0.922228 3.408986
v -4.000000 0.778036 3.356725
v -4.000000 0.700000 3.350000
v -4.000000 0.621964 3.356725
v -4.000000 0.477772 3.408986
v -3.986679 1.092314 3.633030
v -3.973870 1.069552 3.568635
v -3.962065 1.032588 3.509287
v -3.951718 0.982843 3.457268
v -3.943226 0.922228 3.414577
v -3.936916 0.853073 3.382855
v -3.933030 0.778036 3.363321
v -3.931718 0.700000 3.356725
v -3.933030 0.621964 3.363321
v -3.936916 0.546927 3.382855
v -3.943226 0.477772 3.414577
v -3.951718 0.417157 3.457268
v -3.962065 0.367412 3.509287
v -3.973870 0.330448 3.568635
v -3.986679 0.307686 3.633030
v -3.973870 1.092314 3.636916
v -3.948744 1.069552 3.576256
v -3.925587 1.032588 3.520352
v -3.905291 0.982843 3.471352
v -3.888634 0.922228 3.431138
v -3.876256 0.853073 3.401256
v -3.868634 0.778036 3.382855
v -3.866061 0.700000 3.376642
v -3.868634 0.621964 3.382855
v -3.876256 0.546927 3.401256
v -3.888634 0.477772 3.431138
v -3.905291 0.417157 3.471352
v -3.925587 0.367412 3.520352
v -3.948744 0.330448 3.576256
v -3.973870 0.307686 3.636916
v -3.962065 1.092314 3.643226
v -3.925587 1.069552 3.588634
v -3.891970 1.032588 3.538321
v -3.862503 0.982843 3.494222
v -3.838321 0.922228 3.458030
v -3.820352 0.853073 3.431138
v -3.809287 0.778036 3.414577
v -3.805550 0.700000 3.408986
v -3.809287 0.621964 3.414577
v -3.820352 0.546927 3.431138
v -3.838321 0.477772 3.458030
v -3.862503 0.417157 3.494222
v -3.891970 0.367412 3.538321
v -3.925587 0.330448 3.588634
v -3.962065 0.307686 3.643226
v -3.951718 1.092314 3.651718
v -3.905291 1.069552 3.605291
v -3.862503 1.032588 3.562503
v -3.825000 0.982843 3.525000
v -3.794222 0.922228 3.494222
v -3.771352 0.853073 3.471352
v -3.757268 0.778036 3.457268
v -3.752513 0.700000 3.452513
v -3.757268 0.621964 3.457268
v -3.771352 0.546927 3.471352
v -3.794222 0.477772 3.494222
v -3.825000 0.417157 3.525000
v -3.862503 0.367412 3.562503
v -3.905291 0.330448 3.605291
v -3.951718 0.307686 3.651718
v -3.943226 1.092314 3.662065
v -3.888634 1.069552 3.625587
v -3.838321 1.032588 3.591970
v -3.794222 0.982843 3.562503
v -3.758030 0.922228 3.538321
v -3.731138 0.853073 3.520352
v -3.714577 0.778036 3.509287
v -3.708986 0.700000 3.505551
v -3.714577 0.621964 3.509287
v -3.731138 0.546927 3.520352
v -3.758030 0.477772 3.538321
v -3.794222 0.417157 3.562503
v -3.838321 0.367412 3.591970
v -3.888634 0.330448 3.625587
v -3.943226 0.307686 3.662065
v -4.000000 1.100000 3.700000
v -3.936916 1.092314 3.673870
v -3.876256 1.069552 3.648744
v -3.820352 1.032588 3.625587
v -3.771352 0.982843 3.605291
v -3.731138 0.922228 3.588634
v -3.701256 0.853073 3.576256
v -3.682855 0.778036 3.568635
v -3.676642 0.700000 3.566061
v -3.682855 0.621964 3.568635
v -3.701256 0.546927 3.576256
v -3.731138 0.477772 3.588634
v -3.771352 0.417157 3.605291
v -3.820352 0.367412 3.625587
v -3.876256 0.330448 3.648744
v -3.936916 0.307686 3.673870
v -3.933030 1.092314 3.686679
v -3.868634 1.069552 3.673870
v -3.809287 1.032588 3.662065
v -3.757268 0.982843 3.651718
v -3.714577 0.922228 3.643226
v -3.682855 0.853073 3.636916
v -3.663321 0.778036 3.633030
v -3.656725 0.700000 3.631718
v -3.663321 0.621964 3.633030
v -3.682855 0.546927 3.636916
v -3.714577 0.477772 3.643226
v -3.757268 0.417157 3.651718
v -3.809287 0.367412 3.662065
v -3.868634 0.330448 3.673870
v -3.933030 0.307686 3.686679
v -3.931718 1.092314 3.700000
v -3.866061 1.069552 3.700000
v -3.805551 1.032588 3.700000
v -3.752513 0.982843 3.700000
v -3.708986 0.922228 3.700000
v -3.676642 0.853073 3.700000
v -3.656725 0.778036 3.700000
v -3.650000 0.700000 3.700000
v -3.656725 0.621964 3.700000
v -3.676642 0.546927 3.700000
v -3.708986 0.477772 3.700000
v -3.752513 0.417157 3.700000
v -3.805551 0.367412 3.700000
v -3.866061 0.330448 3.700000
v -3.931718 0.307686 3.700000
v -3.933030 1.092314 3.713321
v -3.868634 1.069552 3.726130
v -3.809287 1.032588 3.737935
v -3.757268 0.982843 3.748282
v -3.714577 0.922228 3.756774
v -3.682855 0.853073 3.763084
v -3.663321 0.778036 3.766970
v -3.656725 0.700000 3.768282
v -3.663321 0.621964 3.766970
v -3.682855 0.546927 3.763084
v -3.714577 0.477772 3.756774
v -3.757268 0.417157 3.748282
v -3.809287 0.367412 3.737935
v -3.868634 0.330448 3.726130
v -3.933030 0.307686 3.713321
v -3.936916 1.092314 3.726130
v -3.876256 1.069552 3.751256
v -3.820352 1.032588 3.774413
v -3.771352 0.982843 3.794709
v -3.731138 0.922228 3.811366
v -3.701256 0.853073 3.823744
v -3.682856 0.778036 3.831366
v -3.676642 0.700000 3.833939
v -3.682856 0.621964 3.831366
v -3.701256 0.546927 3.823744
v -3.731138 0.477772 3.811366
v -3.771352 0.417157 3.794709
v -3.820352 0.367412 3.774413
v -3.876256 0.330448 3.751256
v -3.936916 0.307686 3.726130
v -3.943226 1.092314 3.737935
v -3.888634 1.069552 3.774413
v -3.838321 1.032588 3.808030
v -3.794222 0.982843 3.837497
v -3.758030 0.922228 3.861679
v -3.731138 0.853073 3.879648
v -3.714577 0.778036 3.890713
v -3.708986 0.700000 3.894450
v -3.714577 0.621964 3.890713
v -3.731138 0.546927 3.879648
v -3.758030 0.477772 3.861679
v -3.794222 0.417157 3.837497
v -3.838321 0.367412 3.808030
v -3.888634 0.330448 3.774413
v -3.943226 0.307686 3.737935
v -3.951718 1.092314 3.748282
v -3.905291 1.069552 3.794709
v -3.862504 1.032588 3.837497
v -3.825000 0.982843 3.875000
v -3.794222 0.922228 3.905778
v -3.771352 0.853073 3.928648
v -3.757268 0.778036 3.942732
v -3.752513 0.700000 3.947487
v -3.757268 0.621964 3.942732
v -3.771352 0.546927 3.928648
v -3.794222 0.477772 3.905778
v -3.825000 0.417157 3.875000
v -3.862504 0.367412 3.837497
v -3.905291 0.330448 3.794709
v -3.951718 0.307686 3.748282
v -3.962065 1.092314 3.756774
v -3.925587 1.069552 3.811366
v -3.891970 1.032588 3.861679
v -3.862504 0.982843 3.905778
v -3.838321 0.922228 3.941970
v -3.820352 0.853073 3.968862
v -3.809287 0.778036 3.985423
v -3.805551 0.700000 3.991014
v -3.809287 0.621964 3.985423
v -3.820352 0.546927 3.968862
v -3.838321 0.477772 3.941970
v -3.862504 0.417157 3.905778
v -3.891970 0.367412 3.861679
v -3.925587 0.330448 3.811366
v -3.962065 0.307686 3.756774
v -3.973870 1.092314 3.763084
v -3.948744 1.069552 3.823744
v -3.925587 1.032588 3.879648
v -3.905291 0.982843 3.928648
v -3.888634 0.922228 3.968862
v -3.876256 0.853073 3.998744
v -3.868634 0.778036 4.017145
v -3.866061 0.700000 4.023358
v -3.868634 0.621964 4.017145
v -3.876256 0.546927 3.998744
v -3.888634 0.477772 3.968862
v -3.905291 0.417157 3.928648
v -3.925587 0.367412 3.879648
v -3.948744 0.330448 3.823744
v -3.973870 0.307686 3.763084
v -3.986679 1.092314 3.766970
v -3.973870 1.069552 3.831366
v -3.962065 1.032588 3.890713
v -3.951718 0.982843 3.942732
v -3.943226 0.922228 3.985423
v -3.936916 0.853073 4.017145
v -3.933030 0.778036 4.036679
v -3.931719 0.700000 4.043275
v -3.933030 0.621964 4.036679
v -3.936916 0.546927 4.017145
v -3.943226 0.477772 3.985423
v -3.951718 0.417157 3.942732
v -3.962065 0.367412 3.890713
v -3.973870 0.330448 3.831366
v -3.986679 0.307686 3.766970
v -4.000000 1.092314 3.768282
v -4.000000 1.069552 3.833939
v -4.000000 1.032588 3.894449
v -4.000000 0.982843 3.947487
v -4.000000 0.922228 3.991014
v -4.000000 0.853073 4.023358
v -4.000000 0.778036 4.043275
v -4.000000 0.700000 4.050000
v -4.000000 0.621964 4.043275
v -4.000000 0.546927 4.023358
v -4.000000 0.477772 3.991014
v -4.000000 0.417157 3.947487
v -4.000000 0.367412 3.894449
v -4.000000 0.330448 3.833939
v -4.000000 0.307686 3.768282
v -4.013321 1.092314 3.766970
v -4.026130 1.069552 3.831366
v -4.037935 1.032588 3.890713
v -4.048283 0.982843 3.942732
v -4.056774 0.922228 3.985423
v -4.063084 0.853073 4.017145
v -4.066969 0.778036 4.036679
v -4.068282 0.700000 4.043275
v -4.066969 0.621964 4.036679
v -4.063084 0.546927 4.017145
v -4.056774 0.477772 3.985423
v -4.048283 0.417157 3.942732
v -4.037935 0.367412 3.890713
v -4.026130 0.330448 3.831366
v -4.013321 0.307686 3.766970
v -4.026130 1.092314 3.763084
v -4.051256 1.069552 3.823744
v -4.074413 1.032588 3.879648
v -4.094709 0.982843 3.928648
v -4.111366 0.922228 3.968862
v -4.123744 0.853073 3.998744
v -4.131366 0.778036 4.017145
v -4.133939 0.700000 4.023357
v -4.131366 0.621964 4.017145
v -4.123744 0.546927 3.998744
v -4.111366 0.477772 3.968862
v -4.094709 0.417157 3.928648
v -4.074413 0.367412 3.879648
v -4.051256 0.330448 3.823744
v -4.026130 0.307686 3.763084
v -4.037935 1.092314 3.756774
v -4.074413 1.069552 3.811366
v -4.108030 1.032588 3.861679
v -4.137496 0.982843 3.905778
v -4.161679 0.922228 3.941969
v -4.179648 0.853073 3.968862
v -4.190713 0.778036 3.985423
v -4.194449 0.700000 3.991014
v -4.190713 0.621964 3.985423
v -4.179648 0.546927 3.968862
v -4.161679 0.477772 3.941969
v -4.137496 0.417157 3.905778
v -4.108030 0.367412 3.861679
v -4.074413 0.330448 3.811366
v -4.037935 0.307686 3.756774
v -4.048282 1.092314 3.748282
v -4.094709 1.069552 3.794709
v -4.137496 1.032588 3.837497
v -4.175000 0.982843 3.875000
v -4.205778 0.922228 3.905778
v -4.228648 0.853073 3.928648
v -4.242732 0.778036 3.942732
v -4.247487 0.700000 3.947487
v -4.242732 0.621964 3.942732
v -4.228648 0.546927 3.928648
v -4.205778 0.477772 3.905778
v -4.175000 0.417157 3.875000
v -4.137496 0.367412 3.837497
v -4.094709 0.330448 3.794709
v -4.048282 0.307686 3.748282
v -4.000000 0.300000 3.700000
v -4.056774 1.092314 3.737935
v -4.111366 1.069552 3.774413
v -4.161679 1.032588 3.808030
v -4.205778 0.982843 3.837497
v -4.241970 0.922228 3.861679
v -4.268862 0.853073 3.879648
v -4.285422 0.778036 3.890713
v -4.291014 0.700000 3.894449
v -4.285422 0.621964 3.890713
v -4.268862 0.546927 3.879648
v -4.241970 0.477772 3.861679
v -4.205778 0.417157 3.837497
v -4.161679 0.367412 3.808030
v -4.111366 0.330448 3.774413
v -4.056774 0.307686 3.737935
v -4.063084 1.092314 3.726130
v -4.123744 1.069552 3.751256
v -4.179648 1.032588 3.774413
v -4.228649 0.982843 3.794709
v -4.268862 0.922228 3.811366
v -4.298744 0.853073 3.823744
v -4.317144 0.778036 3.831366
v -4.323358 0.700000 3.833939
v -4.317144 0.621964 3.831366
v -4.298744 0.546927 3.823744
v -4.268862 0.477772 3.811366
v -4.228649 0.417157 3.794709
v -4.179648 0.367412 3.774413
v -4.123744 0.330448 3.751256
v -4.063084 0.307686 3.726130
v -4.066969 1.092314 3.713321
v -4.131366 1.069552 3.726130
v -4.190713 1.032588 3.737935
v -4.242732 0.982843 3.748282
v -4.285422 0.922228 3.756774
v -4.317144 0.853073 3.763084
v -4.336679 0.778036 3.766969
v -4.343275 0.700000 3.768281
v -4.336679 0.621964 3.766969
v -4.317144 0.546927 3.763084
v -4.285422 0.477772 3.756774
v -4.242732 0.417157 3.748282
v -4.190713 0.367412 3.737935
v -4.131366 0.330448 3.726130
v -4.066969 0.307686 3.713321
v -4.068282 1.092314 3.700000
v -4.133939 1.069552 3.700000
v -4.194449 1.032588 3.700000
v -4.247487 0.982843 3.700000
v -4.291014 0.922228 3.700000
v -4.323358 0.853073 3.700000
v -4.343275 0.778036 3.700000
v -4.349999 0.700000 3.700000
v -4.343275 0.621964 3.700000
v -4.323358 0.546927 3.700000
v -4.291014 0.477772 3.700000
v -4.247487 0.417157 3.700000
v -4.194449 0.367412 3.700000
v -4.133939 0.330448 3.700000
v -4.068282 0.307686 3.700000
v -4.066969 1.092314 3.686679
v -4.131365 1.069552 3.673870
v -4.190713 1.032588 3.662065
v -4.242732 0.982843 3.651718
v -4.285422 0.922228 3.643226
v -4.317144 0.853073 3.636916
v -4.336679 0.778036 3.633030
v -4.343275 0.700000 3.631718
v -4.336679 0.621964 3.633030
v -4.317144 0.546927 3.636916
v -4.285422 0.477772 3.643226
v -4.242732 0.417157 3.651718
v -4.190713 0.367412 3.662065
v -4.131365 0.330448 3.673870
v -4.066969 0.307686 3.686679
v -4.063084 1.092314 3.673870
v -4.123744 1.069552 3.648744
v -4.179648 1.032588 3.625587
v -4.228649 0.982843 3.605291
v -4.268862 0.922228 3.588634
v -4.298744 0.853073 3.576257
v -4.317144 0.778036 3.568635
v -4.323358 0.700000 3.566061
v -4.317144 0.621964 3.568635
v -4.298744 0.546927 3.576257
v -4.268862 0.477772 3.588634
v -4.228649 0.417157 3.605291
v -4.179648 0.367412 3.625587
v -4.123744 0.330448 3.648744
v -4.063084 0.307686 3.673870
v -4.056774 1.092314 3.662065
v -4.111366 1.069552 3.625587
v -4.161679 1.032588 3.591970
v -4.205778 0.982843 3.562503
v -4.241970 0.922228 3.538321
v -4.268862 0.853073 3.520352
v -4.285422 0.778036 3.509287
v -4.291014 0.700000 3.505551
v -4.285422 0.621964 3.509287
v -4.268862 0.546927 3.520352
v -4.241970 0.477772 3.538321
v -4.205778 0.417157 3.562503
v -4.161679 0.367412 3.591970
v -4.111366 0.330448 3.625587
v -4.056774 0.307686 3.662065
v -4.048282 1.092314 3.651718
v -4.094709 1.069552 3.605291
v -4.137496 1.032588 3.562504
v -4.175000 0.982843 3.525000
v -4.205778 0.922228 3.494222
v -4.228648 0.853073 3.471352
v -4.242732 0.778036 3.457268
v -4.247487 0.700000 3.452513
v -4.242732 0.621964 3.457268
v -4.228648 0.546927 3.471352
v -4.205778 0.477772 3.494222
v -4.175000 0.417157 3.525000
v -4.137496 0.367412 3.562504
v -4.094709 0.330448 3.605291
v -4.048282 0.307686 3.651718
v -4.037935 1.092314 3.643226
v -4.074412 1.069552 3.588634
v -4.108030 1.032588 3.538321
v -4.137496 0.982843 3.494222
v -4.161679 0.922228 3.458031
v -4.179648 0.853073 3.431138
v -4.190713 0.778036 3.414577
v -4.194449 0.700000 3.408986
v -4.190713 0.621964 3.414577
v -4.179648 0.546927 3.431138
v -4.161679 0.477772 3.458031
v -4.137496 0.417157 3.494222
v -4.108030 0.367412 3.538321
v -4.074412 0.330448 3.588634
v -4.037935 0.307686 3.643226
v -4.026130 1.092314 3.636916
v -4.051256 1.069552 3.576257
v -4.074412 1.032588 3.520352
v -4.094709 0.982843 3.471352
v -4.111366 0.922228 3.431138
v -4.123744 0.853073 3.401257
v -4.131365 0.778036 3.382856
v -4.133939 0.700000 3.376642
v -4.131365 0.621964 3.382856
v -4.123744 0.546927 3.401257
v -4.111366 0.477772 3.431138
v -4.094709 0.417157 3.471352
v -4.074412 0.367412 3.520352
v -4.051256 0.330448 3.576257
v -4.026130 0.307686 3.636916
v -4.013321 1.092314 3.633030
v -4.026130 1.069552 3.568635
v -4.037935 1.032588 3.509287
v -4.048282 0.982843 3.457268
v -4.056774 0.922228 3.414578
v -4.063084 0.853073 3.382856
v -4.066969 0.778036 3.363321
v -4.068281 0.700000 3.356726
v -4.066969 0.621964 3.363321
v -4.063084 0.546927 3.382856
v -4.056774 0.477772 3.414578
v -4.048282 0.417157 3.457268
v -4.037935 0.367412 3.509287
v -4.026130 0.330448 3.568635
v -4.013321 0.307686 3.633030
v -4.000000 1.092314 3.631719
v -4.000000 1.069552 3.566061
v -4.000000 0.982843 3.452513
v -4.000000 0.853073 3.376642
v -4.000000 0.546927 3.376642
v -4.000000 0.417157 3.452513
v -4.000000 0.367412 3.505551
v -4.000000 0.330448 3.566061
v -4.000000 0.307686 3.631719
vn 0.0322 -0.9443 -0.3274
vn 0.0977 0.0855 -0.9915
vn 0.0110 0.9937 -0.1118
vn 0.0110 -0.9937 -0.1118
vn 0.0977 -0.0855 -0.9915
vn 0.0322 0.9443 -0.3274
vn 0.0948 -0.2554 -0.9622
vn 0.0513 0.8523 -0.5206
vn 0.0889 -0.4220 -0.9022
vn 0.0672 0.7277 -0.6826
vn 0.0797 -0.5814 -0.8097
vn 0.0797 0.5814 -0.8097
vn 0.0672 -0.7277 -0.6826
vn 0.0889 0.4220 -0.9022
vn 0.0513 -0.8523 -0.5206
vn 0.0948 0.2554 -0.9622
vn 0.1519 -0.8523 -0.5006
vn 0.2807 0.2554 -0.9252
vn 0.0955 -0.9443 -0.3148
vn 0.2892 0.0855 -0.9534
vn 0.0326 0.9937 -0.1076
vn 0.0326 -0.9937 -0.1076
vn 0.2892 -0.0855 -0.9534
vn 0.0955 0.9443 -0.3148
vn 0.2807 -0.2554 -0.9252
vn 0.1519 0.8523 -0.5006
vn 0.2632 -0.4220 -0.8676
vn 0.1991 0.7277 -0.6563
vn 0.2362 -0.5814 -0.7786
vn 0.2362 0.5814 -0.7786
vn 0.1991 -0.7277 -0.6563
vn 0.2632 0.4220 -0.8676
vn 0.2466 0.8523 -0.4614
vn 0.4274 -0.4220 -0.7996
vn 0.3233 0.7277 -0.6049
vn 0.3835 -0.5814 -0.7175
vn 0.3835 0.5814 -0.7175
vn 0.3233 -0.7277 -0.6049
vn 0.4274 0.4220 -0.7996
vn 0.2466 -0.8523 -0.4614
vn 0.4558 0.2554 -0.8527
vn 0.1551 -0.9443 -0.2901
vn 0.4697 0.0855 -0.8787
vn 0.0530 0.9937 -0.0991
vn 0.0530 -0.9937 -0.0991
vn 0.4697 -0.0855 -0.8787
vn 0.1551 0.9443 -0.2901
vn 0.4558 -0.2554 -0.8527
vn 0.6134 0.2554 -0.7474
vn 0.2087 -0.9443 -0.2543
vn 0.6321 0.0855 -0.7702
vn 0.0713 0.9937 -0.0869
vn 0.0713 -0.9937 -0.0869
vn 0.6321 -0.0855 -0.7702
vn 0.2087 0.9443 -0.2543
vn 0.6134 -0.2554 -0.7474
vn 0.3319 0.8523 -0.4044
vn 0.5751 -0.4220 -0.7008
vn 0.4351 0.7277 -0.5302
vn 0.5161 -0.5814 -0.6289
vn 0.5161 0.5814 -0.6289
vn 0.4351 -0.7277 -0.5302
vn 0.5751 0.4220 -0.7008
vn 0.3319 -0.8523 -0.4044
vn 0.7008 -0.4220 -0.5751
vn 0.5302 0.7277 -0.4351
vn 0.6289 -0.5814 -0.5161
vn 0.6289 0.5814 -0.5161
vn 0.5302 -0.7277 -0.4351
vn 0.7008 0.4220 -0.5751
vn 0.4044 -0.8523 -0.3319
vn 0.7474 0.2554 -0.6134
vn 0.2543 -0.9443 -0.2087
vn 0.7702 0.0855 -0.6321
vn 0.0869 0.9937 -0.0713
vn 0.0869 -0.9937 -0.0713
vn 0.7702 -0.0855 -0.6321
vn 0.2543 0.9443 -0.2087
vn 0.7474 -0.2554 -0.6134
vn 0.4044 0.8523 -0.3319
vn 0.2901 -0.9443 -0.1551
vn 0.8787 0.0855 -0.4697
vn 0.0991 0.9937 -0.0530
vn 0.0991 -0.9937 -0.0530
vn 0.8787 -0.0855 -0.4697
vn 0.2901 0.9443 -0.1551
vn 0.8527 -0.2554 -0.4558
vn 0.4614 0.8523 -0.2466
vn 0.7996 -0.4220 -0.4274
vn 0.6049 0.7277 -0.3233
vn 0.7175 -0.5814 -0.3835
vn 0.7175 0.5814 -0.3835
vn 0.6049 -0.7277 -0.3233
vn 0.7996 0.4220 -0.4274
vn 0.4614 -0.8523 -0.2466
vn 0.8527 0.2554 -0.4558
vn 0.6563 0.7277 -0.1991
vn 0.7786 -0.5814 -0.2362
vn 0.7786 0.5814 -0.2362
vn 0.6563 -0.7277 -0.1991
vn 0.8676 0.4220 -0.2632
vn 0.5006 -0.8523 -0.1519
vn 0.9252 0.2554 -0.2807
vn 0.3148 -0.9443 -0.0955
vn 0.9534 0.0855 -0.2892
vn 0.1075 0.9937 -0.0326
vn 0.1075 -0.9937 -0.0326
vn 0.9534 -0.0855 -0.2892
vn 0.3148 0.9443 -0.0955
vn 0.9252 -0.2554 -0.2807
vn 0.5006 0.8523 -0.1519
vn 0.8676 -0.4220 -0.2632
vn 0.9915 0.0855 -0.0977
vn 0.1118 0.9937 -0.0110
vn 0.1118 -0.9937 -0.0110
vn 0.9915 -0.0855 -0.0977
vn 0.3274 0.9443 -0.0322
vn 0.9622 -0.2554 -0.0948
vn 0.5206 0.8523 -0.0513
vn 0.9022 -0.4220 -0.0889
vn 0.6826 0.7277 -0.0672
vn 0.8097 -0.5814 -0.0797
vn 0.8097 0.5814 -0.0797
vn 0.6826 -0.7277 -0.0672
vn 0.9022 0.4220 -0.0889
vn 0.5206 -0.8523 -0.0513
vn 0.9622 0.2554 -0.0948
vn 0.3274 -0.9443 -0.0322
vn 0.8097 -0.5814 0.0797
vn 0.8097 0.5814 0.0797
vn 0.6826 -0.7277 0.0672
vn 0.9022 0.4220 0.0889
vn 0.5206 -0.8523 0.0513
vn 0.9622 0.2554 0.0948
vn 0.3274 -0.9443 0.0322
vn 0.9915 0.0855 0.0977
vn 0.1118 0.9937 0.0110
vn 0.1118 -0.9937 0.0110
vn 0.9915 -0.0855 0.0977
vn 0.3274 0.9443 0.0322
vn 0.9622 -0.2554 0.0948
vn 0.5206 0.8523 0.0513
vn 0.9022 -0.4220 0.0889
vn 0.6826 0.7277 0.0672
vn 0.1075 -0.9937 0.0326
vn 0.9534 -0.0855 0.2892
vn 0.3148 0.9443 0.0955
vn 0.9252 -0.2554 0.2807
vn 0.5006 0.8523 0.1519
vn 0.8676 -0.4220 0.2632
vn 0.6563 0.7277 0.1991
vn 0.7786 -0.5814 0.2362
vn 0.7786 0.5814 0.2362
vn 0.6563 -0.7277 0.1991
vn 0.8676 0.4220 0.2632
vn 0.5006 -0.8523 0.1519
vn 0.9252 0.2554 0.2807
vn 0.3148 -0.9443 0.0955
vn 0.9534 0.0855 0.2892
vn 0.1075 0.9937 0.0326
vn 0.6049 -0.7277 0.3233
vn 0.7996 0.4220 0.4274
vn 0.4614 -0.8523 0.2466
vn 0.8527 0.2554 0.4558
vn 0.2901 -0.9443 0.1551
vn 0.8787 0.0855 0.4697
vn 0.0991 0.9937 0.0530
vn 0.0991 -0.9937 0.0530
vn 0.8787 -0.0855 0.4697
vn 0.2901 0.9443 0.1551
vn 0.8527 -0.2554 0.4558
vn 0.4614 0.8523 0.2466
vn 0.7996 -0.4220 0.4274
vn 0.6049 0.7277 0.3233
vn 0.7175 -0.5814 0.3835
vn 0.7175 0.5814 0.3835
vn 0.2543 0.9443 0.2087
vn 0.7474 -0.2554 0.6134
vn 0.4044 0.8523 0.3319
vn 0.7008 -0.4220 0.5751
vn 0.5302 0.7277 0.4351
vn 0.6289 -0.5814 0.5161
vn 0.6289 0.5814 0.5161
vn 0.5302 -0.7277 0.4351
vn 0.7008 0.4220 0.5751
vn 0.4044 -0.8523 0.3319
vn 0.7474 0.2554 0.6134
vn 0.2543 -0.9443 0.2087
vn 0.7702 0.0855 0.6321
vn 0.0869 0.9937 0.0713
vn 0.0869 -0.9937 0.0713
vn 0.7702 -0.0855 0.6321
vn 0.5751 0.4220 0.7008
vn 0.3319 -0.8523 0.4044
vn 0.6134 0.2554 0.7474
vn 0.2087 -0.9443 0.2543
vn 0.6321 0.0855 0.7702
vn 0.0713 0.9937 0.0869
vn 0.0713 -0.9937 0.0869
vn 0.6321 -0.0855 0.7702
vn 0.2087 0.9443 0.2543
vn 0.6134 -0.2554 0.7474
vn 0.3319 0.8523 0.4044
vn 0.5751 -0.4220 0.7008
vn 0.4351 0.7277 0.5302
vn 0.5161 -0.5814 0.6289
vn 0.5161 0.5814 0.6289
vn 0.4351 -0.7277 0.5302
vn 0.4558 -0.2554 0.8527
vn 0.2466 0.8523 0.4614
vn 0.4274 -0.4220 0.7996
vn 0.3233 0.7277 0.6049
vn 0.3835 -0.5814 0.7175
vn 0.3835 0.5814 0.7175
vn 0.3233 -0.7277 0.6049
vn 0.4274 0.4220 0.7996
vn 0.2466 -0.8523 0.4614
vn 0.4558 0.2554 0.8527
vn 0.1551 -0.9443 0.2901
vn 0.4697 0.0855 0.8787
vn 0.0530 0.9937 0.0991
vn 0.0530 -0.9937 0.0991
vn 0.4697 -0.0855 0.8787
vn 0.1551 0.9443 0.2901
vn 0.1519 -0.8523 0.5006
vn 0.2807 0.2554 0.9252
vn 0.0955 -0.9443 0.3148
vn 0.2892 0.0855 0.9534
vn 0.0326 0.9937 0.1076
vn 0.0326 -0.9937 0.1076
vn 0.2892 -0.0855 0.9534
vn 0.0955 0.9443 0.3148
vn 0.2807 -0.2554 0.9252
vn 0.1519 0.8523 0.5006
vn 0.2632 -0.4220 0.8676
vn 0.1991 0.7277 0.6563
vn 0.2362 -0.5814 0.7786
vn 0.2362 0.5814 0.7786
vn 0.1991 -0.7277 0.6563
vn 0.2632 0.4220 0.8676
vn 0.0513 0.8523 0.5206
vn 0.0889 -0.4220 0.9022
vn 0.0672 0.7277 0.6826
vn 0.0797 -0.5814 0.8097
vn 0.0797 0.5814 0.8097
vn 0.0672 -0.7277 0.6826
vn 0.0889 0.4220 0.9022
vn 0.0513 -0.8523 0.5206
vn 0.0948 0.2554 0.9622
vn 0.0322 -0.9443 0.3274
vn 0.0977 0.0855 0.9915
vn 0.0110 0.9937 0.1118
vn 0.0110 -0.9937 0.1118
vn 0.0977 -0.0855 0.9915
vn 0.0322 0.9443 0.3274
vn 0.0948 -0.2554 0.9622
vn -0.0948 0.2554 0.9622
vn -0.0322 -0.9443 0.3274
vn -0.0977 0.0854 0.9915
vn -0.0110 0.9937 0.1118
vn -0.0110 -0.9937 0.1118
vn -0.0977 -0.0854 0.9915
vn -0.0322 0.9443 0.3274
vn -0.0948 -0.2554 0.9622
vn -0.0513 0.8523 0.5206
vn -0.0889 -0.4220 0.9022
vn -0.0672 0.7277 0.6826
vn -0.0797 -0.5814 0.8097
vn -0.0797 0.5814 0.8097
vn -0.0672 -0.7277 0.6826
vn -0.0889 0.4220 0.9022
vn -0.0513 -0.8523 0.5206
vn -0.2632 -0.4220 0.8676
vn -0.1991 0.7277 0.6563
vn -0.2362 -0.5814 0.7786
vn -0.2362 0.5814 0.7786
vn -0.1991 -0.7277 0.6563
vn -0.2632 0.4220 0.8676
vn -0.1519 -0.8523 0.5006
vn -0.2807 0.2554 0.9252
vn -0.0955 -0.9443 0.3148
vn -0.2892 0.0854 0.9534
vn -0.0326 0.9937 0.1076
vn -0.0326 -0.9937 0.1076
vn -0.2892 -0.0854 0.9534
vn -0.0955 0.9443 0.3148
vn -0.2807 -0.2554 0.9252
vn -0.1519 0.8523 0.5006
vn -0.1551 -0.9443 0.2901
vn -0.4697 0.0854 0.8787
vn -0.0530 0.9937 0.0991
vn -0.0530 -0.9937 0.0991
vn -0.4697 -0.0854 0.8787
vn -0.1551 0.9443 0.2901
vn -0.4558 -0.2554 0.8527
vn -0.2466 0.8523 0.4614
vn -0.4274 -0.4220 0.7996
vn -0.3233 0.7277 0.6049
vn -0.3835 -0.5814 0.7175
vn -0.3835 0.5814 0.7175
vn -0.3233 -0.7277 0.6049
vn -0.4274 0.4220 0.7996
vn -0.2466 -0.8523 0.4614
vn -0.4558 0.2554 0.8527
vn -0.5161 -0.5814 0.6289
vn -0.5161 0.5814 0.6289
vn -0.4351 -0.7277 0.5302
vn -0.5751 0.4220 0.7008
vn -0.3319 -0.8523 0.4044
vn -0.6134 0.2554 0.7474
vn -0.2087 -0.9443 0.2543
vn -0.6321 0.0854 0.7702
vn -0.0713 0.9937 0.0869
vn -0.0713 -0.9937 0.0869
vn -0.6321 -0.0854 0.7702
vn -0.2087 0.9443 0.2543
vn -0.6134 -0.2554 0.7474
vn -0.3319 0.8523 0.4044
vn -0.5751 -0.4220 0.7008
vn -0.4351 0.7277 0.5302
vn -0.0869 0.9937 0.0713
vn -0.0869 -0.9937 0.0713
vn -0.7702 -0.0854 0.6321
vn -0.2543 0.9443 0.2087
vn -0.7474 -0.2554 0.6134
vn -0.4044 0.8523 0.3319
vn -0.7008 -0.4220 0.5751
vn -0.5302 0.7277 0.4351
vn -0.6289 -0.5814 0.5161
vn -0.6289 0.5814 0.5161
vn -0.5302 -0.7277 0.4351
vn -0.7008 0.4220 0.5751
vn -0.4044 -0.8523 0.3319
vn -0.7474 0.2554 0.6134
vn -0.2543 -0.9443 0.2087
vn -0.7702 0.0854 0.6321
vn -0.7175 0.5814 0.3835
vn -0.6049 -0.7277 0.3233
vn -0.7996 0.4220 0.4274
vn -0.4614 -0.8523 0.2466
vn -0.8527 0.2554 0.4558
vn -0.2901 -0.9443 0.1551
vn -0.8787 0.0854 0.4697
vn -0.0991 0.9937 0.0530
vn -0.0991 -0.9937 0.0530
vn -0.8787 -0.0854 0.4697
vn -0.2901 0.9443 0.1551
vn -0.8527 -0.2554 0.4558
vn -0.4614 0.8523 0.2466
vn -0.7996 -0.4220 0.4274
vn -0.6049 0.7277 0.3233
vn -0.7175 -0.5814 0.3835
vn -0.9534 -0.0854 0.2892
vn -0.3148 0.9443 0.0955
vn -0.9252 -0.2554 0.2807
vn -0.5006 0.8523 0.1519
vn -0.8676 -0.4220 0.2632
vn -0.6563 0.7277 0.1991
vn -0.7786 -0.5814 0.2362
vn -0.7786 0.5814 0.2362
vn -0.6563 -0.7277 0.1991
vn -0.8676 0.4220 0.2632
vn -0.5006 -0.8523 0.1519
vn -0.9252 0.2554 0.2807
vn -0.3148 -0.9443 0.0955
vn -0.9534 0.0854 0.2892
vn -0.1075 0.9937 0.0326
vn -0.1075 -0.9937 0.0326
vn -0.6826 -0.7277 0.0672
vn -0.9022 0.4220 0.0889
vn -0.5206 -0.8523 0.0513
vn -0.9622 0.2554 0.0948
vn -0.3274 -0.9443 0.0322
vn -0.9915 0.0854 0.0977
vn -0.1118 0.9937 0.0110
vn -0.1118 -0.9937 0.0110
vn -0.9915 -0.0854 0.0977
vn -0.3274 0.9443 0.0322
vn -0.9622 -0.2554 0.0948
vn -0.5206 0.8523 0.0513
vn -0.9022 -0.4220 0.0889
vn -0.6826 0.7277 0.0672
vn -0.8097 -0.5814 0.0797
vn -0.8097 0.5814 0.0797
vn -0.3274 0.9443 -0.0322
vn -0.9622 -0.2554 -0.0948
vn -0.5206 0.8523 -0.0513
vn -0.9022 -0.4220 -0.0889
vn -0.6826 0.7277 -0.0672
vn -0.8097 -0.5814 -0.0797
vn -0.8097 0.5814 -0.0797
vn -0.6826 -0.7277 -0.0672
vn -0.9022 0.4220 -0.0889
vn -0.5206 -0.8523 -0.0513
vn -0.9622 0.2554 -0.0948
vn -0.3274 -0.9443 -0.0322
vn -0.9915 0.0854 -0.0977
vn -0.1118 0.9937 -0.0110
vn -0.1118 -0.9937 -0.0110
vn -0.9915 -0.0854 -0.0977
vn -0.8676 0.4220 -0.2632
vn -0.5006 -0.8523 -0.1519
vn -0.9252 0.2554 -0.2807
vn -0.3148 -0.9443 -0.0955
vn -0.9534 0.0854 -0.2892
vn -0.1076 0.9937 -0.0326
vn -0.1075 -0.9937 -0.0326
vn -0.9534 -0.0854 -0.2892
vn -0.3148 0.9443 -0.0955
vn -0.9252 -0.2554 -0.2807
vn -0.5006 0.8523 -0.1519
vn -0.8676 -0.4220 -0.2632
vn -0.6563 0.7277 -0.1991
vn -0.7786 -0.5814 -0.2362
vn -0.7786 0.5814 -0.2362
vn -0.6563 -0.7277 -0.1991
vn -0.8527 -0.2554 -0.4558
vn -0.4614 0.8523 -0.2466
vn -0.7996 -0.4220 -0.4274
vn -0.6049 0.7277 -0.3233
vn -0.7175 -0.5814 -0.3835
vn -0.7175 0.5814 -0.3835
vn -0.6049 -0.7277 -0.3233
vn -0.7996 0.4220 -0.4274
vn -0.4614 -0.8523 -0.2466
vn -0.8527 0.2554 -0.4558
vn -0.2901 -0.9443 -0.1551
vn -0.8787 0.0854 -0.4697
vn -0.0991 0.9937 -0.0530
vn -0.0991 -0.9937 -0.0530
vn -0.8787 -0.0854 -0.4697
vn -0.2901 0.9443 -0.1551
vn -0.4044 -0.8523 -0.3319
vn -0.7474 0.2554 -0.6134
vn -0.2543 -0.9443 -0.2087
vn -0.7702 0.0854 -0.6321
vn -0.0869 0.9937 -0.0713
vn -0.0869 -0.9937 -0.0713
vn -0.7702 -0.0854 -0.6321
vn -0.2543 0.9443 -0.2087
vn -0.7474 -0.2554 -0.6134
vn -0.4044 0.8523 -0.3319
vn -0.7008 -0.4220 -0.5751
vn -0.5302 0.7277 -0.4351
vn -0.6289 -0.5814 -0.5161
vn -0.6289 0.5814 -0.5161
vn -0.5302 -0.7277 -0.4351
vn -0.7008 0.4220 -0.5751
vn -0.5751 -0.4220 -0.7008
vn -0.4351 0.7277 -0.5302
vn -0.5161 -0.5814 -0.6289
vn -0.5161 0.5814 -0.6289
vn -0.4351 -0.7277 -0.5302
vn -0.5751 0.4220 -0.7008
vn -0.3319 -0.8523 -0.4044
vn -0.6134 0.2554 -0.7474
vn -0.2087 -0.9443 -0.2543
vn -0.6321 0.0854 -0.7702
vn -0.0713 0.9937 -0.0869
vn -0.0713 -0.9937 -0.0869
vn -0.6321 -0.0854 -0.7702
vn -0.2087 0.9443 -0.2543
vn -0.6134 -0.2554 -0.7474
vn -0.3319 0.8523 -0.4044
vn -0.1551 -0.9443 -0.2901
vn -0.4697 0.0854 -0.8787
vn -0.0530 0.9937 -0.0991
vn -0.0530 -0.9937 -0.0991
vn -0.4697 -0.0854 -0.8787
vn -0.1551 0.9443 -0.2901
vn -0.4558 -0.2554 -0.8527
vn -0.2466 0.8523 -0.4614
vn -0.4274 -0.4220 -0.7996
vn -0.3233 0.7277 -0.6049
vn -0.3835 -0.5814 -0.7175
vn -0.3835 0.5814 -0.7175
vn -0.3233 -0.7277 -0.6049
vn -0.4274 0.4220 -0.7996
vn -0.2466 -0.8523 -0.4614
vn -0.4558 0.2554 -0.8527
vn -0.1991 0.7277 -0.6563
vn -0.2362 -0.5814 -0.7786
vn -0.2362 0.5814 -0.7786
vn -0.1991 -0.7277 -0.6563
vn -0.2632 0.4220 -0.8676
vn -0.1519 -0.8523 -0.5006
vn -0.2807 0.2554 -0.9252
vn -0.0955 -0.9443 -0.3148
vn -0.2892 0.0854 -0.9534
vn -0.0326 0.9937 -0.1076
vn -0.0326 -0.9937 -0.1076
vn -0.2892 -0.0854 -0.9534
vn -0.0955 0.9443 -0.3148
vn -0.2807 -0.2554 -0.9252
vn -0.1519 0.8523 -0.5006
vn -0.2632 -0.4220 -0.8676
vn -0.0977 0.0855 -0.9915
vn -0.0110 0.9937 -0.1118
vn -0.0110 -0.9937 -0.1118
vn -0.0977 -0.0855 -0.9915
vn -0.0322 0.9443 -0.3274
vn -0.0948 -0.2554 -0.9622
vn -0.0513 0.8523 -0.5206
vn -0.0889 -0.4220 -0.9022
vn -0.0672 0.7277 -0.6826
vn -0.0797 -0.5814 -0.8097
vn -0.0797 0.5814 -0.8097
vn -0.0672 -0.7277 -0.6826
vn -0.0889 0.4220 -0.9022
vn -0.0513 -0.8523 -0.5206
vn -0.0948 0.2554 -0.9622
vn -0.0322 -0.9443 -0.3274
vt 0.750000 0.062500
vt 0.750000 0.125000
vt 0.718750 0.125000
vt 0.718750 0.062500
vt 0.750000 0.500000
vt 0.750000 0.562500
vt 0.718750 0.562500
vt 0.718750 0.500000
vt 0.750000 0.937500
vt 0.734375 1.000000
vt 0.718750 0.937500
vt 0.734375 0.000000
vt 0.750000 0.437500
vt 0.718750 0.437500
vt 0.750000 0.875000
vt 0.718750 0.875000
vt 0.750000 0.375000
vt 0.718750 0.375000
vt 0.750000 0.812500
vt 0.718750 0.812500
vt 0.750000 0.312500
vt 0.718750 0.312500
vt 0.750000 0.750000
vt 0.718750 0.750000
vt 0.750000 0.250000
vt 0.718750 0.250000
vt 0.750000 0.687500
vt 0.718750 0.687500
vt 0.750000 0.187500
vt 0.718750 0.187500
vt 0.750000 0.625000
vt 0.718750 0.625000
vt 0.687500 0.187500
vt 0.687500 0.125000
vt 0.687500 0.625000
vt 0.687500 0.562500
vt 0.687500 0.062500
vt 0.687500 0.500000
vt 0.703125 1.000000
vt 0.687500 0.937500
vt 0.703125 0.000000
vt 0.687500 0.437500
vt 0.687500 0.875000
vt 0.687500 0.375000
vt 0.687500 0.812500
vt 0.687500 0.312500
vt 0.687500 0.750000
vt 0.687500 0.250000
vt 0.687500 0.687500
vt 0.656250 0.875000
vt 0.656250 0.812500
vt 0.656250 0.375000
vt 0.656250 0.312500
vt 0.656250 0.750000
vt 0.656250 0.250000
vt 0.656250 0.687500
vt 0.656250 0.187500
vt 0.656250 0.625000
vt 0.656250 0.125000
vt 0.656250 0.562500
vt 0.656250 0.062500
vt 0.656250 0.500000
vt 0.671875 1.000000
vt 0.656250 0.937500
vt 0.671875 0.000000
vt 0.656250 0.437500
vt 0.625000 0.625000
vt 0.625000 0.562500
vt 0.625000 0.125000
vt 0.625000 0.062500
vt 0.625000 0.500000
vt 0.640625 1.000000
vt 0.625000 0.937500
vt 0.640625 0.000000
vt 0.625000 0.437500
vt 0.625000 0.875000
vt 0.625000 0.375000
vt 0.625000 0.812500
vt 0.625000 0.312500
vt 0.625000 0.750000
vt 0.625000 0.250000
vt 0.625000 0.687500
vt 0.625000 0.187500
vt 0.593750 0.375000
vt 0.593750 0.312500
vt 0.593750 0.812500
vt 0.593750 0.750000
vt 0.593750 0.250000
vt 0.593750 0.687500
vt 0.593750 0.187500
vt 0.593750 0.625000
vt 0.593750 0.125000
vt 0.593750 0.562500
vt 0.593750 0.062500
vt 0.593750 0.500000
vt 0.609375 1.000000
vt 0.593750 0.937500
vt 0.609375 0.000000
vt 0.593750 0.437500
vt 0.593750 0.875000
vt 0.562500 0.125000
vt 0.562500 0.062500
vt 0.562500 0.562500
vt 0.562500 0.500000
vt 0.578125 1.000000
vt 0.562500 0.937500
vt 0.578125 0.000000
vt 0.562500 0.437500
vt 0.562500 0.875000
vt 0.562500 0.375000
vt 0.562500 0.812500
vt 0.562500 0.312500
vt 0.562500 0.750000
vt 0.562500 0.250000
vt 0.562500 0.687500
vt 0.562500 0.187500
vt 0.562500 0.625000
vt 0.531250 0.812500
vt 0.531250 0.750000
vt 0.531250 0.312500
vt 0.531250 0.250000
vt 0.531250 0.687500
vt 0.531250 0.187500
vt 0.531250 0.625000
vt 0.531250 0.125000
vt 0.531250 0.562500
vt 0.531250 0.062500
vt 0.531250 0.500000
vt 0.546875 1.000000
vt 0.531250 0.937500
vt 0.546875 0.000000
vt 0.531250 0.437500
vt 0.531250 0.875000
vt 0.531250 0.375000
vt 0.500000 0.562500
vt 0.500000 0.500000
vt 0.515625 1.000000
vt 0.500000 0.937500
vt 0.515625 0.000000
vt 0.500000 0.062500
vt 0.500000 0.437500
vt 0.500000 0.875000
vt 0.500000 0.375000
vt 0.500000 0.812500
vt 0.500000 0.312500
vt 0.500000 0.750000
vt 0.500000 0.250000
vt 0.500000 0.687500
vt 0.500000 0.187500
vt 0.500000 0.625000
vt 0.500000 0.125000
vt 0.468750 0.312500
vt 0.468750 0.250000
vt 0.468750 0.750000
vt 0.468750 0.687500
vt 0.468750 0.187500
vt 0.468750 0.625000
vt 0.468750 0.125000
vt 0.468750 0.562500
vt 0.468750 0.062500
vt 0.468750 0.500000
vt 0.484375 1.000000
vt 0.468750 0.937500
vt 0.484375 0.000000
vt 0.468750 0.437500
vt 0.468750 0.875000
vt 0.468750 0.375000
vt 0.468750 0.812500
vt 0.453125 0.000000
vt 0.437500 0.062500
vt 0.437500 0.500000
vt 0.437500 0.437500
vt 0.437500 0.937500
vt 0.437500 0.875000
vt 0.437500 0.375000
vt 0.437500 0.812500
vt 0.437500 0.312500
vt 0.437500 0.750000
vt 0.437500 0.250000
vt 0.437500 0.687500
vt 0.437500 0.187500
vt 0.437500 0.625000
vt 0.437500 0.125000
vt 0.437500 0.562500
vt 0.453125 1.000000
vt 0.406250 0.250000
vt 0.406250 0.187500
vt 0.406250 0.687500
vt 0.406250 0.625000
vt 0.406250 0.125000
vt 0.406250 0.562500
vt 0.406250 0.062500
vt 0.406250 0.500000
vt 0.421875 1.000000
vt 0.406250 0.937500
vt 0.421875 0.000000
vt 0.406250 0.437500
vt 0.406250 0.875000
vt 0.406250 0.375000
vt 0.406250 0.812500
vt 0.406250 0.312500
vt 0.406250 0.750000
vt 0.375000 0.937500
vt 0.375000 0.875000
vt 0.375000 0.437500
vt 0.375000 0.375000
vt 0.375000 0.812500
vt 0.375000 0.312500
vt 0.375000 0.750000
vt 0.375000 0.250000
vt 0.375000 0.687500
vt 0.375000 0.187500
vt 0.375000 0.625000
vt 0.375000 0.125000
vt 0.375000 0.562500
vt 0.375000 0.062500
vt 0.375000 0.500000
vt 0.390625 1.000000
vt 0.390625 0.000000
vt 0.343750 0.687500
vt 0.343750 0.625000
vt 0.343750 0.187500
vt 0.343750 0.125000
vt 0.343750 0.562500
vt 0.343750 0.062500
vt 0.343750 0.500000
vt 0.359375 1.000000
vt 0.343750 0.937500
vt 0.359375 0.000000
vt 0.343750 0.437500
vt 0.343750 0.875000
vt 0.343750 0.375000
vt 0.343750 0.812500
vt 0.343750 0.312500
vt 0.343750 0.750000
vt 0.343750 0.250000
vt 0.312500 0.437500
vt 0.312500 0.375000
vt 0.312500 0.875000
vt 0.312500 0.812500
vt 0.312500 0.312500
vt 0.312500 0.750000
vt 0.312500 0.250000
vt 0.312500 0.687500
vt 0.312500 0.187500
vt 0.312500 0.625000
vt 0.312500 0.125000
vt 0.312500 0.562500
vt 0.312500 0.062500
vt 0.312500 0.500000
vt 0.328125 1.000000
vt 0.312500 0.937500
vt 0.328125 0.000000
vt 0.281250 0.187500
vt 0.281250 0.125000
vt 0.281250 0.625000
vt 0.281250 0.562500
vt 0.281250 0.062500
vt 0.281250 0.500000
vt 0.296875 1.000000
vt 0.281250 0.937500
vt 0.296875 0.000000
vt 0.281250 0.437500
vt 0.281250 0.875000
vt 0.281250 0.375000
vt 0.281250 0.812500
vt 0.281250 0.312500
vt 0.281250 0.750000
vt 0.281250 0.250000
vt 0.281250 0.687500
vt 0.250000 0.875000
vt 0.250000 0.812500
vt 0.250000 0.375000
vt 0.250000 0.312500
vt 0.250000 0.750000
vt 0.250000 0.250000
vt 0.250000 0.687500
vt 0.250000 0.187500
vt 0.250000 0.625000
vt 0.250000 0.125000
vt 0.250000 0.562500
vt 0.250000 0.062500
vt 0.250000 0.500000
vt 0.265625 1.000000
vt 0.250000 0.937500
vt 0.265625 0.000000
vt 0.250000 0.437500
vt 0.218750 0.625000
vt 0.218750 0.562500
vt 0.218750 0.125000
vt 0.218750 0.062500
vt 0.218750 0.500000
vt 0.234375 1.000000
vt 0.218750 0.937500
vt 0.234375 0.000000
vt 0.218750 0.437500
vt 0.218750 0.875000
vt 0.218750 0.375000
vt 0.218750 0.812500
vt 0.218750 0.312500
vt 0.218750 0.750000
vt 0.218750 0.250000
vt 0.218750 0.687500
vt 0.218750 0.187500
vt 0.187500 0.375000
vt 0.187500 0.312500
vt 0.187500 0.812500
vt 0.187500 0.750000
vt 0.187500 0.250000
vt 0.187500 0.687500
vt 0.187500 0.187500
vt 0.187500 0.625000
vt 0.187500 0.125000
vt 0.187500 0.562500
vt 0.187500 0.062500
vt 0.187500 0.500000
vt 0.203125 1.000000
vt 0.187500 0.937500
vt 0.203125 0.000000
vt 0.187500 0.437500
vt 0.187500 0.875000
vt 0.156250 0.125000
vt 0.156250 0.062500
vt 0.156250 0.562500
vt 0.156250 0.500000
vt 0.171875 1.000000
vt 0.156250 0.937500
vt 0.171875 0.000000
vt 0.156250 0.437500
vt 0.156250 0.875000
vt 0.156250 0.375000
vt 0.156250 0.812500
vt 0.156250 0.312500
vt 0.156250 0.750000
vt 0.156250 0.250000
vt 0.156250 0.687500
vt 0.156250 0.187500
vt 0.156250 0.625000
vt 0.125000 0.312500
vt 0.125000 0.250000
vt 0.125000 0.750000
vt 0.125000 0.687500
vt 0.125000 0.187500
vt 0.125000 0.625000
vt 0.125000 0.125000
vt 0.125000 0.562500
vt 0.125000 0.062500
vt 0.125000 0.500000
vt 0.140625 1.000000
vt 0.125000 0.937500
vt 0.140625 0.000000
vt 0.125000 0.437500
vt 0.125000 0.875000
vt 0.125000 0.375000
vt 0.125000 0.812500
vt 0.109375 1.000000
vt 0.093750 0.937500
vt 0.109375 0.000000
vt 0.093750 0.062500
vt 0.093750 0.500000
vt 0.093750 0.437500
vt 0.093750 0.875000
vt 0.093750 0.375000
vt 0.093750 0.812500
vt 0.093750 0.312500
vt 0.093750 0.750000
vt 0.093750 0.250000
vt 0.093750 0.687500
vt 0.093750 0.187500
vt 0.093750 0.625000
vt 0.093750 0.125000
vt 0.093750 0.562500
vt 0.062500 0.750000
vt 0.062500 0.687500
vt 0.062500 0.250000
vt 0.062500 0.187500
vt 0.062500 0.625000
vt 0.062500 0.125000
vt 0.062500 0.562500
vt 0.062500 0.062500
vt 0.062500 0.500000
vt 0.078125 1.000000
vt 0.062500 0.937500
vt 0.078125 0.000000
vt 0.062500 0.437500
vt 0.062500 0.875000
vt 0.062500 0.375000
vt 0.062500 0.812500
vt 0.062500 0.312500
vt 0.031250 0.500000
vt 0.031250 0.437500
vt 0.031250 0.937500
vt 0.031250 0.875000
vt 0.031250 0.375000
vt 0.031250 0.812500
vt 0.031250 0.312500
vt 0.031250 0.750000
vt 0.031250 0.250000
vt 0.031250 0.687500
vt 0.031250 0.187500
vt 0.031250 0.625000
vt 0.031250 0.125000
vt 0.031250 0.562500
vt 0.031250 0.062500
vt 0.046875 1.000000
vt 0.046875 0.000000
vt 0.000000 0.250000
vt 0.000000 0.187500
vt 0.000000 0.687500
vt 0.000000 0.625000
vt 0.000000 0.125000
vt 0.000000 0.562500
vt 0.000000 0.062500
vt 0.000000 0.500000
vt 0.015625 1.000000
vt 0.000000 0.937500
vt 0.015625 0.000000
vt 0.000000 0.437500
vt 0.000000 0.875000
vt 0.000000 0.375000
vt 0.000000 0.812500
vt 0.000000 0.312500
vt 0.000000 0.750000
vt 1.000000 0.875000
vt 1.000000 0.937500
vt 0.968750 0.937500
vt 0.968750 0.875000
vt 1.000000 0.375000
vt 1.000000 0.437500
vt 0.968750 0.437500
vt 0.968750 0.375000
vt 1.000000 0.812500
vt 0.968750 0.812500
vt 1.000000 0.312500
vt 0.968750 0.312500
vt 1.000000 0.750000
vt 0.968750 0.750000
vt 1.000000 0.250000
vt 0.968750 0.250000
vt 1.000000 0.687500
vt 0.968750 0.687500
vt 1.000000 0.187500
vt 0.968750 0.187500
vt 1.000000 0.625000
vt 0.968750 0.625000
vt 1.000000 0.125000
vt 0.968750 0.125000
vt 1.000000 0.562500
vt 0.968750 0.562500
vt 1.000000 0.062500
vt 0.968750 0.062500
vt 1.000000 0.500000
vt 0.968750 0.500000
vt 0.984375 1.000000
vt 0.984375 0.000000
vt 0.937500 0.687500
vt 0.937500 0.625000
vt 0.937500 0.187500
vt 0.937500 0.125000
vt 0.937500 0.562500
vt 0.937500 0.062500
vt 0.937500 0.500000
vt 0.953125 1.000000
vt 0.937500 0.937500
vt 0.953125 0.000000
vt 0.937500 0.437500
vt 0.937500 0.875000
vt 0.937500 0.375000
vt 0.937500 0.812500
vt 0.937500 0.312500
vt 0.937500 0.750000
vt 0.937500 0.250000
vt 0.906250 0.437500
vt 0.906250 0.375000
vt 0.906250 0.875000
vt 0.906250 0.812500
vt 0.906250 0.312500
vt 0.906250 0.750000
vt 0.906250 0.250000
vt 0.906250 0.687500
vt 0.906250 0.187500
vt 0.906250 0.625000
vt 0.906250 0.125000
vt 0.906250 0.562500
vt 0.906250 0.062500
vt 0.906250 0.500000
vt 0.921875 1.000000
vt 0.906250 0.937500
vt 0.921875 0.000000
vt 0.875000 0.187500
vt 0.875000 0.125000
vt 0.875000 0.625000
vt 0.875000 0.562500
vt 0.875000 0.062500
vt 0.875000 0.500000
vt 0.890625 1.000000
vt 0.875000 0.937500
vt 0.890625 0.000000
vt 0.875000 0.437500
vt 0.875000 0.875000
vt 0.875000 0.375000
vt 0.875000 0.812500
vt 0.875000 0.312500
vt 0.875000 0.750000
vt 0.875000 0.250000
vt 0.875000 0.687500
vt 0.843750 0.375000
vt 0.843750 0.312500
vt 0.843750 0.812500
vt 0.843750 0.750000
vt 0.843750 0.250000
vt 0.843750 0.687500
vt 0.843750 0.187500
vt 0.843750 0.625000
vt 0.843750 0.125000
vt 0.843750 0.562500
vt 0.843750 0.062500
vt 0.843750 0.500000
vt 0.859375 1.000000
vt 0.843750 0.937500
vt 0.859375 0.000000
vt 0.843750 0.437500
vt 0.843750 0.875000
vt 0.812500 0.125000
vt 0.812500 0.062500
vt 0.812500 0.562500
vt 0.812500 0.500000
vt 0.828125 1.000000
vt 0.812500 0.937500
vt 0.828125 0.000000
vt 0.812500 0.437500
vt 0.812500 0.875000
vt 0.812500 0.375000
vt 0.812500 0.812500
vt 0.812500 0.312500
vt 0.812500 0.750000
vt 0.812500 0.250000
vt 0.812500 0.687500
vt 0.812500 0.187500
vt 0.812500 0.625000
vt 0.781250 0.812500
vt 0.781250 0.750000
vt 0.781250 0.312500
vt 0.781250 0.250000
vt 0.781250 0.687500
vt 0.781250 0.187500
vt 0.781250 0.625000
vt 0.781250 0.125000
vt 0.781250 0.562500
vt 0.781250 0.062500
vt 0.781250 0.500000
vt 0.796875 1.000000
vt 0.781250 0.937500
vt 0.796875 0.000000
vt 0.781250 0.437500
vt 0.781250 0.875000
vt 0.781250 0.375000
vt 0.765625 1.000000
vt 0.765625 0.000000
s 0
usemtl Foliage
f 2500/3987/1240 2499/3988/1240 2038/3989/1240 2039/3990/1240
f 2022/3991/1241 2021/3992/1241 2031/3993/1241 2032/3994/1241
f 2492/3995/1242 2100/3996/1242 2025/3997/1242
f 2326/3998/1243 2500/3987/1243 2039/3990/1243
f 2023/3999/1244 2022/3991/1244 2032/3994/1244 2033/4000/1244
f 2493/4001/1245 2492/3995/1245 2025/3997/1245 2026/4002/1245
f 2496/4003/1246 2023/3999/1246 2033/4000/1246 2034/4004/1246
f 2019/4005/1247 2493/4001/1247 2026/4002/1247 2027/4006/1247
f 2024/4007/1248 2496/4003/1248 2034/4004/1248 2035/4008/1248
f 2494/4009/1249 2019/4005/1249 2027/4006/1249 2028/4010/1249
f 2497/4011/1250 2024/4007/1250 2035/4008/1250 2036/4012/1250
f 2020/4013/1251 2494/4009/1251 2028/4010/1251 2029/4014/1251
f 2498/4015/1252 2497/4011/1252 2036/4012/1252 2037/4016/1252
f 2495/4017/1253 2020/4013/1253 2029/4014/1253 2030/4018/1253
f 2499/3988/1254 2498/4015/1254 2037/4016/1254 2038/3989/1254
f 2021/3992/1255 2495/4017/1255 2030/4018/1255 2031/3993/1255
f 2038/3989/1256 2037/4016/1256 2052/4019/1256 2053/4020/1256
f 2031/3993/1257 2030/4018/1257 2045/4021/1257 2046/4022/1257
f 2039/3990/1258 2038/3989/1258 2053/4020/1258 2054/4023/1258
f 2032/3994/1259 2031/3993/1259 2046/4022/1259 2047/4024/1259
f 2025/3997/1260 2100/4025/1260 2040/4026/1260
f 2326/4027/1261 2039/3990/1261 2054/4023/1261
f 2033/4000/1262 2032/3994/1262 2047/4024/1262 2048/4028/1262
f 2026/4002/1263 2025/3997/1263 2040/4026/1263 2041/4029/1263
f 2034/4004/1264 2033/4000/1264 2048/4028/1264 2049/4030/1264
f 2027/4006/1265 2026/4002/1265 2041/4029/1265 2042/4031/1265
f 2035/4008/1266 2034/4004/1266 2049/4030/1266 2050/4032/1266
f 2028/4010/1267 2027/4006/1267 2042/4031/1267 2043/4033/1267
f 2036/4012/1268 2035/4008/1268 2050/4032/1268 2051/4034/1268
f 2029/4014/1269 2028/4010/1269 2043/4033/1269 2044/4035/1269
f 2037/4016/1270 2036/4012/1270 2051/4034/1270 2052/4019/1270
f 2030/4018/1271 2029/4014/1271 2044/4035/1271 2045/4021/1271
f 2042/4031/1272 2041/4029/1272 2056/4036/1272 2057/4037/1272
f 2050/4032/1273 2049/4030/1273 2064/4038/1273 2065/4039/1273
f 2043/4033/1274 2042/4031/1274 2057/4037/1274 2058/4040/1274
f 2051/4034/1275 2050/4032/1275 2065/4039/1275 2066/4041/1275
f 2044/4035/1276 2043/4033/1276 2058/4040/1276 2059/4042/1276
f 2052/4019/1277 2051/4034/1277 2066/4041/1277 2067/4043/1277
f 2045/4021/1278 2044/4035/1278 2059/4042/1278 2060/4044/1278
f 2053/4020/1279 2052/4019/1279 2067/4043/1279 2068/4045/1279
f 2046/4022/1280 2045/4021/1280 2060/4044/1280 2061/4046/1280
f 2054/4023/1281 2053/4020/1281 2068/4045/1281 2069/4047/1281
f 2047/4024/1282 2046/4022/1282 2061/4046/1282 2062/4048/1282
f 2040/4026/1283 2100/4049/1283 2055/4050/1283
f 2326/4051/1284 2054/4023/1284 2069/4047/1284
f 2048/4028/1285 2047/4024/1285 2062/4048/1285 2063/4052/1285
f 2041/4029/1286 2040/4026/1286 2055/4050/1286 2056/4036/1286
f 2049/4030/1287 2048/4028/1287 2063/4052/1287 2064/4038/1287
f 2061/4046/1288 2060/4044/1288 2075/4053/1288 2076/4054/1288
f 2069/4047/1289 2068/4045/1289 2083/4055/1289 2084/4056/1289
f 2062/4048/1290 2061/4046/1290 2076/4054/1290 2077/4057/1290
f 2055/4050/1291 2100/4058/1291 2070/4059/1291
f 2326/4060/1292 2069/4047/1292 2084/4056/1292
f 2063/4052/1293 2062/4048/1293 2077/4057/1293 2078/4061/1293
f 2056/4036/1294 2055/4050/1294 2070/4059/1294 2071/4062/1294
f 2064/4038/1295 2063/4052/1295 2078/4061/1295 2079/4063/1295
f 2057/4037/1296 2056/4036/1296 2071/4062/1296 2072/4064/1296
f 2065/4039/1297 2064/4038/1297 2079/4063/1297 2080/4065/1297
f 2058/4040/1298 2057/4037/1298 2072/4064/1298 2073/4066/1298
f 2066/4041/1299 2065/4039/1299 2080/4065/1299 2081/4067/1299
f 2059/4042/1300 2058/4040/1300 2073/4066/1300 2074/4068/1300
f 2067/4043/1301 2066/4041/1301 2081/4067/1301 2082/4069/1301
f 2060/4044/1302 2059/4042/1302 2074/4068/1302 2075/4053/1302
f 2068/4045/1303 2067/4043/1303 2082/4069/1303 2083/4055/1303
f 2080/4065/1304 2079/4063/1304 2094/4070/1304 2095/4071/1304
f 2073/4066/1305 2072/4064/1305 2087/4072/1305 2088/4073/1305
f 2081/4067/1306 2080/4065/1306 2095/4071/1306 2096/4074/1306
f 2074/4068/1307 2073/4066/1307 2088/4073/1307 2089/4075/1307
f 2082/4069/1308 2081/4067/1308 2096/4074/1308 2097/4076/1308
f 2075/4053/1309 2074/4068/1309 2089/4075/1309 2090/4077/1309
f 2083/4055/1310 2082/4069/1310 2097/4076/1310 2098/4078/1310
f 2076/4054/1311 2075/4053/1311 2090/4077/1311 2091/4079/1311
f 2084/4056/1312 2083/4055/1312 2098/4078/1312 2099/4080/1312
f 2077/4057/1313 2076/4054/1313 2091/4079/1313 2092/4081/1313
f 2070/4059/1314 2100/4082/1314 2085/4083/1314
f 2326/4084/1315 2084/4056/1315 2099/4080/1315
f 2078/4061/1316 2077/4057/1316 2092/4081/1316 2093/4085/1316
f 2071/4062/1317 2070/4059/1317 2085/4083/1317 2086/4086/1317
f 2079/4063/1318 2078/4061/1318 2093/4085/1318 2094/4070/1318
f 2072/4064/1319 2071/4062/1319 2086/4086/1319 2087/4072/1319
f 2099/4080/1320 2098/4078/1320 2114/4087/1320 2115/4088/1320
f 2092/4081/1321 2091/4079/1321 2107/4089/1321 2108/4090/1321
f 2085/4083/1322 2100/4091/1322 2101/4092/1322
f 2326/4093/1323 2099/4080/1323 2115/4088/1323
f 2093/4085/1324 2092/4081/1324 2108/4090/1324 2109/4094/1324
f 2086/4086/1325 2085/4083/1325 2101/4092/1325 2102/4095/1325
f 2094/4070/1326 2093/4085/1326 2109/4094/1326 2110/4096/1326
f 2087/4072/1327 2086/4086/1327 2102/4095/1327 2103/4097/1327
f 2095/4071/1328 2094/4070/1328 2110/4096/1328 2111/4098/1328
f 2088/4073/1329 2087/4072/1329 2103/4097/1329 2104/4099/1329
f 2096/4074/1330 2095/4071/1330 2111/4098/1330 2112/4100/1330
f 2089/4075/1331 2088/4073/1331 2104/4099/1331 2105/4101/1331
f 2097/4076/1332 2096/4074/1332 2112/4100/1332 2113/4102/1332
f 2090/4077/1333 2089/4075/1333 2105/4101/1333 2106/4103/1333
f 2098/4078/1334 2097/4076/1334 2113/4102/1334 2114/4087/1334
f 2091/4079/1335 2090/4077/1335 2106/4103/1335 2107/4089/1335
f 2104/4099/1336 2103/4097/1336 2118/4104/1336 2119/4105/1336
f 2112/4100/1337 2111/4098/1337 2126/4106/1337 2127/4107/1337
f 2105/4101/1338 2104/4099/1338 2119/4105/1338 2120/4108/1338
f 2113/4102/1339 2112/4100/1339 2127/4107/1339 2128/4109/1339
f 2106/4103/1340 2105/4101/1340 2120/4108/1340 2121/4110/1340
f 2114/4087/1341 2113/4102/1341 2128/4109/1341 2129/4111/1341
f 2107/4089/1342 2106/4103/1342 2121/4110/1342 2122/4112/1342
f 2115/4088/1343 2114/4087/1343 2129/4111/1343 2130/4113/1343
f 2108/4090/1344 2107/4089/1344 2122/4112/1344 2123/4114/1344
f 2101/4092/1345 2100/4115/1345 2116/4116/1345
f 2326/4117/1346 2115/4088/1346 2130/4113/1346
f 2109/4094/1347 2108/4090/1347 2123/4114/1347 2124/4118/1347
f 2102/4095/1348 2101/4092/1348 2116/4116/1348 2117/4119/1348
f 2110/4096/1349 2109/4094/1349 2124/4118/1349 2125/4120/1349
f 2103/4097/1350 2102/4095/1350 2117/4119/1350 2118/4104/1350
f 2111/4098/1351 2110/4096/1351 2125/4120/1351 2126/4106/1351
f 2123/4114/1352 2122/4112/1352 2137/4121/1352 2138/4122/1352
f 2116/4116/1353 2100/4123/1353 2131/4124/1353
f 2326/4125/1354 2130/4113/1354 2145/4126/1354
f 2124/4118/1355 2123/4114/1355 2138/4122/1355 2139/4127/1355
f 2117/4119/1356 2116/4116/1356 2131/4124/1356 2132/4128/1356
f 2125/4120/1357 2124/4118/1357 2139/4127/1357 2140/4129/1357
f 2118/4104/1358 2117/4119/1358 2132/4128/1358 2133/4130/1358
f 2126/4106/1359 2125/4120/1359 2140/4129/1359 2141/4131/1359
f 2119/4105/1360 2118/4104/1360 2133/4130/1360 2134/4132/1360
f 2127/4107/1361 2126/4106/1361 2141/4131/1361 2142/4133/1361
f 2120/4108/1362 2119/4105/1362 2134/4132/1362 2135/4134/1362
f 2128/4109/1363 2127/4107/1363 2142/4133/1363 2143/4135/1363
f 2121/4110/1364 2120/4108/1364 2135/4134/1364 2136/4136/1364
f 2129/4111/1365 2128/4109/1365 2143/4135/1365 2144/4137/1365
f 2122/4112/1366 2121/4110/1366 2136/4136/1366 2137/4121/1366
f 2130/4113/1367 2129/4111/1367 2144/4137/1367 2145/4126/1367
f 2142/4133/1368 2141/4131/1368 2156/4138/1368 2157/4139/1368
f 2135/4134/1369 2134/4132/1369 2149/4140/1369 2150/4141/1369
f 2143/4135/1370 2142/4133/1370 2157/4139/1370 2158/4142/1370
f 2136/4136/1371 2135/4134/1371 2150/4141/1371 2151/4143/1371
f 2144/4137/1372 2143/4135/1372 2158/4142/1372 2159/4144/1372
f 2137/4121/1373 2136/4136/1373 2151/4143/1373 2152/4145/1373
f 2145/4126/1374 2144/4137/1374 2159/4144/1374 2160/4146/1374
f 2138/4122/1375 2137/4121/1375 2152/4145/1375 2153/4147/1375
f 2131/4124/1376 2100/4148/1376 2146/4149/1376
f 2326/4150/1377 2145/4126/1377 2160/4146/1377
f 2139/4127/1378 2138/4122/1378 2153/4147/1378 2154/4151/1378
f 2132/4128/1379 2131/4124/1379 2146/4149/1379 2147/4152/1379
f 2140/4129/1380 2139/4127/1380 2154/4151/1380 2155/4153/1380
f 2133/4130/1381 2132/4128/1381 2147/4152/1381 2148/4154/1381
f 2141/4131/1382 2140/4129/1382 2155/4153/1382 2156/4138/1382
f 2134/4132/1383 2133/4130/1383 2148/4154/1383 2149/4140/1383
f 2326/4155/1384 2160/4146/1384 2175/4156/1384
f 2154/4151/1385 2153/4147/1385 2168/4157/1385 2169/4158/1385
f 2147/4152/1386 2146/4149/1386 2161/4159/1386 2162/4160/1386
f 2155/4153/1387 2154/4151/1387 2169/4158/1387 2170/4161/1387
f 2148/4154/1388 2147/4152/1388 2162/4160/1388 2163/4162/1388
f 2156/4138/1389 2155/4153/1389 2170/4161/1389 2171/4163/1389
f 2149/4140/1390 2148/4154/1390 2163/4162/1390 2164/4164/1390
f 2157/4139/1391 2156/4138/1391 2171/4163/1391 2172/4165/1391
f 2150/4141/1392 2149/4140/1392 2164/4164/1392 2165/4166/1392
f 2158/4142/1393 2157/4139/1393 2172/4165/1393 2173/4167/1393
f 2151/4143/1394 2150/4141/1394 2165/4166/1394 2166/4168/1394
f 2159/4144/1395 2158/4142/1395 2173/4167/1395 2174/4169/1395
f 2152/4145/1396 2151/4143/1396 2166/4168/1396 2167/4170/1396
f 2160/4146/1397 2159/4144/1397 2174/4169/1397 2175/4156/1397
f 2153/4147/1398 2152/4145/1398 2167/4170/1398 2168/4157/1398
f 2146/4149/1399 2100/4171/1399 2161/4159/1399
f 2173/4167/1400 2172/4165/1400 2187/4172/1400 2188/4173/1400
f 2166/4168/1401 2165/4166/1401 2180/4174/1401 2181/4175/1401
f 2174/4169/1402 2173/4167/1402 2188/4173/1402 2189/4176/1402
f 2167/4170/1403 2166/4168/1403 2181/4175/1403 2182/4177/1403
f 2175/4156/1404 2174/4169/1404 2189/4176/1404 2190/4178/1404
f 2168/4157/1405 2167/4170/1405 2182/4177/1405 2183/4179/1405
f 2161/4159/1406 2100/4180/1406 2176/4181/1406
f 2326/4182/1407 2175/4156/1407 2190/4178/1407
f 2169/4158/1408 2168/4157/1408 2183/4179/1408 2184/4183/1408
f 2162/4160/1409 2161/4159/1409 2176/4181/1409 2177/4184/1409
f 2170/4161/1410 2169/4158/1410 2184/4183/1410 2185/4185/1410
f 2163/4162/1411 2162/4160/1411 2177/4184/1411 2178/4186/1411
f 2171/4163/1412 2170/4161/1412 2185/4185/1412 2186/4187/1412
f 2164/4164/1413 2163/4162/1413 2178/4186/1413 2179/4188/1413
f 2172/4165/1414 2171/4163/1414 2186/4187/1414 2187/4172/1414
f 2165/4166/1415 2164/4164/1415 2179/4188/1415 2180/4174/1415
f 2177/4184/1416 2176/4181/1416 2191/4189/1416 2192/4190/1416
f 2185/4185/1417 2184/4183/1417 2199/4191/1417 2200/4192/1417
f 2178/4186/1418 2177/4184/1418 2192/4190/1418 2193/4193/1418
f 2186/4187/1419 2185/4185/1419 2200/4192/1419 2201/4194/1419
f 2179/4188/1420 2178/4186/1420 2193/4193/1420 2194/4195/1420
f 2187/4172/1421 2186/4187/1421 2201/4194/1421 2202/4196/1421
f 2180/4174/1422 2179/4188/1422 2194/4195/1422 2195/4197/1422
f 2188/4173/1423 2187/4172/1423 2202/4196/1423 2203/4198/1423
f 2181/4175/1424 2180/4174/1424 2195/4197/1424 2196/4199/1424
f 2189/4176/1425 2188/4173/1425 2203/4198/1425 2204/4200/1425
f 2182/4177/1426 2181/4175/1426 2196/4199/1426 2197/4201/1426
f 2190/4178/1427 2189/4176/1427 2204/4200/1427 2205/4202/1427
f 2183/4179/1428 2182/4177/1428 2197/4201/1428 2198/4203/1428
f 2176/4181/1429 2100/4204/1429 2191/4189/1429
f 2326/4205/1430 2190/4178/1430 2205/4202/1430
f 2184/4183/1431 2183/4179/1431 2198/4203/1431 2199/4191/1431
f 2196/4199/1432 2195/4197/1432 2210/4206/1432 2211/4207/1432
f 2204/4200/1433 2203/4198/1433 2218/4208/1433 2219/4209/1433
f 2197/4201/1434 2196/4199/1434 2211/4207/1434 2212/4210/1434
f 2205/4202/1435 2204/4200/1435 2219/4209/1435 2220/4211/1435
f 2198/4203/1436 2197/4201/1436 2212/4210/1436 2213/4212/1436
f 2191/4189/1437 2100/4213/1437 2206/4214/1437
f 2326/4215/1438 2205/4202/1438 2220/4211/1438
f 2199/4191/1439 2198/4203/1439 2213/4212/1439 2214/4216/1439
f 2192/4190/1440 2191/4189/1440 2206/4214/1440 2207/4217/1440
f 2200/4192/1441 2199/4191/1441 2214/4216/1441 2215/4218/1441
f 2193/4193/1442 2192/4190/1442 2207/4217/1442 2208/4219/1442
f 2201/4194/1443 2200/4192/1443 2215/4218/1443 2216/4220/1443
f 2194/4195/1444 2193/4193/1444 2208/4219/1444 2209/4221/1444
f 2202/4196/1445 2201/4194/1445 2216/4220/1445 2217/4222/1445
f 2195/4197/1446 2194/4195/1446 2209/4221/1446 2210/4206/1446
f 2203/4198/1447 2202/4196/1447 2217/4222/1447 2218/4208/1447
f 2215/4218/1448 2214/4216/1448 2229/4223/1448 2230/4224/1448
f 2208/4219/1449 2207/4217/1449 2222/4225/1449 2223/4226/1449
f 2216/4220/1450 2215/4218/1450 2230/4224/1450 2231/4227/1450
f 2209/4221/1451 2208/4219/1451 2223/4226/1451 2224/4228/1451
f 2217/4222/1452 2216/4220/1452 2231/4227/1452 2232/4229/1452
f 2210/4206/1453 2209/4221/1453 2224/4228/1453 2225/4230/1453
f 2218/4208/1454 2217/4222/1454 2232/4229/1454 2233/4231/1454
f 2211/4207/1455 2210/4206/1455 2225/4230/1455 2226/4232/1455
f 2219/4209/1456 2218/4208/1456 2233/4231/1456 2234/4233/1456
f 2212/4210/1457 2211/4207/1457 2226/4232/1457 2227/4234/1457
f 2220/4211/1458 2219/4209/1458 2234/4233/1458 2235/4235/1458
f 2213/4212/1459 2212/4210/1459 2227/4234/1459 2228/4236/1459
f 2206/4214/1460 2100/4237/1460 2221/4238/1460
f 2326/4239/1461 2220/4211/1461 2235/4235/1461
f 2214/4216/1462 2213/4212/1462 2228/4236/1462 2229/4223/1462
f 2207/4217/1463 2206/4214/1463 2221/4238/1463 2222/4225/1463
f 2234/4233/1464 2233/4231/1464 2248/4240/1464 2249/4241/1464
f 2227/4234/1465 2226/4232/1465 2241/4242/1465 2242/4243/1465
f 2235/4235/1466 2234/4233/1466 2249/4241/1466 2250/4244/1466
f 2228/4236/1467 2227/4234/1467 2242/4243/1467 2243/4245/1467
f 2221/4238/1468 2100/4246/1468 2236/4247/1468
f 2326/4248/1469 2235/4235/1469 2250/4244/1469
f 2229/4223/1470 2228/4236/1470 2243/4245/1470 2244/4249/1470
f 2222/4225/1471 2221/4238/1471 2236/4247/1471 2237/4250/1471
f 2230/4224/1472 2229/4223/1472 2244/4249/1472 2245/4251/1472
f 2223/4226/1473 2222/4225/1473 2237/4250/1473 2238/4252/1473
f 2231/4227/1474 2230/4224/1474 2245/4251/1474 2246/4253/1474
f 2224/4228/1475 2223/4226/1475 2238/4252/1475 2239/4254/1475
f 2232/4229/1476 2231/4227/1476 2246/4253/1476 2247/4255/1476
f 2225/4230/1477 2224/4228/1477 2239/4254/1477 2240/4256/1477
f 2233/4231/1478 2232/4229/1478 2247/4255/1478 2248/4240/1478
f 2226/4232/1479 2225/4230/1479 2240/4256/1479 2241/4242/1479
f 2238/4252/1480 2237/4250/1480 2252/4257/1480 2253/4258/1480
f 2246/4253/1481 2245/4251/1481 2260/4259/1481 2261/4260/1481
f 2239/4254/1482 2238/4252/1482 2253/4258/1482 2254/4261/1482
f 2247/4255/1483 2246/4253/1483 2261/4260/1483 2262/4262/1483
f 2240/4256/1484 2239/4254/1484 2254/4261/1484 2255/4263/1484
f 2248/4240/1485 2247/4255/1485 2262/4262/1485 2263/4264/1485
f 2241/4242/1486 2240/4256/1486 2255/4263/1486 2256/4265/1486
f 2249/4241/1487 2248/4240/1487 2263/4264/1487 2264/4266/1487
f 2242/4243/1488 2241/4242/1488 2256/4265/1488 2257/4267/1488
f 2250/4244/1489 2249/4241/1489 2264/4266/1489 2265/4268/1489
f 2243/4245/1490 2242/4243/1490 2257/4267/1490 2258/4269/1490
f 2236/4247/1491 2100/4270/1491 2251/4271/1491
f 2326/4272/1492 2250/4244/1492 2265/4268/1492
f 2244/4249/1493 2243/4245/1493 2258/4269/1493 2259/4273/1493
f 2237/4250/1494 2236/4247/1494 2251/4271/1494 2252/4257/1494
f 2245/4251/1495 2244/4249/1495 2259/4273/1495 2260/4259/1495
f 2257/4267/1496 2256/4265/1496 2271/4274/1496 2272/4275/1496
f 2265/4268/1497 2264/4266/1497 2279/4276/1497 2280/4277/1497
f 2258/4269/1498 2257/4267/1498 2272/4275/1498 2273/4278/1498
f 2251/4271/1499 2100/4279/1499 2266/4280/1499
f 2326/4281/1500 2265/4268/1500 2280/4277/1500
f 2259/4273/1501 2258/4269/1501 2273/4278/1501 2274/4282/1501
f 2252/4257/1502 2251/4271/1502 2266/4280/1502 2267/4283/1502
f 2260/4259/1503 2259/4273/1503 2274/4282/1503 2275/4284/1503
f 2253/4258/1504 2252/4257/1504 2267/4283/1504 2268/4285/1504
f 2261/4260/1505 2260/4259/1505 2275/4284/1505 2276/4286/1505
f 2254/4261/1506 2253/4258/1506 2268/4285/1506 2269/4287/1506
f 2262/4262/1507 2261/4260/1507 2276/4286/1507 2277/4288/1507
f 2255/4263/1508 2254/4261/1508 2269/4287/1508 2270/4289/1508
f 2263/4264/1509 2262/4262/1509 2277/4288/1509 2278/4290/1509
f 2256/4265/1510 2255/4263/1510 2270/4289/1510 2271/4274/1510
f 2264/4266/1511 2263/4264/1511 2278/4290/1511 2279/4276/1511
f 2276/4286/1512 2275/4284/1512 2290/4291/1512 2291/4292/1512
f 2269/4287/1513 2268/4285/1513 2283/4293/1513 2284/4294/1513
f 2277/4288/1514 2276/4286/1514 2291/4292/1514 2292/4295/1514
f 2270/4289/1515 2269/4287/1515 2284/4294/1515 2285/4296/1515
f 2278/4290/1516 2277/4288/1516 2292/4295/1516 2293/4297/1516
f 2271/4274/1517 2270/4289/1517 2285/4296/1517 2286/4298/1517
f 2279/4276/1518 2278/4290/1518 2293/4297/1518 2294/4299/1518
f 2272/4275/1519 2271/4274/1519 2286/4298/1519 2287/4300/1519
f 2280/4277/1520 2279/4276/1520 2294/4299/1520 2295/4301/1520
f 2273/4278/1521 2272/4275/1521 2287/4300/1521 2288/4302/1521
f 2266/4280/1522 2100/4303/1522 2281/4304/1522
f 2326/4305/1523 2280/4277/1523 2295/4301/1523
f 2274/4282/1524 2273/4278/1524 2288/4302/1524 2289/4306/1524
f 2267/4283/1525 2266/4280/1525 2281/4304/1525 2282/4307/1525
f 2275/4284/1526 2274/4282/1526 2289/4306/1526 2290/4291/1526
f 2268/4285/1527 2267/4283/1527 2282/4307/1527 2283/4293/1527
f 2295/4301/1528 2294/4299/1528 2309/4308/1528 2310/4309/1528
f 2288/4302/1529 2287/4300/1529 2302/4310/1529 2303/4311/1529
f 2281/4304/1530 2100/4312/1530 2296/4313/1530
f 2326/4314/1531 2295/4301/1531 2310/4309/1531
f 2289/4306/1532 2288/4302/1532 2303/4311/1532 2304/4315/1532
f 2282/4307/1533 2281/4304/1533 2296/4313/1533 2297/4316/1533
f 2290/4291/1534 2289/4306/1534 2304/4315/1534 2305/4317/1534
f 2283/4293/1535 2282/4307/1535 2297/4316/1535 2298/4318/1535
f 2291/4292/1536 2290/4291/1536 2305/4317/1536 2306/4319/1536
f 2284/4294/1537 2283/4293/1537 2298/4318/1537 2299/4320/1537
f 2292/4295/1538 2291/4292/1538 2306/4319/1538 2307/4321/1538
f 2285/4296/1539 2284/4294/1539 2299/4320/1539 2300/4322/1539
f 2293/4297/1540 2292/4295/1540 2307/4321/1540 2308/4323/1540
f 2286/4298/1541 2285/4296/1541 2300/4322/1541 2301/4324/1541
f 2294/4299/1542 2293/4297/1542 2308/4323/1542 2309/4308/1542
f 2287/4300/1543 2286/4298/1543 2301/4324/1543 2302/4310/1543
f 2307/4321/1544 2306/4319/1544 2321/4325/1544 2322/4326/1544
f 2300/4322/1545 2299/4320/1545 2314/4327/1545 2315/4328/1545
f 2308/4323/1546 2307/4321/1546 2322/4326/1546 2323/4329/1546
f 2301/4324/1547 2300/4322/1547 2315/4328/1547 2316/4330/1547
f 2309/4308/1548 2308/4323/1548 2323/4329/1548 2324/4331/1548
f 2302/4310/1549 2301/4324/1549 2316/4330/1549 2317/4332/1549
f 2310/4309/1550 2309/4308/1550 2324/4331/1550 2325/4333/1550
f 2303/4311/1551 2302/4310/1551 2317/4332/1551 2318/4334/1551
f 2296/4313/1552 2100/4335/1552 2311/4336/1552
f 2326/4337/1553 2310/4309/1553 2325/4333/1553
f 2304/4315/1554 2303/4311/1554 2318/4334/1554 2319/4338/1554
f 2297/4316/1555 2296/4313/1555 2311/4336/1555 2312/4339/1555
f 2305/4317/1556 2304/4315/1556 2319/4338/1556 2320/4340/1556
f 2298/4318/1557 2297/4316/1557 2312/4339/1557 2313/4341/1557
f 2306/4319/1558 2305/4317/1558 2320/4340/1558 2321/4325/1558
f 2299/4320/1559 2298/4318/1559 2313/4341/1559 2314/4327/1559
f 2311/4336/1560 2100/4342/1560 2327/4343/1560
f 2326/4344/1561 2325/4333/1561 2341/4345/1561
f 2319/4338/1562 2318/4334/1562 2334/4346/1562 2335/4347/1562
f 2312/4339/1563 2311/4336/1563 2327/4343/1563 2328/4348/1563
f 2320/4340/1564 2319/4338/1564 2335/4347/1564 2336/4349/1564
f 2313/4341/1565 2312/4339/1565 2328/4348/1565 2329/4350/1565
f 2321/4325/1566 2320/4340/1566 2336/4349/1566 2337/4351/1566
f 2314/4327/1567 2313/4341/1567 2329/4350/1567 2330/4352/1567
f 2322/4326/1568 2321/4325/1568 2337/4351/1568 2338/4353/1568
f 2315/4328/1569 2314/4327/1569 2330/4352/1569 2331/4354/1569
f 2323/4329/1570 2322/4326/1570 2338/4353/1570 2339/4355/1570
f 2316/4330/1571 2315/4328/1571 2331/4354/1571 2332/4356/1571
f 2324/4331/1572 2323/4329/1572 2339/4355/1572 2340/4357/1572
f 2317/4332/1573 2316/4330/1573 2332/4356/1573 2333/4358/1573
f 2325/4333/1574 2324/4331/1574 2340/4357/1574 2341/4345/1574
f 2318/4334/1575 2317/4332/1575 2333/4358/1575 2334/4346/1575
f 2331/4354/1576 2330/4352/1576 2345/4359/1576 2346/4360/1576
f 2339/4355/1577 2338/4353/1577 2353/4361/1577 2354/4362/1577
f 2332/4356/1578 2331/4354/1578 2346/4360/1578 2347/4363/1578
f 2340/4357/1579 2339/4355/1579 2354/4362/1579 2355/4364/1579
f 2333/4358/1580 2332/4356/1580 2347/4363/1580 2348/4365/1580
f 2341/4345/1581 2340/4357/1581 2355/4364/1581 2356/4366/1581
f 2334/4346/1582 2333/4358/1582 2348/4365/1582 2349/4367/1582
f 2327/4343/1583 2100/4368/1583 2342/4369/1583
f 2326/4370/1584 2341/4345/1584 2356/4366/1584
f 2335/4347/1585 2334/4346/1585 2349/4367/1585 2350/4371/1585
f 2328/4348/1586 2327/4343/1586 2342/4369/1586 2343/4372/1586
f 2336/4349/1587 2335/4347/1587 2350/4371/1587 2351/4373/1587
f 2329/4350/1588 2328/4348/1588 2343/4372/1588 2344/4374/1588
f 2337/4351/1589 2336/4349/1589 2351/4373/1589 2352/4375/1589
f 2330/4352/1590 2329/4350/1590 2344/4374/1590 2345/4359/1590
f 2338/4353/1591 2337/4351/1591 2352/4375/1591 2353/4361/1591
f 2350/4371/1592 2349/4367/1592 2364/4376/1592 2365/4377/1592
f 2343/4372/1593 2342/4369/1593 2357/4378/1593 2358/4379/1593
f 2351/4373/1594 2350/4371/1594 2365/4377/1594 2366/4380/1594
f 2344/4374/1595 2343/4372/1595 2358/4379/1595 2359/4381/1595
f 2352/4375/1596 2351/4373/1596 2366/4380/1596 2367/4382/1596
f 2345/4359/1597 2344/4374/1597 2359/4381/1597 2360/4383/1597
f 2353/4361/1598 2352/4375/1598 2367/4382/1598 2368/4384/1598
f 2346/4360/1599 2345/4359/1599 2360/4383/1599 2361/4385/1599
f 2354/4362/1600 2353/4361/1600 2368/4384/1600 2369/4386/1600
f 2347/4363/1601 2346/4360/1601 2361/4385/1601 2362/4387/1601
f 2355/4364/1602 2354/4362/1602 2369/4386/1602 2370/4388/1602
f 2348/4365/1603 2347/4363/1603 2362/4387/1603 2363/4389/1603
f 2356/4366/1604 2355/4364/1604 2370/4388/1604 2371/4390/1604
f 2349/4367/1605 2348/4365/1605 2363/4389/1605 2364/4376/1605
f 2342/4369/1606 2100/4391/1606 2357/4378/1606
f 2326/4392/1607 2356/4366/1607 2371/4390/1607
f 2369/4386/1608 2368/4384/1608 2383/4393/1608 2384/4394/1608
f 2362/4387/1609 2361/4385/1609 2376/4395/1609 2377/4396/1609
f 2370/4388/1610 2369/4386/1610 2384/4394/1610 2385/4397/1610
f 2363/4389/1611 2362/4387/1611 2377/4396/1611 2378/4398/1611
f 2371/4390/1612 2370/4388/1612 2385/4397/1612 2386/4399/1612
f 2364/4376/1613 2363/4389/1613 2378/4398/1613 2379/4400/1613
f 2357/4378/1614 2100/4401/1614 2372/4402/1614
f 2326/4403/1615 2371/4390/1615 2386/4399/1615
f 2365/4377/1616 2364/4376/1616 2379/4400/1616 2380/4404/1616
f 2358/4379/1617 2357/4378/1617 2372/4402/1617 2373/4405/1617
f 2366/4380/1618 2365/4377/1618 2380/4404/1618 2381/4406/1618
f 2359/4381/1619 2358/4379/1619 2373/4405/1619 2374/4407/1619
f 2367/4382/1620 2366/4380/1620 2381/4406/1620 2382/4408/1620
f 2360/4383/1621 2359/4381/1621 2374/4407/1621 2375/4409/1621
f 2368/4384/1622 2367/4382/1622 2382/4408/1622 2383/4393/1622
f 2361/4385/1623 2360/4383/1623 2375/4409/1623 2376/4395/1623
f 2373/4410/1624 2372/4411/1624 2387/4412/1624 2388/4413/1624
f 2381/4414/1625 2380/4415/1625 2395/4416/1625 2396/4417/1625
f 2374/4418/1626 2373/4410/1626 2388/4413/1626 2389/4419/1626
f 2382/4420/1627 2381/4414/1627 2396/4417/1627 2397/4421/1627
f 2375/4422/1628 2374/4418/1628 2389/4419/1628 2390/4423/1628
f 2383/4424/1629 2382/4420/1629 2397/4421/1629 2398/4425/1629
f 2376/4426/1630 2375/4422/1630 2390/4423/1630 2391/4427/1630
f 2384/4428/1631 2383/4424/1631 2398/4425/1631 2399/4429/1631
f 2377/4430/1632 2376/4426/1632 2391/4427/1632 2392/4431/1632
f 2385/4432/1633 2384/4428/1633 2399/4429/1633 2400/4433/1633
f 2378/4434/1634 2377/4430/1634 2392/4431/1634 2393/4435/1634
f 2386/4436/1635 2385/4432/1635 2400/4433/1635 2401/4437/1635
f 2379/4438/1636 2378/4434/1636 2393/4435/1636 2394/4439/1636
f 2372/4411/1637 2100/4440/1637 2387/4412/1637
f 2326/4441/1638 2386/4436/1638 2401/4437/1638
f 2380/4415/1639 2379/4438/1639 2394/4439/1639 2395/4416/1639
f 2392/4431/1640 2391/4427/1640 2406/4442/1640 2407/4443/1640
f 2400/4433/1641 2399/4429/1641 2414/4444/1641 2415/4445/1641
f 2393/4435/1642 2392/4431/1642 2407/4443/1642 2408/4446/1642
f 2401/4437/1643 2400/4433/1643 2415/4445/1643 2416/4447/1643
f 2394/4439/1644 2393/4435/1644 2408/4446/1644 2409/4448/1644
f 2387/4412/1645 2100/4449/1645 2402/4450/1645
f 2326/4451/1646 2401/4437/1646 2416/4447/1646
f 2395/4416/1647 2394/4439/1647 2409/4448/1647 2410/4452/1647
f 2388/4413/1648 2387/4412/1648 2402/4450/1648 2403/4453/1648
f 2396/4417/1649 2395/4416/1649 2410/4452/1649 2411/4454/1649
f 2389/4419/1650 2388/4413/1650 2403/4453/1650 2404/4455/1650
f 2397/4421/1651 2396/4417/1651 2411/4454/1651 2412/4456/1651
f 2390/4423/1652 2389/4419/1652 2404/4455/1652 2405/4457/1652
f 2398/4425/1653 2397/4421/1653 2412/4456/1653 2413/4458/1653
f 2391/4427/1654 2390/4423/1654 2405/4457/1654 2406/4442/1654
f 2399/4429/1655 2398/4425/1655 2413/4458/1655 2414/4444/1655
f 2411/4454/1656 2410/4452/1656 2425/4459/1656 2426/4460/1656
f 2404/4455/1657 2403/4453/1657 2418/4461/1657 2419/4462/1657
f 2412/4456/1658 2411/4454/1658 2426/4460/1658 2427/4463/1658
f 2405/4457/1659 2404/4455/1659 2419/4462/1659 2420/4464/1659
f 2413/4458/1660 2412/4456/1660 2427/4463/1660 2428/4465/1660
f 2406/4442/1661 2405/4457/1661 2420/4464/1661 2421/4466/1661
f 2414/4444/1662 2413/4458/1662 2428/4465/1662 2429/4467/1662
f 2407/4443/1663 2406/4442/1663 2421/4466/1663 2422/4468/1663
f 2415/4445/1664 2414/4444/1664 2429/4467/1664 2430/4469/1664
f 2408/4446/1665 2407/4443/1665 2422/4468/1665 2423/4470/1665
f 2416/4447/1666 2415/4445/1666 2430/4469/1666 2431/4471/1666
f 2409/4448/1667 2408/4446/1667 2423/4470/1667 2424/4472/1667
f 2402/4450/1668 2100/4473/1668 2417/4474/1668
f 2326/4475/1669 2416/4447/1669 2431/4471/1669
f 2410/4452/1670 2409/4448/1670 2424/4472/1670 2425/4459/1670
f 2403/4453/1671 2402/4450/1671 2417/4474/1671 2418/4461/1671
f 2430/4469/1672 2429/4467/1672 2444/4476/1672 2445/4477/1672
f 2423/4470/1673 2422/4468/1673 2437/4478/1673 2438/4479/1673
f 2431/4471/1674 2430/4469/1674 2445/4477/1674 2446/4480/1674
f 2424/4472/1675 2423/4470/1675 2438/4479/1675 2439/4481/1675
f 2417/4474/1676 2100/4482/1676 2432/4483/1676
f 2326/4484/1677 2431/4471/1677 2446/4480/1677
f 2425/4459/1678 2424/4472/1678 2439/4481/1678 2440/4485/1678
f 2418/4461/1679 2417/4474/1679 2432/4483/1679 2433/4486/1679
f 2426/4460/1680 2425/4459/1680 2440/4485/1680 2441/4487/1680
f 2419/4462/1681 2418/4461/1681 2433/4486/1681 2434/4488/1681
f 2427/4463/1682 2426/4460/1682 2441/4487/1682 2442/4489/1682
f 2420/4464/1683 2419/4462/1683 2434/4488/1683 2435/4490/1683
f 2428/4465/1684 2427/4463/1684 2442/4489/1684 2443/4491/1684
f 2421/4466/1685 2420/4464/1685 2435/4490/1685 2436/4492/1685
f 2429/4467/1686 2428/4465/1686 2443/4491/1686 2444/4476/1686
f 2422/4468/1687 2421/4466/1687 2436/4492/1687 2437/4478/1687
f 2442/4489/1688 2441/4487/1688 2456/4493/1688 2457/4494/1688
f 2435/4490/1689 2434/4488/1689 2449/4495/1689 2450/4496/1689
f 2443/4491/1690 2442/4489/1690 2457/4494/1690 2458/4497/1690
f 2436/4492/1691 2435/4490/1691 2450/4496/1691 2451/4498/1691
f 2444/4476/1692 2443/4491/1692 2458/4497/1692 2459/4499/1692
f 2437/4478/1693 2436/4492/1693 2451/4498/1693 2452/4500/1693
f 2445/4477/1694 2444/4476/1694 2459/4499/1694 2460/4501/1694
f 2438/4479/1695 2437/4478/1695 2452/4500/1695 2453/4502/1695
f 2446/4480/1696 2445/4477/1696 2460/4501/1696 2461/4503/1696
f 2439/4481/1697 2438/4479/1697 2453/4502/1697 2454/4504/1697
f 2432/4483/1698 2100/4505/1698 2447/4506/1698
f 2326/4507/1699 2446/4480/1699 2461/4503/1699
f 2440/4485/1700 2439/4481/1700 2454/4504/1700 2455/4508/1700
f 2433/4486/1701 2432/4483/1701 2447/4506/1701 2448/4509/1701
f 2441/4487/1702 2440/4485/1702 2455/4508/1702 2456/4493/1702
f 2434/4488/1703 2433/4486/1703 2448/4509/1703 2449/4495/1703
f 2461/4503/1704 2460/4501/1704 2475/4510/1704 2476/4511/1704
f 2454/4504/1705 2453/4502/1705 2468/4512/1705 2469/4513/1705
f 2447/4506/1706 2100/4514/1706 2462/4515/1706
f 2326/4516/1707 2461/4503/1707 2476/4511/1707
f 2455/4508/1708 2454/4504/1708 2469/4513/1708 2470/4517/1708
f 2448/4509/1709 2447/4506/1709 2462/4515/1709 2463/4518/1709
f 2456/4493/1710 2455/4508/1710 2470/4517/1710 2471/4519/1710
f 2449/4495/1711 2448/4509/1711 2463/4518/1711 2464/4520/1711
f 2457/4494/1712 2456/4493/1712 2471/4519/1712 2472/4521/1712
f 2450/4496/1713 2449/4495/1713 2464/4520/1713 2465/4522/1713
f 2458/4497/1714 2457/4494/1714 2472/4521/1714 2473/4523/1714
f 2451/4498/1715 2450/4496/1715 2465/4522/1715 2466/4524/1715
f 2459/4499/1716 2458/4497/1716 2473/4523/1716 2474/4525/1716
f 2452/4500/1717 2451/4498/1717 2466/4524/1717 2467/4526/1717
f 2460/4501/1718 2459/4499/1718 2474/4525/1718 2475/4510/1718
f 2453/4502/1719 2452/4500/1719 2467/4526/1719 2468/4512/1719
f 2465/4522/1720 2464/4520/1720 2479/4527/1720 2480/4528/1720
f 2473/4523/1721 2472/4521/1721 2487/4529/1721 2488/4530/1721
f 2466/4524/1722 2465/4522/1722 2480/4528/1722 2481/4531/1722
f 2474/4525/1723 2473/4523/1723 2488/4530/1723 2489/4532/1723
f 2467/4526/1724 2466/4524/1724 2481/4531/1724 2482/4533/1724
f 2475/4510/1725 2474/4525/1725 2489/4532/1725 2490/4534/1725
f 2468/4512/1726 2467/4526/1726 2482/4533/1726 2483/4535/1726
f 2476/4511/1727 2475/4510/1727 2490/4534/1727 2491/4536/1727
f 2469/4513/1728 2468/4512/1728 2483/4535/1728 2484/4537/1728
f 2462/4515/1729 2100/4538/1729 2477/4539/1729
f 2326/4540/1730 2476/4511/1730 2491/4536/1730
f 2470/4517/1731 2469/4513/1731 2484/4537/1731 2485/4541/1731
f 2463/4518/1732 2462/4515/1732 2477/4539/1732 2478/4542/1732
f 2471/4519/1733 2470/4517/1733 2485/4541/1733 2486/4543/1733
f 2464/4520/1734 2463/4518/1734 2478/4542/1734 2479/4527/1734
f 2472/4521/1735 2471/4519/1735 2486/4543/1735 2487/4529/1735
f 2484/4537/1736 2483/4535/1736 2021/3992/1736 2022/3991/1736
f 2477/4539/1737 2100/4544/1737 2492/3995/1737
f 2326/4545/1738 2491/4536/1738 2500/3987/1738
f 2485/4541/1739 2484/4537/1739 2022/3991/1739 2023/3999/1739
f 2478/4542/1740 2477/4539/1740 2492/3995/1740 2493/4001/1740
f 2486/4543/1741 2485/4541/1741 2023/3999/1741 2496/4003/1741
f 2479/4527/1742 2478/4542/1742 2493/4001/1742 2019/4005/1742
f 2487/4529/1743 2486/4543/1743 2496/4003/1743 2024/4007/1743
f 2480/4528/1744 2479/4527/1744 2019/4005/1744 2494/4009/1744
f 2488/4530/1745 2487/4529/1745 2024/4007/1745 2497/4011/1745
f 2481/4531/1746 2480/4528/1746 2494/4009/1746 2020/4013/1746
f 2489/4532/1747 2488/4530/1747 2497/4011/1747 2498/4015/1747
f 2482/4533/1748 2481/4531/1748 2020/4013/1748 2495/4017/1748
f 2490/4534/1749 2489/4532/1749 2498/4015/1749 2499/3988/1749
f 2483/4535/1750 2482/4533/1750 2495/4017/1750 2021/3992/1750
f 2491/4536/1751 2490/4534/1751 2499/3988/1751 2500/3987/1751
o Pot1
v 0.300000 0.000000 -0.160000
v 0.300000 0.400000 -0.160000
v 0.331214 0.000000 -0.156926
v 0.331214 0.400000 -0.156926
v 0.361229 0.000000 -0.147821
v 0.361229 0.400000 -0.147821
v 0.388891 0.000000 -0.133035
v 0.388891 0.400000 -0.133035
v 0.413137 0.000000 -0.113137
v 0.413137 0.400000 -0.113137
v 0.433035 0.000000 -0.088891
v 0.433035 0.400000 -0.088891
v 0.447821 0.000000 -0.061229
v 0.447821 0.400000 -0.061229
v 0.456926 0.000000 -0.031214
v 0.456926 0.400000 -0.031214
v 0.460000 0.000000 0.000000
v 0.460000 0.400000 0.000000
v 0.456926 0.000000 0.031214
v 0.456926 0.400000 0.031214
v 0.447821 0.000000 0.061229
v 0.447821 0.400000 0.061229
v 0.433035 0.000000 0.088891
v 0.433035 0.400000 0.088891
v 0.413137 0.000000 0.113137
v 0.413137 0.400000 0.113137
v 0.388891 0.000000 0.133035
v 0.388891 0.400000 0.133035
v 0.361229 0.000000 0.147821
v 0.361229 0.400000 0.147821
v 0.331214 0.000000 0.156926
v 0.331214 0.400000 0.156926
v 0.300000 0.000000 0.160000
v 0.300000 0.400000 0.160000
v 0.268786 0.000000 0.156926
v 0.268786 0.400000 0.156926
v 0.238771 0.000000 0.147821
v 0.238771 0.400000 0.147821
v 0.211109 0.000000 0.133035
v 0.211109 0.400000 0.133035
v 0.186863 0.000000 0.113137
v 0.186863 0.400000 0.113137
v 0.166965 0.000000 0.088891
v 0.166965 0.400000 0.088891
v 0.152179 0.000000 0.061229
v 0.152179 0.400000 0.061229
v 0.143074 0.000000 0.031214
v 0.143074 0.400000 0.031214
v 0.140000 0.000000 0.000000
v 0.140000 0.400000 0.000000
v 0.143074 0.000000 -0.031214
v 0.143074 0.400000 -0.031214
v 0.152179 0.000000 -0.061229
v 0.152179 0.400000 -0.061229
v 0.166965 0.000000 -0.088891
v 0.166965 0.400000 -0.088891
v 0.186863 0.000000 -0.113137
v 0.186863 0.400000 -0.113137
v 0.211109 0.000000 -0.133035
v 0.211109 0.400000 -0.133035
v 0.238771 0.000000 -0.147821
v 0.238771 0.400000 -0.147821
v 0.268786 0.000000 -0.156926
v 0.268786 0.400000 -0.156926
vn 0.0980 -0.0000 -0.9952
vn 0.2903 -0.0000 -0.9569
vn 0.4714 -0.0000 -0.8819
vn 0.6344 -0.0000 -0.7730
vn 0.7730 -0.0000 -0.6344
vn 0.8819 -0.0000 -0.4714
vn 0.9569 -0.0000 -0.2903
vn 0.9952 -0.0000 -0.0980
vn 0.9952 -0.0000 0.0980
vn 0.9569 -0.0000 0.2903
vn 0.8819 -0.0000 0.4714
vn 0.7730 -0.0000 0.6344
vn 0.6344 -0.0000 0.7730
vn 0.4714 -0.0000 0.8819
vn 0.2903 -0.0000 0.9569
vn 0.0980 -0.0000 0.9952
vn -0.0980 -0.0000 0.9952
vn -0.2903 -0.0000 0.9569
vn -0.4714 -0.0000 0.8819
vn -0.6344 -0.0000 0.7730
vn -0.7730 -0.0000 0.6344
vn -0.8819 -0.0000 0.4714
vn -0.9569 -0.0000 0.2903
vn -0.9952 -0.0000 0.0980
vn -0.9952 -0.0000 -0.0980
vn -0.9569 -0.0000 -0.2903
vn -0.8819 -0.0000 -0.4714
vn -0.7730 -0.0000 -0.6344
vn -0.6344 -0.0000 -0.7730
vn -0.4714 -0.0000 -0.8819
vn -0.0000 1.0000 -0.0000
vn -0.2903 -0.0000 -0.9569
vn -0.0980 -0.0000 -0.9952
vn -0.0000 -1.0000 -0.0000
vt 1.000000 0.500000
vt 1.000000 1.000000
vt 0.968750 1.000000
vt 0.968750 0.500000
vt 0.937500 1.000000
vt 0.937500 0.500000
vt 0.906250 1.000000
vt 0.906250 0.500000
vt 0.875000 1.000000
vt 0.875000 0.500000
vt 0.843750 1.000000
vt 0.843750 0.500000
vt 0.812500 1.000000
vt 0.812500 0.500000
vt 0.781250 1.000000
vt 0.781250 0.500000
vt 0.750000 1.000000
vt 0.750000 0.500000
vt 0.718750 1.000000
vt 0.718750 0.500000
vt 0.687500 1.000000
vt 0.687500 0.500000
vt 0.656250 1.000000
vt 0.656250 0.500000
vt 0.625000 1.000000
vt 0.625000 0.500000
vt 0.593750 1.000000
vt 0.593750 0.500000
vt 0.562500 1.000000
vt 0.562500 0.500000
vt 0.531250 1.000000
vt 0.531250 0.500000
vt 0.500000 1.000000
vt 0.500000 0.500000
vt 0.468750 1.000000
vt 0.468750 0.500000
vt 0.437500 1.000000
vt 0.437500 0.500000
vt 0.406250 1.000000
vt 0.406250 0.500000
vt 0.375000 1.000000
vt 0.375000 0.500000
vt 0.343750 1.000000
vt 0.343750 0.500000
vt 0.312500 1.000000
vt 0.312500 0.500000
vt 0.281250 1.000000
vt 0.281250 0.500000
vt 0.250000 1.000000
vt 0.250000 0.500000
vt 0.218750 1.000000
vt 0.218750 0.500000
vt 0.187500 1.000000
vt 0.187500 0.500000
vt 0.156250 1.000000
vt 0.156250 0.500000
vt 0.125000 1.000000
vt 0.125000 0.500000
vt 0.093750 1.000000
vt 0.093750 0.500000
vt 0.062500 1.000000
vt 0.062500 0.500000
vt 0.296822 0.485388
vt 0.250000 0.490000
vt 0.203178 0.485388
vt 0.158156 0.471731
vt 0.116663 0.449553
vt 0.080294 0.419706
vt 0.050447 0.383337
vt 0.028269 0.341844
vt 0.014612 0.296822
vt 0.010000 0.250000
vt 0.014612 0.203178
vt 0.028269 0.158156
vt 0.050447 0.116663
vt 0.080294 0.080294
vt 0.116663 0.050447
vt 0.158156 0.028269
vt 0.203178 0.014612
vt 0.250000 0.010000
vt 0.296822 0.014612
vt 0.341844 0.028269
vt 0.383337 0.050447
vt 0.419706 0.080294
vt 0.449553 0.116663
vt 0.471731 0.158156
vt 0.485388 0.203178
vt 0.490000 0.250000
vt 0.485388 0.296822
vt 0.471731 0.341844
vt 0.449553 0.383337
vt 0.419706 0.419706
vt 0.383337 0.449553
vt 0.341844 0.471731
vt 0.031250 1.000000
vt 0.031250 0.500000
vt 0.000000 1.000000
vt 0.000000 0.500000
vt 0.750000 0.490000
vt 0.796822 0.485388
vt 0.841844 0.471731
vt 0.883337 0.449553
vt 0.919706 0.419706
vt 0.949553 0.383337
vt 0.971731 0.341844
vt 0.985388 0.296822
vt 0.990000 0.250000
vt 0.985388 0.203178
vt 0.971731 0.158156
vt 0.949553 0.116663
vt 0.919706 0.080294
vt 0.883337 0.050447
vt 0.841844 0.028269
vt 0.796822 0.014612
vt 0.750000 0.010000
vt 0.703178 0.014612
vt 0.658156 0.028269
vt 0.616663 0.050447
vt 0.580294 0.080294
vt 0.550447 0.116663
vt 0.528269 0.158156
vt 0.514612 0.203178
vt 0.510000 0.250000
vt 0.514612 0.296822
vt 0.528269 0.341844
vt 0.550447 0.383337
vt 0.580294 0.419706
vt 0.616663 0.449553
vt 0.658156 0.471731
vt 0.703178 0.485388
s 0
usemtl Terracotta
f 2501/4546/1752 2502/4547/1752 2504/4548/1752 2503/4549/1752
f 2503/4549/1753 2504/4548/1753 2506/4550/1753 2505/4551/1753
f 2505/4551/1754 2506/4550/1754 2508/4552/1754 2507/4553/1754
f 2507/4553/1755 2508/4552/1755 2510/4554/1755 2509/4555/1755
f 2509/4555/1756 2510/4554/1756 2512/4556/1756 2511/4557/1756
f 2511/4557/1757 2512/4556/1757 2514/4558/1757 2513/4559/1757
f 2513/4559/1758 2514/4558/1758 2516/4560/1758 2515/4561/1758
f 2515/4561/1759 2516/4560/1759 2518/4562/1759 2517/4563/1759
f 2517/4563/1760 2518/4562/1760 2520/4564/1760 2519/4565/1760
f 2519/4565/1761 2520/4564/1761 2522/4566/1761 2521/4567/1761
f 2521/4567/1762 2522/4566/1762 2524/4568/1762 2523/4569/1762
f 2523/4569/1763 2524/4568/1763 2526/4570/1763 2525/4571/1763
f 2525/4571/1764 2526/4570/1764 2528/4572/1764 2527/4573/1764
f 2527/4573/1765 2528/4572/1765 2530/4574/1765 2529/4575/1765
f 2529/4575/1766 2530/4574/1766 2532/4576/1766 2531/4577/1766
f 2531/4577/1767 2532/4576/1767 2534/4578/1767 2533/4579/1767
f 2533/4579/1768 2534/4578/1768 2536/4580/1768 2535/4581/1768
f 2535/4581/1769 2536/4580/1769 2538/4582/1769 2537/4583/1769
f 2537/4583/1770 2538/4582/1770 2540/4584/1770 2539/4585/1770
f 2539/4585/1771 2540/4584/1771 2542/4586/1771 2541/4587/1771
f 2541/4587/1772 2542/4586/1772 2544/4588/1772 2543/4589/1772
f 2543/4589/1773 2544/4588/1773 2546/4590/1773 2545/4591/1773
f 2545/4591/1774 2546/4590/1774 2548/4592/1774 2547/4593/1774
f 2547/4593/1775 2548/4592/1775 2550/4594/1775 2549/4595/1775
f 2549/4595/1776 2550/4594/1776 2552/4596/1776 2551/4597/1776
f 2551/4597/1777 2552/4596/1777 2554/4598/1777 2553/4599/1777
f 2553/4599/1778 2554/4598/1778 2556/4600/1778 2555/4601/1778
f 2555/4601/1779 2556/4600/1779 2558/4602/1779 2557/4603/1779
f 2557/4603/1780 2558/4602/1780 2560/4604/1780 2559/4605/1780
f 2559/4605/1781 2560/4604/1781 2562/4606/1781 2561/4607/1781
f 2504/4608/1782 2502/4609/1782 2564/4610/1782 2562/4611/1782 2560/4612/1782 2558/4613/1782 2556/4614/1782 2554/4615/1782 2552/4616/1782 2550/4617/1782 2548/4618/1782 2546/4619/1782 2544/4620/1782 2542/4621/1782 2540/4622/1782 2538/4623/1782 2536/4624/1782 2534/4625/1782 2532/4626/1782 2530/4627/1782 2528/4628/1782 2526/4629/1782 2524/4630/1782 2522/4631/1782 2520/4632/1782 2518/4633/1782 2516/4634/1782 2514/4635/1782 2512/4636/1782 2510/4637/1782 2508/4638/1782 2506/4639/1782
f 2561/4607/1783 2562/4606/1783 2564/4640/1783 2563/4641/1783
f 2563/4641/1784 2564/4640/1784 2502/4642/1784 2501/4643/1784
f 2501/4644/1785 2503/4645/1785 2505/4646/1785 2507/4647/1785 2509/4648/1785 2511/4649/1785 2513/4650/1785 2515/4651/1785 2517/4652/1785 2519/4653/1785 2521/4654/1785 2523/4655/1785 2525/4656/1785 2527/4657/1785 2529/4658/1785 2531/4659/1785 2533/4660/1785 2535/4661/1785 2537/4662/1785 2539/4663/1785 2541/4664/1785 2543/4665/1785 2545/4666/1785 2547/4667/1785 2549/4668/1785 2551/4669/1785 2553/4670/1785 2555/4671/1785 2557/4672/1785 2559/4673/1785 2561/4674/1785 2563/4675/1785
o Plant1
v 0.300000 0.941014 -0.166671
v 0.300000 0.844450 -0.249441
v 0.300000 0.718282 -0.294236
v 0.300000 0.650000 -0.300000
v 0.300000 0.581718 -0.294236
v 0.300000 0.455550 -0.249441
v 0.311418 0.993275 -0.057403
v 0.322397 0.973358 -0.112599
v 0.332516 0.941014 -0.163469
v 0.341385 0.897487 -0.208056
v 0.348664 0.844450 -0.244648
v 0.354072 0.783939 -0.271838
v 0.357403 0.718282 -0.288582
v 0.358527 0.650000 -0.294236
v 0.357403 0.581718 -0.288582
v 0.354072 0.516061 -0.271838
v 0.348664 0.455550 -0.244648
v 0.341385 0.402513 -0.208056
v 0.332516 0.358986 -0.163469
v 0.322397 0.326642 -0.112599
v 0.311418 0.306725 -0.057403
v 0.322397 0.993275 -0.054072
v 0.343934 0.973358 -0.106066
v 0.363782 0.941014 -0.153984
v 0.381179 0.897487 -0.195984
v 0.395457 0.844450 -0.230453
v 0.406066 0.783939 -0.256066
v 0.412599 0.718282 -0.271838
v 0.414805 0.650000 -0.277164
v 0.412599 0.581718 -0.271838
v 0.406066 0.516061 -0.256066
v 0.395457 0.455550 -0.230453
v 0.381179 0.402513 -0.195984
v 0.363782 0.358986 -0.153984
v 0.343934 0.326642 -0.106066
v 0.322397 0.306725 -0.054072
v 0.332516 0.993275 -0.048664
v 0.363782 0.973358 -0.095457
v 0.392597 0.941014 -0.138582
v 0.417854 0.897487 -0.176381
v 0.438582 0.844450 -0.207402
v 0.453984 0.783939 -0.230453
v 0.463469 0.718282 -0.244648
v 0.466671 0.650000 -0.249441
v 0.463469 0.581718 -0.244648
v 0.453984 0.516061 -0.230453
v 0.438582 0.455550 -0.207402
v 0.417854 0.402513 -0.176381
v 0.392597 0.358986 -0.138582
v 0.363782 0.326642 -0.095457
v 0.332516 0.306725 -0.048664
v 0.341385 0.993275 -0.041385
v 0.381179 0.973358 -0.081179
v 0.417854 0.941014 -0.117854
v 0.450000 0.897487 -0.150000
v 0.476381 0.844450 -0.176381
v 0.495984 0.783939 -0.195984
v 0.508056 0.718282 -0.208056
v 0.512132 0.650000 -0.212132
v 0.508056 0.581718 -0.208056
v 0.495984 0.516061 -0.195984
v 0.476381 0.455550 -0.176381
v 0.450000 0.402513 -0.150000
v 0.417854 0.358986 -0.117854
v 0.381179 0.326642 -0.081179
v 0.341385 0.306725 -0.041385
v 0.348664 0.993275 -0.032516
v 0.395457 0.973358 -0.063782
v 0.438582 0.941014 -0.092597
v 0.476381 0.897487 -0.117854
v 0.507403 0.844450 -0.138582
v 0.530453 0.783939 -0.153984
v 0.544648 0.718282 -0.163469
v 0.549441 0.650000 -0.166671
v 0.544648 0.581718 -0.163469
v 0.530453 0.516061 -0.153984
v 0.507403 0.455550 -0.138582
v 0.476381 0.402513 -0.117854
v 0.438582 0.358986 -0.092597
v 0.395457 0.326642 -0.063782
v 0.348664 0.306725 -0.032516
v 0.300000 1.000000 0.000000
v 0.354072 0.993275 -0.022397
v 0.406066 0.973358 -0.043934
v 0.453984 0.941014 -0.063782
v 0.495984 0.897487 -0.081179
v 0.530453 0.844450 -0.095457
v 0.556066 0.783939 -0.106066
v 0.571838 0.718282 -0.112599
v 0.577164 0.650000 -0.114805
v 0.571838 0.581718 -0.112599
v 0.556066 0.516061 -0.106066
v 0.530453 0.455550 -0.095457
v 0.495984 0.402513 -0.081179
v 0.453984 0.358986 -0.063782
v 0.406066 0.326642 -0.043934
v 0.354072 0.306725 -0.022397
v 0.357403 0.993275 -0.011418
v 0.412599 0.973358 -0.022397
v 0.463469 0.941014 -0.032516
v 0.508056 0.897487 -0.041385
v 0.544648 0.844450 -0.048663
v 0.571838 0.783939 -0.054072
v 0.588582 0.718282 -0.057402
v 0.594236 0.650000 -0.058527
v 0.588582 0.581718 -0.057402
v 0.571838 0.516061 -0.054072
v 0.544648 0.455550 -0.048663
v 0.508056 0.402513 -0.041385
v 0.463469 0.358986 -0.032516
v 0.412599 0.326642 -0.022397
v 0.357403 0.306725 -0.011418
v 0.358527 0.993275 0.000000
v 0.414805 0.973358 0.000000
v 0.466671 0.941014 0.000000
v 0.512132 0.897487 -0.000000
v 0.549441 0.844450 0.000000
v 0.577164 0.783939 -0.000000
v 0.594236 0.718282 0.000000
v 0.600000 0.650000 0.000000
v 0.594236 0.581718 0.000000
v 0.577164 0.516061 -0.000000
v 0.549441 0.455550 0.000000
v 0.512132 0.402513 -0.000000
v 0.466671 0.358986 0.000000
v 0.414805 0.326642 0.000000
v 0.358527 0.306725 0.000000
v 0.357403 0.993275 0.011418
v 0.412599 0.973358 0.022397
v 0.463469 0.941014 0.032516
v 0.508056 0.897487 0.041385
v 0.544648 0.844450 0.048664
v 0.571838 0.783939 0.054072
v 0.588582 0.718282 0.057403
v 0.594235 0.650000 0.058527
v 0.588582 0.581718 0.057403
v 0.571838 0.516061 0.054072
v 0.544648 0.455550 0.048664
v 0.508056 0.402513 0.041385
v 0.463469 0.358986 0.032516
v 0.412599 0.326642 0.022397
v 0.357403 0.306725 0.011418
v 0.354072 0.993275 0.022397
v 0.406066 0.973358 0.043934
v 0.453984 0.941014 0.063782
v 0.495984 0.897487 0.081179
v 0.530453 0.844450 0.095457
v 0.556066 0.783939 0.106066
v 0.571838 0.718282 0.112599
v 0.577164 0.650000 0.114805
v 0.571838 0.581718 0.112599
v 0.556066 0.516061 0.106066
v 0.530453 0.455550 0.095457
v 0.495984 0.402513 0.081179
v 0.453984 0.358986 0.063782
v 0.406066 0.326642 0.043934
v 0.354072 0.306725 0.022397
v 0.348664 0.993275 0.032516
v 0.395457 0.973358 0.063782
v 0.438582 0.941014 0.092597
v 0.476381 0.897487 0.117854
v 0.507402 0.844450 0.138582
v 0.530453 0.783939 0.153984
v 0.544648 0.718282 0.163469
v 0.549441 0.650000 0.166671
v 0.544648 0.581718 0.163469
v 0.530453 0.516061 0.153984
v 0.507402 0.455550 0.138582
v 0.476381 0.402513 0.117854
v 0.438582 0.358986 0.092597
v 0.395457 0.326642 0.063782
v 0.348664 0.306725 0.032516
v 0.341385 0.993275 0.041385
v 0.381179 0.973358 0.081179
v 0.417854 0.941014 0.117854
v 0.450000 0.897487 0.150000
v 0.476381 0.844450 0.176381
v 0.495984 0.783939 0.195984
v 0.508056 0.718282 0.208056
v 0.512132 0.650000 0.212132
v 0.508056 0.581718 0.208056
v 0.495984 0.516061 0.195984
v 0.476381 0.455550 0.176381
v 0.450000 0.402513 0.150000
v 0.417854 0.358986 0.117854
v 0.381179 0.326642 0.081179
v 0.341385 0.306725 0.041385
v 0.332516 0.993275 0.048663
v 0.363782 0.973358 0.095457
v 0.392597 0.941014 0.138582
v 0.417854 0.897487 0.176381
v 0.438582 0.844450 0.207402
v 0.453984 0.783939 0.230453
v 0.463468 0.718282 0.244648
v 0.466671 0.650000 0.249441
v 0.463468 0.581718 0.244648
v 0.453984 0.516061 0.230453
v 0.438582 0.455550 0.207402
v 0.417854 0.402513 0.176381
v 0.392597 0.358986 0.138582
v 0.363782 0.326642 0.095457
v 0.332516 0.306725 0.048663
v 0.322397 0.993275 0.054072
v 0.343934 0.973358 0.106066
v 0.363782 0.941014 0.153984
v 0.381179 0.897487 0.195984
v 0.395457 0.844450 0.230453
v 0.406066 0.783939 0.256066
v 0.412599 0.718282 0.271838
v 0.414805 0.650000 0.277164
v 0.412599 0.581718 0.271838
v 0.406066 0.516061 0.256066
v 0.395457 0.455550 0.230453
v 0.381179 0.402513 0.195984
v 0.363782 0.358986 0.153984
v 0.343934 0.326642 0.106066
v 0.322397 0.306725 0.054072
v 0.311418 0.993275 0.057402
v 0.322397 0.973358 0.112599
v 0.332516 0.941014 0.163468
v 0.341385 0.897487 0.208056
v 0.348663 0.844450 0.244648
v 0.354072 0.783939 0.271838
v 0.357402 0.718282 0.288582
v 0.358527 0.650000 0.294235
v 0.357402 0.581718 0.288582
v 0.354072 0.516061 0.271838
v 0.348663 0.455550 0.244648
v 0.341385 0.402513 0.208056
v 0.332516 0.358986 0.163468
v 0.322397 0.326642 0.112599
v 0.311418 0.306725 0.057402
v 0.300000 0.993275 0.058527
v 0.300000 0.973358 0.114805
v 0.300000 0.941014 0.166671
v 0.300000 0.897487 0.212132
v 0.300000 0.844450 0.249441
v 0.300000 0.783939 0.277164
v 0.300000 0.718282 0.294235
v 0.300000 0.650000 0.300000
v 0.300000 0.581718 0.294235
v 0.300000 0.516061 0.277164
v 0.300000 0.455550 0.249441
v 0.300000 0.402513 0.212132
v 0.300000 0.358986 0.166671
v 0.300000 0.326642 0.114805
v 0.300000 0.306725 0.058527
v 0.288582 0.993275 0.057402
v 0.277603 0.973358 0.112599
v 0.267484 0.941014 0.163468
v 0.258615 0.897487 0.208056
v 0.251336 0.844450 0.244648
v 0.245928 0.783939 0.271838
v 0.242597 0.718282 0.288582
v 0.241473 0.650000 0.294235
v 0.242597 0.581718 0.288582
v 0.245928 0.516061 0.271838
v 0.251336 0.455550 0.244648
v 0.258615 0.402513 0.208056
v 0.267484 0.358986 0.163468
v 0.277603 0.326642 0.112599
v 0.288582 0.306725 0.057402
v 0.277603 0.993275 0.054072
v 0.256066 0.973358 0.106066
v 0.236218 0.941014 0.153984
v 0.218821 0.897487 0.195984
v 0.204543 0.844450 0.230453
v 0.193934 0.783939 0.256066
v 0.187401 0.718282 0.271838
v 0.185195 0.650000 0.277164
v 0.187401 0.581718 0.271838
v 0.193934 0.516061 0.256066
v 0.204543 0.455550 0.230453
v 0.218821 0.402513 0.195984
v 0.236218 0.358986 0.153984
v 0.256066 0.326642 0.106066
v 0.277603 0.306725 0.054072
v 0.267484 0.993275 0.048663
v 0.236218 0.973358 0.095457
v 0.207403 0.941014 0.138582
v 0.182146 0.897487 0.176381
v 0.161418 0.844450 0.207402
v 0.146016 0.783939 0.230453
v 0.136531 0.718282 0.244648
v 0.133329 0.650000 0.249441
v 0.136531 0.581718 0.244648
v 0.146016 0.516061 0.230453
v 0.161418 0.455550 0.207402
v 0.182146 0.402513 0.176381
v 0.207403 0.358986 0.138582
v 0.236218 0.326642 0.095457
v 0.267484 0.306725 0.048663
v 0.258615 0.993275 0.041385
v 0.218821 0.973358 0.081179
v 0.182146 0.941014 0.117854
v 0.150000 0.897487 0.150000
v 0.123619 0.844450 0.176381
v 0.104016 0.783939 0.195984
v 0.091944 0.718282 0.208056
v 0.087868 0.650000 0.212132
v 0.091944 0.581718 0.208056
v 0.104016 0.516061 0.195984
v 0.123619 0.455550 0.176381
v 0.150000 0.402513 0.150000
v 0.182146 0.358986 0.117854
v 0.218821 0.326642 0.081179
v 0.258615 0.306725 0.041385
v 0.300000 0.300000 0.000000
v 0.251337 0.993275 0.032516
v 0.204543 0.973358 0.063782
v 0.161418 0.941014 0.092597
v 0.123619 0.897487 0.117854
v 0.092598 0.844450 0.138582
v 0.069547 0.783939 0.153984
v 0.055352 0.718282 0.163468
v 0.050559 0.650000 0.166671
v 0.055352 0.581718 0.163468
v 0.069547 0.516061 0.153984
v 0.092598 0.455550 0.138582
v 0.123619 0.402513 0.117854
v 0.161418 0.358986 0.092597
v 0.204543 0.326642 0.063782
v 0.251337 0.306725 0.032516
v 0.245928 0.993275 0.022397
v 0.193934 0.973358 0.043934
v 0.146016 0.941014 0.063782
v 0.104016 0.897487 0.081179
v 0.069547 0.844450 0.095457
v 0.043934 0.783939 0.106066
v 0.028162 0.718282 0.112599
v 0.022836 0.650000 0.114805
v 0.028162 0.581718 0.112599
v 0.043934 0.516061 0.106066
v 0.069547 0.455550 0.095457
v 0.104016 0.402513 0.081179
v 0.146016 0.358986 0.063782
v 0.193934 0.326642 0.043934
v 0.245928 0.306725 0.022397
v 0.242598 0.993275 0.011418
v 0.187401 0.973358 0.022397
v 0.136532 0.941014 0.032516
v 0.091944 0.897487 0.041385
v 0.055352 0.844450 0.048663
v 0.028162 0.783939 0.054072
v 0.011418 0.718282 0.057402
v 0.005765 0.650000 0.058527
v 0.011418 0.581718 0.057402
v 0.028162 0.516061 0.054072
v 0.055352 0.455550 0.048663
v 0.091944 0.402513 0.041385
v 0.136532 0.358986 0.032516
v 0.187401 0.326642 0.022397
v 0.242598 0.306725 0.011418
v 0.241473 0.993275 -0.000000
v 0.185195 0.973358 -0.000000
v 0.133329 0.941014 -0.000000
v 0.087868 0.897487 -0.000000
v 0.050559 0.844450 -0.000000
v 0.022836 0.783939 -0.000000
v 0.005765 0.718282 -0.000000
v 0.000000 0.650000 -0.000000
v 0.005765 0.581718 -0.000000
v 0.022836 0.516061 -0.000000
v 0.050559 0.455550 -0.000000
v 0.087868 0.402513 -0.000000
v 0.133329 0.358986 -0.000000
v 0.185195 0.326642 -0.000000
v 0.241473 0.306725 -0.000000
v 0.242598 0.993275 -0.011418
v 0.187401 0.973358 -0.022397
v 0.136532 0.941014 -0.032516
v 0.091944 0.897487 -0.041385
v 0.055352 0.844450 -0.048664
v 0.028162 0.783939 -0.054072
v 0.011418 0.718282 -0.057403
v 0.005765 0.650000 -0.058527
v 0.011418 0.581718 -0.057403
v 0.028162 0.516061 -0.054072
v 0.055352 0.455550 -0.048664
v 0.091944 0.402513 -0.041385
v 0.136532 0.358986 -0.032516
v 0.187401 0.326642 -0.022397
v 0.242598 0.306725 -0.011418
v 0.245928 0.993275 -0.022397
v 0.193934 0.973358 -0.043934
v 0.146016 0.941014 -0.063782
v 0.104016 0.897487 -0.081179
v 0.069547 0.844450 -0.095457
v 0.043934 0.783939 -0.106066
v 0.028162 0.718282 -0.112599
v 0.022836 0.650000 -0.114805
v 0.028162 0.581718 -0.112599
v 0.043934 0.516061 -0.106066
v 0.069547 0.455550 -0.095457
v 0.104016 0.402513 -0.081179
v 0.146016 0.358986 -0.063782
v 0.193934 0.326642 -0.043934
v 0.245928 0.306725 -0.022397
v 0.251337 0.993275 -0.032516
v 0.204543 0.973358 -0.063782
v 0.161418 0.941014 -0.092597
v 0.123619 0.897487 -0.117854
v 0.092598 0.844450 -0.138582
v 0.069547 0.783939 -0.153984
v 0.055352 0.718282 -0.163469
v 0.050559 0.650000 -0.166671
v 0.055352 0.581718 -0.163469
v 0.069547 0.516061 -0.153984
v 0.092598 0.455550 -0.138582
v 0.123619 0.402513 -0.117854
v 0.161418 0.358986 -0.092597
v 0.204543 0.326642 -0.063782
v 0.251337 0.306725 -0.032516
v 0.258615 0.993275 -0.041385
v 0.218821 0.973358 -0.081179
v 0.182146 0.941014 -0.117854
v 0.150000 0.897487 -0.150000
v 0.123619 0.844450 -0.176381
v 0.104016 0.783939 -0.195984
v 0.091944 0.718282 -0.208056
v 0.087868 0.650000 -0.212132
v 0.091944 0.581718 -0.208056
v 0.104016 0.516061 -0.195984
v 0.123619 0.455550 -0.176381
v 0.150000 0.402513 -0.150000
v 0.182146 0.358986 -0.117854
v 0.218821 0.326642 -0.081179
v 0.258615 0.306725 -0.041385
v 0.267484 0.993275 -0.048663
v 0.236218 0.973358 -0.095457
v 0.207403 0.941014 -0.138582
v 0.182146 0.897487 -0.176381
v 0.161418 0.844450 -0.207402
v 0.146016 0.783939 -0.230453
v 0.136532 0.718282 -0.244648
v 0.133329 0.650000 -0.249441
v 0.136532 0.581718 -0.244648
v 0.146016 0.516061 -0.230453
v 0.161418 0.455550 -0.207402
v 0.182146 0.402513 -0.176381
v 0.207403 0.358986 -0.138582
v 0.236218 0.326642 -0.095457
v 0.267484 0.306725 -0.048663
v 0.277603 0.993275 -0.054072
v 0.256066 0.973358 -0.106066
v 0.236218 0.941014 -0.153984
v 0.218821 0.897487 -0.195984
v 0.204543 0.844450 -0.230453
v 0.193934 0.783939 -0.256066
v 0.187401 0.718282 -0.271838
v 0.185195 0.650000 -0.277164
v 0.187401 0.581718 -0.271838
v 0.193934 0.516061 -0.256066
v 0.204543 0.455550 -0.230453
v 0.218821 0.402513 -0.195984
v 0.236218 0.358986 -0.153984
v 0.256066 0.326642 -0.106066
v 0.277603 0.306725 -0.054072
v 0.288582 0.993275 -0.057402
v 0.277603 0.973358 -0.112599
v 0.267484 0.941014 -0.163468
v 0.258615 0.897487 -0.208056
v 0.251337 0.844450 -0.244648
v 0.245928 0.783939 -0.271838
v 0.242598 0.718282 -0.288582
v 0.241473 0.650000 -0.294235
v 0.242598 0.581718 -0.288582
v 0.245928 0.516061 -0.271838
v 0.251337 0.455550 -0.244648
v 0.258615 0.402513 -0.208056
v 0.267484 0.358986 -0.163468
v 0.277603 0.326642 -0.112599
v 0.288582 0.306725 -0.057402
v 0.300000 0.993275 -0.058527
v 0.300000 0.973358 -0.114805
v 0.300000 0.897487 -0.212132
v 0.300000 0.783939 -0.277164
v 0.300000 0.516061 -0.277164
v 0.300000 0.402513 -0.212132
v 0.300000 0.358986 -0.166671
v 0.300000 0.326642 -0.114805
v 0.300000 0.306725 -0.058527
vn 0.0112 0.9934 -0.1141
vn 0.0112 -0.9934 -0.1141
vn 0.0977 -0.0837 -0.9917
vn 0.0328 0.9422 -0.3334
vn 0.0949 -0.2505 -0.9635
vn 0.0520 0.8474 -0.5284
vn 0.0892 -0.4149 -0.9055
vn 0.0680 0.7206 -0.6900
vn 0.0803 -0.5735 -0.8153
vn 0.0803 0.5735 -0.8153
vn 0.0680 -0.7206 -0.6900
vn 0.0892 0.4149 -0.9055
vn 0.0520 -0.8474 -0.5284
vn 0.0949 0.2505 -0.9635
vn 0.0328 -0.9422 -0.3334
vn 0.0977 0.0837 -0.9917
vn 0.0973 -0.9422 -0.3206
vn 0.2893 0.0837 -0.9536
vn 0.0333 0.9934 -0.1098
vn 0.0333 -0.9934 -0.1098
vn 0.2893 -0.0837 -0.9536
vn 0.0973 0.9422 -0.3206
vn 0.2810 -0.2505 -0.9264
vn 0.1541 0.8474 -0.5081
vn 0.2641 -0.4149 -0.8707
vn 0.2013 0.7206 -0.6635
vn 0.2378 -0.5735 -0.7839
vn 0.2378 0.5735 -0.7839
vn 0.2013 -0.7206 -0.6635
vn 0.2641 0.4149 -0.8707
vn 0.1541 -0.8474 -0.5081
vn 0.2810 0.2505 -0.9264
vn 0.3268 0.7206 -0.6114
vn 0.3862 -0.5735 -0.7225
vn 0.3862 0.5735 -0.7225
vn 0.3268 -0.7206 -0.6114
vn 0.4289 0.4149 -0.8024
vn 0.2503 -0.8474 -0.4683
vn 0.4564 0.2505 -0.8538
vn 0.1579 -0.9422 -0.2955
vn 0.4697 0.0837 -0.8788
vn 0.0541 0.9934 -0.1012
vn 0.0541 -0.9934 -0.1012
vn 0.4697 -0.0837 -0.8788
vn 0.1579 0.9422 -0.2955
vn 0.4564 -0.2505 -0.8538
vn 0.2503 0.8474 -0.4683
vn 0.4289 -0.4149 -0.8024
vn 0.6322 0.0837 -0.7703
vn 0.0728 0.9934 -0.0887
vn 0.0728 -0.9934 -0.0887
vn 0.6322 -0.0837 -0.7703
vn 0.2126 0.9422 -0.2590
vn 0.6142 -0.2505 -0.7484
vn 0.3369 0.8474 -0.4105
vn 0.5772 -0.4149 -0.7034
vn 0.4398 0.7206 -0.5359
vn 0.5197 -0.5735 -0.6333
vn 0.5197 0.5735 -0.6333
vn 0.4398 -0.7206 -0.5359
vn 0.5772 0.4149 -0.7034
vn 0.3369 -0.8474 -0.4105
vn 0.6142 0.2505 -0.7484
vn 0.2126 -0.9422 -0.2590
vn 0.6333 -0.5735 -0.5197
vn 0.6333 0.5735 -0.5197
vn 0.5359 -0.7206 -0.4398
vn 0.7034 0.4149 -0.5772
vn 0.4105 -0.8474 -0.3369
vn 0.7484 0.2505 -0.6142
vn 0.2590 -0.9422 -0.2126
vn 0.7703 0.0837 -0.6322
vn 0.0887 0.9934 -0.0728
vn 0.0887 -0.9934 -0.0728
vn 0.7703 -0.0837 -0.6322
vn 0.2590 0.9422 -0.2126
vn 0.7484 -0.2505 -0.6142
vn 0.4105 0.8474 -0.3369
vn 0.7034 -0.4149 -0.5772
vn 0.5359 0.7206 -0.4398
vn 0.1012 0.9934 -0.0541
vn 0.1012 -0.9934 -0.0541
vn 0.8788 -0.0837 -0.4697
vn 0.2955 0.9422 -0.1579
vn 0.8538 -0.2505 -0.4564
vn 0.4683 0.8474 -0.2503
vn 0.8024 -0.4149 -0.4289
vn 0.6114 0.7206 -0.3268
vn 0.7225 -0.5735 -0.3862
vn 0.7225 0.5735 -0.3862
vn 0.6114 -0.7206 -0.3268
vn 0.8024 0.4149 -0.4289
vn 0.4683 -0.8474 -0.2503
vn 0.8538 0.2505 -0.4564
vn 0.2955 -0.9422 -0.1579
vn 0.8788 0.0837 -0.4697
vn 0.7839 0.5735 -0.2378
vn 0.6635 -0.7206 -0.2013
vn 0.8707 0.4149 -0.2641
vn 0.5081 -0.8474 -0.1541
vn 0.9264 0.2505 -0.2810
vn 0.3206 -0.9422 -0.0973
vn 0.9536 0.0837 -0.2893
vn 0.1098 0.9934 -0.0333
vn 0.1098 -0.9934 -0.0333
vn 0.9536 -0.0837 -0.2893
vn 0.3206 0.9422 -0.0973
vn 0.9264 -0.2505 -0.2810
vn 0.5081 0.8474 -0.1541
vn 0.8707 -0.4149 -0.2641
vn 0.6635 0.7206 -0.2013
vn 0.7839 -0.5735 -0.2378
vn 0.9917 -0.0837 -0.0977
vn 0.3334 0.9422 -0.0328
vn 0.9635 -0.2505 -0.0949
vn 0.5284 0.8474 -0.0520
vn 0.9055 -0.4149 -0.0892
vn 0.6900 0.7206 -0.0680
vn 0.8153 -0.5735 -0.0803
vn 0.8153 0.5735 -0.0803
vn 0.6900 -0.7206 -0.0680
vn 0.9055 0.4149 -0.0892
vn 0.5284 -0.8474 -0.0520
vn 0.9635 0.2505 -0.0949
vn 0.3334 -0.9422 -0.0328
vn 0.9917 0.0837 -0.0977
vn 0.1141 0.9934 -0.0112
vn 0.1141 -0.9934 -0.0112
vn 0.6900 -0.7206 0.0680
vn 0.9055 0.4149 0.0892
vn 0.5284 -0.8474 0.0520
vn 0.9635 0.2505 0.0949
vn 0.3334 -0.9422 0.0328
vn 0.9917 0.0837 0.0977
vn 0.1141 0.9934 0.0112
vn 0.1141 -0.9934 0.0112
vn 0.9917 -0.0837 0.0977
vn 0.3334 0.9422 0.0328
vn 0.9635 -0.2505 0.0949
vn 0.5284 0.8474 0.0520
vn 0.9055 -0.4149 0.0892
vn 0.6900 0.7206 0.0680
vn 0.8153 -0.5735 0.0803
vn 0.8153 0.5735 0.0803
vn 0.9264 -0.2505 0.2810
vn 0.5081 0.8474 0.1541
vn 0.8707 -0.4149 0.2641
vn 0.6635 0.7206 0.2013
vn 0.7839 -0.5735 0.2378
vn 0.7839 0.5735 0.2378
vn 0.6635 -0.7206 0.2013
vn 0.8707 0.4149 0.2641
vn 0.5081 -0.8474 0.1541
vn 0.9264 0.2505 0.2810
vn 0.3206 -0.9422 0.0973
vn 0.9536 0.0837 0.2893
vn 0.1098 0.9934 0.0333
vn 0.1098 -0.9934 0.0333
vn 0.9536 -0.0837 0.2893
vn 0.3206 0.9422 0.0973
vn 0.4683 -0.8474 0.2503
vn 0.8538 0.2505 0.4564
vn 0.2955 -0.9422 0.1579
vn 0.8788 0.0837 0.4697
vn 0.1012 0.9934 0.0541
vn 0.1012 -0.9934 0.0541
vn 0.8788 -0.0837 0.4697
vn 0.2955 0.9422 0.1579
vn 0.8538 -0.2505 0.4564
vn 0.4683 0.8474 0.2503
vn 0.8024 -0.4149 0.4289
vn 0.6114 0.7206 0.3268
vn 0.7225 -0.5735 0.3862
vn 0.7225 0.5735 0.3862
vn 0.6114 -0.7206 0.3268
vn 0.8024 0.4149 0.4289
vn 0.4105 0.8474 0.3369
vn 0.7034 -0.4149 0.5772
vn 0.5359 0.7206 0.4398
vn 0.6333 -0.5735 0.5197
vn 0.6333 0.5735 0.5197
vn 0.5359 -0.7206 0.4398
vn 0.7034 0.4149 0.5772
vn 0.4105 -0.8474 0.3369
vn 0.7484 0.2505 0.6142
vn 0.2590 -0.9422 0.2126
vn 0.7703 0.0837 0.6322
vn 0.0887 0.9934 0.0728
vn 0.0887 -0.9934 0.0728
vn 0.7703 -0.0837 0.6322
vn 0.2590 0.9422 0.2126
vn 0.7484 -0.2505 0.6142
vn 0.6142 0.2505 0.7484
vn 0.2126 -0.9422 0.2590
vn 0.6322 0.0837 0.7703
vn 0.0728 0.9934 0.0887
vn 0.0728 -0.9934 0.0887
vn 0.6322 -0.0837 0.7703
vn 0.2126 0.9422 0.2590
vn 0.6142 -0.2505 0.7484
vn 0.3369 0.8474 0.4105
vn 0.5772 -0.4149 0.7034
vn 0.4398 0.7206 0.5359
vn 0.5197 -0.5735 0.6333
vn 0.5197 0.5735 0.6333
vn 0.4398 -0.7206 0.5359
vn 0.5772 0.4149 0.7034
vn 0.3369 -0.8474 0.4105
vn 0.4289 -0.4149 0.8024
vn 0.3268 0.7206 0.6114
vn 0.3862 -0.5735 0.7225
vn 0.3862 0.5735 0.7225
vn 0.3268 -0.7206 0.6114
vn 0.4289 0.4149 0.8024
vn 0.2503 -0.8474 0.4683
vn 0.4564 0.2505 0.8538
vn 0.1579 -0.9422 0.2955
vn 0.4697 0.0837 0.8788
vn 0.0541 0.9934 0.1012
vn 0.0541 -0.9934 0.1012
vn 0.4697 -0.0837 0.8788
vn 0.1579 0.9422 0.2955
vn 0.4564 -0.2505 0.8538
vn 0.2503 0.8474 0.4683
vn 0.0973 -0.9422 0.3206
vn 0.2893 0.0837 0.9536
vn 0.0333 0.9934 0.1098
vn 0.0333 -0.9934 0.1098
vn 0.2893 -0.0837 0.9536
vn 0.0973 0.9422 0.3206
vn 0.2810 -0.2505 0.9264
vn 0.1541 0.8474 0.5081
vn 0.2641 -0.4149 0.8707
vn 0.2013 0.7206 0.6635
vn 0.2378 -0.5735 0.7839
vn 0.2378 0.5735 0.7839
vn 0.2013 -0.7206 0.6635
vn 0.2641 0.4149 0.8707
vn 0.1541 -0.8474 0.5081
vn 0.2810 0.2505 0.9264
vn 0.0680 0.7206 0.6900
vn 0.0803 -0.5735 0.8153
vn 0.0803 0.5735 0.8153
vn 0.0680 -0.7206 0.6900
vn 0.0892 0.4149 0.9055
vn 0.0520 -0.8474 0.5284
vn 0.0949 0.2505 0.9635
vn 0.0328 -0.9422 0.3334
vn 0.0977 0.0837 0.9917
vn 0.0112 0.9934 0.1141
vn 0.0112 -0.9934 0.1141
vn 0.0977 -0.0837 0.9917
vn 0.0328 0.9422 0.3334
vn 0.0949 -0.2505 0.9635
vn 0.0520 0.8474 0.5284
vn 0.0892 -0.4149 0.9055
vn -0.0977 0.0837 0.9917
vn -0.0112 0.9934 0.1141
vn -0.0112 -0.9934 0.1141
vn -0.0977 -0.0837 0.9917
vn -0.0328 0.9422 0.3334
vn -0.0949 -0.2505 0.9635
vn -0.0520 0.8474 0.5284
vn -0.0892 -0.4149 0.9055
vn -0.0680 0.7206 0.6900
vn -0.0803 -0.5735 0.8153
vn -0.0803 0.5735 0.8153
vn -0.0680 -0.7206 0.6900
vn -0.0892 0.4149 0.9055
vn -0.0520 -0.8474 0.5284
vn -0.0949 0.2505 0.9635
vn -0.0328 -0.9422 0.3334
vn -0.2378 -0.5735 0.7839
vn -0.2378 0.5735 0.7839
vn -0.2013 -0.7206 0.6635
vn -0.2641 0.4149 0.8707
vn -0.1541 -0.8474 0.5081
vn -0.2810 0.2505 0.9264
vn -0.0973 -0.9422 0.3206
vn -0.2893 0.0837 0.9536
vn -0.0333 0.9934 0.1098
vn -0.0333 -0.9934 0.1098
vn -0.2893 -0.0837 0.9536
vn -0.0973 0.9422 0.3206
vn -0.2810 -0.2505 0.9264
vn -0.1541 0.8474 0.5081
vn -0.2641 -0.4149 0.8707
vn -0.2013 0.7206 0.6635
vn -0.0541 -0.9934 0.1012
vn -0.4697 -0.0837 0.8788
vn -0.1579 0.9422 0.2955
vn -0.4564 -0.2505 0.8538
vn -0.2503 0.8474 0.4683
vn -0.4289 -0.4149 0.8024
vn -0.3268 0.7206 0.6114
vn -0.3862 -0.5735 0.7225
vn -0.3862 0.5735 0.7225
vn -0.3268 -0.7206 0.6114
vn -0.4289 0.4149 0.8024
vn -0.2503 -0.8474 0.4683
vn -0.4564 0.2505 0.8538
vn -0.1579 -0.9422 0.2955
vn -0.4697 0.0837 0.8788
vn -0.0541 0.9934 0.1012
vn -0.4398 -0.7206 0.5359
vn -0.5772 0.4149 0.7034
vn -0.3369 -0.8474 0.4105
vn -0.6142 0.2505 0.7484
vn -0.2126 -0.9422 0.2590
vn -0.6322 0.0837 0.7703
vn -0.0728 0.9934 0.0887
vn -0.0728 -0.9934 0.0887
vn -0.6322 -0.0837 0.7703
vn -0.2126 0.9422 0.2590
vn -0.6142 -0.2505 0.7484
vn -0.3369 0.8474 0.4105
vn -0.5772 -0.4149 0.7034
vn -0.4398 0.7206 0.5359
vn -0.5197 -0.5735 0.6333
vn -0.5197 0.5735 0.6333
vn -0.2590 0.9422 0.2126
vn -0.7484 -0.2505 0.6142
vn -0.4105 0.8474 0.3369
vn -0.7034 -0.4149 0.5772
vn -0.5359 0.7206 0.4398
vn -0.6333 -0.5735 0.5197
vn -0.6333 0.5735 0.5197
vn -0.5359 -0.7206 0.4398
vn -0.7034 0.4149 0.5772
vn -0.4105 -0.8474 0.3369
vn -0.7484 0.2505 0.6142
vn -0.2590 -0.9422 0.2126
vn -0.7703 0.0837 0.6322
vn -0.0887 0.9934 0.0728
vn -0.0887 -0.9934 0.0728
vn -0.7703 -0.0837 0.6322
vn -0.8024 0.4149 0.4289
vn -0.4683 -0.8474 0.2503
vn -0.8538 0.2505 0.4564
vn -0.2955 -0.9422 0.1579
vn -0.8788 0.0837 0.4697
vn -0.1012 0.9934 0.0541
vn -0.1012 -0.9934 0.0541
vn -0.8788 -0.0837 0.4697
vn -0.2955 0.9422 0.1579
vn -0.8538 -0.2505 0.4564
vn -0.4683 0.8474 0.2503
vn -0.8024 -0.4149 0.4289
vn -0.6114 0.7206 0.3268
vn -0.7225 -0.5735 0.3862
vn -0.7225 0.5735 0.3862
vn -0.6114 -0.7206 0.3268
vn -0.9264 -0.2505 0.2810
vn -0.5081 0.8474 0.1541
vn -0.8707 -0.4149 0.2641
vn -0.6635 0.7206 0.2013
vn -0.7839 -0.5735 0.2378
vn -0.7839 0.5735 0.2378
vn -0.6635 -0.7206 0.2013
vn -0.8707 0.4149 0.2641
vn -0.5081 -0.8474 0.1541
vn -0.9264 0.2505 0.2810
vn -0.3206 -0.9422 0.0973
vn -0.9536 0.0837 0.2893
vn -0.1098 0.9934 0.0333
vn -0.1098 -0.9934 0.0333
vn -0.9536 -0.0837 0.2893
vn -0.3206 0.9422 0.0973
vn -0.5284 -0.8474 0.0520
vn -0.9635 0.2505 0.0949
vn -0.3334 -0.9422 0.0328
vn -0.9917 0.0837 0.0977
vn -0.1141 0.9934 0.0112
vn -0.1141 -0.9934 0.0112
vn -0.9917 -0.0837 0.0977
vn -0.3334 0.9422 0.0328
vn -0.9635 -0.2505 0.0949
vn -0.5284 0.8474 0.0520
vn -0.9055 -0.4149 0.0892
vn -0.6900 0.7206 0.0680
vn -0.8153 -0.5735 0.0803
vn -0.8153 0.5735 0.0803
vn -0.6900 -0.7206 0.0680
vn -0.9055 0.4149 0.0892
vn -0.5284 0.8474 -0.0520
vn -0.9055 -0.4149 -0.0892
vn -0.6900 0.7206 -0.0680
vn -0.8153 -0.5735 -0.0803
vn -0.8153 0.5735 -0.0803
vn -0.6900 -0.7206 -0.0680
vn -0.9055 0.4149 -0.0892
vn -0.5284 -0.8474 -0.0520
vn -0.9635 0.2505 -0.0949
vn -0.3334 -0.9422 -0.0328
vn -0.9917 0.0837 -0.0977
vn -0.1141 0.9934 -0.0112
vn -0.1141 -0.9934 -0.0112
vn -0.9917 -0.0837 -0.0977
vn -0.3334 0.9422 -0.0328
vn -0.9635 -0.2505 -0.0949
vn -0.9264 0.2505 -0.2810
vn -0.3206 -0.9422 -0.0973
vn -0.9536 0.0837 -0.2893
vn -0.1098 0.9934 -0.0333
vn -0.1098 -0.9934 -0.0333
vn -0.9536 -0.0837 -0.2893
vn -0.3206 0.9422 -0.0973
vn -0.9264 -0.2505 -0.2810
vn -0.5081 0.8474 -0.1541
vn -0.8707 -0.4149 -0.2641
vn -0.6635 0.7206 -0.2013
vn -0.7839 -0.5735 -0.2378
vn -0.7839 0.5735 -0.2378
vn -0.6635 -0.7206 -0.2013
vn -0.8707 0.4149 -0.2641
vn -0.5081 -0.8474 -0.1541
vn -0.8024 -0.4149 -0.4289
vn -0.6114 0.7206 -0.3268
vn -0.7225 -0.5735 -0.3862
vn -0.7225 0.5735 -0.3862
vn -0.6114 -0.7206 -0.3268
vn -0.8024 0.4149 -0.4289
vn -0.4683 -0.8474 -0.2503
vn -0.8538 0.2505 -0.4564
vn -0.2955 -0.9422 -0.1579
vn -0.8788 0.0837 -0.4697
vn -0.1012 0.9934 -0.0541
vn -0.1012 -0.9934 -0.0541
vn -0.8788 -0.0837 -0.4697
vn -0.2955 0.9422 -0.1579
vn -0.8538 -0.2505 -0.4564
vn -0.4683 0.8474 -0.2503
vn -0.2590 -0.9422 -0.2126
vn -0.7703 0.0837 -0.6322
vn -0.0887 0.9934 -0.0728
vn -0.0887 -0.9934 -0.0728
vn -0.7703 -0.0837 -0.6322
vn -0.2590 0.9422 -0.2126
vn -0.7484 -0.2505 -0.6142
vn -0.4105 0.8474 -0.3369
vn -0.7034 -0.4149 -0.5772
vn -0.5359 0.7206 -0.4398
vn -0.6333 -0.5735 -0.5197
vn -0.6333 0.5735 -0.5197
vn -0.5359 -0.7206 -0.4398
vn -0.7034 0.4149 -0.5772
vn -0.4105 -0.8474 -0.3369
vn -0.7484 0.2505 -0.6142
vn -0.5197 -0.5735 -0.6333
vn -0.5197 0.5735 -0.6333
vn -0.4398 -0.7206 -0.5359
vn -0.5772 0.4149 -0.7034
vn -0.3369 -0.8474 -0.4105
vn -0.6142 0.2505 -0.7484
vn -0.2126 -0.9422 -0.2590
vn -0.6322 0.0837 -0.7703
vn -0.0728 0.9934 -0.0887
vn -0.0728 -0.9934 -0.0887
vn -0.6322 -0.0837 -0.7703
vn -0.2126 0.9422 -0.2590
vn -0.6142 -0.2505 -0.7484
vn -0.3369 0.8474 -0.4105
vn -0.5772 -0.4149 -0.7034
vn -0.4398 0.7206 -0.5359
vn -0.0541 0.9934 -0.1012
vn -0.0541 -0.9934 -0.1012
vn -0.4697 -0.0837 -0.8788
vn -0.1579 0.9422 -0.2955
vn -0.4564 -0.2505 -0.8538
vn -0.2503 0.8474 -0.4683
vn -0.4289 -0.4149 -0.8024
vn -0.3268 0.7206 -0.6114
vn -0.3862 -0.5735 -0.7225
vn -0.3862 0.5735 -0.7225
vn -0.3268 -0.7206 -0.6114
vn -0.4289 0.4149 -0.8024
vn -0.2503 -0.8474 -0.4683
vn -0.4564 0.2505 -0.8538
vn -0.1579 -0.9422 -0.2955
vn -0.4697 0.0837 -0.8788
vn -0.2378 0.5735 -0.7839
vn -0.2013 -0.7206 -0.6635
vn -0.2641 0.4149 -0.8707
vn -0.1541 -0.8474 -0.5081
vn -0.2810 0.2505 -0.9264
vn -0.0973 -0.9422 -0.3206
vn -0.2893 0.0837 -0.9536
vn -0.0333 0.9934 -0.1098
vn -0.0333 -0.9934 -0.1098
vn -0.2893 -0.0837 -0.9536
vn -0.0973 0.9422 -0.3206
vn -0.2810 -0.2505 -0.9264
vn -0.1541 0.8474 -0.5081
vn -0.2641 -0.4149 -0.8707
vn -0.2013 0.7206 -0.6635
vn -0.2378 -0.5735 -0.7839
vn -0.0977 -0.0837 -0.9917
vn -0.0328 0.9422 -0.3334
vn -0.0949 -0.2505 -0.9635
vn -0.0520 0.8474 -0.5284
vn -0.0892 -0.4149 -0.9055
vn -0.0680 0.7206 -0.6900
vn -0.0803 -0.5735 -0.8153
vn -0.0803 0.5735 -0.8153
vn -0.0680 -0.7206 -0.6900
vn -0.0892 0.4149 -0.9055
vn -0.0520 -0.8474 -0.5284
vn -0.0949 0.2505 -0.9635
vn -0.0328 -0.9422 -0.3334
vn -0.0977 0.0837 -0.9917
vn -0.0112 0.9934 -0.1141
vn -0.0112 -0.9934 -0.1141
vt 0.750000 0.937500
vt 0.734375 1.000000
vt 0.718750 0.937500
vt 0.734375 0.000000
vt 0.750000 0.062500
vt 0.718750 0.062500
vt 0.750000 0.437500
vt 0.750000 0.500000
vt 0.718750 0.500000
vt 0.718750 0.437500
vt 0.750000 0.875000
vt 0.718750 0.875000
vt 0.750000 0.375000
vt 0.718750 0.375000
vt 0.750000 0.812500
vt 0.718750 0.812500
vt 0.750000 0.312500
vt 0.718750 0.312500
vt 0.750000 0.750000
vt 0.718750 0.750000
vt 0.750000 0.250000
vt 0.718750 0.250000
vt 0.750000 0.687500
vt 0.718750 0.687500
vt 0.750000 0.187500
vt 0.718750 0.187500
vt 0.750000 0.625000
vt 0.718750 0.625000
vt 0.750000 0.125000
vt 0.718750 0.125000
vt 0.750000 0.562500
vt 0.718750 0.562500
vt 0.687500 0.125000
vt 0.687500 0.062500
vt 0.687500 0.562500
vt 0.687500 0.500000
vt 0.703125 1.000000
vt 0.687500 0.937500
vt 0.703125 0.000000
vt 0.687500 0.437500
vt 0.687500 0.875000
vt 0.687500 0.375000
vt 0.687500 0.812500
vt 0.687500 0.312500
vt 0.687500 0.750000
vt 0.687500 0.250000
vt 0.687500 0.687500
vt 0.687500 0.187500
vt 0.687500 0.625000
vt 0.656250 0.812500
vt 0.656250 0.750000
vt 0.656250 0.312500
vt 0.656250 0.250000
vt 0.656250 0.687500
vt 0.656250 0.187500
vt 0.656250 0.625000
vt 0.656250 0.125000
vt 0.656250 0.562500
vt 0.656250 0.062500
vt 0.656250 0.500000
vt 0.671875 1.000000
vt 0.656250 0.937500
vt 0.671875 0.000000
vt 0.656250 0.437500
vt 0.656250 0.875000
vt 0.656250 0.375000
vt 0.625000 0.562500
vt 0.625000 0.500000
vt 0.640625 1.000000
vt 0.625000 0.937500
vt 0.640625 0.000000
vt 0.625000 0.062500
vt 0.625000 0.437500
vt 0.625000 0.875000
vt 0.625000 0.375000
vt 0.625000 0.812500
vt 0.625000 0.312500
vt 0.625000 0.750000
vt 0.625000 0.250000
vt 0.625000 0.687500
vt 0.625000 0.187500
vt 0.625000 0.625000
vt 0.625000 0.125000
vt 0.593750 0.312500
vt 0.593750 0.250000
vt 0.593750 0.750000
vt 0.593750 0.687500
vt 0.593750 0.187500
vt 0.593750 0.625000
vt 0.593750 0.125000
vt 0.593750 0.562500
vt 0.593750 0.062500
vt 0.593750 0.500000
vt 0.609375 1.000000
vt 0.593750 0.937500
vt 0.609375 0.000000
vt 0.593750 0.437500
vt 0.593750 0.875000
vt 0.593750 0.375000
vt 0.593750 0.812500
vt 0.578125 1.000000
vt 0.562500 0.937500
vt 0.578125 0.000000
vt 0.562500 0.062500
vt 0.562500 0.500000
vt 0.562500 0.437500
vt 0.562500 0.875000
vt 0.562500 0.375000
vt 0.562500 0.812500
vt 0.562500 0.312500
vt 0.562500 0.750000
vt 0.562500 0.250000
vt 0.562500 0.687500
vt 0.562500 0.187500
vt 0.562500 0.625000
vt 0.562500 0.125000
vt 0.562500 0.562500
vt 0.531250 0.750000
vt 0.531250 0.687500
vt 0.531250 0.250000
vt 0.531250 0.187500
vt 0.531250 0.625000
vt 0.531250 0.125000
vt 0.531250 0.562500
vt 0.531250 0.062500
vt 0.531250 0.500000
vt 0.546875 1.000000
vt 0.531250 0.937500
vt 0.546875 0.000000
vt 0.531250 0.437500
vt 0.531250 0.875000
vt 0.531250 0.375000
vt 0.531250 0.812500
vt 0.531250 0.312500
vt 0.500000 0.500000
vt 0.500000 0.437500
vt 0.500000 0.937500
vt 0.500000 0.875000
vt 0.500000 0.375000
vt 0.500000 0.812500
vt 0.500000 0.312500
vt 0.500000 0.750000
vt 0.500000 0.250000
vt 0.500000 0.687500
vt 0.500000 0.187500
vt 0.500000 0.625000
vt 0.500000 0.125000
vt 0.500000 0.562500
vt 0.500000 0.062500
vt 0.515625 1.000000
vt 0.515625 0.000000
vt 0.468750 0.250000
vt 0.468750 0.187500
vt 0.468750 0.687500
vt 0.468750 0.625000
vt 0.468750 0.125000
vt 0.468750 0.562500
vt 0.468750 0.062500
vt 0.468750 0.500000
vt 0.484375 1.000000
vt 0.468750 0.937500
vt 0.484375 0.000000
vt 0.468750 0.437500
vt 0.468750 0.875000
vt 0.468750 0.375000
vt 0.468750 0.812500
vt 0.468750 0.312500
vt 0.468750 0.750000
vt 0.437500 0.437500
vt 0.437500 0.375000
vt 0.437500 0.875000
vt 0.437500 0.812500
vt 0.437500 0.312500
vt 0.437500 0.750000
vt 0.437500 0.250000
vt 0.437500 0.687500
vt 0.437500 0.187500
vt 0.437500 0.625000
vt 0.437500 0.125000
vt 0.437500 0.562500
vt 0.437500 0.062500
vt 0.437500 0.500000
vt 0.453125 1.000000
vt 0.437500 0.937500
vt 0.453125 0.000000
vt 0.406250 0.187500
vt 0.406250 0.125000
vt 0.406250 0.625000
vt 0.406250 0.562500
vt 0.406250 0.062500
vt 0.406250 0.500000
vt 0.421875 1.000000
vt 0.406250 0.937500
vt 0.421875 0.000000
vt 0.406250 0.437500
vt 0.406250 0.875000
vt 0.406250 0.375000
vt 0.406250 0.812500
vt 0.406250 0.312500
vt 0.406250 0.750000
vt 0.406250 0.250000
vt 0.406250 0.687500
vt 0.375000 0.875000
vt 0.375000 0.812500
vt 0.375000 0.375000
vt 0.375000 0.312500
vt 0.375000 0.750000
vt 0.375000 0.250000
vt 0.375000 0.687500
vt 0.375000 0.187500
vt 0.375000 0.625000
vt 0.375000 0.125000
vt 0.375000 0.562500
vt 0.375000 0.062500
vt 0.375000 0.500000
vt 0.390625 1.000000
vt 0.375000 0.937500
vt 0.390625 0.000000
vt 0.375000 0.437500
vt 0.343750 0.625000
vt 0.343750 0.562500
vt 0.343750 0.125000
vt 0.343750 0.062500
vt 0.343750 0.500000
vt 0.359375 1.000000
vt 0.343750 0.937500
vt 0.359375 0.000000
vt 0.343750 0.437500
vt 0.343750 0.875000
vt 0.343750 0.375000
vt 0.343750 0.812500
vt 0.343750 0.312500
vt 0.343750 0.750000
vt 0.343750 0.250000
vt 0.343750 0.687500
vt 0.343750 0.187500
vt 0.312500 0.375000
vt 0.312500 0.312500
vt 0.312500 0.812500
vt 0.312500 0.750000
vt 0.312500 0.250000
vt 0.312500 0.687500
vt 0.312500 0.187500
vt 0.312500 0.625000
vt 0.312500 0.125000
vt 0.312500 0.562500
vt 0.312500 0.062500
vt 0.312500 0.500000
vt 0.328125 1.000000
vt 0.312500 0.937500
vt 0.328125 0.000000
vt 0.312500 0.437500
vt 0.312500 0.875000
vt 0.281250 0.125000
vt 0.281250 0.062500
vt 0.281250 0.562500
vt 0.281250 0.500000
vt 0.296875 1.000000
vt 0.281250 0.937500
vt 0.296875 0.000000
vt 0.281250 0.437500
vt 0.281250 0.875000
vt 0.281250 0.375000
vt 0.281250 0.812500
vt 0.281250 0.312500
vt 0.281250 0.750000
vt 0.281250 0.250000
vt 0.281250 0.687500
vt 0.281250 0.187500
vt 0.281250 0.625000
vt 0.250000 0.812500
vt 0.250000 0.750000
vt 0.250000 0.312500
vt 0.250000 0.250000
vt 0.250000 0.687500
vt 0.250000 0.187500
vt 0.250000 0.625000
vt 0.250000 0.125000
vt 0.250000 0.562500
vt 0.250000 0.062500
vt 0.250000 0.500000
vt 0.265625 1.000000
vt 0.250000 0.937500
vt 0.265625 0.000000
vt 0.250000 0.437500
vt 0.250000 0.875000
vt 0.250000 0.375000
vt 0.218750 0.562500
vt 0.218750 0.500000
vt 0.234375 1.000000
vt 0.218750 0.937500
vt 0.234375 0.000000
vt 0.218750 0.062500
vt 0.218750 0.437500
vt 0.218750 0.875000
vt 0.218750 0.375000
vt 0.218750 0.812500
vt 0.218750 0.312500
vt 0.218750 0.750000
vt 0.218750 0.250000
vt 0.218750 0.687500
vt 0.218750 0.187500
vt 0.218750 0.625000
vt 0.218750 0.125000
vt 0.187500 0.312500
vt 0.187500 0.250000
vt 0.187500 0.750000
vt 0.187500 0.687500
vt 0.187500 0.187500
vt 0.187500 0.625000
vt 0.187500 0.125000
vt 0.187500 0.562500
vt 0.187500 0.062500
vt 0.187500 0.500000
vt 0.203125 1.000000
vt 0.187500 0.937500
vt 0.203125 0.000000
vt 0.187500 0.437500
vt 0.187500 0.875000
vt 0.187500 0.375000
vt 0.187500 0.812500
vt 0.171875 0.000000
vt 0.156250 0.062500
vt 0.156250 0.500000
vt 0.156250 0.437500
vt 0.156250 0.937500
vt 0.156250 0.875000
vt 0.156250 0.375000
vt 0.156250 0.812500
vt 0.156250 0.312500
vt 0.156250 0.750000
vt 0.156250 0.250000
vt 0.156250 0.687500
vt 0.156250 0.187500
vt 0.156250 0.625000
vt 0.156250 0.125000
vt 0.156250 0.562500
vt 0.171875 1.000000
vt 0.125000 0.250000
vt 0.125000 0.187500
vt 0.125000 0.687500
vt 0.125000 0.625000
vt 0.125000 0.125000
vt 0.125000 0.562500
vt 0.125000 0.062500
vt 0.125000 0.500000
vt 0.140625 1.000000
vt 0.125000 0.937500
vt 0.140625 0.000000
vt 0.125000 0.437500
vt 0.125000 0.875000
vt 0.125000 0.375000
vt 0.125000 0.812500
vt 0.125000 0.312500
vt 0.125000 0.750000
vt 0.093750 0.937500
vt 0.093750 0.875000
vt 0.093750 0.437500
vt 0.093750 0.375000
vt 0.093750 0.812500
vt 0.093750 0.312500
vt 0.093750 0.750000
vt 0.093750 0.250000
vt 0.093750 0.687500
vt 0.093750 0.187500
vt 0.093750 0.625000
vt 0.093750 0.125000
vt 0.093750 0.562500
vt 0.093750 0.062500
vt 0.093750 0.500000
vt 0.109375 1.000000
vt 0.109375 0.000000
vt 0.062500 0.687500
vt 0.062500 0.625000
vt 0.062500 0.187500
vt 0.062500 0.125000
vt 0.062500 0.562500
vt 0.062500 0.062500
vt 0.062500 0.500000
vt 0.078125 1.000000
vt 0.062500 0.937500
vt 0.078125 0.000000
vt 0.062500 0.437500
vt 0.062500 0.875000
vt 0.062500 0.375000
vt 0.062500 0.812500
vt 0.062500 0.312500
vt 0.062500 0.750000
vt 0.062500 0.250000
vt 0.031250 0.437500
vt 0.031250 0.375000
vt 0.031250 0.875000
vt 0.031250 0.812500
vt 0.031250 0.312500
vt 0.031250 0.750000
vt 0.031250 0.250000
vt 0.031250 0.687500
vt 0.031250 0.187500
vt 0.031250 0.625000
vt 0.031250 0.125000
vt 0.031250 0.562500
vt 0.031250 0.062500
vt 0.031250 0.500000
vt 0.046875 1.000000
vt 0.031250 0.937500
vt 0.046875 0.000000
vt 0.000000 0.187500
vt 0.000000 0.125000
vt 0.000000 0.625000
vt 0.000000 0.562500
vt 0.000000 0.062500
vt 0.000000 0.500000
vt 0.015625 1.000000
vt 0.000000 0.937500
vt 0.015625 0.000000
vt 0.000000 0.437500
vt 0.000000 0.875000
vt 0.000000 0.375000
vt 0.000000 0.812500
vt 0.000000 0.312500
vt 0.000000 0.750000
vt 0.000000 0.250000
vt 0.000000 0.687500
vt 1.000000 0.812500
vt 1.000000 0.875000
vt 0.968750 0.875000
vt 0.968750 0.812500
vt 1.000000 0.312500
vt 1.000000 0.375000
vt 0.968750 0.375000
vt 0.968750 0.312500
vt 1.000000 0.750000
vt 0.968750 0.750000
vt 1.000000 0.250000
vt 0.968750 0.250000
vt 1.000000 0.687500
vt 0.968750 0.687500
vt 1.000000 0.187500
vt 0.968750 0.187500
vt 1.000000 0.625000
vt 0.968750 0.625000
vt 1.000000 0.125000
vt 0.968750 0.125000
vt 1.000000 0.562500
vt 0.968750 0.562500
vt 1.000000 0.062500
vt 0.968750 0.062500
vt 1.000000 0.500000
vt 0.968750 0.500000
vt 1.000000 0.937500
vt 0.984375 1.000000
vt 0.968750 0.937500
vt 0.984375 0.000000
vt 1.000000 0.437500
vt 0.968750 0.437500
vt 0.937500 0.625000
vt 0.937500 0.562500
vt 0.937500 0.125000
vt 0.937500 0.062500
vt 0.937500 0.500000
vt 0.953125 1.000000
vt 0.937500 0.937500
vt 0.953125 0.000000
vt 0.937500 0.437500
vt 0.937500 0.875000
vt 0.937500 0.375000
vt 0.937500 0.812500
vt 0.937500 0.312500
vt 0.937500 0.750000
vt 0.937500 0.250000
vt 0.937500 0.687500
vt 0.937500 0.187500
vt 0.906250 0.375000
vt 0.906250 0.312500
vt 0.906250 0.812500
vt 0.906250 0.750000
vt 0.906250 0.250000
vt 0.906250 0.687500
vt 0.906250 0.187500
vt 0.906250 0.625000
vt 0.906250 0.125000
vt 0.906250 0.562500
vt 0.906250 0.062500
vt 0.906250 0.500000
vt 0.921875 1.000000
vt 0.906250 0.937500
vt 0.921875 0.000000
vt 0.906250 0.437500
vt 0.906250 0.875000
vt 0.875000 0.125000
vt 0.875000 0.062500
vt 0.875000 0.562500
vt 0.875000 0.500000
vt 0.890625 1.000000
vt 0.875000 0.937500
vt 0.890625 0.000000
vt 0.875000 0.437500
vt 0.875000 0.875000
vt 0.875000 0.375000
vt 0.875000 0.812500
vt 0.875000 0.312500
vt 0.875000 0.750000
vt 0.875000 0.250000
vt 0.875000 0.687500
vt 0.875000 0.187500
vt 0.875000 0.625000
vt 0.843750 0.312500
vt 0.843750 0.250000
vt 0.843750 0.750000
vt 0.843750 0.687500
vt 0.843750 0.187500
vt 0.843750 0.625000
vt 0.843750 0.125000
vt 0.843750 0.562500
vt 0.843750 0.062500
vt 0.843750 0.500000
vt 0.859375 1.000000
vt 0.843750 0.937500
vt 0.859375 0.000000
vt 0.843750 0.437500
vt 0.843750 0.875000
vt 0.843750 0.375000
vt 0.843750 0.812500
vt 0.828125 1.000000
vt 0.812500 0.937500
vt 0.828125 0.000000
vt 0.812500 0.062500
vt 0.812500 0.500000
vt 0.812500 0.437500
vt 0.812500 0.875000
vt 0.812500 0.375000
vt 0.812500 0.812500
vt 0.812500 0.312500
vt 0.812500 0.750000
vt 0.812500 0.250000
vt 0.812500 0.687500
vt 0.812500 0.187500
vt 0.812500 0.625000
vt 0.812500 0.125000
vt 0.812500 0.562500
vt 0.781250 0.750000
vt 0.781250 0.687500
vt 0.781250 0.250000
vt 0.781250 0.187500
vt 0.781250 0.625000
vt 0.781250 0.125000
vt 0.781250 0.562500
vt 0.781250 0.062500
vt 0.781250 0.500000
vt 0.796875 1.000000
vt 0.781250 0.937500
vt 0.796875 0.000000
vt 0.781250 0.437500
vt 0.781250 0.875000
vt 0.781250 0.375000
vt 0.781250 0.812500
vt 0.781250 0.312500
vt 0.765625 1.000000
vt 0.765625 0.000000
s 0
usemtl Foliage
f 3038/4676/1786 2646/4677/1786 2571/4678/1786
f 2872/4679/1787 3046/4680/1787 2585/4681/1787
f 2569/4682/1788 2568/4683/1788 2578/4684/1788 2579/4685/1788
f 3039/4686/1789 3038/4676/1789 2571/4678/1789 2572/4687/1789
f 3042/4688/1790 2569/4682/1790 2579/4685/1790 2580/4689/1790
f 2565/4690/1791 3039/4686/1791 2572/4687/1791 2573/4691/1791
f 2570/4692/1792 3042/4688/1792 2580/4689/1792 2581/4693/1792
f 3040/4694/1793 2565/4690/1793 2573/4691/1793 2574/4695/1793
f 3043/4696/1794 2570/4692/1794 2581/4693/1794 2582/4697/1794
f 2566/4698/1795 3040/4694/1795 2574/4695/1795 2575/4699/1795
f 3044/4700/1796 3043/4696/1796 2582/4697/1796 2583/4701/1796
f 3041/4702/1797 2566/4698/1797 2575/4699/1797 2576/4703/1797
f 3045/4704/1798 3044/4700/1798 2583/4701/1798 2584/4705/1798
f 2567/4706/1799 3041/4702/1799 2576/4703/1799 2577/4707/1799
f 3046/4680/1800 3045/4704/1800 2584/4705/1800 2585/4681/1800
f 2568/4683/1801 2567/4706/1801 2577/4707/1801 2578/4684/1801
f 2585/4681/1802 2584/4705/1802 2599/4708/1802 2600/4709/1802
f 2578/4684/1803 2577/4707/1803 2592/4710/1803 2593/4711/1803
f 2571/4678/1804 2646/4712/1804 2586/4713/1804
f 2872/4714/1805 2585/4681/1805 2600/4709/1805
f 2579/4685/1806 2578/4684/1806 2593/4711/1806 2594/4715/1806
f 2572/4687/1807 2571/4678/1807 2586/4713/1807 2587/4716/1807
f 2580/4689/1808 2579/4685/1808 2594/4715/1808 2595/4717/1808
f 2573/4691/1809 2572/4687/1809 2587/4716/1809 2588/4718/1809
f 2581/4693/1810 2580/4689/1810 2595/4717/1810 2596/4719/1810
f 2574/4695/1811 2573/4691/1811 2588/4718/1811 2589/4720/1811
f 2582/4697/1812 2581/4693/1812 2596/4719/1812 2597/4721/1812
f 2575/4699/1813 2574/4695/1813 2589/4720/1813 2590/4722/1813
f 2583/4701/1814 2582/4697/1814 2597/4721/1814 2598/4723/1814
f 2576/4703/1815 2575/4699/1815 2590/4722/1815 2591/4724/1815
f 2584/4705/1816 2583/4701/1816 2598/4723/1816 2599/4708/1816
f 2577/4707/1817 2576/4703/1817 2591/4724/1817 2592/4710/1817
f 2589/4720/1818 2588/4718/1818 2603/4725/1818 2604/4726/1818
f 2597/4721/1819 2596/4719/1819 2611/4727/1819 2612/4728/1819
f 2590/4722/1820 2589/4720/1820 2604/4726/1820 2605/4729/1820
f 2598/4723/1821 2597/4721/1821 2612/4728/1821 2613/4730/1821
f 2591/4724/1822 2590/4722/1822 2605/4729/1822 2606/4731/1822
f 2599/4708/1823 2598/4723/1823 2613/4730/1823 2614/4732/1823
f 2592/4710/1824 2591/4724/1824 2606/4731/1824 2607/4733/1824
f 2600/4709/1825 2599/4708/1825 2614/4732/1825 2615/4734/1825
f 2593/4711/1826 2592/4710/1826 2607/4733/1826 2608/4735/1826
f 2586/4713/1827 2646/4736/1827 2601/4737/1827
f 2872/4738/1828 2600/4709/1828 2615/4734/1828
f 2594/4715/1829 2593/4711/1829 2608/4735/1829 2609/4739/1829
f 2587/4716/1830 2586/4713/1830 2601/4737/1830 2602/4740/1830
f 2595/4717/1831 2594/4715/1831 2609/4739/1831 2610/4741/1831
f 2588/4718/1832 2587/4716/1832 2602/4740/1832 2603/4725/1832
f 2596/4719/1833 2595/4717/1833 2610/4741/1833 2611/4727/1833
f 2608/4735/1834 2607/4733/1834 2622/4742/1834 2623/4743/1834
f 2601/4737/1835 2646/4744/1835 2616/4745/1835
f 2872/4746/1836 2615/4734/1836 2630/4747/1836
f 2609/4739/1837 2608/4735/1837 2623/4743/1837 2624/4748/1837
f 2602/4740/1838 2601/4737/1838 2616/4745/1838 2617/4749/1838
f 2610/4741/1839 2609/4739/1839 2624/4748/1839 2625/4750/1839
f 2603/4725/1840 2602/4740/1840 2617/4749/1840 2618/4751/1840
f 2611/4727/1841 2610/4741/1841 2625/4750/1841 2626/4752/1841
f 2604/4726/1842 2603/4725/1842 2618/4751/1842 2619/4753/1842
f 2612/4728/1843 2611/4727/1843 2626/4752/1843 2627/4754/1843
f 2605/4729/1844 2604/4726/1844 2619/4753/1844 2620/4755/1844
f 2613/4730/1845 2612/4728/1845 2627/4754/1845 2628/4756/1845
f 2606/4731/1846 2605/4729/1846 2620/4755/1846 2621/4757/1846
f 2614/4732/1847 2613/4730/1847 2628/4756/1847 2629/4758/1847
f 2607/4733/1848 2606/4731/1848 2621/4757/1848 2622/4742/1848
f 2615/4734/1849 2614/4732/1849 2629/4758/1849 2630/4747/1849
f 2627/4754/1850 2626/4752/1850 2641/4759/1850 2642/4760/1850
f 2620/4755/1851 2619/4753/1851 2634/4761/1851 2635/4762/1851
f 2628/4756/1852 2627/4754/1852 2642/4760/1852 2643/4763/1852
f 2621/4757/1853 2620/4755/1853 2635/4762/1853 2636/4764/1853
f 2629/4758/1854 2628/4756/1854 2643/4763/1854 2644/4765/1854
f 2622/4742/1855 2621/4757/1855 2636/4764/1855 2637/4766/1855
f 2630/4747/1856 2629/4758/1856 2644/4765/1856 2645/4767/1856
f 2623/4743/1857 2622/4742/1857 2637/4766/1857 2638/4768/1857
f 2616/4745/1858 2646/4769/1858 2631/4770/1858
f 2872/4771/1859 2630/4747/1859 2645/4767/1859
f 2624/4748/1860 2623/4743/1860 2638/4768/1860 2639/4772/1860
f 2617/4749/1861 2616/4745/1861 2631/4770/1861 2632/4773/1861
f 2625/4750/1862 2624/4748/1862 2639/4772/1862 2640/4774/1862
f 2618/4751/1863 2617/4749/1863 2632/4773/1863 2633/4775/1863
f 2626/4752/1864 2625/4750/1864 2640/4774/1864 2641/4759/1864
f 2619/4753/1865 2618/4751/1865 2633/4775/1865 2634/4761/1865
f 2631/4770/1866 2646/4776/1866 2647/4777/1866
f 2872/4778/1867 2645/4767/1867 2661/4779/1867
f 2639/4772/1868 2638/4768/1868 2654/4780/1868 2655/4781/1868
f 2632/4773/1869 2631/4770/1869 2647/4777/1869 2648/4782/1869
f 2640/4774/1870 2639/4772/1870 2655/4781/1870 2656/4783/1870
f 2633/4775/1871 2632/4773/1871 2648/4782/1871 2649/4784/1871
f 2641/4759/1872 2640/4774/1872 2656/4783/1872 2657/4785/1872
f 2634/4761/1873 2633/4775/1873 2649/4784/1873 2650/4786/1873
f 2642/4760/1874 2641/4759/1874 2657/4785/1874 2658/4787/1874
f 2635/4762/1875 2634/4761/1875 2650/4786/1875 2651/4788/1875
f 2643/4763/1876 2642/4760/1876 2658/4787/1876 2659/4789/1876
f 2636/4764/1877 2635/4762/1877 2651/4788/1877 2652/4790/1877
f 2644/4765/1878 2643/4763/1878 2659/4789/1878 2660/4791/1878
f 2637/4766/1879 2636/4764/1879 2652/4790/1879 2653/4792/1879
f 2645/4767/1880 2644/4765/1880 2660/4791/1880 2661/4779/1880
f 2638/4768/1881 2637/4766/1881 2653/4792/1881 2654/4780/1881
f 2651/4788/1882 2650/4786/1882 2665/4793/1882 2666/4794/1882
f 2659/4789/1883 2658/4787/1883 2673/4795/1883 2674/4796/1883
f 2652/4790/1884 2651/4788/1884 2666/4794/1884 2667/4797/1884
f 2660/4791/1885 2659/4789/1885 2674/4796/1885 2675/4798/1885
f 2653/4792/1886 2652/4790/1886 2667/4797/1886 2668/4799/1886
f 2661/4779/1887 2660/4791/1887 2675/4798/1887 2676/4800/1887
f 2654/4780/1888 2653/4792/1888 2668/4799/1888 2669/4801/1888
f 2647/4777/1889 2646/4802/1889 2662/4803/1889
f 2872/4804/1890 2661/4779/1890 2676/4800/1890
f 2655/4781/1891 2654/4780/1891 2669/4801/1891 2670/4805/1891
f 2648/4782/1892 2647/4777/1892 2662/4803/1892 2663/4806/1892
f 2656/4783/1893 2655/4781/1893 2670/4805/1893 2671/4807/1893
f 2649/4784/1894 2648/4782/1894 2663/4806/1894 2664/4808/1894
f 2657/4785/1895 2656/4783/1895 2671/4807/1895 2672/4809/1895
f 2650/4786/1896 2649/4784/1896 2664/4808/1896 2665/4793/1896
f 2658/4787/1897 2657/4785/1897 2672/4809/1897 2673/4795/1897
f 2670/4805/1898 2669/4801/1898 2684/4810/1898 2685/4811/1898
f 2663/4806/1899 2662/4803/1899 2677/4812/1899 2678/4813/1899
f 2671/4807/1900 2670/4805/1900 2685/4811/1900 2686/4814/1900
f 2664/4808/1901 2663/4806/1901 2678/4813/1901 2679/4815/1901
f 2672/4809/1902 2671/4807/1902 2686/4814/1902 2687/4816/1902
f 2665/4793/1903 2664/4808/1903 2679/4815/1903 2680/4817/1903
f 2673/4795/1904 2672/4809/1904 2687/4816/1904 2688/4818/1904
f 2666/4794/1905 2665/4793/1905 2680/4817/1905 2681/4819/1905
f 2674/4796/1906 2673/4795/1906 2688/4818/1906 2689/4820/1906
f 2667/4797/1907 2666/4794/1907 2681/4819/1907 2682/4821/1907
f 2675/4798/1908 2674/4796/1908 2689/4820/1908 2690/4822/1908
f 2668/4799/1909 2667/4797/1909 2682/4821/1909 2683/4823/1909
f 2676/4800/1910 2675/4798/1910 2690/4822/1910 2691/4824/1910
f 2669/4801/1911 2668/4799/1911 2683/4823/1911 2684/4810/1911
f 2662/4803/1912 2646/4825/1912 2677/4812/1912
f 2872/4826/1913 2676/4800/1913 2691/4824/1913
f 2689/4820/1914 2688/4818/1914 2703/4827/1914 2704/4828/1914
f 2682/4821/1915 2681/4819/1915 2696/4829/1915 2697/4830/1915
f 2690/4822/1916 2689/4820/1916 2704/4828/1916 2705/4831/1916
f 2683/4823/1917 2682/4821/1917 2697/4830/1917 2698/4832/1917
f 2691/4824/1918 2690/4822/1918 2705/4831/1918 2706/4833/1918
f 2684/4810/1919 2683/4823/1919 2698/4832/1919 2699/4834/1919
f 2677/4812/1920 2646/4835/1920 2692/4836/1920
f 2872/4837/1921 2691/4824/1921 2706/4833/1921
f 2685/4811/1922 2684/4810/1922 2699/4834/1922 2700/4838/1922
f 2678/4813/1923 2677/4812/1923 2692/4836/1923 2693/4839/1923
f 2686/4814/1924 2685/4811/1924 2700/4838/1924 2701/4840/1924
f 2679/4815/1925 2678/4813/1925 2693/4839/1925 2694/4841/1925
f 2687/4816/1926 2686/4814/1926 2701/4840/1926 2702/4842/1926
f 2680/4817/1927 2679/4815/1927 2694/4841/1927 2695/4843/1927
f 2688/4818/1928 2687/4816/1928 2702/4842/1928 2703/4827/1928
f 2681/4819/1929 2680/4817/1929 2695/4843/1929 2696/4829/1929
f 2701/4840/1930 2700/4838/1930 2715/4844/1930 2716/4845/1930
f 2694/4841/1931 2693/4839/1931 2708/4846/1931 2709/4847/1931
f 2702/4842/1932 2701/4840/1932 2716/4845/1932 2717/4848/1932
f 2695/4843/1933 2694/4841/1933 2709/4847/1933 2710/4849/1933
f 2703/4827/1934 2702/4842/1934 2717/4848/1934 2718/4850/1934
f 2696/4829/1935 2695/4843/1935 2710/4849/1935 2711/4851/1935
f 2704/4828/1936 2703/4827/1936 2718/4850/1936 2719/4852/1936
f 2697/4830/1937 2696/4829/1937 2711/4851/1937 2712/4853/1937
f 2705/4831/1938 2704/4828/1938 2719/4852/1938 2720/4854/1938
f 2698/4832/1939 2697/4830/1939 2712/4853/1939 2713/4855/1939
f 2706/4833/1940 2705/4831/1940 2720/4854/1940 2721/4856/1940
f 2699/4834/1941 2698/4832/1941 2713/4855/1941 2714/4857/1941
f 2692/4836/1942 2646/4858/1942 2707/4859/1942
f 2872/4860/1943 2706/4833/1943 2721/4856/1943
f 2700/4838/1944 2699/4834/1944 2714/4857/1944 2715/4844/1944
f 2693/4839/1945 2692/4836/1945 2707/4859/1945 2708/4846/1945
f 2720/4854/1946 2719/4852/1946 2734/4861/1946 2735/4862/1946
f 2713/4855/1947 2712/4853/1947 2727/4863/1947 2728/4864/1947
f 2721/4856/1948 2720/4854/1948 2735/4862/1948 2736/4865/1948
f 2714/4857/1949 2713/4855/1949 2728/4864/1949 2729/4866/1949
f 2707/4859/1950 2646/4867/1950 2722/4868/1950
f 2872/4869/1951 2721/4856/1951 2736/4865/1951
f 2715/4844/1952 2714/4857/1952 2729/4866/1952 2730/4870/1952
f 2708/4846/1953 2707/4859/1953 2722/4868/1953 2723/4871/1953
f 2716/4845/1954 2715/4844/1954 2730/4870/1954 2731/4872/1954
f 2709/4847/1955 2708/4846/1955 2723/4871/1955 2724/4873/1955
f 2717/4848/1956 2716/4845/1956 2731/4872/1956 2732/4874/1956
f 2710/4849/1957 2709/4847/1957 2724/4873/1957 2725/4875/1957
f 2718/4850/1958 2717/4848/1958 2732/4874/1958 2733/4876/1958
f 2711/4851/1959 2710/4849/1959 2725/4875/1959 2726/4877/1959
f 2719/4852/1960 2718/4850/1960 2733/4876/1960 2734/4861/1960
f 2712/4853/1961 2711/4851/1961 2726/4877/1961 2727/4863/1961
f 2724/4873/1962 2723/4871/1962 2738/4878/1962 2739/4879/1962
f 2732/4874/1963 2731/4872/1963 2746/4880/1963 2747/4881/1963
f 2725/4875/1964 2724/4873/1964 2739/4879/1964 2740/4882/1964
f 2733/4876/1965 2732/4874/1965 2747/4881/1965 2748/4883/1965
f 2726/4877/1966 2725/4875/1966 2740/4882/1966 2741/4884/1966
f 2734/4861/1967 2733/4876/1967 2748/4883/1967 2749/4885/1967
f 2727/4863/1968 2726/4877/1968 2741/4884/1968 2742/4886/1968
f 2735/4862/1969 2734/4861/1969 2749/4885/1969 2750/4887/1969
f 2728/4864/1970 2727/4863/1970 2742/4886/1970 2743/4888/1970
f 2736/4865/1971 2735/4862/1971 2750/4887/1971 2751/4889/1971
f 2729/4866/1972 2728/4864/1972 2743/4888/1972 2744/4890/1972
f 2722/4868/1973 2646/4891/1973 2737/4892/1973
f 2872/4893/1974 2736/4865/1974 2751/4889/1974
f 2730/4870/1975 2729/4866/1975 2744/4890/1975 2745/4894/1975
f 2723/4871/1976 2722/4868/1976 2737/4892/1976 2738/4878/1976
f 2731/4872/1977 2730/4870/1977 2745/4894/1977 2746/4880/1977
f 2743/4888/1978 2742/4886/1978 2757/4895/1978 2758/4896/1978
f 2751/4889/1979 2750/4887/1979 2765/4897/1979 2766/4898/1979
f 2744/4890/1980 2743/4888/1980 2758/4896/1980 2759/4899/1980
f 2737/4892/1981 2646/4900/1981 2752/4901/1981
f 2872/4902/1982 2751/4889/1982 2766/4898/1982
f 2745/4894/1983 2744/4890/1983 2759/4899/1983 2760/4903/1983
f 2738/4878/1984 2737/4892/1984 2752/4901/1984 2753/4904/1984
f 2746/4880/1985 2745/4894/1985 2760/4903/1985 2761/4905/1985
f 2739/4879/1986 2738/4878/1986 2753/4904/1986 2754/4906/1986
f 2747/4881/1987 2746/4880/1987 2761/4905/1987 2762/4907/1987
f 2740/4882/1988 2739/4879/1988 2754/4906/1988 2755/4908/1988
f 2748/4883/1989 2747/4881/1989 2762/4907/1989 2763/4909/1989
f 2741/4884/1990 2740/4882/1990 2755/4908/1990 2756/4910/1990
f 2749/4885/1991 2748/4883/1991 2763/4909/1991 2764/4911/1991
f 2742/4886/1992 2741/4884/1992 2756/4910/1992 2757/4895/1992
f 2750/4887/1993 2749/4885/1993 2764/4911/1993 2765/4897/1993
f 2762/4907/1994 2761/4905/1994 2776/4912/1994 2777/4913/1994
f 2755/4908/1995 2754/4906/1995 2769/4914/1995 2770/4915/1995
f 2763/4909/1996 2762/4907/1996 2777/4913/1996 2778/4916/1996
f 2756/4910/1997 2755/4908/1997 2770/4915/1997 2771/4917/1997
f 2764/4911/1998 2763/4909/1998 2778/4916/1998 2779/4918/1998
f 2757/4895/1999 2756/4910/1999 2771/4917/1999 2772/4919/1999
f 2765/4897/2000 2764/4911/2000 2779/4918/2000 2780/4920/2000
f 2758/4896/2001 2757/4895/2001 2772/4919/2001 2773/4921/2001
f 2766/4898/2002 2765/4897/2002 2780/4920/2002 2781/4922/2002
f 2759/4899/2003 2758/4896/2003 2773/4921/2003 2774/4923/2003
f 2752/4901/2004 2646/4924/2004 2767/4925/2004
f 2872/4926/2005 2766/4898/2005 2781/4922/2005
f 2760/4903/2006 2759/4899/2006 2774/4923/2006 2775/4927/2006
f 2753/4904/2007 2752/4901/2007 2767/4925/2007 2768/4928/2007
f 2761/4905/2008 2760/4903/2008 2775/4927/2008 2776/4912/2008
f 2754/4906/2009 2753/4904/2009 2768/4928/2009 2769/4914/2009
f 2781/4922/2010 2780/4920/2010 2795/4929/2010 2796/4930/2010
f 2774/4923/2011 2773/4921/2011 2788/4931/2011 2789/4932/2011
f 2767/4925/2012 2646/4933/2012 2782/4934/2012
f 2872/4935/2013 2781/4922/2013 2796/4930/2013
f 2775/4927/2014 2774/4923/2014 2789/4932/2014 2790/4936/2014
f 2768/4928/2015 2767/4925/2015 2782/4934/2015 2783/4937/2015
f 2776/4912/2016 2775/4927/2016 2790/4936/2016 2791/4938/2016
f 2769/4914/2017 2768/4928/2017 2783/4937/2017 2784/4939/2017
f 2777/4913/2018 2776/4912/2018 2791/4938/2018 2792/4940/2018
f 2770/4915/2019 2769/4914/2019 2784/4939/2019 2785/4941/2019
f 2778/4916/2020 2777/4913/2020 2792/4940/2020 2793/4942/2020
f 2771/4917/2021 2770/4915/2021 2785/4941/2021 2786/4943/2021
f 2779/4918/2022 2778/4916/2022 2793/4942/2022 2794/4944/2022
f 2772/4919/2023 2771/4917/2023 2786/4943/2023 2787/4945/2023
f 2780/4920/2024 2779/4918/2024 2794/4944/2024 2795/4929/2024
f 2773/4921/2025 2772/4919/2025 2787/4945/2025 2788/4931/2025
f 2785/4941/2026 2784/4939/2026 2799/4946/2026 2800/4947/2026
f 2793/4942/2027 2792/4940/2027 2807/4948/2027 2808/4949/2027
f 2786/4943/2028 2785/4941/2028 2800/4947/2028 2801/4950/2028
f 2794/4944/2029 2793/4942/2029 2808/4949/2029 2809/4951/2029
f 2787/4945/2030 2786/4943/2030 2801/4950/2030 2802/4952/2030
f 2795/4929/2031 2794/4944/2031 2809/4951/2031 2810/4953/2031
f 2788/4931/2032 2787/4945/2032 2802/4952/2032 2803/4954/2032
f 2796/4930/2033 2795/4929/2033 2810/4953/2033 2811/4955/2033
f 2789/4932/2034 2788/4931/2034 2803/4954/2034 2804/4956/2034
f 2782/4934/2035 2646/4957/2035 2797/4958/2035
f 2872/4959/2036 2796/4930/2036 2811/4955/2036
f 2790/4936/2037 2789/4932/2037 2804/4956/2037 2805/4960/2037
f 2783/4937/2038 2782/4934/2038 2797/4958/2038 2798/4961/2038
f 2791/4938/2039 2790/4936/2039 2805/4960/2039 2806/4962/2039
f 2784/4939/2040 2783/4937/2040 2798/4961/2040 2799/4946/2040
f 2792/4940/2041 2791/4938/2041 2806/4962/2041 2807/4948/2041
f 2804/4956/2042 2803/4954/2042 2818/4963/2042 2819/4964/2042
f 2797/4958/2043 2646/4965/2043 2812/4966/2043
f 2872/4967/2044 2811/4955/2044 2826/4968/2044
f 2805/4960/2045 2804/4956/2045 2819/4964/2045 2820/4969/2045
f 2798/4961/2046 2797/4958/2046 2812/4966/2046 2813/4970/2046
f 2806/4962/2047 2805/4960/2047 2820/4969/2047 2821/4971/2047
f 2799/4946/2048 2798/4961/2048 2813/4970/2048 2814/4972/2048
f 2807/4948/2049 2806/4962/2049 2821/4971/2049 2822/4973/2049
f 2800/4947/2050 2799/4946/2050 2814/4972/2050 2815/4974/2050
f 2808/4949/2051 2807/4948/2051 2822/4973/2051 2823/4975/2051
f 2801/4950/2052 2800/4947/2052 2815/4974/2052 2816/4976/2052
f 2809/4951/2053 2808/4949/2053 2823/4975/2053 2824/4977/2053
f 2802/4952/2054 2801/4950/2054 2816/4976/2054 2817/4978/2054
f 2810/4953/2055 2809/4951/2055 2824/4977/2055 2825/4979/2055
f 2803/4954/2056 2802/4952/2056 2817/4978/2056 2818/4963/2056
f 2811/4955/2057 2810/4953/2057 2825/4979/2057 2826/4968/2057
f 2823/4975/2058 2822/4973/2058 2837/4980/2058 2838/4981/2058
f 2816/4976/2059 2815/4974/2059 2830/4982/2059 2831/4983/2059
f 2824/4977/2060 2823/4975/2060 2838/4981/2060 2839/4984/2060
f 2817/4978/2061 2816/4976/2061 2831/4983/2061 2832/4985/2061
f 2825/4979/2062 2824/4977/2062 2839/4984/2062 2840/4986/2062
f 2818/4963/2063 2817/4978/2063 2832/4985/2063 2833/4987/2063
f 2826/4968/2064 2825/4979/2064 2840/4986/2064 2841/4988/2064
f 2819/4964/2065 2818/4963/2065 2833/4987/2065 2834/4989/2065
f 2812/4966/2066 2646/4990/2066 2827/4991/2066
f 2872/4992/2067 2826/4968/2067 2841/4988/2067
f 2820/4969/2068 2819/4964/2068 2834/4989/2068 2835/4993/2068
f 2813/4970/2069 2812/4966/2069 2827/4991/2069 2828/4994/2069
f 2821/4971/2070 2820/4969/2070 2835/4993/2070 2836/4995/2070
f 2814/4972/2071 2813/4970/2071 2828/4994/2071 2829/4996/2071
f 2822/4973/2072 2821/4971/2072 2836/4995/2072 2837/4980/2072
f 2815/4974/2073 2814/4972/2073 2829/4996/2073 2830/4982/2073
f 2872/4997/2074 2841/4988/2074 2856/4998/2074
f 2835/4993/2075 2834/4989/2075 2849/4999/2075 2850/5000/2075
f 2828/4994/2076 2827/4991/2076 2842/5001/2076 2843/5002/2076
f 2836/4995/2077 2835/4993/2077 2850/5000/2077 2851/5003/2077
f 2829/4996/2078 2828/4994/2078 2843/5002/2078 2844/5004/2078
f 2837/4980/2079 2836/4995/2079 2851/5003/2079 2852/5005/2079
f 2830/4982/2080 2829/4996/2080 2844/5004/2080 2845/5006/2080
f 2838/4981/2081 2837/4980/2081 2852/5005/2081 2853/5007/2081
f 2831/4983/2082 2830/4982/2082 2845/5006/2082 2846/5008/2082
f 2839/4984/2083 2838/4981/2083 2853/5007/2083 2854/5009/2083
f 2832/4985/2084 2831/4983/2084 2846/5008/2084 2847/5010/2084
f 2840/4986/2085 2839/4984/2085 2854/5009/2085 2855/5011/2085
f 2833/4987/2086 2832/4985/2086 2847/5010/2086 2848/5012/2086
f 2841/4988/2087 2840/4986/2087 2855/5011/2087 2856/4998/2087
f 2834/4989/2088 2833/4987/2088 2848/5012/2088 2849/4999/2088
f 2827/4991/2089 2646/5013/2089 2842/5001/2089
f 2854/5009/2090 2853/5007/2090 2868/5014/2090 2869/5015/2090
f 2847/5010/2091 2846/5008/2091 2861/5016/2091 2862/5017/2091
f 2855/5011/2092 2854/5009/2092 2869/5015/2092 2870/5018/2092
f 2848/5012/2093 2847/5010/2093 2862/5017/2093 2863/5019/2093
f 2856/4998/2094 2855/5011/2094 2870/5018/2094 2871/5020/2094
f 2849/4999/2095 2848/5012/2095 2863/5019/2095 2864/5021/2095
f 2842/5001/2096 2646/5022/2096 2857/5023/2096
f 2872/5024/2097 2856/4998/2097 2871/5020/2097
f 2850/5000/2098 2849/4999/2098 2864/5021/2098 2865/5025/2098
f 2843/5002/2099 2842/5001/2099 2857/5023/2099 2858/5026/2099
f 2851/5003/2100 2850/5000/2100 2865/5025/2100 2866/5027/2100
f 2844/5004/2101 2843/5002/2101 2858/5026/2101 2859/5028/2101
f 2852/5005/2102 2851/5003/2102 2866/5027/2102 2867/5029/2102
f 2845/5006/2103 2844/5004/2103 2859/5028/2103 2860/5030/2103
f 2853/5007/2104 2852/5005/2104 2867/5029/2104 2868/5014/2104
f 2846/5008/2105 2845/5006/2105 2860/5030/2105 2861/5016/2105
f 2858/5026/2106 2857/5023/2106 2873/5031/2106 2874/5032/2106
f 2866/5027/2107 2865/5025/2107 2881/5033/2107 2882/5034/2107
f 2859/5028/2108 2858/5026/2108 2874/5032/2108 2875/5035/2108
f 2867/5029/2109 2866/5027/2109 2882/5034/2109 2883/5036/2109
f 2860/5030/2110 2859/5028/2110 2875/5035/2110 2876/5037/2110
f 2868/5014/2111 2867/5029/2111 2883/5036/2111 2884/5038/2111
f 2861/5016/2112 2860/5030/2112 2876/5037/2112 2877/5039/2112
f 2869/5015/2113 2868/5014/2113 2884/5038/2113 2885/5040/2113
f 2862/5017/2114 2861/5016/2114 2877/5039/2114 2878/5041/2114
f 2870/5018/2115 2869/5015/2115 2885/5040/2115 2886/5042/2115
f 2863/5019/2116 2862/5017/2116 2878/5041/2116 2879/5043/2116
f 2871/5020/2117 2870/5018/2117 2886/5042/2117 2887/5044/2117
f 2864/5021/2118 2863/5019/2118 2879/5043/2118 2880/5045/2118
f 2857/5023/2119 2646/5046/2119 2873/5031/2119
f 2872/5047/2120 2871/5020/2120 2887/5044/2120
f 2865/5025/2121 2864/5021/2121 2880/5045/2121 2881/5033/2121
f 2878/5041/2122 2877/5039/2122 2892/5048/2122 2893/5049/2122
f 2886/5042/2123 2885/5040/2123 2900/5050/2123 2901/5051/2123
f 2879/5043/2124 2878/5041/2124 2893/5049/2124 2894/5052/2124
f 2887/5044/2125 2886/5042/2125 2901/5051/2125 2902/5053/2125
f 2880/5045/2126 2879/5043/2126 2894/5052/2126 2895/5054/2126
f 2873/5031/2127 2646/5055/2127 2888/5056/2127
f 2872/5057/2128 2887/5044/2128 2902/5053/2128
f 2881/5033/2129 2880/5045/2129 2895/5054/2129 2896/5058/2129
f 2874/5032/2130 2873/5031/2130 2888/5056/2130 2889/5059/2130
f 2882/5034/2131 2881/5033/2131 2896/5058/2131 2897/5060/2131
f 2875/5035/2132 2874/5032/2132 2889/5059/2132 2890/5061/2132
f 2883/5036/2133 2882/5034/2133 2897/5060/2133 2898/5062/2133
f 2876/5037/2134 2875/5035/2134 2890/5061/2134 2891/5063/2134
f 2884/5038/2135 2883/5036/2135 2898/5062/2135 2899/5064/2135
f 2877/5039/2136 2876/5037/2136 2891/5063/2136 2892/5048/2136
f 2885/5040/2137 2884/5038/2137 2899/5064/2137 2900/5050/2137
f 2897/5060/2138 2896/5058/2138 2911/5065/2138 2912/5066/2138
f 2890/5061/2139 2889/5059/2139 2904/5067/2139 2905/5068/2139
f 2898/5062/2140 2897/5060/2140 2912/5066/2140 2913/5069/2140
f 2891/5063/2141 2890/5061/2141 2905/5068/2141 2906/5070/2141
f 2899/5064/2142 2898/5062/2142 2913/5069/2142 2914/5071/2142
f 2892/5048/2143 2891/5063/2143 2906/5070/2143 2907/5072/2143
f 2900/5050/2144 2899/5064/2144 2914/5071/2144 2915/5073/2144
f 2893/5049/2145 2892/5048/2145 2907/5072/2145 2908/5074/2145
f 2901/5051/2146 2900/5050/2146 2915/5073/2146 2916/5075/2146
f 2894/5052/2147 2893/5049/2147 2908/5074/2147 2909/5076/2147
f 2902/5053/2148 2901/5051/2148 2916/5075/2148 2917/5077/2148
f 2895/5054/2149 2894/5052/2149 2909/5076/2149 2910/5078/2149
f 2888/5056/2150 2646/5079/2150 2903/5080/2150
f 2872/5081/2151 2902/5053/2151 2917/5077/2151
f 2896/5058/2152 2895/5054/2152 2910/5078/2152 2911/5065/2152
f 2889/5059/2153 2888/5056/2153 2903/5080/2153 2904/5067/2153
f 2916/5075/2154 2915/5073/2154 2930/5082/2154 2931/5083/2154
f 2909/5076/2155 2908/5074/2155 2923/5084/2155 2924/5085/2155
f 2917/5077/2156 2916/5075/2156 2931/5083/2156 2932/5086/2156
f 2910/5078/2157 2909/5076/2157 2924/5085/2157 2925/5087/2157
f 2903/5080/2158 2646/5088/2158 2918/5089/2158
f 2872/5090/2159 2917/5077/2159 2932/5086/2159
f 2911/5065/2160 2910/5078/2160 2925/5087/2160 2926/5091/2160
f 2904/5067/2161 2903/5080/2161 2918/5089/2161 2919/5092/2161
f 2912/5066/2162 2911/5065/2162 2926/5091/2162 2927/5093/2162
f 2905/5068/2163 2904/5067/2163 2919/5092/2163 2920/5094/2163
f 2913/5069/2164 2912/5066/2164 2927/5093/2164 2928/5095/2164
f 2906/5070/2165 2905/5068/2165 2920/5094/2165 2921/5096/2165
f 2914/5071/2166 2913/5069/2166 2928/5095/2166 2929/5097/2166
f 2907/5072/2167 2906/5070/2167 2921/5096/2167 2922/5098/2167
f 2915/5073/2168 2914/5071/2168 2929/5097/2168 2930/5082/2168
f 2908/5074/2169 2907/5072/2169 2922/5098/2169 2923/5084/2169
f 2920/5099/2170 2919/5100/2170 2934/5101/2170 2935/5102/2170
f 2928/5103/2171 2927/5104/2171 2942/5105/2171 2943/5106/2171
f 2921/5107/2172 2920/5099/2172 2935/5102/2172 2936/5108/2172
f 2929/5109/2173 2928/5103/2173 2943/5106/2173 2944/5110/2173
f 2922/5111/2174 2921/5107/2174 2936/5108/2174 2937/5112/2174
f 2930/5113/2175 2929/5109/2175 2944/5110/2175 2945/5114/2175
f 2923/5115/2176 2922/5111/2176 2937/5112/2176 2938/5116/2176
f 2931/5117/2177 2930/5113/2177 2945/5114/2177 2946/5118/2177
f 2924/5119/2178 2923/5115/2178 2938/5116/2178 2939/5120/2178
f 2932/5121/2179 2931/5117/2179 2946/5118/2179 2947/5122/2179
f 2925/5123/2180 2924/5119/2180 2939/5120/2180 2940/5124/2180
f 2918/5125/2181 2646/5126/2181 2933/5127/2181
f 2872/5128/2182 2932/5121/2182 2947/5122/2182
f 2926/5129/2183 2925/5123/2183 2940/5124/2183 2941/5130/2183
f 2919/5100/2184 2918/5125/2184 2933/5127/2184 2934/5101/2184
f 2927/5104/2185 2926/5129/2185 2941/5130/2185 2942/5105/2185
f 2939/5120/2186 2938/5116/2186 2953/5131/2186 2954/5132/2186
f 2947/5122/2187 2946/5118/2187 2961/5133/2187 2962/5134/2187
f 2940/5124/2188 2939/5120/2188 2954/5132/2188 2955/5135/2188
f 2933/5127/2189 2646/5136/2189 2948/5137/2189
f 2872/5138/2190 2947/5122/2190 2962/5134/2190
f 2941/5130/2191 2940/5124/2191 2955/5135/2191 2956/5139/2191
f 2934/5101/2192 2933/5127/2192 2948/5137/2192 2949/5140/2192
f 2942/5105/2193 2941/5130/2193 2956/5139/2193 2957/5141/2193
f 2935/5102/2194 2934/5101/2194 2949/5140/2194 2950/5142/2194
f 2943/5106/2195 2942/5105/2195 2957/5141/2195 2958/5143/2195
f 2936/5108/2196 2935/5102/2196 2950/5142/2196 2951/5144/2196
f 2944/5110/2197 2943/5106/2197 2958/5143/2197 2959/5145/2197
f 2937/5112/2198 2936/5108/2198 2951/5144/2198 2952/5146/2198
f 2945/5114/2199 2944/5110/2199 2959/5145/2199 2960/5147/2199
f 2938/5116/2200 2937/5112/2200 2952/5146/2200 2953/5131/2200
f 2946/5118/2201 2945/5114/2201 2960/5147/2201 2961/5133/2201
f 2958/5143/2202 2957/5141/2202 2972/5148/2202 2973/5149/2202
f 2951/5144/2203 2950/5142/2203 2965/5150/2203 2966/5151/2203
f 2959/5145/2204 2958/5143/2204 2973/5149/2204 2974/5152/2204
f 2952/5146/2205 2951/5144/2205 2966/5151/2205 2967/5153/2205
f 2960/5147/2206 2959/5145/2206 2974/5152/2206 2975/5154/2206
f 2953/5131/2207 2952/5146/2207 2967/5153/2207 2968/5155/2207
f 2961/5133/2208 2960/5147/2208 2975/5154/2208 2976/5156/2208
f 2954/5132/2209 2953/5131/2209 2968/5155/2209 2969/5157/2209
f 2962/5134/2210 2961/5133/2210 2976/5156/2210 2977/5158/2210
f 2955/5135/2211 2954/5132/2211 2969/5157/2211 2970/5159/2211
f 2948/5137/2212 2646/5160/2212 2963/5161/2212
f 2872/5162/2213 2962/5134/2213 2977/5158/2213
f 2956/5139/2214 2955/5135/2214 2970/5159/2214 2971/5163/2214
f 2949/5140/2215 2948/5137/2215 2963/5161/2215 2964/5164/2215
f 2957/5141/2216 2956/5139/2216 2971/5163/2216 2972/5148/2216
f 2950/5142/2217 2949/5140/2217 2964/5164/2217 2965/5150/2217
f 2977/5158/2218 2976/5156/2218 2991/5165/2218 2992/5166/2218
f 2970/5159/2219 2969/5157/2219 2984/5167/2219 2985/5168/2219
f 2963/5161/2220 2646/5169/2220 2978/5170/2220
f 2872/5171/2221 2977/5158/2221 2992/5166/2221
f 2971/5163/2222 2970/5159/2222 2985/5168/2222 2986/5172/2222
f 2964/5164/2223 2963/5161/2223 2978/5170/2223 2979/5173/2223
f 2972/5148/2224 2971/5163/2224 2986/5172/2224 2987/5174/2224
f 2965/5150/2225 2964/5164/2225 2979/5173/2225 2980/5175/2225
f 2973/5149/2226 2972/5148/2226 2987/5174/2226 2988/5176/2226
f 2966/5151/2227 2965/5150/2227 2980/5175/2227 2981/5177/2227
f 2974/5152/2228 2973/5149/2228 2988/5176/2228 2989/5178/2228
f 2967/5153/2229 2966/5151/2229 2981/5177/2229 2982/5179/2229
f 2975/5154/2230 2974/5152/2230 2989/5178/2230 2990/5180/2230
f 2968/5155/2231 2967/5153/2231 2982/5179/2231 2983/5181/2231
f 2976/5156/2232 2975/5154/2232 2990/5180/2232 2991/5165/2232
f 2969/5157/2233 2968/5155/2233 2983/5181/2233 2984/5167/2233
f 2989/5178/2234 2988/5176/2234 3003/5182/2234 3004/5183/2234
f 2982/5179/2235 2981/5177/2235 2996/5184/2235 2997/5185/2235
f 2990/5180/2236 2989/5178/2236 3004/5183/2236 3005/5186/2236
f 2983/5181/2237 2982/5179/2237 2997/5185/2237 2998/5187/2237
f 2991/5165/2238 2990/5180/2238 3005/5186/2238 3006/5188/2238
f 2984/5167/2239 2983/5181/2239 2998/5187/2239 2999/5189/2239
f 2992/5166/2240 2991/5165/2240 3006/5188/2240 3007/5190/2240
f 2985/5168/2241 2984/5167/2241 2999/5189/2241 3000/5191/2241
f 2978/5170/2242 2646/5192/2242 2993/5193/2242
f 2872/5194/2243 2992/5166/2243 3007/5190/2243
f 2986/5172/2244 2985/5168/2244 3000/5191/2244 3001/5195/2244
f 2979/5173/2245 2978/5170/2245 2993/5193/2245 2994/5196/2245
f 2987/5174/2246 2986/5172/2246 3001/5195/2246 3002/5197/2246
f 2980/5175/2247 2979/5173/2247 2994/5196/2247 2995/5198/2247
f 2988/5176/2248 2987/5174/2248 3002/5197/2248 3003/5182/2248
f 2981/5177/2249 2980/5175/2249 2995/5198/2249 2996/5184/2249
f 2993/5193/2250 2646/5199/2250 3008/5200/2250
f 2872/5201/2251 3007/5190/2251 3022/5202/2251
f 3001/5195/2252 3000/5191/2252 3015/5203/2252 3016/5204/2252
f 2994/5196/2253 2993/5193/2253 3008/5200/2253 3009/5205/2253
f 3002/5197/2254 3001/5195/2254 3016/5204/2254 3017/5206/2254
f 2995/5198/2255 2994/5196/2255 3009/5205/2255 3010/5207/2255
f 3003/5182/2256 3002/5197/2256 3017/5206/2256 3018/5208/2256
f 2996/5184/2257 2995/5198/2257 3010/5207/2257 3011/5209/2257
f 3004/5183/2258 3003/5182/2258 3018/5208/2258 3019/5210/2258
f 2997/5185/2259 2996/5184/2259 3011/5209/2259 3012/5211/2259
f 3005/5186/2260 3004/5183/2260 3019/5210/2260 3020/5212/2260
f 2998/5187/2261 2997/5185/2261 3012/5211/2261 3013/5213/2261
f 3006/5188/2262 3005/5186/2262 3020/5212/2262 3021/5214/2262
f 2999/5189/2263 2998/5187/2263 3013/5213/2263 3014/5215/2263
f 3007/5190/2264 3006/5188/2264 3021/5214/2264 3022/5202/2264
f 3000/5191/2265 2999/5189/2265 3014/5215/2265 3015/5203/2265
f 3012/5211/2266 3011/5209/2266 3026/5216/2266 3027/5217/2266
f 3020/5212/2267 3019/5210/2267 3034/5218/2267 3035/5219/2267
f 3013/5213/2268 3012/5211/2268 3027/5217/2268 3028/5220/2268
f 3021/5214/2269 3020/5212/2269 3035/5219/2269 3036/5221/2269
f 3014/5215/2270 3013/5213/2270 3028/5220/2270 3029/5222/2270
f 3022/5202/2271 3021/5214/2271 3036/5221/2271 3037/5223/2271
f 3015/5203/2272 3014/5215/2272 3029/5222/2272 3030/5224/2272
f 3008/5200/2273 2646/5225/2273 3023/5226/2273
f 2872/5227/2274 3022/5202/2274 3037/5223/2274
f 3016/5204/2275 3015/5203/2275 3030/5224/2275 3031/5228/2275
f 3009/5205/2276 3008/5200/2276 3023/5226/2276 3024/5229/2276
f 3017/5206/2277 3016/5204/2277 3031/5228/2277 3032/5230/2277
f 3010/5207/2278 3009/5205/2278 3024/5229/2278 3025/5231/2278
f 3018/5208/2279 3017/5206/2279 3032/5230/2279 3033/5232/2279
f 3011/5209/2280 3010/5207/2280 3025/5231/2280 3026/5216/2280
f 3019/5210/2281 3018/5208/2281 3033/5232/2281 3034/5218/2281
f 3031/5228/2282 3030/5224/2282 2568/4683/2282 2569/4682/2282
f 3024/5229/2283 3023/5226/2283 3038/4676/2283 3039/4686/2283
f 3032/5230/2284 3031/5228/2284 2569/4682/2284 3042/4688/2284
f 3025/5231/2285 3024/5229/2285 3039/4686/2285 2565/4690/2285
f 3033/5232/2286 3032/5230/2286 3042/4688/2286 2570/4692/2286
f 3026/5216/2287 3025/5231/2287 2565/4690/2287 3040/4694/2287
f 3034/5218/2288 3033/5232/2288 2570/4692/2288 3043/4696/2288
f 3027/5217/2289 3026/5216/2289 3040/4694/2289 2566/4698/2289
f 3035/5219/2290 3034/5218/2290 3043/4696/2290 3044/4700/2290
f 3028/5220/2291 3027/5217/2291 2566/4698/2291 3041/4702/2291
f 3036/5221/2292 3035/5219/2292 3044/4700/2292 3045/4704/2292
f 3029/5222/2293 3028/5220/2293 3041/4702/2293 2567/4706/2293
f 3037/5223/2294 3036/5221/2294 3045/4704/2294 3046/4680/2294
f 3030/5224/2295 3029/5222/2295 2567/4706/2295 2568/4683/2295
f 3023/5226/2296 2646/5233/2296 3038/4676/2296
f 2872/5234/2297 3037/5223/2297 3046/4680/2297
o Pot2
v -4.200000 0.000000 -2.200000
v -4.200000 0.400000 -2.200000
v -4.160982 0.000000 -2.196157
v -4.160982 0.400000 -2.196157
v -4.123463 0.000000 -2.184776
v -4.123463 0.400000 -2.184776
v -4.088886 0.000000 -2.166294
v -4.088886 0.400000 -2.166294
v -4.058578 0.000000 -2.141421
v -4.058578 0.400000 -2.141421
v -4.033706 0.000000 -2.111114
v -4.033706 0.400000 -2.111114
v -4.015224 0.000000 -2.076537
v -4.015224 0.400000 -2.076537
v -4.003843 0.000000 -2.039018
v -4.003843 0.400000 -2.039018
v -4.000000 0.000000 -2.000000
v -4.000000 0.400000 -2.000000
v -4.003843 0.000000 -1.960982
v -4.003843 0.400000 -1.960982
v -4.015224 0.000000 -1.923463
v -4.015224 0.400000 -1.923463
v -4.033706 0.000000 -1.888886
v -4.033706 0.400000 -1.888886
v -4.058578 0.000000 -1.858579
v -4.058578 0.400000 -1.858579
v -4.088886 0.000000 -1.833706
v -4.088886 0.400000 -1.833706
v -4.123463 0.000000 -1.815224
v -4.123463 0.400000 -1.815224
v -4.160982 0.000000 -1.803843
v -4.160982 0.400000 -1.803843
v -4.200000 0.000000 -1.800000
v -4.200000 0.400000 -1.800000
v -4.239018 0.000000 -1.803843
v -4.239018 0.400000 -1.803843
v -4.276536 0.000000 -1.815224
v -4.276536 0.400000 -1.815224
v -4.311114 0.000000 -1.833706
v -4.311114 0.400000 -1.833706
v -4.341421 0.000000 -1.858579
v -4.341421 0.400000 -1.858579
v -4.366294 0.000000 -1.888886
v -4.366294 0.400000 -1.888886
v -4.384776 0.000000 -1.923463
v -4.384776 0.400000 -1.923463
v -4.396157 0.000000 -1.960982
v -4.396157 0.400000 -1.960982
v -4.400000 0.000000 -2.000000
v -4.400000 0.400000 -2.000000
v -4.396157 0.000000 -2.039018
v -4.396157 0.400000 -2.039018
v -4.384776 0.000000 -2.076537
v -4.384776 0.400000 -2.076537
v -4.366294 0.000000 -2.111114
v -4.366294 0.400000 -2.111114
v -4.341421 0.000000 -2.141421
v -4.341421 0.400000 -2.141421
v -4.311114 0.000000 -2.166294
v -4.311114 0.400000 -2.166294
v -4.276536 0.000000 -2.184776
v -4.276536 0.400000 -2.184776
v -4.239018 0.000000 -2.196157
v -4.239018 0.400000 -2.196157
vn 0.0980 -0.0000 -0.9952
vn 0.2903 -0.0000 -0.9569
vn 0.4714 -0.0000 -0.8819
vn 0.6344 -0.0000 -0.7730
vn 0.7730 -0.0000 -0.6344
vn 0.8819 -0.0000 -0.4714
vn 0.9569 -0.0000 -0.2903
vn 0.9952 -0.0000 -0.0980
vn 0.9952 -0.0000 0.0980
vn 0.9569 -0.0000 0.2903
vn 0.8819 -0.0000 0.4714
vn 0.7730 -0.0000 0.6344
vn 0.6344 -0.0000 0.7730
vn 0.4714 -0.0000 0.8819
vn 0.2903 -0.0000 0.9569
vn 0.0980 -0.0000 0.9952
vn -0.0980 -0.0000 0.9952
vn -0.2903 -0.0000 0.9569
vn -0.4714 -0.0000 0.8819
vn -0.6344 -0.0000 0.7730
vn -0.7730 -0.0000 0.6344
vn -0.8819 -0.0000 0.4714
vn -0.9569 -0.0000 0.2903
vn -0.9952 -0.0000 0.0980
vn -0.9952 -0.0000 -0.0980
vn -0.9569 -0.0000 -0.2903
vn -0.8819 -0.0000 -0.4714
vn -0.7730 -0.0000 -0.6344
vn -0.6344 -0.0000 -0.7730
vn -0.4714 -0.0000 -0.8819
vn -0.0000 1.0000 -0.0000
vn -0.2903 -0.0000 -0.9569
vn -0.0980 -0.0000 -0.9952
vn -0.0000 -1.0000 -0.0000
vt 1.000000 0.500000
vt 1.000000 1.000000
vt 0.968750 1.000000
vt 0.968750 0.500000
vt 0.937500 1.000000
vt 0.937500 0.500000
vt 0.906250 1.000000
vt 0.906250 0.500000
vt 0.875000 1.000000
vt 0.875000 0.500000
vt 0.843750 1.000000
vt 0.843750 0.500000
vt 0.812500 1.000000
vt 0.812500 0.500000
vt 0.781250 1.000000
vt 0.781250 0.500000
vt 0.750000 1.000000
vt 0.750000 0.500000
vt 0.718750 1.000000
vt 0.718750 0.500000
vt 0.687500 1.000000
vt 0.687500 0.500000
vt 0.656250 1.000000
vt 0.656250 0.500000
vt 0.625000 1.000000
vt 0.625000 0.500000
vt 0.593750 1.000000
vt 0.593750 0.500000
vt 0.562500 1.000000
vt 0.562500 0.500000
vt 0.531250 1.000000
vt 0.531250 0.500000
vt 0.500000 1.000000
vt 0.500000 0.500000
vt 0.468750 1.000000
vt 0.468750 0.500000
vt 0.437500 1.000000
vt 0.437500 0.500000
vt 0.406250 1.000000
vt 0.406250 0.500000
vt 0.375000 1.000000
vt 0.375000 0.500000
vt 0.343750 1.000000
vt 0.343750 0.500000
vt 0.312500 1.000000
vt 0.312500 0.500000
vt 0.281250 1.000000
vt 0.281250 0.500000
vt 0.250000 1.000000
vt 0.250000 0.500000
vt 0.218750 1.000000
vt 0.218750 0.500000
vt 0.187500 1.000000
vt 0.187500 0.500000
vt 0.156250 1.000000
vt 0.156250 0.500000
vt 0.125000 1.000000
vt 0.125000 0.500000
vt 0.093750 1.000000
vt 0.093750 0.500000
vt 0.062500 1.000000
vt 0.062500 0.500000
vt 0.296822 0.485388
vt 0.250000 0.490000
vt 0.203178 0.485388
vt 0.158156 0.471731
vt 0.116663 0.449553
vt 0.080294 0.419706
vt 0.050447 0.383337
vt 0.028269 0.341844
vt 0.014612 0.296822
vt 0.010000 0.250000
vt 0.014612 0.203178
vt 0.028269 0.158156
vt 0.050447 0.116663
vt 0.080294 0.080294
vt 0.116663 0.050447
vt 0.158156 0.028269
vt 0.203178 0.014612
vt 0.250000 0.010000
vt 0.296822 0.014612
vt 0.341844 0.028269
vt 0.383337 0.050447
vt 0.419706 0.080294
vt 0.449553 0.116663
vt 0.471731 0.158156
vt 0.485388 0.203178
vt 0.490000 0.250000
vt 0.485388 0.296822
vt 0.471731 0.341844
vt 0.449553 0.383337
vt 0.419706 0.419706
vt 0.383337 0.449553
vt 0.341844 0.471731
vt 0.031250 1.000000
vt 0.031250 0.500000
vt 0.000000 1.000000
vt 0.000000 0.500000
vt 0.750000 0.490000
vt 0.796822 0.485388
vt 0.841844 0.471731
vt 0.883337 0.449553
vt 0.919706 0.419706
vt 0.949553 0.383337
vt 0.971731 0.341844
vt 0.985388 0.296822
vt 0.990000 0.250000
vt 0.985388 0.203178
vt 0.971731 0.158156
vt 0.949553 0.116663
vt 0.919706 0.080294
vt 0.883337 0.050447
vt 0.841844 0.028269
vt 0.796822 0.014612
vt 0.750000 0.010000
vt 0.703178 0.014612
vt 0.658156 0.028269
vt 0.616663 0.050447
vt 0.580294 0.080294
vt 0.550447 0.116663
vt 0.528269 0.158156
vt 0.514612 0.203178
vt 0.510000 0.250000
vt 0.514612 0.296822
vt 0.528269 0.341844
vt 0.550447 0.383337
vt 0.580294 0.419706
vt 0.616663 0.449553
vt 0.658156 0.471731
vt 0.703178 0.485388
s 0
usemtl Terracotta
f 3047/5235/2298 3048/5236/2298 3050/5237/2298 3049/5238/2298
f 3049/5238/2299 3050/5237/2299 3052/5239/2299 3051/5240/2299
f 3051/5240/2300 3052/5239/2300 3054/5241/2300 3053/5242/2300
f 3053/5242/2301 3054/5241/2301 3056/5243/2301 3055/5244/2301
f 3055/5244/2302 3056/5243/2302 3058/5245/2302 3057/5246/2302
f 3057/5246/2303 3058/5245/2303 3060/5247/2303 3059/5248/2303
f 3059/5248/2304 3060/5247/2304 3062/5249/2304 3061/5250/2304
f 3061/5250/2305 3062/5249/2305 3064/5251/2305 3063/5252/2305
f 3063/5252/2306 3064/5251/2306 3066/5253/2306 3065/5254/2306
f 3065/5254/2307 3066/5253/2307 3068/5255/2307 3067/5256/2307
f 3067/5256/2308 3068/5255/2308 3070/5257/2308 3069/5258/2308
f 3069/5258/2309 3070/5257/2309 3072/5259/2309 3071/5260/2309
f 3071/5260/2310 3072/5259/2310 3074/5261/2310 3073/5262/2310
f 3073/5262/2311 3074/5261/2311 3076/5263/2311 3075/5264/2311
f 3075/5264/2312 3076/5263/2312 3078/5265/2312 3077/5266/2312
f 3077/5266/2313 3078/5265/2313 3080/5267/2313 3079/5268/2313
f 3079/5268/2314 3080/5267/2314 3082/5269/2314 3081/5270/2314
f 3081/5270/2315 3082/5269/2315 3084/5271/2315 3083/5272/2315
f 3083/5272/2316 3084/5271/2316 3086/5273/2316 3085/5274/2316
f 3085/5274/2317 3086/5273/2317 3088/5275/2317 3087/5276/2317
f 3087/5276/2318 3088/5275/2318 3090/5277/2318 3089/5278/2318
f 3089/5278/2319 3090/5277/2319 3092/5279/2319 3091/5280/2319
f 3091/5280/2320 3092/5279/2320 3094/5281/2320 3093/5282/2320
f 3093/5282/2321 3094/5281/2321 3096/5283/2321 3095/5284/2321
f 3095/5284/2322 3096/5283/2322 3098/5285/2322 3097/5286/2322
f 3097/5286/2323 3098/5285/2323 3100/5287/2323 3099/5288/2323
f 3099/5288/2324 3100/5287/2324 3102/5289/2324 3101/5290/2324
f 3101/5290/2325 3102/5289/2325 3104/5291/2325 3103/5292/2325
f 3103/5292/2326 3104/5291/2326 3106/5293/2326 3105/5294/2326
f 3105/5294/2327 3106/5293/2327 3108/5295/2327 3107/5296/2327
f 3050/5297/2328 3048/5298/2328 3110/5299/2328 3108/5300/2328 3106/5301/2328 3104/5302/2328 3102/5303/2328 3100/5304/2328 3098/5305/2328 3096/5306/2328 3094/5307/2328 3092/5308/2328 3090/5309/2328 3088/5310/2328 3086/5311/2328 3084/5312/2328 3082/5313/2328 3080/5314/2328 3078/5315/2328 3076/5316/2328 3074/5317/2328 3072/5318/2328 3070/5319/2328 3068/5320/2328 3066/5321/2328 3064/5322/2328 3062/5323/2328 3060/5324/2328 3058/5325/2328 3056/5326/2328 3054/5327/2328 3052/5328/2328
f 3107/5296/2329 3108/5295/2329 3110/5329/2329 3109/5330/2329
f 3109/5330/2330 3110/5329/2330 3048/5331/2330 3047/5332/2330
f 3047/5333/2331 3049/5334/2331 3051/5335/2331 3053/5336/2331 3055/5337/2331 3057/5338/2331 3059/5339/2331 3061/5340/2331 3063/5341/2331 3065/5342/2331 3067/5343/2331 3069/5344/2331 3071/5345/2331 3073/5346/2331 3075/5347/2331 3077/5348/2331 3079/5349/2331 3081/5350/2331 3083/5351/2331 3085/5352/2331 3087/5353/2331 3089/5354/2331 3091/5355/2331 3093/5356/2331 3095/5357/2331 3097/5358/2331 3099/5359/2331 3101/5360/2331 3103/5361/2331 3105/5362/2331 3107/5363/2331 3109/5364/2331
o Plant2
v -4.200000 1.124161 -2.222228
v -4.200000 1.000007 -2.332588
v -4.200000 0.837791 -2.392314
v -4.200000 0.750000 -2.400000
v -4.200000 0.662209 -2.392314
v -4.200000 0.499993 -2.332588
v -4.184776 1.191353 -2.076537
v -4.170136 1.165746 -2.150132
v -4.156645 1.124161 -2.217958
v -4.144820 1.068198 -2.277408
v -4.135115 1.000007 -2.326197
v -4.127904 0.922208 -2.362451
v -4.123463 0.837791 -2.384776
v -4.121964 0.750000 -2.392314
v -4.123463 0.662209 -2.384776
v -4.127904 0.577792 -2.362451
v -4.135115 0.499993 -2.326197
v -4.144820 0.431802 -2.277408
v -4.156645 0.375839 -2.217958
v -4.170136 0.334254 -2.150132
v -4.184776 0.308647 -2.076537
v -4.170136 1.191353 -2.072096
v -4.141421 1.165746 -2.141421
v -4.114957 1.124161 -2.205312
v -4.091761 1.068198 -2.261312
v -4.072724 1.000007 -2.307271
v -4.058578 0.922208 -2.341421
v -4.049868 0.837791 -2.362451
v -4.046926 0.750000 -2.369552
v -4.049868 0.662209 -2.362451
v -4.058578 0.577792 -2.341421
v -4.072724 0.499993 -2.307271
v -4.091761 0.431802 -2.261312
v -4.114957 0.375839 -2.205312
v -4.141421 0.334254 -2.141421
v -4.170136 0.308647 -2.072096
v -4.156645 1.191353 -2.064885
v -4.114957 1.165746 -2.127276
v -4.076537 1.124161 -2.184776
v -4.042861 1.068198 -2.235175
v -4.015224 1.000007 -2.276537
v -3.994688 0.922208 -2.307271
v -3.982042 0.837791 -2.326197
v -3.977772 0.750000 -2.332588
v -3.982042 0.662209 -2.326197
v -3.994688 0.577792 -2.307271
v -4.015224 0.499993 -2.276537
v -4.042861 0.431802 -2.235175
v -4.076537 0.375839 -2.184776
v -4.114957 0.334254 -2.127276
v -4.156645 0.308647 -2.064885
v -4.144820 1.191353 -2.055180
v -4.091761 1.165746 -2.108239
v -4.042861 1.124161 -2.157139
v -4.000000 1.068198 -2.200000
v -3.964825 1.000007 -2.235175
v -3.938687 0.922208 -2.261312
v -3.922592 0.837791 -2.277408
v -3.917157 0.750000 -2.282843
v -3.922592 0.662209 -2.277408
v -3.938687 0.577792 -2.261312
v -3.964825 0.499993 -2.235175
v -4.000000 0.431802 -2.200000
v -4.042861 0.375839 -2.157139
v -4.091761 0.334254 -2.108239
v -4.144820 0.308647 -2.055180
v -4.135115 1.191353 -2.043355
v -4.072724 1.165746 -2.085043
v -4.015224 1.124161 -2.123463
v -3.964825 1.068198 -2.157139
v -3.923463 1.000007 -2.184776
v -3.892729 0.922208 -2.205312
v -3.873803 0.837791 -2.217958
v -3.867412 0.750000 -2.222228
v -3.873803 0.662209 -2.217958
v -3.892729 0.577792 -2.205312
v -3.923463 0.499993 -2.184776
v -3.964825 0.431802 -2.157139
v -4.015224 0.375839 -2.123463
v -4.072724 0.334254 -2.085043
v -4.135115 0.308647 -2.043355
v -4.200000 1.200000 -2.000000
v -4.127904 1.191353 -2.029863
v -4.058578 1.165746 -2.058579
v -3.994688 1.124161 -2.085043
v -3.938687 1.068198 -2.108239
v -3.892729 1.000007 -2.127276
v -3.858578 0.922208 -2.141421
v -3.837549 0.837791 -2.150132
v -3.830448 0.750000 -2.153073
v -3.837549 0.662209 -2.150132
v -3.858578 0.577792 -2.141421
v -3.892729 0.499993 -2.127276
v -3.938687 0.431802 -2.108239
v -3.994688 0.375839 -2.085043
v -4.058578 0.334254 -2.058579
v -4.127904 0.308647 -2.029863
v -4.123463 1.191353 -2.015224
v -4.049868 1.165746 -2.029863
v -3.982042 1.124161 -2.043355
v -3.922592 1.068198 -2.055180
v -3.873803 1.000007 -2.064885
v -3.837549 0.922208 -2.072096
v -3.815224 0.837791 -2.076537
v -3.807686 0.750000 -2.078036
v -3.815224 0.662209 -2.076537
v -3.837549 0.577792 -2.072096
v -3.873803 0.499993 -2.064885
v -3.922592 0.431802 -2.055180
v -3.982042 0.375839 -2.043355
v -4.049868 0.334254 -2.029863
v -4.123463 0.308647 -2.015224
v -4.121964 1.191353 -2.000000
v -4.046926 1.165746 -2.000000
v -3.977772 1.124161 -2.000000
v -3.917157 1.068198 -2.000000
v -3.867412 1.000007 -2.000000
v -3.830448 0.922208 -2.000000
v -3.807686 0.837791 -2.000000
v -3.800000 0.750000 -2.000000
v -3.807686 0.662209 -2.000000
v -3.830448 0.577792 -2.000000
v -3.867412 0.499993 -2.000000
v -3.917157 0.431802 -2.000000
v -3.977772 0.375839 -2.000000
v -4.046926 0.334254 -2.000000
v -4.121964 0.308647 -2.000000
v -4.123463 1.191353 -1.984776
v -4.049868 1.165746 -1.970137
v -3.982042 1.124161 -1.956645
v -3.922592 1.068198 -1.944820
v -3.873803 1.000007 -1.935115
v -3.837549 0.922208 -1.927904
v -3.815224 0.837791 -1.923463
v -3.807686 0.750000 -1.921964
v -3.815224 0.662209 -1.923463
v -3.837549 0.577792 -1.927904
v -3.873803 0.499993 -1.935115
v -3.922592 0.431802 -1.944820
v -3.982042 0.375839 -1.956645
v -4.049868 0.334254 -1.970137
v -4.123463 0.308647 -1.984776
v -4.127904 1.191353 -1.970137
v -4.058578 1.165746 -1.941421
v -3.994688 1.124161 -1.914957
v -3.938687 1.068198 -1.891761
v -3.892729 1.000007 -1.872724
v -3.858578 0.922208 -1.858579
v -3.837549 0.837791 -1.849868
v -3.830448 0.750000 -1.846927
v -3.837549 0.662209 -1.849868
v -3.858578 0.577792 -1.858579
v -3.892729 0.499993 -1.872724
v -3.938687 0.431802 -1.891761
v -3.994688 0.375839 -1.914957
v -4.058578 0.334254 -1.941421
v -4.127904 0.308647 -1.970137
v -4.135115 1.191353 -1.956645
v -4.072724 1.165746 -1.914957
v -4.015224 1.124161 -1.876537
v -3.964825 1.068198 -1.842861
v -3.923463 1.000007 -1.815224
v -3.892729 0.922208 -1.794688
v -3.873803 0.837791 -1.782042
v -3.867412 0.750000 -1.777772
v -3.873803 0.662209 -1.782042
v -3.892729 0.577792 -1.794688
v -3.923463 0.499993 -1.815224
v -3.964825 0.431802 -1.842861
v -4.015224 0.375839 -1.876537
v -4.072724 0.334254 -1.914957
v -4.135115 0.308647 -1.956645
v -4.144820 1.191353 -1.944820
v -4.091761 1.165746 -1.891761
v -4.042861 1.124161 -1.842861
v -4.000000 1.068198 -1.800000
v -3.964825 1.000007 -1.764825
v -3.938687 0.922208 -1.738688
v -3.922592 0.837791 -1.722592
v -3.917157 0.750000 -1.717157
v -3.922592 0.662209 -1.722592
v -3.938687 0.577792 -1.738688
v -3.964825 0.499993 -1.764825
v -4.000000 0.431802 -1.800000
v -4.042861 0.375839 -1.842861
v -4.091761 0.334254 -1.891761
v -4.144820 0.308647 -1.944820
v -4.156645 1.191353 -1.935115
v -4.114957 1.165746 -1.872724
v -4.076537 1.124161 -1.815224
v -4.042861 1.068198 -1.764825
v -4.015224 1.000007 -1.723463
v -3.994688 0.922208 -1.692729
v -3.982042 0.837791 -1.673803
v -3.977772 0.750000 -1.667412
v -3.982042 0.662209 -1.673803
v -3.994688 0.577792 -1.692729
v -4.015224 0.499993 -1.723463
v -4.042861 0.431802 -1.764825
v -4.076537 0.375839 -1.815224
v -4.114957 0.334254 -1.872724
v -4.156645 0.308647 -1.935115
v -4.170137 1.191353 -1.927904
v -4.141421 1.165746 -1.858579
v -4.114957 1.124161 -1.794688
v -4.091761 1.068198 -1.738687
v -4.072724 1.000007 -1.692729
v -4.058578 0.922208 -1.658579
v -4.049868 0.837791 -1.637549
v -4.046926 0.750000 -1.630448
v -4.049868 0.662209 -1.637549
v -4.058578 0.577792 -1.658579
v -4.072724 0.499993 -1.692729
v -4.091761 0.431802 -1.738687
v -4.114957 0.375839 -1.794688
v -4.141421 0.334254 -1.858579
v -4.170137 0.308647 -1.927904
v -4.184776 1.191353 -1.923463
v -4.170137 1.165746 -1.849868
v -4.156645 1.124161 -1.782042
v -4.144820 1.068198 -1.722592
v -4.135115 1.000007 -1.673803
v -4.127904 0.922208 -1.637549
v -4.123463 0.837791 -1.615224
v -4.121964 0.750000 -1.607686
v -4.123463 0.662209 -1.615224
v -4.127904 0.577792 -1.637549
v -4.135115 0.499993 -1.673803
v -4.144820 0.431802 -1.722592
v -4.156645 0.375839 -1.782042
v -4.170137 0.334254 -1.849868
v -4.184776 0.308647 -1.923463
v -4.200000 1.191353 -1.921964
v -4.200000 1.165746 -1.846927
v -4.200000 1.124161 -1.777772
v -4.200000 1.068198 -1.717157
v -4.200000 1.000007 -1.667412
v -4.200000 0.922208 -1.630448
v -4.200000 0.837791 -1.607686
v -4.200000 0.750000 -1.600000
v -4.200000 0.662209 -1.607686
v -4.200000 0.577792 -1.630448
v -4.200000 0.499993 -1.667412
v -4.200000 0.431802 -1.717157
v -4.200000 0.375839 -1.777772
v -4.200000 0.334254 -1.846927
v -4.200000 0.308647 -1.921964
v -4.215224 1.191353 -1.923463
v -4.229863 1.165746 -1.849868
v -4.243354 1.124161 -1.782042
v -4.255180 1.068198 -1.722592
v -4.264884 1.000007 -1.673803
v -4.272096 0.922208 -1.637549
v -4.276536 0.837791 -1.615224
v -4.278036 0.750000 -1.607686
v -4.276536 0.662209 -1.615224
v -4.272096 0.577792 -1.637549
v -4.264884 0.499993 -1.673803
v -4.255180 0.431802 -1.722592
v -4.243354 0.375839 -1.782042
v -4.229863 0.334254 -1.849868
v -4.215224 0.308647 -1.923463
v -4.229863 1.191353 -1.927904
v -4.258578 1.165746 -1.858579
v -4.285043 1.124161 -1.794688
v -4.308239 1.068198 -1.738688
v -4.327276 1.000007 -1.692729
v -4.341421 0.922208 -1.658579
v -4.350132 0.837791 -1.637549
v -4.353073 0.750000 -1.630448
v -4.350132 0.662209 -1.637549
v -4.341421 0.577792 -1.658579
v -4.327276 0.499993 -1.692729
v -4.308239 0.431802 -1.738688
v -4.285043 0.375839 -1.794688
v -4.258578 0.334254 -1.858579
v -4.229863 0.308647 -1.927904
v -4.243354 1.191353 -1.935115
v -4.285043 1.165746 -1.872724
v -4.323463 1.124161 -1.815224
v -4.357139 1.068198 -1.764825
v -4.384776 1.000007 -1.723463
v -4.405312 0.922208 -1.692729
v -4.417958 0.837791 -1.673803
v -4.422228 0.750000 -1.667413
v -4.417958 0.662209 -1.673803
v -4.405312 0.577792 -1.692729
v -4.384776 0.499993 -1.723463
v -4.357139 0.431802 -1.764825
v -4.323463 0.375839 -1.815224
v -4.285043 0.334254 -1.872724
v -4.243354 0.308647 -1.935115
v -4.255179 1.191353 -1.944820
v -4.308239 1.165746 -1.891761
v -4.357139 1.124161 -1.842861
v -4.400000 1.068198 -1.800000
v -4.435175 1.000007 -1.764825
v -4.461312 0.922208 -1.738688
v -4.477408 0.837791 -1.722592
v -4.482842 0.750000 -1.717158
v -4.477408 0.662209 -1.722592
v -4.461312 0.577792 -1.738688
v -4.435175 0.499993 -1.764825
v -4.400000 0.431802 -1.800000
v -4.357139 0.375839 -1.842861
v -4.308239 0.334254 -1.891761
v -4.255179 0.308647 -1.944820
v -4.200000 0.300000 -2.000000
v -4.264884 1.191353 -1.956645
v -4.327276 1.165746 -1.914957
v -4.384776 1.124161 -1.876537
v -4.435175 1.068198 -1.842861
v -4.476536 1.000007 -1.815224
v -4.507271 0.922208 -1.794688
v -4.526197 0.837791 -1.782042
v -4.532588 0.750000 -1.777772
v -4.526197 0.662209 -1.782042
v -4.507271 0.577792 -1.794688
v -4.476536 0.499993 -1.815224
v -4.435175 0.431802 -1.842861
v -4.384776 0.375839 -1.876537
v -4.327276 0.334254 -1.914957
v -4.264884 0.308647 -1.956645
v -4.272096 1.191353 -1.970137
v -4.341421 1.165746 -1.941421
v -4.405312 1.124161 -1.914957
v -4.461312 1.068198 -1.891761
v -4.507271 1.000007 -1.872724
v -4.541421 0.922208 -1.858579
v -4.562451 0.837791 -1.849868
v -4.569551 0.750000 -1.846927
v -4.562451 0.662209 -1.849868
v -4.541421 0.577792 -1.858579
v -4.507271 0.499993 -1.872724
v -4.461312 0.431802 -1.891761
v -4.405312 0.375839 -1.914957
v -4.341421 0.334254 -1.941421
v -4.272096 0.308647 -1.970137
v -4.276536 1.191353 -1.984776
v -4.350132 1.165746 -1.970137
v -4.417958 1.124161 -1.956645
v -4.477408 1.068198 -1.944820
v -4.526197 1.000007 -1.935115
v -4.562450 0.922208 -1.927904
v -4.584775 0.837791 -1.923463
v -4.592314 0.750000 -1.921964
v -4.584775 0.662209 -1.923463
v -4.562450 0.577792 -1.927904
v -4.526197 0.499993 -1.935115
v -4.477408 0.431802 -1.944820
v -4.417958 0.375839 -1.956645
v -4.350132 0.334254 -1.970137
v -4.276536 0.308647 -1.984776
v -4.278036 1.191353 -2.000000
v -4.353073 1.165746 -2.000000
v -4.422228 1.124161 -2.000000
v -4.482842 1.068198 -2.000000
v -4.532588 1.000007 -2.000000
v -4.569551 0.922208 -2.000000
v -4.592314 0.837791 -2.000000
v -4.599999 0.750000 -2.000000
v -4.592314 0.662209 -2.000000
v -4.569551 0.577792 -2.000000
v -4.532588 0.499993 -2.000000
v -4.482842 0.431802 -2.000000
v -4.422228 0.375839 -2.000000
v -4.353073 0.334254 -2.000000
v -4.278036 0.308647 -2.000000
v -4.276536 1.191353 -2.015224
v -4.350132 1.165746 -2.029863
v -4.417958 1.124161 -2.043355
v -4.477407 1.068198 -2.055180
v -4.526197 1.000007 -2.064885
v -4.562450 0.922208 -2.072096
v -4.584775 0.837791 -2.076537
v -4.592313 0.750000 -2.078036
v -4.584775 0.662209 -2.076537
v -4.562450 0.577792 -2.072096
v -4.526197 0.499993 -2.064885
v -4.477407 0.431802 -2.055180
v -4.417958 0.375839 -2.043355
v -4.350132 0.334254 -2.029863
v -4.276536 0.308647 -2.015224
v -4.272096 1.191353 -2.029863
v -4.341421 1.165746 -2.058579
v -4.405312 1.124161 -2.085043
v -4.461312 1.068198 -2.108239
v -4.507271 1.000007 -2.127276
v -4.541421 0.922208 -2.141421
v -4.562450 0.837791 -2.150132
v -4.569551 0.750000 -2.153073
v -4.562450 0.662209 -2.150132
v -4.541421 0.577792 -2.141421
v -4.507271 0.499993 -2.127276
v -4.461312 0.431802 -2.108239
v -4.405312 0.375839 -2.085043
v -4.341421 0.334254 -2.058579
v -4.272096 0.308647 -2.029863
v -4.264884 1.191353 -2.043355
v -4.327276 1.165746 -2.085043
v -4.384776 1.124161 -2.123463
v -4.435175 1.068198 -2.157139
v -4.476536 1.000007 -2.184776
v -4.507271 0.922208 -2.205312
v -4.526197 0.837791 -2.217958
v -4.532587 0.750000 -2.222228
v -4.526197 0.662209 -2.217958
v -4.507271 0.577792 -2.205312
v -4.476536 0.499993 -2.184776
v -4.435175 0.431802 -2.157139
v -4.384776 0.375839 -2.123463
v -4.327276 0.334254 -2.085043
v -4.264884 0.308647 -2.043355
v -4.255179 1.191353 -2.055180
v -4.308239 1.165746 -2.108239
v -4.357139 1.124161 -2.157139
v -4.400000 1.068198 -2.200000
v -4.435175 1.000007 -2.235175
v -4.461312 0.922208 -2.261312
v -4.477407 0.837791 -2.277408
v -4.482842 0.750000 -2.282843
v -4.477407 0.662209 -2.277408
v -4.461312 0.577792 -2.261312
v -4.435175 0.499993 -2.235175
v -4.400000 0.431802 -2.200000
v -4.357139 0.375839 -2.157139
v -4.308239 0.334254 -2.108239
v -4.255179 0.308647 -2.055180
v -4.243354 1.191353 -2.064885
v -4.285043 1.165746 -2.127276
v -4.323463 1.124161 -2.184776
v -4.357139 1.068198 -2.235175
v -4.384776 1.000007 -2.276536
v -4.405312 0.922208 -2.307271
v -4.417958 0.837791 -2.326197
v -4.422227 0.750000 -2.332587
v -4.417958 0.662209 -2.326197
v -4.405312 0.577792 -2.307271
v -4.384776 0.499993 -2.276536
v -4.357139 0.431802 -2.235175
v -4.323463 0.375839 -2.184776
v -4.285043 0.334254 -2.127276
v -4.243354 0.308647 -2.064885
v -4.229863 1.191353 -2.072096
v -4.258578 1.165746 -2.141421
v -4.285043 1.124161 -2.205312
v -4.308239 1.068198 -2.261312
v -4.327275 1.000007 -2.307271
v -4.341421 0.922208 -2.341421
v -4.350132 0.837791 -2.362451
v -4.353073 0.750000 -2.369551
v -4.350132 0.662209 -2.362451
v -4.341421 0.577792 -2.341421
v -4.327275 0.499993 -2.307271
v -4.308239 0.431802 -2.261312
v -4.285043 0.375839 -2.205312
v -4.258578 0.334254 -2.141421
v -4.229863 0.308647 -2.072096
v -4.215224 1.191353 -2.076537
v -4.229863 1.165746 -2.150132
v -4.243354 1.124161 -2.217958
v -4.255179 1.068198 -2.277408
v -4.264884 1.000007 -2.326197
v -4.272096 0.922208 -2.362451
v -4.276536 0.837791 -2.384776
v -4.278036 0.750000 -2.392314
v -4.276536 0.662209 -2.384776
v -4.272096 0.577792 -2.362451
v -4.264884 0.499993 -2.326197
v -4.255179 0.431802 -2.277408
v -4.243354 0.375839 -2.217958
v -4.229863 0.334254 -2.150132
v -4.215224 0.308647 -2.076537
v -4.200000 1.191353 -2.078036
v -4.200000 1.165746 -2.153073
v -4.200000 1.068198 -2.282843
v -4.200000 0.922208 -2.369552
v -4.200000 0.577792 -2.369552
v -4.200000 0.431802 -2.282843
v -4.200000 0.375839 -2.222228
v -4.200000 0.334254 -2.153073
v -4.200000 0.308647 -2.078036
vn 0.0947 -0.2592 -0.9612
vn 0.0507 0.8559 -0.5147
vn 0.0886 -0.4275 -0.8997
vn 0.0667 0.7331 -0.6768
vn 0.0793 -0.5875 -0.8053
vn 0.0793 0.5875 -0.8053
vn 0.0667 -0.7331 -0.6768
vn 0.0886 0.4275 -0.8997
vn 0.0507 -0.8559 -0.5147
vn 0.0947 0.2592 -0.9612
vn 0.0318 -0.9459 -0.3228
vn 0.0976 0.0868 -0.9914
vn 0.0108 0.9939 -0.1101
vn 0.0108 -0.9939 -0.1101
vn 0.0976 -0.0868 -0.9914
vn 0.0318 0.9459 -0.3228
vn 0.2892 -0.0868 -0.9533
vn 0.0942 0.9459 -0.3104
vn 0.2804 -0.2592 -0.9242
vn 0.1501 0.8559 -0.4949
vn 0.2624 -0.4275 -0.8651
vn 0.1974 0.7331 -0.6508
vn 0.2349 -0.5875 -0.7744
vn 0.2349 0.5875 -0.7744
vn 0.1974 -0.7331 -0.6508
vn 0.2624 0.4275 -0.8651
vn 0.1501 -0.8559 -0.4949
vn 0.2804 0.2592 -0.9242
vn 0.0942 -0.9459 -0.3104
vn 0.2892 0.0868 -0.9533
vn 0.0321 0.9939 -0.1059
vn 0.0321 -0.9939 -0.1059
vn 0.3206 -0.7331 -0.5998
vn 0.4262 0.4275 -0.7973
vn 0.2438 -0.8559 -0.4561
vn 0.4553 0.2592 -0.8518
vn 0.1529 -0.9459 -0.2861
vn 0.4696 0.0868 -0.8786
vn 0.0522 0.9939 -0.0976
vn 0.0522 -0.9939 -0.0976
vn 0.4696 -0.0868 -0.8786
vn 0.1529 0.9459 -0.2861
vn 0.4553 -0.2592 -0.8518
vn 0.2438 0.8559 -0.4561
vn 0.4262 -0.4275 -0.7973
vn 0.3206 0.7331 -0.5998
vn 0.3815 -0.5875 -0.7137
vn 0.3815 0.5875 -0.7137
vn 0.2058 0.9459 -0.2507
vn 0.6127 -0.2592 -0.7466
vn 0.3281 0.8559 -0.3998
vn 0.5735 -0.4275 -0.6988
vn 0.4315 0.7331 -0.5257
vn 0.5134 -0.5875 -0.6255
vn 0.5134 0.5875 -0.6255
vn 0.4315 -0.7331 -0.5257
vn 0.5735 0.4275 -0.6988
vn 0.3281 -0.8559 -0.3998
vn 0.6127 0.2592 -0.7466
vn 0.2058 -0.9459 -0.2507
vn 0.6320 0.0868 -0.7701
vn 0.0702 0.9939 -0.0855
vn 0.0702 -0.9939 -0.0855
vn 0.6320 -0.0868 -0.7701
vn 0.6988 0.4275 -0.5735
vn 0.3998 -0.8559 -0.3281
vn 0.7466 0.2592 -0.6127
vn 0.2507 -0.9459 -0.2058
vn 0.7701 0.0868 -0.6320
vn 0.0855 0.9939 -0.0702
vn 0.0855 -0.9939 -0.0702
vn 0.7701 -0.0868 -0.6320
vn 0.2507 0.9459 -0.2058
vn 0.7466 -0.2592 -0.6127
vn 0.3998 0.8559 -0.3281
vn 0.6988 -0.4275 -0.5735
vn 0.5257 0.7331 -0.4315
vn 0.6255 -0.5875 -0.5134
vn 0.6255 0.5875 -0.5134
vn 0.5257 -0.7331 -0.4315
vn 0.8518 -0.2592 -0.4553
vn 0.4561 0.8559 -0.2438
vn 0.7973 -0.4275 -0.4262
vn 0.5998 0.7331 -0.3206
vn 0.7137 -0.5875 -0.3815
vn 0.7137 0.5875 -0.3815
vn 0.5998 -0.7331 -0.3206
vn 0.7973 0.4275 -0.4262
vn 0.4561 -0.8559 -0.2438
vn 0.8518 0.2592 -0.4553
vn 0.2861 -0.9459 -0.1529
vn 0.8786 0.0868 -0.4696
vn 0.0976 0.9939 -0.0522
vn 0.0976 -0.9939 -0.0522
vn 0.8786 -0.0868 -0.4696
vn 0.2861 0.9459 -0.1529
vn 0.4949 -0.8559 -0.1501
vn 0.9242 0.2592 -0.2804
vn 0.3104 -0.9459 -0.0942
vn 0.9533 0.0868 -0.2892
vn 0.1059 0.9939 -0.0321
vn 0.1059 -0.9939 -0.0321
vn 0.9533 -0.0868 -0.2892
vn 0.3104 0.9459 -0.0942
vn 0.9242 -0.2592 -0.2804
vn 0.4949 0.8559 -0.1501
vn 0.8651 -0.4275 -0.2624
vn 0.6508 0.7331 -0.1974
vn 0.7744 -0.5875 -0.2349
vn 0.7744 0.5875 -0.2349
vn 0.6508 -0.7331 -0.1974
vn 0.8651 0.4275 -0.2624
vn 0.8997 -0.4275 -0.0886
vn 0.6768 0.7331 -0.0667
vn 0.8053 -0.5875 -0.0793
vn 0.8053 0.5875 -0.0793
vn 0.6768 -0.7331 -0.0667
vn 0.8997 0.4275 -0.0886
vn 0.5147 -0.8559 -0.0507
vn 0.9612 0.2592 -0.0947
vn 0.3228 -0.9459 -0.0318
vn 0.9914 0.0868 -0.0976
vn 0.1101 0.9939 -0.0108
vn 0.1101 -0.9939 -0.0108
vn 0.9914 -0.0868 -0.0976
vn 0.3228 0.9459 -0.0318
vn 0.9612 -0.2592 -0.0947
vn 0.5147 0.8559 -0.0507
vn 0.3228 -0.9459 0.0318
vn 0.9914 0.0868 0.0976
vn 0.1101 0.9939 0.0108
vn 0.1101 -0.9939 0.0108
vn 0.9914 -0.0868 0.0976
vn 0.3228 0.9459 0.0318
vn 0.9612 -0.2592 0.0947
vn 0.5147 0.8559 0.0507
vn 0.8997 -0.4275 0.0886
vn 0.6768 0.7331 0.0667
vn 0.8053 -0.5875 0.0793
vn 0.8053 0.5875 0.0793
vn 0.6768 -0.7331 0.0667
vn 0.8997 0.4275 0.0886
vn 0.5147 -0.8559 0.0507
vn 0.9612 0.2592 0.0947
vn 0.6508 0.7331 0.1974
vn 0.7744 -0.5875 0.2349
vn 0.7744 0.5875 0.2349
vn 0.6508 -0.7331 0.1974
vn 0.8651 0.4275 0.2624
vn 0.4949 -0.8559 0.1501
vn 0.9242 0.2592 0.2804
vn 0.3104 -0.9459 0.0942
vn 0.9533 0.0868 0.2892
vn 0.1059 0.9939 0.0321
vn 0.1059 -0.9939 0.0321
vn 0.9533 -0.0868 0.2892
vn 0.3104 0.9459 0.0942
vn 0.9242 -0.2592 0.2804
vn 0.4949 0.8559 0.1501
vn 0.8651 -0.4275 0.2624
vn 0.8786 0.0868 0.4696
vn 0.0976 0.9939 0.0522
vn 0.0976 -0.9939 0.0522
vn 0.8786 -0.0868 0.4696
vn 0.2861 0.9459 0.1529
vn 0.8518 -0.2592 0.4553
vn 0.4561 0.8559 0.2438
vn 0.7973 -0.4275 0.4262
vn 0.5998 0.7331 0.3206
vn 0.7137 -0.5875 0.3815
vn 0.7137 0.5875 0.3815
vn 0.5998 -0.7331 0.3206
vn 0.7973 0.4275 0.4262
vn 0.4561 -0.8559 0.2438
vn 0.8518 0.2592 0.4553
vn 0.2861 -0.9459 0.1529
vn 0.6255 -0.5875 0.5134
vn 0.6255 0.5875 0.5134
vn 0.5257 -0.7331 0.4315
vn 0.6988 0.4275 0.5735
vn 0.3998 -0.8559 0.3281
vn 0.7466 0.2592 0.6127
vn 0.2507 -0.9459 0.2058
vn 0.7701 0.0868 0.6320
vn 0.0855 0.9939 0.0702
vn 0.0855 -0.9939 0.0702
vn 0.7701 -0.0868 0.6320
vn 0.2507 0.9459 0.2058
vn 0.7466 -0.2592 0.6127
vn 0.3998 0.8559 0.3281
vn 0.6988 -0.4275 0.5735
vn 0.5257 0.7331 0.4315
vn 0.0702 0.9939 0.0855
vn 0.0702 -0.9939 0.0855
vn 0.6320 -0.0868 0.7701
vn 0.2058 0.9459 0.2507
vn 0.6127 -0.2592 0.7466
vn 0.3281 0.8559 0.3998
vn 0.5735 -0.4275 0.6988
vn 0.4315 0.7331 0.5257
vn 0.5134 -0.5875 0.6255
vn 0.5134 0.5875 0.6255
vn 0.4315 -0.7331 0.5257
vn 0.5735 0.4275 0.6988
vn 0.3281 -0.8559 0.3998
vn 0.6127 0.2592 0.7466
vn 0.2058 -0.9459 0.2507
vn 0.6320 0.0868 0.7701
vn 0.3815 0.5875 0.7137
vn 0.3206 -0.7331 0.5998
vn 0.4262 0.4275 0.7973
vn 0.2438 -0.8559 0.4561
vn 0.4553 0.2592 0.8518
vn 0.1529 -0.9459 0.2861
vn 0.4696 0.0868 0.8786
vn 0.0522 0.9939 0.0976
vn 0.0522 -0.9939 0.0976
vn 0.4696 -0.0868 0.8786
vn 0.1529 0.9459 0.2861
vn 0.4553 -0.2592 0.8518
vn 0.2438 0.8559 0.4561
vn 0.4262 -0.4275 0.7973
vn 0.3206 0.7331 0.5998
vn 0.3815 -0.5875 0.7137
vn 0.2892 -0.0868 0.9533
vn 0.0942 0.9459 0.3104
vn 0.2804 -0.2592 0.9242
vn 0.1501 0.8559 0.4949
vn 0.2624 -0.4275 0.8651
vn 0.1974 0.7331 0.6508
vn 0.2349 -0.5875 0.7744
vn 0.2349 0.5875 0.7744
vn 0.1974 -0.7331 0.6508
vn 0.2624 0.4275 0.8651
vn 0.1501 -0.8559 0.4949
vn 0.2804 0.2592 0.9242
vn 0.0942 -0.9459 0.3104
vn 0.2892 0.0868 0.9533
vn 0.0321 0.9939 0.1059
vn 0.0321 -0.9939 0.1059
vn 0.0667 -0.7331 0.6768
vn 0.0886 0.4275 0.8997
vn 0.0507 -0.8559 0.5147
vn 0.0947 0.2592 0.9612
vn 0.0318 -0.9459 0.3228
vn 0.0976 0.0868 0.9914
vn 0.0109 0.9939 0.1101
vn 0.0108 -0.9939 0.1101
vn 0.0976 -0.0868 0.9914
vn 0.0318 0.9459 0.3228
vn 0.0947 -0.2592 0.9612
vn 0.0507 0.8559 0.5147
vn 0.0886 -0.4275 0.8997
vn 0.0667 0.7331 0.6768
vn 0.0793 -0.5875 0.8053
vn 0.0793 0.5875 0.8053
vn -0.0947 -0.2592 0.9612
vn -0.0507 0.8559 0.5147
vn -0.0886 -0.4275 0.8997
vn -0.0667 0.7331 0.6768
vn -0.0793 -0.5875 0.8053
vn -0.0793 0.5875 0.8053
vn -0.0667 -0.7331 0.6768
vn -0.0886 0.4275 0.8997
vn -0.0507 -0.8559 0.5147
vn -0.0947 0.2592 0.9612
vn -0.0318 -0.9459 0.3228
vn -0.0976 0.0868 0.9914
vn -0.0109 0.9939 0.1101
vn -0.0109 -0.9939 0.1101
vn -0.0976 -0.0868 0.9914
vn -0.0318 0.9459 0.3228
vn -0.1501 -0.8559 0.4949
vn -0.2804 0.2592 0.9242
vn -0.0942 -0.9459 0.3104
vn -0.2892 0.0868 0.9533
vn -0.0321 0.9939 0.1059
vn -0.0321 -0.9939 0.1059
vn -0.2892 -0.0868 0.9533
vn -0.0942 0.9459 0.3104
vn -0.2804 -0.2592 0.9242
vn -0.1501 0.8559 0.4949
vn -0.2624 -0.4275 0.8651
vn -0.1974 0.7331 0.6508
vn -0.2349 -0.5875 0.7744
vn -0.2349 0.5875 0.7744
vn -0.1974 -0.7331 0.6508
vn -0.2624 0.4275 0.8651
vn -0.2438 0.8559 0.4561
vn -0.4262 -0.4275 0.7973
vn -0.3206 0.7331 0.5998
vn -0.3815 -0.5875 0.7137
vn -0.3815 0.5875 0.7137
vn -0.3206 -0.7331 0.5998
vn -0.4262 0.4275 0.7973
vn -0.2438 -0.8559 0.4561
vn -0.4553 0.2592 0.8518
vn -0.1529 -0.9459 0.2861
vn -0.4696 0.0868 0.8786
vn -0.0522 0.9939 0.0976
vn -0.0522 -0.9939 0.0976
vn -0.4696 -0.0868 0.8786
vn -0.1529 0.9459 0.2861
vn -0.4553 -0.2592 0.8518
vn -0.6127 0.2592 0.7466
vn -0.2058 -0.9459 0.2507
vn -0.6320 0.0868 0.7701
vn -0.0702 0.9939 0.0855
vn -0.0702 -0.9939 0.0855
vn -0.6320 -0.0868 0.7701
vn -0.2058 0.9459 0.2507
vn -0.6127 -0.2592 0.7466
vn -0.3281 0.8559 0.3998
vn -0.5735 -0.4275 0.6988
vn -0.4315 0.7331 0.5257
vn -0.5134 -0.5875 0.6255
vn -0.5134 0.5875 0.6255
vn -0.4315 -0.7331 0.5257
vn -0.5735 0.4275 0.6988
vn -0.3281 -0.8559 0.3998
vn -0.6988 -0.4275 0.5735
vn -0.5257 0.7331 0.4315
vn -0.6255 -0.5875 0.5134
vn -0.6255 0.5875 0.5134
vn -0.5257 -0.7331 0.4315
vn -0.6988 0.4275 0.5735
vn -0.3998 -0.8559 0.3281
vn -0.7466 0.2592 0.6127
vn -0.2507 -0.9459 0.2058
vn -0.7701 0.0868 0.6320
vn -0.0855 0.9939 0.0702
vn -0.0855 -0.9939 0.0702
vn -0.7701 -0.0868 0.6320
vn -0.2507 0.9459 0.2058
vn -0.7466 -0.2592 0.6127
vn -0.3998 0.8559 0.3281
vn -0.2861 -0.9459 0.1529
vn -0.8786 0.0868 0.4696
vn -0.0976 0.9939 0.0522
vn -0.0976 -0.9939 0.0522
vn -0.8786 -0.0868 0.4696
vn -0.2861 0.9459 0.1529
vn -0.8518 -0.2592 0.4553
vn -0.4561 0.8559 0.2438
vn -0.7973 -0.4275 0.4262
vn -0.5998 0.7331 0.3206
vn -0.7137 -0.5875 0.3815
vn -0.7137 0.5875 0.3815
vn -0.5998 -0.7331 0.3206
vn -0.7973 0.4275 0.4262
vn -0.4561 -0.8559 0.2438
vn -0.8518 0.2592 0.4553
vn -0.6508 0.7331 0.1974
vn -0.7744 -0.5875 0.2349
vn -0.7744 0.5875 0.2349
vn -0.6508 -0.7331 0.1974
vn -0.8651 0.4275 0.2624
vn -0.4949 -0.8559 0.1501
vn -0.9242 0.2592 0.2804
vn -0.3104 -0.9459 0.0942
vn -0.9533 0.0868 0.2892
vn -0.1059 0.9939 0.0321
vn -0.1059 -0.9939 0.0321
vn -0.9533 -0.0868 0.2892
vn -0.3104 0.9459 0.0942
vn -0.9242 -0.2592 0.2804
vn -0.4949 0.8559 0.1501
vn -0.8651 -0.4275 0.2624
vn -0.9914 0.0868 0.0976
vn -0.1101 0.9939 0.0108
vn -0.1101 -0.9939 0.0108
vn -0.9914 -0.0868 0.0976
vn -0.3228 0.9459 0.0318
vn -0.9612 -0.2592 0.0947
vn -0.5147 0.8559 0.0507
vn -0.8997 -0.4275 0.0886
vn -0.6768 0.7331 0.0667
vn -0.8053 -0.5875 0.0793
vn -0.8053 0.5875 0.0793
vn -0.6768 -0.7331 0.0667
vn -0.8997 0.4275 0.0886
vn -0.5147 -0.8559 0.0507
vn -0.9612 0.2592 0.0947
vn -0.3228 -0.9459 0.0318
vn -0.8053 -0.5875 -0.0793
vn -0.8053 0.5875 -0.0793
vn -0.6768 -0.7331 -0.0667
vn -0.8997 0.4275 -0.0886
vn -0.5147 -0.8559 -0.0507
vn -0.9612 0.2592 -0.0947
vn -0.3228 -0.9459 -0.0318
vn -0.9914 0.0868 -0.0976
vn -0.1101 0.9939 -0.0108
vn -0.1101 -0.9939 -0.0108
vn -0.9914 -0.0868 -0.0976
vn -0.3228 0.9459 -0.0318
vn -0.9612 -0.2592 -0.0947
vn -0.5147 0.8559 -0.0507
vn -0.8997 -0.4275 -0.0886
vn -0.6768 0.7331 -0.0667
vn -0.1059 -0.9939 -0.0321
vn -0.9533 -0.0868 -0.2892
vn -0.3104 0.9459 -0.0942
vn -0.9242 -0.2592 -0.2804
vn -0.4949 0.8559 -0.1501
vn -0.8651 -0.4275 -0.2624
vn -0.6508 0.7331 -0.1974
vn -0.7744 -0.5875 -0.2349
vn -0.7744 0.5875 -0.2349
vn -0.6508 -0.7331 -0.1974
vn -0.8651 0.4275 -0.2624
vn -0.4949 -0.8559 -0.1501
vn -0.9242 0.2592 -0.2804
vn -0.3104 -0.9459 -0.0942
vn -0.9533 0.0868 -0.2892
vn -0.1059 0.9939 -0.0321
vn -0.5998 -0.7331 -0.3206
vn -0.7973 0.4275 -0.4262
vn -0.4561 -0.8559 -0.2438
vn -0.8518 0.2592 -0.4553
vn -0.2861 -0.9459 -0.1529
vn -0.8786 0.0868 -0.4696
vn -0.0976 0.9939 -0.0522
vn -0.0976 -0.9939 -0.0522
vn -0.8786 -0.0868 -0.4696
vn -0.2861 0.9459 -0.1529
vn -0.8518 -0.2592 -0.4553
vn -0.4561 0.8559 -0.2438
vn -0.7973 -0.4275 -0.4262
vn -0.5998 0.7331 -0.3206
vn -0.7137 -0.5875 -0.3815
vn -0.7137 0.5875 -0.3815
vn -0.2507 0.9459 -0.2058
vn -0.7466 -0.2592 -0.6127
vn -0.3998 0.8559 -0.3281
vn -0.6988 -0.4275 -0.5735
vn -0.5257 0.7331 -0.4315
vn -0.6255 -0.5875 -0.5134
vn -0.6255 0.5875 -0.5134
vn -0.5257 -0.7331 -0.4315
vn -0.6988 0.4275 -0.5735
vn -0.3998 -0.8559 -0.3281
vn -0.7466 0.2592 -0.6127
vn -0.2507 -0.9459 -0.2058
vn -0.7701 0.0868 -0.6320
vn -0.0855 0.9939 -0.0702
vn -0.0855 -0.9939 -0.0702
vn -0.7701 -0.0868 -0.6320
vn -0.5735 0.4275 -0.6988
vn -0.3281 -0.8559 -0.3998
vn -0.6127 0.2592 -0.7466
vn -0.2058 -0.9459 -0.2507
vn -0.6320 0.0868 -0.7701
vn -0.0702 0.9939 -0.0855
vn -0.0702 -0.9939 -0.0855
vn -0.6320 -0.0868 -0.7701
vn -0.2058 0.9459 -0.2507
vn -0.6127 -0.2592 -0.7466
vn -0.3281 0.8559 -0.3998
vn -0.5735 -0.4275 -0.6988
vn -0.4315 0.7331 -0.5257
vn -0.5134 -0.5875 -0.6255
vn -0.5134 0.5875 -0.6255
vn -0.4315 -0.7331 -0.5257
vn -0.4553 -0.2592 -0.8518
vn -0.2438 0.8559 -0.4561
vn -0.4262 -0.4275 -0.7973
vn -0.3206 0.7331 -0.5998
vn -0.3815 -0.5875 -0.7137
vn -0.3815 0.5875 -0.7137
vn -0.3206 -0.7331 -0.5998
vn -0.4262 0.4275 -0.7973
vn -0.2438 -0.8559 -0.4561
vn -0.4553 0.2592 -0.8518
vn -0.1529 -0.9459 -0.2861
vn -0.4696 0.0868 -0.8786
vn -0.0522 0.9939 -0.0976
vn -0.0522 -0.9939 -0.0976
vn -0.4696 -0.0868 -0.8786
vn -0.1529 0.9459 -0.2861
vn -0.1501 -0.8559 -0.4949
vn -0.2804 0.2592 -0.9242
vn -0.0942 -0.9459 -0.3104
vn -0.2892 0.0868 -0.9533
vn -0.0321 0.9939 -0.1059
vn -0.0321 -0.9939 -0.1059
vn -0.2892 -0.0868 -0.9533
vn -0.0942 0.9459 -0.3104
vn -0.2804 -0.2592 -0.9242
vn -0.1501 0.8559 -0.4949
vn -0.2624 -0.4275 -0.8651
vn -0.1974 0.7331 -0.6508
vn -0.2349 -0.5875 -0.7744
vn -0.2349 0.5875 -0.7744
vn -0.1974 -0.7331 -0.6508
vn -0.2624 0.4275 -0.8651
vn -0.0507 0.8559 -0.5147
vn -0.0886 -0.4275 -0.8997
vn -0.0667 0.7331 -0.6768
vn -0.0793 -0.5875 -0.8053
vn -0.0793 0.5875 -0.8053
vn -0.0667 -0.7331 -0.6768
vn -0.0886 0.4275 -0.8997
vn -0.0507 -0.8559 -0.5147
vn -0.0947 0.2592 -0.9612
vn -0.0318 -0.9459 -0.3228
vn -0.0977 0.0868 -0.9914
vn -0.0109 0.9939 -0.1101
vn -0.0108 -0.9939 -0.1101
vn -0.0977 -0.0868 -0.9914
vn -0.0318 0.9459 -0.3228
vn -0.0947 -0.2592 -0.9612
vt 0.750000 0.375000
vt 0.750000 0.437500
vt 0.718750 0.437500
vt 0.718750 0.375000
vt 0.750000 0.812500
vt 0.750000 0.875000
vt 0.718750 0.875000
vt 0.718750 0.812500
vt 0.750000 0.312500
vt 0.718750 0.312500
vt 0.750000 0.750000
vt 0.718750 0.750000
vt 0.750000 0.250000
vt 0.718750 0.250000
vt 0.750000 0.687500
vt 0.718750 0.687500
vt 0.750000 0.187500
vt 0.718750 0.187500
vt 0.750000 0.625000
vt 0.718750 0.625000
vt 0.750000 0.125000
vt 0.718750 0.125000
vt 0.750000 0.562500
vt 0.718750 0.562500
vt 0.750000 0.062500
vt 0.718750 0.062500
vt 0.750000 0.500000
vt 0.718750 0.500000
vt 0.750000 0.937500
vt 0.734375 1.000000
vt 0.718750 0.937500
vt 0.734375 0.000000
vt 0.687500 0.500000
vt 0.687500 0.437500
vt 0.687500 0.937500
vt 0.687500 0.875000
vt 0.687500 0.375000
vt 0.687500 0.812500
vt 0.687500 0.312500
vt 0.687500 0.750000
vt 0.687500 0.250000
vt 0.687500 0.687500
vt 0.687500 0.187500
vt 0.687500 0.625000
vt 0.687500 0.125000
vt 0.687500 0.562500
vt 0.687500 0.062500
vt 0.703125 1.000000
vt 0.703125 0.000000
vt 0.656250 0.250000
vt 0.656250 0.187500
vt 0.656250 0.687500
vt 0.656250 0.625000
vt 0.656250 0.125000
vt 0.656250 0.562500
vt 0.656250 0.062500
vt 0.656250 0.500000
vt 0.671875 1.000000
vt 0.656250 0.937500
vt 0.671875 0.000000
vt 0.656250 0.437500
vt 0.656250 0.875000
vt 0.656250 0.375000
vt 0.656250 0.812500
vt 0.656250 0.312500
vt 0.656250 0.750000
vt 0.625000 0.937500
vt 0.625000 0.875000
vt 0.625000 0.437500
vt 0.625000 0.375000
vt 0.625000 0.812500
vt 0.625000 0.312500
vt 0.625000 0.750000
vt 0.625000 0.250000
vt 0.625000 0.687500
vt 0.625000 0.187500
vt 0.625000 0.625000
vt 0.625000 0.125000
vt 0.625000 0.562500
vt 0.625000 0.062500
vt 0.625000 0.500000
vt 0.640625 1.000000
vt 0.640625 0.000000
vt 0.593750 0.687500
vt 0.593750 0.625000
vt 0.593750 0.187500
vt 0.593750 0.125000
vt 0.593750 0.562500
vt 0.593750 0.062500
vt 0.593750 0.500000
vt 0.609375 1.000000
vt 0.593750 0.937500
vt 0.609375 0.000000
vt 0.593750 0.437500
vt 0.593750 0.875000
vt 0.593750 0.375000
vt 0.593750 0.812500
vt 0.593750 0.312500
vt 0.593750 0.750000
vt 0.593750 0.250000
vt 0.562500 0.437500
vt 0.562500 0.375000
vt 0.562500 0.875000
vt 0.562500 0.812500
vt 0.562500 0.312500
vt 0.562500 0.750000
vt 0.562500 0.250000
vt 0.562500 0.687500
vt 0.562500 0.187500
vt 0.562500 0.625000
vt 0.562500 0.125000
vt 0.562500 0.562500
vt 0.562500 0.062500
vt 0.562500 0.500000
vt 0.578125 1.000000
vt 0.562500 0.937500
vt 0.578125 0.000000
vt 0.531250 0.187500
vt 0.531250 0.125000
vt 0.531250 0.625000
vt 0.531250 0.562500
vt 0.531250 0.062500
vt 0.531250 0.500000
vt 0.546875 1.000000
vt 0.531250 0.937500
vt 0.546875 0.000000
vt 0.531250 0.437500
vt 0.531250 0.875000
vt 0.531250 0.375000
vt 0.531250 0.812500
vt 0.531250 0.312500
vt 0.531250 0.750000
vt 0.531250 0.250000
vt 0.531250 0.687500
vt 0.500000 0.375000
vt 0.500000 0.312500
vt 0.500000 0.812500
vt 0.500000 0.750000
vt 0.500000 0.250000
vt 0.500000 0.687500
vt 0.500000 0.187500
vt 0.500000 0.625000
vt 0.500000 0.125000
vt 0.500000 0.562500
vt 0.500000 0.062500
vt 0.500000 0.500000
vt 0.515625 1.000000
vt 0.500000 0.937500
vt 0.515625 0.000000
vt 0.500000 0.437500
vt 0.500000 0.875000
vt 0.468750 0.125000
vt 0.468750 0.062500
vt 0.468750 0.562500
vt 0.468750 0.500000
vt 0.484375 1.000000
vt 0.468750 0.937500
vt 0.484375 0.000000
vt 0.468750 0.437500
vt 0.468750 0.875000
vt 0.468750 0.375000
vt 0.468750 0.812500
vt 0.468750 0.312500
vt 0.468750 0.750000
vt 0.468750 0.250000
vt 0.468750 0.687500
vt 0.468750 0.187500
vt 0.468750 0.625000
vt 0.437500 0.812500
vt 0.437500 0.750000
vt 0.437500 0.312500
vt 0.437500 0.250000
vt 0.437500 0.687500
vt 0.437500 0.187500
vt 0.437500 0.625000
vt 0.437500 0.125000
vt 0.437500 0.562500
vt 0.437500 0.062500
vt 0.437500 0.500000
vt 0.453125 1.000000
vt 0.437500 0.937500
vt 0.453125 0.000000
vt 0.437500 0.437500
vt 0.437500 0.875000
vt 0.437500 0.375000
vt 0.406250 0.562500
vt 0.406250 0.500000
vt 0.421875 1.000000
vt 0.406250 0.937500
vt 0.421875 0.000000
vt 0.406250 0.062500
vt 0.406250 0.437500
vt 0.406250 0.875000
vt 0.406250 0.375000
vt 0.406250 0.812500
vt 0.406250 0.312500
vt 0.406250 0.750000
vt 0.406250 0.250000
vt 0.406250 0.687500
vt 0.406250 0.187500
vt 0.406250 0.625000
vt 0.406250 0.125000
vt 0.375000 0.312500
vt 0.375000 0.250000
vt 0.375000 0.750000
vt 0.375000 0.687500
vt 0.375000 0.187500
vt 0.375000 0.625000
vt 0.375000 0.125000
vt 0.375000 0.562500
vt 0.375000 0.062500
vt 0.375000 0.500000
vt 0.390625 1.000000
vt 0.375000 0.937500
vt 0.390625 0.000000
vt 0.375000 0.437500
vt 0.375000 0.875000
vt 0.375000 0.375000
vt 0.375000 0.812500
vt 0.359375 1.000000
vt 0.343750 0.937500
vt 0.359375 0.000000
vt 0.343750 0.062500
vt 0.343750 0.500000
vt 0.343750 0.437500
vt 0.343750 0.875000
vt 0.343750 0.375000
vt 0.343750 0.812500
vt 0.343750 0.312500
vt 0.343750 0.750000
vt 0.343750 0.250000
vt 0.343750 0.687500
vt 0.343750 0.187500
vt 0.343750 0.625000
vt 0.343750 0.125000
vt 0.343750 0.562500
vt 0.312500 0.750000
vt 0.312500 0.687500
vt 0.312500 0.250000
vt 0.312500 0.187500
vt 0.312500 0.625000
vt 0.312500 0.125000
vt 0.312500 0.562500
vt 0.312500 0.062500
vt 0.312500 0.500000
vt 0.328125 1.000000
vt 0.312500 0.937500
vt 0.328125 0.000000
vt 0.312500 0.437500
vt 0.312500 0.875000
vt 0.312500 0.375000
vt 0.312500 0.812500
vt 0.312500 0.312500
vt 0.281250 0.500000
vt 0.281250 0.437500
vt 0.281250 0.937500
vt 0.281250 0.875000
vt 0.281250 0.375000
vt 0.281250 0.812500
vt 0.281250 0.312500
vt 0.281250 0.750000
vt 0.281250 0.250000
vt 0.281250 0.687500
vt 0.281250 0.187500
vt 0.281250 0.625000
vt 0.281250 0.125000
vt 0.281250 0.562500
vt 0.281250 0.062500
vt 0.296875 1.000000
vt 0.296875 0.000000
vt 0.250000 0.250000
vt 0.250000 0.187500
vt 0.250000 0.687500
vt 0.250000 0.625000
vt 0.250000 0.125000
vt 0.250000 0.562500
vt 0.250000 0.062500
vt 0.250000 0.500000
vt 0.265625 1.000000
vt 0.250000 0.937500
vt 0.265625 0.000000
vt 0.250000 0.437500
vt 0.250000 0.875000
vt 0.250000 0.375000
vt 0.250000 0.812500
vt 0.250000 0.312500
vt 0.250000 0.750000
vt 0.218750 0.437500
vt 0.218750 0.375000
vt 0.218750 0.875000
vt 0.218750 0.812500
vt 0.218750 0.312500
vt 0.218750 0.750000
vt 0.218750 0.250000
vt 0.218750 0.687500
vt 0.218750 0.187500
vt 0.218750 0.625000
vt 0.218750 0.125000
vt 0.218750 0.562500
vt 0.218750 0.062500
vt 0.218750 0.500000
vt 0.234375 1.000000
vt 0.218750 0.937500
vt 0.234375 0.000000
vt 0.187500 0.187500
vt 0.187500 0.125000
vt 0.187500 0.625000
vt 0.187500 0.562500
vt 0.187500 0.062500
vt 0.187500 0.500000
vt 0.203125 1.000000
vt 0.187500 0.937500
vt 0.203125 0.000000
vt 0.187500 0.437500
vt 0.187500 0.875000
vt 0.187500 0.375000
vt 0.187500 0.812500
vt 0.187500 0.312500
vt 0.187500 0.750000
vt 0.187500 0.250000
vt 0.187500 0.687500
vt 0.156250 0.875000
vt 0.156250 0.812500
vt 0.156250 0.375000
vt 0.156250 0.312500
vt 0.156250 0.750000
vt 0.156250 0.250000
vt 0.156250 0.687500
vt 0.156250 0.187500
vt 0.156250 0.625000
vt 0.156250 0.125000
vt 0.156250 0.562500
vt 0.156250 0.062500
vt 0.156250 0.500000
vt 0.171875 1.000000
vt 0.156250 0.937500
vt 0.171875 0.000000
vt 0.156250 0.437500
vt 0.125000 0.625000
vt 0.125000 0.562500
vt 0.125000 0.125000
vt 0.125000 0.062500
vt 0.125000 0.500000
vt 0.140625 1.000000
vt 0.125000 0.937500
vt 0.140625 0.000000
vt 0.125000 0.437500
vt 0.125000 0.875000
vt 0.125000 0.375000
vt 0.125000 0.812500
vt 0.125000 0.312500
vt 0.125000 0.750000
vt 0.125000 0.250000
vt 0.125000 0.687500
vt 0.125000 0.187500
vt 0.093750 0.375000
vt 0.093750 0.312500
vt 0.093750 0.812500
vt 0.093750 0.750000
vt 0.093750 0.250000
vt 0.093750 0.687500
vt 0.093750 0.187500
vt 0.093750 0.625000
vt 0.093750 0.125000
vt 0.093750 0.562500
vt 0.093750 0.062500
vt 0.093750 0.500000
vt 0.109375 1.000000
vt 0.093750 0.937500
vt 0.109375 0.000000
vt 0.093750 0.437500
vt 0.093750 0.875000
vt 0.062500 0.125000
vt 0.062500 0.062500
vt 0.062500 0.562500
vt 0.062500 0.500000
vt 0.078125 1.000000
vt 0.062500 0.937500
vt 0.078125 0.000000
vt 0.062500 0.437500
vt 0.062500 0.875000
vt 0.062500 0.375000
vt 0.062500 0.812500
vt 0.062500 0.312500
vt 0.062500 0.750000
vt 0.062500 0.250000
vt 0.062500 0.687500
vt 0.062500 0.187500
vt 0.062500 0.625000
vt 0.031250 0.812500
vt 0.031250 0.750000
vt 0.031250 0.312500
vt 0.031250 0.250000
vt 0.031250 0.687500
vt 0.031250 0.187500
vt 0.031250 0.625000
vt 0.031250 0.125000
vt 0.031250 0.562500
vt 0.031250 0.062500
vt 0.031250 0.500000
vt 0.046875 1.000000
vt 0.031250 0.937500
vt 0.046875 0.000000
vt 0.031250 0.437500
vt 0.031250 0.875000
vt 0.031250 0.375000
vt 0.000000 0.562500
vt 0.000000 0.500000
vt 0.015625 1.000000
vt 0.000000 0.937500
vt 0.015625 0.000000
vt 0.000000 0.062500
vt 0.000000 0.437500
vt 0.000000 0.875000
vt 0.000000 0.375000
vt 0.000000 0.812500
vt 0.000000 0.312500
vt 0.000000 0.750000
vt 0.000000 0.250000
vt 0.000000 0.687500
vt 0.000000 0.187500
vt 0.000000 0.625000
vt 0.000000 0.125000
vt 1.000000 0.250000
vt 1.000000 0.312500
vt 0.968750 0.312500
vt 0.968750 0.250000
vt 1.000000 0.687500
vt 1.000000 0.750000
vt 0.968750 0.750000
vt 0.968750 0.687500
vt 1.000000 0.187500
vt 0.968750 0.187500
vt 1.000000 0.625000
vt 0.968750 0.625000
vt 1.000000 0.125000
vt 0.968750 0.125000
vt 1.000000 0.562500
vt 0.968750 0.562500
vt 1.000000 0.062500
vt 0.968750 0.062500
vt 1.000000 0.500000
vt 0.968750 0.500000
vt 1.000000 0.937500
vt 0.984375 1.000000
vt 0.968750 0.937500
vt 0.984375 0.000000
vt 1.000000 0.437500
vt 0.968750 0.437500
vt 1.000000 0.875000
vt 0.968750 0.875000
vt 1.000000 0.375000
vt 0.968750 0.375000
vt 1.000000 0.812500
vt 0.968750 0.812500
vt 0.953125 0.000000
vt 0.937500 0.062500
vt 0.937500 0.500000
vt 0.937500 0.437500
vt 0.937500 0.937500
vt 0.937500 0.875000
vt 0.937500 0.375000
vt 0.937500 0.812500
vt 0.937500 0.312500
vt 0.937500 0.750000
vt 0.937500 0.250000
vt 0.937500 0.687500
vt 0.937500 0.187500
vt 0.937500 0.625000
vt 0.937500 0.125000
vt 0.937500 0.562500
vt 0.953125 1.000000
vt 0.906250 0.250000
vt 0.906250 0.187500
vt 0.906250 0.687500
vt 0.906250 0.625000
vt 0.906250 0.125000
vt 0.906250 0.562500
vt 0.906250 0.062500
vt 0.906250 0.500000
vt 0.921875 1.000000
vt 0.906250 0.937500
vt 0.921875 0.000000
vt 0.906250 0.437500
vt 0.906250 0.875000
vt 0.906250 0.375000
vt 0.906250 0.812500
vt 0.906250 0.312500
vt 0.906250 0.750000
vt 0.875000 0.937500
vt 0.875000 0.875000
vt 0.875000 0.437500
vt 0.875000 0.375000
vt 0.875000 0.812500
vt 0.875000 0.312500
vt 0.875000 0.750000
vt 0.875000 0.250000
vt 0.875000 0.687500
vt 0.875000 0.187500
vt 0.875000 0.625000
vt 0.875000 0.125000
vt 0.875000 0.562500
vt 0.875000 0.062500
vt 0.875000 0.500000
vt 0.890625 1.000000
vt 0.890625 0.000000
vt 0.843750 0.687500
vt 0.843750 0.625000
vt 0.843750 0.187500
vt 0.843750 0.125000
vt 0.843750 0.562500
vt 0.843750 0.062500
vt 0.843750 0.500000
vt 0.859375 1.000000
vt 0.843750 0.937500
vt 0.859375 0.000000
vt 0.843750 0.437500
vt 0.843750 0.875000
vt 0.843750 0.375000
vt 0.843750 0.812500
vt 0.843750 0.312500
vt 0.843750 0.750000
vt 0.843750 0.250000
vt 0.812500 0.437500
vt 0.812500 0.375000
vt 0.812500 0.875000
vt 0.812500 0.812500
vt 0.812500 0.312500
vt 0.812500 0.750000
vt 0.812500 0.250000
vt 0.812500 0.687500
vt 0.812500 0.187500
vt 0.812500 0.625000
vt 0.812500 0.125000
vt 0.812500 0.562500
vt 0.812500 0.062500
vt 0.812500 0.500000
vt 0.828125 1.000000
vt 0.812500 0.937500
vt 0.828125 0.000000
vt 0.781250 0.187500
vt 0.781250 0.125000
vt 0.781250 0.625000
vt 0.781250 0.562500
vt 0.781250 0.062500
vt 0.781250 0.500000
vt 0.796875 1.000000
vt 0.781250 0.937500
vt 0.796875 0.000000
vt 0.781250 0.437500
vt 0.781250 0.875000
vt 0.781250 0.375000
vt 0.781250 0.812500
vt 0.781250 0.312500
vt 0.781250 0.750000
vt 0.781250 0.250000
vt 0.781250 0.687500
vt 0.765625 1.000000
vt 0.765625 0.000000
s 0
usemtl Foliage
f 3588/5365/2332 3115/5366/2332 3125/5367/2332 3126/5368/2332
f 3111/5369/2333 3585/5370/2333 3118/5371/2333 3119/5372/2333
f 3116/5373/2334 3588/5365/2334 3126/5368/2334 3127/5374/2334
f 3586/5375/2335 3111/5369/2335 3119/5372/2335 3120/5376/2335
f 3589/5377/2336 3116/5373/2336 3127/5374/2336 3128/5378/2336
f 3112/5379/2337 3586/5375/2337 3120/5376/2337 3121/5380/2337
f 3590/5381/2338 3589/5377/2338 3128/5378/2338 3129/5382/2338
f 3587/5383/2339 3112/5379/2339 3121/5380/2339 3122/5384/2339
f 3591/5385/2340 3590/5381/2340 3129/5382/2340 3130/5386/2340
f 3113/5387/2341 3587/5383/2341 3122/5384/2341 3123/5388/2341
f 3592/5389/2342 3591/5385/2342 3130/5386/2342 3131/5390/2342
f 3114/5391/2343 3113/5387/2343 3123/5388/2343 3124/5392/2343
f 3584/5393/2344 3192/5394/2344 3117/5395/2344
f 3418/5396/2345 3592/5389/2345 3131/5390/2345
f 3115/5366/2346 3114/5391/2346 3124/5392/2346 3125/5367/2346
f 3585/5370/2347 3584/5393/2347 3117/5395/2347 3118/5371/2347
f 3125/5367/2348 3124/5392/2348 3139/5397/2348 3140/5398/2348
f 3118/5371/2349 3117/5395/2349 3132/5399/2349 3133/5400/2349
f 3126/5368/2350 3125/5367/2350 3140/5398/2350 3141/5401/2350
f 3119/5372/2351 3118/5371/2351 3133/5400/2351 3134/5402/2351
f 3127/5374/2352 3126/5368/2352 3141/5401/2352 3142/5403/2352
f 3120/5376/2353 3119/5372/2353 3134/5402/2353 3135/5404/2353
f 3128/5378/2354 3127/5374/2354 3142/5403/2354 3143/5405/2354
f 3121/5380/2355 3120/5376/2355 3135/5404/2355 3136/5406/2355
f 3129/5382/2356 3128/5378/2356 3143/5405/2356 3144/5407/2356
f 3122/5384/2357 3121/5380/2357 3136/5406/2357 3137/5408/2357
f 3130/5386/2358 3129/5382/2358 3144/5407/2358 3145/5409/2358
f 3123/5388/2359 3122/5384/2359 3137/5408/2359 3138/5410/2359
f 3131/5390/2360 3130/5386/2360 3145/5409/2360 3146/5411/2360
f 3124/5392/2361 3123/5388/2361 3138/5410/2361 3139/5397/2361
f 3117/5395/2362 3192/5412/2362 3132/5399/2362
f 3418/5413/2363 3131/5390/2363 3146/5411/2363
f 3144/5407/2364 3143/5405/2364 3158/5414/2364 3159/5415/2364
f 3137/5408/2365 3136/5406/2365 3151/5416/2365 3152/5417/2365
f 3145/5409/2366 3144/5407/2366 3159/5415/2366 3160/5418/2366
f 3138/5410/2367 3137/5408/2367 3152/5417/2367 3153/5419/2367
f 3146/5411/2368 3145/5409/2368 3160/5418/2368 3161/5420/2368
f 3139/5397/2369 3138/5410/2369 3153/5419/2369 3154/5421/2369
f 3132/5399/2370 3192/5422/2370 3147/5423/2370
f 3418/5424/2371 3146/5411/2371 3161/5420/2371
f 3140/5398/2372 3139/5397/2372 3154/5421/2372 3155/5425/2372
f 3133/5400/2373 3132/5399/2373 3147/5423/2373 3148/5426/2373
f 3141/5401/2374 3140/5398/2374 3155/5425/2374 3156/5427/2374
f 3134/5402/2375 3133/5400/2375 3148/5426/2375 3149/5428/2375
f 3142/5403/2376 3141/5401/2376 3156/5427/2376 3157/5429/2376
f 3135/5404/2377 3134/5402/2377 3149/5428/2377 3150/5430/2377
f 3143/5405/2378 3142/5403/2378 3157/5429/2378 3158/5414/2378
f 3136/5406/2379 3135/5404/2379 3150/5430/2379 3151/5416/2379
f 3148/5426/2380 3147/5423/2380 3162/5431/2380 3163/5432/2380
f 3156/5427/2381 3155/5425/2381 3170/5433/2381 3171/5434/2381
f 3149/5428/2382 3148/5426/2382 3163/5432/2382 3164/5435/2382
f 3157/5429/2383 3156/5427/2383 3171/5434/2383 3172/5436/2383
f 3150/5430/2384 3149/5428/2384 3164/5435/2384 3165/5437/2384
f 3158/5414/2385 3157/5429/2385 3172/5436/2385 3173/5438/2385
f 3151/5416/2386 3150/5430/2386 3165/5437/2386 3166/5439/2386
f 3159/5415/2387 3158/5414/2387 3173/5438/2387 3174/5440/2387
f 3152/5417/2388 3151/5416/2388 3166/5439/2388 3167/5441/2388
f 3160/5418/2389 3159/5415/2389 3174/5440/2389 3175/5442/2389
f 3153/5419/2390 3152/5417/2390 3167/5441/2390 3168/5443/2390
f 3161/5420/2391 3160/5418/2391 3175/5442/2391 3176/5444/2391
f 3154/5421/2392 3153/5419/2392 3168/5443/2392 3169/5445/2392
f 3147/5423/2393 3192/5446/2393 3162/5431/2393
f 3418/5447/2394 3161/5420/2394 3176/5444/2394
f 3155/5425/2395 3154/5421/2395 3169/5445/2395 3170/5433/2395
f 3167/5441/2396 3166/5439/2396 3181/5448/2396 3182/5449/2396
f 3175/5442/2397 3174/5440/2397 3189/5450/2397 3190/5451/2397
f 3168/5443/2398 3167/5441/2398 3182/5449/2398 3183/5452/2398
f 3176/5444/2399 3175/5442/2399 3190/5451/2399 3191/5453/2399
f 3169/5445/2400 3168/5443/2400 3183/5452/2400 3184/5454/2400
f 3162/5431/2401 3192/5455/2401 3177/5456/2401
f 3418/5457/2402 3176/5444/2402 3191/5453/2402
f 3170/5433/2403 3169/5445/2403 3184/5454/2403 3185/5458/2403
f 3163/5432/2404 3162/5431/2404 3177/5456/2404 3178/5459/2404
f 3171/5434/2405 3170/5433/2405 3185/5458/2405 3186/5460/2405
f 3164/5435/2406 3163/5432/2406 3178/5459/2406 3179/5461/2406
f 3172/5436/2407 3171/5434/2407 3186/5460/2407 3187/5462/2407
f 3165/5437/2408 3164/5435/2408 3179/5461/2408 3180/5463/2408
f 3173/5438/2409 3172/5436/2409 3187/5462/2409 3188/5464/2409
f 3166/5439/2410 3165/5437/2410 3180/5463/2410 3181/5448/2410
f 3174/5440/2411 3173/5438/2411 3188/5464/2411 3189/5450/2411
f 3186/5460/2412 3185/5458/2412 3201/5465/2412 3202/5466/2412
f 3179/5461/2413 3178/5459/2413 3194/5467/2413 3195/5468/2413
f 3187/5462/2414 3186/5460/2414 3202/5466/2414 3203/5469/2414
f 3180/5463/2415 3179/5461/2415 3195/5468/2415 3196/5470/2415
f 3188/5464/2416 3187/5462/2416 3203/5469/2416 3204/5471/2416
f 3181/5448/2417 3180/5463/2417 3196/5470/2417 3197/5472/2417
f 3189/5450/2418 3188/5464/2418 3204/5471/2418 3205/5473/2418
f 3182/5449/2419 3181/5448/2419 3197/5472/2419 3198/5474/2419
f 3190/5451/2420 3189/5450/2420 3205/5473/2420 3206/5475/2420
f 3183/5452/2421 3182/5449/2421 3198/5474/2421 3199/5476/2421
f 3191/5453/2422 3190/5451/2422 3206/5475/2422 3207/5477/2422
f 3184/5454/2423 3183/5452/2423 3199/5476/2423 3200/5478/2423
f 3177/5456/2424 3192/5479/2424 3193/5480/2424
f 3418/5481/2425 3191/5453/2425 3207/5477/2425
f 3185/5458/2426 3184/5454/2426 3200/5478/2426 3201/5465/2426
f 3178/5459/2427 3177/5456/2427 3193/5480/2427 3194/5467/2427
f 3206/5475/2428 3205/5473/2428 3220/5482/2428 3221/5483/2428
f 3199/5476/2429 3198/5474/2429 3213/5484/2429 3214/5485/2429
f 3207/5477/2430 3206/5475/2430 3221/5483/2430 3222/5486/2430
f 3200/5478/2431 3199/5476/2431 3214/5485/2431 3215/5487/2431
f 3193/5480/2432 3192/5488/2432 3208/5489/2432
f 3418/5490/2433 3207/5477/2433 3222/5486/2433
f 3201/5465/2434 3200/5478/2434 3215/5487/2434 3216/5491/2434
f 3194/5467/2435 3193/5480/2435 3208/5489/2435 3209/5492/2435
f 3202/5466/2436 3201/5465/2436 3216/5491/2436 3217/5493/2436
f 3195/5468/2437 3194/5467/2437 3209/5492/2437 3210/5494/2437
f 3203/5469/2438 3202/5466/2438 3217/5493/2438 3218/5495/2438
f 3196/5470/2439 3195/5468/2439 3210/5494/2439 3211/5496/2439
f 3204/5471/2440 3203/5469/2440 3218/5495/2440 3219/5497/2440
f 3197/5472/2441 3196/5470/2441 3211/5496/2441 3212/5498/2441
f 3205/5473/2442 3204/5471/2442 3219/5497/2442 3220/5482/2442
f 3198/5474/2443 3197/5472/2443 3212/5498/2443 3213/5484/2443
f 3218/5495/2444 3217/5493/2444 3232/5499/2444 3233/5500/2444
f 3211/5496/2445 3210/5494/2445 3225/5501/2445 3226/5502/2445
f 3219/5497/2446 3218/5495/2446 3233/5500/2446 3234/5503/2446
f 3212/5498/2447 3211/5496/2447 3226/5502/2447 3227/5504/2447
f 3220/5482/2448 3219/5497/2448 3234/5503/2448 3235/5505/2448
f 3213/5484/2449 3212/5498/2449 3227/5504/2449 3228/5506/2449
f 3221/5483/2450 3220/5482/2450 3235/5505/2450 3236/5507/2450
f 3214/5485/2451 3213/5484/2451 3228/5506/2451 3229/5508/2451
f 3222/5486/2452 3221/5483/2452 3236/5507/2452 3237/5509/2452
f 3215/5487/2453 3214/5485/2453 3229/5508/2453 3230/5510/2453
f 3208/5489/2454 3192/5511/2454 3223/5512/2454
f 3418/5513/2455 3222/5486/2455 3237/5509/2455
f 3216/5491/2456 3215/5487/2456 3230/5510/2456 3231/5514/2456
f 3209/5492/2457 3208/5489/2457 3223/5512/2457 3224/5515/2457
f 3217/5493/2458 3216/5491/2458 3231/5514/2458 3232/5499/2458
f 3210/5494/2459 3209/5492/2459 3224/5515/2459 3225/5501/2459
f 3237/5509/2460 3236/5507/2460 3251/5516/2460 3252/5517/2460
f 3230/5510/2461 3229/5508/2461 3244/5518/2461 3245/5519/2461
f 3223/5512/2462 3192/5520/2462 3238/5521/2462
f 3418/5522/2463 3237/5509/2463 3252/5517/2463
f 3231/5514/2464 3230/5510/2464 3245/5519/2464 3246/5523/2464
f 3224/5515/2465 3223/5512/2465 3238/5521/2465 3239/5524/2465
f 3232/5499/2466 3231/5514/2466 3246/5523/2466 3247/5525/2466
f 3225/5501/2467 3224/5515/2467 3239/5524/2467 3240/5526/2467
f 3233/5500/2468 3232/5499/2468 3247/5525/2468 3248/5527/2468
f 3226/5502/2469 3225/5501/2469 3240/5526/2469 3241/5528/2469
f 3234/5503/2470 3233/5500/2470 3248/5527/2470 3249/5529/2470
f 3227/5504/2471 3226/5502/2471 3241/5528/2471 3242/5530/2471
f 3235/5505/2472 3234/5503/2472 3249/5529/2472 3250/5531/2472
f 3228/5506/2473 3227/5504/2473 3242/5530/2473 3243/5532/2473
f 3236/5507/2474 3235/5505/2474 3250/5531/2474 3251/5516/2474
f 3229/5508/2475 3228/5506/2475 3243/5532/2475 3244/5518/2475
f 3241/5528/2476 3240/5526/2476 3255/5533/2476 3256/5534/2476
f 3249/5529/2477 3248/5527/2477 3263/5535/2477 3264/5536/2477
f 3242/5530/2478 3241/5528/2478 3256/5534/2478 3257/5537/2478
f 3250/5531/2479 3249/5529/2479 3264/5536/2479 3265/5538/2479
f 3243/5532/2480 3242/5530/2480 3257/5537/2480 3258/5539/2480
f 3251/5516/2481 3250/5531/2481 3265/5538/2481 3266/5540/2481
f 3244/5518/2482 3243/5532/2482 3258/5539/2482 3259/5541/2482
f 3252/5517/2483 3251/5516/2483 3266/5540/2483 3267/5542/2483
f 3245/5519/2484 3244/5518/2484 3259/5541/2484 3260/5543/2484
f 3238/5521/2485 3192/5544/2485 3253/5545/2485
f 3418/5546/2486 3252/5517/2486 3267/5542/2486
f 3246/5523/2487 3245/5519/2487 3260/5543/2487 3261/5547/2487
f 3239/5524/2488 3238/5521/2488 3253/5545/2488 3254/5548/2488
f 3247/5525/2489 3246/5523/2489 3261/5547/2489 3262/5549/2489
f 3240/5526/2490 3239/5524/2490 3254/5548/2490 3255/5533/2490
f 3248/5527/2491 3247/5525/2491 3262/5549/2491 3263/5535/2491
f 3260/5543/2492 3259/5541/2492 3274/5550/2492 3275/5551/2492
f 3253/5545/2493 3192/5552/2493 3268/5553/2493
f 3418/5554/2494 3267/5542/2494 3282/5555/2494
f 3261/5547/2495 3260/5543/2495 3275/5551/2495 3276/5556/2495
f 3254/5548/2496 3253/5545/2496 3268/5553/2496 3269/5557/2496
f 3262/5549/2497 3261/5547/2497 3276/5556/2497 3277/5558/2497
f 3255/5533/2498 3254/5548/2498 3269/5557/2498 3270/5559/2498
f 3263/5535/2499 3262/5549/2499 3277/5558/2499 3278/5560/2499
f 3256/5534/2500 3255/5533/2500 3270/5559/2500 3271/5561/2500
f 3264/5536/2501 3263/5535/2501 3278/5560/2501 3279/5562/2501
f 3257/5537/2502 3256/5534/2502 3271/5561/2502 3272/5563/2502
f 3265/5538/2503 3264/5536/2503 3279/5562/2503 3280/5564/2503
f 3258/5539/2504 3257/5537/2504 3272/5563/2504 3273/5565/2504
f 3266/5540/2505 3265/5538/2505 3280/5564/2505 3281/5566/2505
f 3259/5541/2506 3258/5539/2506 3273/5565/2506 3274/5550/2506
f 3267/5542/2507 3266/5540/2507 3281/5566/2507 3282/5555/2507
f 3279/5562/2508 3278/5560/2508 3293/5567/2508 3294/5568/2508
f 3272/5563/2509 3271/5561/2509 3286/5569/2509 3287/5570/2509
f 3280/5564/2510 3279/5562/2510 3294/5568/2510 3295/5571/2510
f 3273/5565/2511 3272/5563/2511 3287/5570/2511 3288/5572/2511
f 3281/5566/2512 3280/5564/2512 3295/5571/2512 3296/5573/2512
f 3274/5550/2513 3273/5565/2513 3288/5572/2513 3289/5574/2513
f 3282/5555/2514 3281/5566/2514 3296/5573/2514 3297/5575/2514
f 3275/5551/2515 3274/5550/2515 3289/5574/2515 3290/5576/2515
f 3268/5553/2516 3192/5577/2516 3283/5578/2516
f 3418/5579/2517 3282/5555/2517 3297/5575/2517
f 3276/5556/2518 3275/5551/2518 3290/5576/2518 3291/5580/2518
f 3269/5557/2519 3268/5553/2519 3283/5578/2519 3284/5581/2519
f 3277/5558/2520 3276/5556/2520 3291/5580/2520 3292/5582/2520
f 3270/5559/2521 3269/5557/2521 3284/5581/2521 3285/5583/2521
f 3278/5560/2522 3277/5558/2522 3292/5582/2522 3293/5567/2522
f 3271/5561/2523 3270/5559/2523 3285/5583/2523 3286/5569/2523
f 3283/5578/2524 3192/5584/2524 3298/5585/2524
f 3418/5586/2525 3297/5575/2525 3312/5587/2525
f 3291/5580/2526 3290/5576/2526 3305/5588/2526 3306/5589/2526
f 3284/5581/2527 3283/5578/2527 3298/5585/2527 3299/5590/2527
f 3292/5582/2528 3291/5580/2528 3306/5589/2528 3307/5591/2528
f 3285/5583/2529 3284/5581/2529 3299/5590/2529 3300/5592/2529
f 3293/5567/2530 3292/5582/2530 3307/5591/2530 3308/5593/2530
f 3286/5569/2531 3285/5583/2531 3300/5592/2531 3301/5594/2531
f 3294/5568/2532 3293/5567/2532 3308/5593/2532 3309/5595/2532
f 3287/5570/2533 3286/5569/2533 3301/5594/2533 3302/5596/2533
f 3295/5571/2534 3294/5568/2534 3309/5595/2534 3310/5597/2534
f 3288/5572/2535 3287/5570/2535 3302/5596/2535 3303/5598/2535
f 3296/5573/2536 3295/5571/2536 3310/5597/2536 3311/5599/2536
f 3289/5574/2537 3288/5572/2537 3303/5598/2537 3304/5600/2537
f 3297/5575/2538 3296/5573/2538 3311/5599/2538 3312/5587/2538
f 3290/5576/2539 3289/5574/2539 3304/5600/2539 3305/5588/2539
f 3302/5596/2540 3301/5594/2540 3316/5601/2540 3317/5602/2540
f 3310/5597/2541 3309/5595/2541 3324/5603/2541 3325/5604/2541
f 3303/5598/2542 3302/5596/2542 3317/5602/2542 3318/5605/2542
f 3311/5599/2543 3310/5597/2543 3325/5604/2543 3326/5606/2543
f 3304/5600/2544 3303/5598/2544 3318/5605/2544 3319/5607/2544
f 3312/5587/2545 3311/5599/2545 3326/5606/2545 3327/5608/2545
f 3305/5588/2546 3304/5600/2546 3319/5607/2546 3320/5609/2546
f 3298/5585/2547 3192/5610/2547 3313/5611/2547
f 3418/5612/2548 3312/5587/2548 3327/5608/2548
f 3306/5589/2549 3305/5588/2549 3320/5609/2549 3321/5613/2549
f 3299/5590/2550 3298/5585/2550 3313/5611/2550 3314/5614/2550
f 3307/5591/2551 3306/5589/2551 3321/5613/2551 3322/5615/2551
f 3300/5592/2552 3299/5590/2552 3314/5614/2552 3315/5616/2552
f 3308/5593/2553 3307/5591/2553 3322/5615/2553 3323/5617/2553
f 3301/5594/2554 3300/5592/2554 3315/5616/2554 3316/5601/2554
f 3309/5595/2555 3308/5593/2555 3323/5617/2555 3324/5603/2555
f 3321/5613/2556 3320/5609/2556 3335/5618/2556 3336/5619/2556
f 3314/5614/2557 3313/5611/2557 3328/5620/2557 3329/5621/2557
f 3322/5615/2558 3321/5613/2558 3336/5619/2558 3337/5622/2558
f 3315/5616/2559 3314/5614/2559 3329/5621/2559 3330/5623/2559
f 3323/5617/2560 3322/5615/2560 3337/5622/2560 3338/5624/2560
f 3316/5601/2561 3315/5616/2561 3330/5623/2561 3331/5625/2561
f 3324/5603/2562 3323/5617/2562 3338/5624/2562 3339/5626/2562
f 3317/5602/2563 3316/5601/2563 3331/5625/2563 3332/5627/2563
f 3325/5604/2564 3324/5603/2564 3339/5626/2564 3340/5628/2564
f 3318/5605/2565 3317/5602/2565 3332/5627/2565 3333/5629/2565
f 3326/5606/2566 3325/5604/2566 3340/5628/2566 3341/5630/2566
f 3319/5607/2567 3318/5605/2567 3333/5629/2567 3334/5631/2567
f 3327/5608/2568 3326/5606/2568 3341/5630/2568 3342/5632/2568
f 3320/5609/2569 3319/5607/2569 3334/5631/2569 3335/5618/2569
f 3313/5611/2570 3192/5633/2570 3328/5620/2570
f 3418/5634/2571 3327/5608/2571 3342/5632/2571
f 3340/5628/2572 3339/5626/2572 3354/5635/2572 3355/5636/2572
f 3333/5629/2573 3332/5627/2573 3347/5637/2573 3348/5638/2573
f 3341/5630/2574 3340/5628/2574 3355/5636/2574 3356/5639/2574
f 3334/5631/2575 3333/5629/2575 3348/5638/2575 3349/5640/2575
f 3342/5632/2576 3341/5630/2576 3356/5639/2576 3357/5641/2576
f 3335/5618/2577 3334/5631/2577 3349/5640/2577 3350/5642/2577
f 3328/5620/2578 3192/5643/2578 3343/5644/2578
f 3418/5645/2579 3342/5632/2579 3357/5641/2579
f 3336/5619/2580 3335/5618/2580 3350/5642/2580 3351/5646/2580
f 3329/5621/2581 3328/5620/2581 3343/5644/2581 3344/5647/2581
f 3337/5622/2582 3336/5619/2582 3351/5646/2582 3352/5648/2582
f 3330/5623/2583 3329/5621/2583 3344/5647/2583 3345/5649/2583
f 3338/5624/2584 3337/5622/2584 3352/5648/2584 3353/5650/2584
f 3331/5625/2585 3330/5623/2585 3345/5649/2585 3346/5651/2585
f 3339/5626/2586 3338/5624/2586 3353/5650/2586 3354/5635/2586
f 3332/5627/2587 3331/5625/2587 3346/5651/2587 3347/5637/2587
f 3352/5648/2588 3351/5646/2588 3366/5652/2588 3367/5653/2588
f 3345/5649/2589 3344/5647/2589 3359/5654/2589 3360/5655/2589
f 3353/5650/2590 3352/5648/2590 3367/5653/2590 3368/5656/2590
f 3346/5651/2591 3345/5649/2591 3360/5655/2591 3361/5657/2591
f 3354/5635/2592 3353/5650/2592 3368/5656/2592 3369/5658/2592
f 3347/5637/2593 3346/5651/2593 3361/5657/2593 3362/5659/2593
f 3355/5636/2594 3354/5635/2594 3369/5658/2594 3370/5660/2594
f 3348/5638/2595 3347/5637/2595 3362/5659/2595 3363/5661/2595
f 3356/5639/2596 3355/5636/2596 3370/5660/2596 3371/5662/2596
f 3349/5640/2597 3348/5638/2597 3363/5661/2597 3364/5663/2597
f 3357/5641/2598 3356/5639/2598 3371/5662/2598 3372/5664/2598
f 3350/5642/2599 3349/5640/2599 3364/5663/2599 3365/5665/2599
f 3343/5644/2600 3192/5666/2600 3358/5667/2600
f 3418/5668/2601 3357/5641/2601 3372/5664/2601
f 3351/5646/2602 3350/5642/2602 3365/5665/2602 3366/5652/2602
f 3344/5647/2603 3343/5644/2603 3358/5667/2603 3359/5654/2603
f 3371/5662/2604 3370/5660/2604 3385/5669/2604 3386/5670/2604
f 3364/5663/2605 3363/5661/2605 3378/5671/2605 3379/5672/2605
f 3372/5664/2606 3371/5662/2606 3386/5670/2606 3387/5673/2606
f 3365/5665/2607 3364/5663/2607 3379/5672/2607 3380/5674/2607
f 3358/5667/2608 3192/5675/2608 3373/5676/2608
f 3418/5677/2609 3372/5664/2609 3387/5673/2609
f 3366/5652/2610 3365/5665/2610 3380/5674/2610 3381/5678/2610
f 3359/5654/2611 3358/5667/2611 3373/5676/2611 3374/5679/2611
f 3367/5653/2612 3366/5652/2612 3381/5678/2612 3382/5680/2612
f 3360/5655/2613 3359/5654/2613 3374/5679/2613 3375/5681/2613
f 3368/5656/2614 3367/5653/2614 3382/5680/2614 3383/5682/2614
f 3361/5657/2615 3360/5655/2615 3375/5681/2615 3376/5683/2615
f 3369/5658/2616 3368/5656/2616 3383/5682/2616 3384/5684/2616
f 3362/5659/2617 3361/5657/2617 3376/5683/2617 3377/5685/2617
f 3370/5660/2618 3369/5658/2618 3384/5684/2618 3385/5669/2618
f 3363/5661/2619 3362/5659/2619 3377/5685/2619 3378/5671/2619
f 3375/5681/2620 3374/5679/2620 3389/5686/2620 3390/5687/2620
f 3383/5682/2621 3382/5680/2621 3397/5688/2621 3398/5689/2621
f 3376/5683/2622 3375/5681/2622 3390/5687/2622 3391/5690/2622
f 3384/5684/2623 3383/5682/2623 3398/5689/2623 3399/5691/2623
f 3377/5685/2624 3376/5683/2624 3391/5690/2624 3392/5692/2624
f 3385/5669/2625 3384/5684/2625 3399/5691/2625 3400/5693/2625
f 3378/5671/2626 3377/5685/2626 3392/5692/2626 3393/5694/2626
f 3386/5670/2627 3385/5669/2627 3400/5693/2627 3401/5695/2627
f 3379/5672/2628 3378/5671/2628 3393/5694/2628 3394/5696/2628
f 3387/5673/2629 3386/5670/2629 3401/5695/2629 3402/5697/2629
f 3380/5674/2630 3379/5672/2630 3394/5696/2630 3395/5698/2630
f 3373/5676/2631 3192/5699/2631 3388/5700/2631
f 3418/5701/2632 3387/5673/2632 3402/5697/2632
f 3381/5678/2633 3380/5674/2633 3395/5698/2633 3396/5702/2633
f 3374/5679/2634 3373/5676/2634 3388/5700/2634 3389/5686/2634
f 3382/5680/2635 3381/5678/2635 3396/5702/2635 3397/5688/2635
f 3394/5696/2636 3393/5694/2636 3408/5703/2636 3409/5704/2636
f 3402/5697/2637 3401/5695/2637 3416/5705/2637 3417/5706/2637
f 3395/5698/2638 3394/5696/2638 3409/5704/2638 3410/5707/2638
f 3388/5700/2639 3192/5708/2639 3403/5709/2639
f 3418/5710/2640 3402/5697/2640 3417/5706/2640
f 3396/5702/2641 3395/5698/2641 3410/5707/2641 3411/5711/2641
f 3389/5686/2642 3388/5700/2642 3403/5709/2642 3404/5712/2642
f 3397/5688/2643 3396/5702/2643 3411/5711/2643 3412/5713/2643
f 3390/5687/2644 3389/5686/2644 3404/5712/2644 3405/5714/2644
f 3398/5689/2645 3397/5688/2645 3412/5713/2645 3413/5715/2645
f 3391/5690/2646 3390/5687/2646 3405/5714/2646 3406/5716/2646
f 3399/5691/2647 3398/5689/2647 3413/5715/2647 3414/5717/2647
f 3392/5692/2648 3391/5690/2648 3406/5716/2648 3407/5718/2648
f 3400/5693/2649 3399/5691/2649 3414/5717/2649 3415/5719/2649
f 3393/5694/2650 3392/5692/2650 3407/5718/2650 3408/5703/2650
f 3401/5695/2651 3400/5693/2651 3415/5719/2651 3416/5705/2651
f 3413/5715/2652 3412/5713/2652 3428/5720/2652 3429/5721/2652
f 3406/5716/2653 3405/5714/2653 3421/5722/2653 3422/5723/2653
f 3414/5717/2654 3413/5715/2654 3429/5721/2654 3430/5724/2654
f 3407/5718/2655 3406/5716/2655 3422/5723/2655 3423/5725/2655
f 3415/5719/2656 3414/5717/2656 3430/5724/2656 3431/5726/2656
f 3408/5703/2657 3407/5718/2657 3423/5725/2657 3424/5727/2657
f 3416/5705/2658 3415/5719/2658 3431/5726/2658 3432/5728/2658
f 3409/5704/2659 3408/5703/2659 3424/5727/2659 3425/5729/2659
f 3417/5706/2660 3416/5705/2660 3432/5728/2660 3433/5730/2660
f 3410/5707/2661 3409/5704/2661 3425/5729/2661 3426/5731/2661
f 3403/5709/2662 3192/5732/2662 3419/5733/2662
f 3418/5734/2663 3417/5706/2663 3433/5730/2663
f 3411/5711/2664 3410/5707/2664 3426/5731/2664 3427/5735/2664
f 3404/5712/2665 3403/5709/2665 3419/5733/2665 3420/5736/2665
f 3412/5713/2666 3411/5711/2666 3427/5735/2666 3428/5720/2666
f 3405/5714/2667 3404/5712/2667 3420/5736/2667 3421/5722/2667
f 3433/5730/2668 3432/5728/2668 3447/5737/2668 3448/5738/2668
f 3426/5731/2669 3425/5729/2669 3440/5739/2669 3441/5740/2669
f 3419/5733/2670 3192/5741/2670 3434/5742/2670
f 3418/5743/2671 3433/5730/2671 3448/5738/2671
f 3427/5735/2672 3426/5731/2672 3441/5740/2672 3442/5744/2672
f 3420/5736/2673 3419/5733/2673 3434/5742/2673 3435/5745/2673
f 3428/5720/2674 3427/5735/2674 3442/5744/2674 3443/5746/2674
f 3421/5722/2675 3420/5736/2675 3435/5745/2675 3436/5747/2675
f 3429/5721/2676 3428/5720/2676 3443/5746/2676 3444/5748/2676
f 3422/5723/2677 3421/5722/2677 3436/5747/2677 3437/5749/2677
f 3430/5724/2678 3429/5721/2678 3444/5748/2678 3445/5750/2678
f 3423/5725/2679 3422/5723/2679 3437/5749/2679 3438/5751/2679
f 3431/5726/2680 3430/5724/2680 3445/5750/2680 3446/5752/2680
f 3424/5727/2681 3423/5725/2681 3438/5751/2681 3439/5753/2681
f 3432/5728/2682 3431/5726/2682 3446/5752/2682 3447/5737/2682
f 3425/5729/2683 3424/5727/2683 3439/5753/2683 3440/5739/2683
f 3437/5749/2684 3436/5747/2684 3451/5754/2684 3452/5755/2684
f 3445/5750/2685 3444/5748/2685 3459/5756/2685 3460/5757/2685
f 3438/5751/2686 3437/5749/2686 3452/5755/2686 3453/5758/2686
f 3446/5752/2687 3445/5750/2687 3460/5757/2687 3461/5759/2687
f 3439/5753/2688 3438/5751/2688 3453/5758/2688 3454/5760/2688
f 3447/5737/2689 3446/5752/2689 3461/5759/2689 3462/5761/2689
f 3440/5739/2690 3439/5753/2690 3454/5760/2690 3455/5762/2690
f 3448/5738/2691 3447/5737/2691 3462/5761/2691 3463/5763/2691
f 3441/5740/2692 3440/5739/2692 3455/5762/2692 3456/5764/2692
f 3434/5742/2693 3192/5765/2693 3449/5766/2693
f 3418/5767/2694 3448/5738/2694 3463/5763/2694
f 3442/5744/2695 3441/5740/2695 3456/5764/2695 3457/5768/2695
f 3435/5745/2696 3434/5742/2696 3449/5766/2696 3450/5769/2696
f 3443/5746/2697 3442/5744/2697 3457/5768/2697 3458/5770/2697
f 3436/5747/2698 3435/5745/2698 3450/5769/2698 3451/5754/2698
f 3444/5748/2699 3443/5746/2699 3458/5770/2699 3459/5756/2699
f 3456/5764/2700 3455/5762/2700 3470/5771/2700 3471/5772/2700
f 3449/5766/2701 3192/5773/2701 3464/5774/2701
f 3418/5775/2702 3463/5763/2702 3478/5776/2702
f 3457/5768/2703 3456/5764/2703 3471/5772/2703 3472/5777/2703
f 3450/5769/2704 3449/5766/2704 3464/5774/2704 3465/5778/2704
f 3458/5770/2705 3457/5768/2705 3472/5777/2705 3473/5779/2705
f 3451/5754/2706 3450/5769/2706 3465/5778/2706 3466/5780/2706
f 3459/5756/2707 3458/5770/2707 3473/5779/2707 3474/5781/2707
f 3452/5755/2708 3451/5754/2708 3466/5780/2708 3467/5782/2708
f 3460/5757/2709 3459/5756/2709 3474/5781/2709 3475/5783/2709
f 3453/5758/2710 3452/5755/2710 3467/5782/2710 3468/5784/2710
f 3461/5759/2711 3460/5757/2711 3475/5783/2711 3476/5785/2711
f 3454/5760/2712 3453/5758/2712 3468/5784/2712 3469/5786/2712
f 3462/5761/2713 3461/5759/2713 3476/5785/2713 3477/5787/2713
f 3455/5762/2714 3454/5760/2714 3469/5786/2714 3470/5771/2714
f 3463/5763/2715 3462/5761/2715 3477/5787/2715 3478/5776/2715
f 3475/5788/2716 3474/5789/2716 3489/5790/2716 3490/5791/2716
f 3468/5792/2717 3467/5793/2717 3482/5794/2717 3483/5795/2717
f 3476/5796/2718 3475/5788/2718 3490/5791/2718 3491/5797/2718
f 3469/5798/2719 3468/5792/2719 3483/5795/2719 3484/5799/2719
f 3477/5800/2720 3476/5796/2720 3491/5797/2720 3492/5801/2720
f 3470/5802/2721 3469/5798/2721 3484/5799/2721 3485/5803/2721
f 3478/5804/2722 3477/5800/2722 3492/5801/2722 3493/5805/2722
f 3471/5806/2723 3470/5802/2723 3485/5803/2723 3486/5807/2723
f 3464/5808/2724 3192/5809/2724 3479/5810/2724
f 3418/5811/2725 3478/5804/2725 3493/5805/2725
f 3472/5812/2726 3471/5806/2726 3486/5807/2726 3487/5813/2726
f 3465/5814/2727 3464/5808/2727 3479/5810/2727 3480/5815/2727
f 3473/5816/2728 3472/5812/2728 3487/5813/2728 3488/5817/2728
f 3466/5818/2729 3465/5814/2729 3480/5815/2729 3481/5819/2729
f 3474/5789/2730 3473/5816/2730 3488/5817/2730 3489/5790/2730
f 3467/5793/2731 3466/5818/2731 3481/5819/2731 3482/5794/2731
f 3418/5820/2732 3493/5805/2732 3508/5821/2732
f 3487/5813/2733 3486/5807/2733 3501/5822/2733 3502/5823/2733
f 3480/5815/2734 3479/5810/2734 3494/5824/2734 3495/5825/2734
f 3488/5817/2735 3487/5813/2735 3502/5823/2735 3503/5826/2735
f 3481/5819/2736 3480/5815/2736 3495/5825/2736 3496/5827/2736
f 3489/5790/2737 3488/5817/2737 3503/5826/2737 3504/5828/2737
f 3482/5794/2738 3481/5819/2738 3496/5827/2738 3497/5829/2738
f 3490/5791/2739 3489/5790/2739 3504/5828/2739 3505/5830/2739
f 3483/5795/2740 3482/5794/2740 3497/5829/2740 3498/5831/2740
f 3491/5797/2741 3490/5791/2741 3505/5830/2741 3506/5832/2741
f 3484/5799/2742 3483/5795/2742 3498/5831/2742 3499/5833/2742
f 3492/5801/2743 3491/5797/2743 3506/5832/2743 3507/5834/2743
f 3485/5803/2744 3484/5799/2744 3499/5833/2744 3500/5835/2744
f 3493/5805/2745 3492/5801/2745 3507/5834/2745 3508/5821/2745
f 3486/5807/2746 3485/5803/2746 3500/5835/2746 3501/5822/2746
f 3479/5810/2747 3192/5836/2747 3494/5824/2747
f 3506/5832/2748 3505/5830/2748 3520/5837/2748 3521/5838/2748
f 3499/5833/2749 3498/5831/2749 3513/5839/2749 3514/5840/2749
f 3507/5834/2750 3506/5832/2750 3521/5838/2750 3522/5841/2750
f 3500/5835/2751 3499/5833/2751 3514/5840/2751 3515/5842/2751
f 3508/5821/2752 3507/5834/2752 3522/5841/2752 3523/5843/2752
f 3501/5822/2753 3500/5835/2753 3515/5842/2753 3516/5844/2753
f 3494/5824/2754 3192/5845/2754 3509/5846/2754
f 3418/5847/2755 3508/5821/2755 3523/5843/2755
f 3502/5823/2756 3501/5822/2756 3516/5844/2756 3517/5848/2756
f 3495/5825/2757 3494/5824/2757 3509/5846/2757 3510/5849/2757
f 3503/5826/2758 3502/5823/2758 3517/5848/2758 3518/5850/2758
f 3496/5827/2759 3495/5825/2759 3510/5849/2759 3511/5851/2759
f 3504/5828/2760 3503/5826/2760 3518/5850/2760 3519/5852/2760
f 3497/5829/2761 3496/5827/2761 3511/5851/2761 3512/5853/2761
f 3505/5830/2762 3504/5828/2762 3519/5852/2762 3520/5837/2762
f 3498/5831/2763 3497/5829/2763 3512/5853/2763 3513/5839/2763
f 3510/5849/2764 3509/5846/2764 3524/5854/2764 3525/5855/2764
f 3518/5850/2765 3517/5848/2765 3532/5856/2765 3533/5857/2765
f 3511/5851/2766 3510/5849/2766 3525/5855/2766 3526/5858/2766
f 3519/5852/2767 3518/5850/2767 3533/5857/2767 3534/5859/2767
f 3512/5853/2768 3511/5851/2768 3526/5858/2768 3527/5860/2768
f 3520/5837/2769 3519/5852/2769 3534/5859/2769 3535/5861/2769
f 3513/5839/2770 3512/5853/2770 3527/5860/2770 3528/5862/2770
f 3521/5838/2771 3520/5837/2771 3535/5861/2771 3536/5863/2771
f 3514/5840/2772 3513/5839/2772 3528/5862/2772 3529/5864/2772
f 3522/5841/2773 3521/5838/2773 3536/5863/2773 3537/5865/2773
f 3515/5842/2774 3514/5840/2774 3529/5864/2774 3530/5866/2774
f 3523/5843/2775 3522/5841/2775 3537/5865/2775 3538/5867/2775
f 3516/5844/2776 3515/5842/2776 3530/5866/2776 3531/5868/2776
f 3509/5846/2777 3192/5869/2777 3524/5854/2777
f 3418/5870/2778 3523/5843/2778 3538/5867/2778
f 3517/5848/2779 3516/5844/2779 3531/5868/2779 3532/5856/2779
f 3529/5864/2780 3528/5862/2780 3543/5871/2780 3544/5872/2780
f 3537/5865/2781 3536/5863/2781 3551/5873/2781 3552/5874/2781
f 3530/5866/2782 3529/5864/2782 3544/5872/2782 3545/5875/2782
f 3538/5867/2783 3537/5865/2783 3552/5874/2783 3553/5876/2783
f 3531/5868/2784 3530/5866/2784 3545/5875/2784 3546/5877/2784
f 3524/5854/2785 3192/5878/2785 3539/5879/2785
f 3418/5880/2786 3538/5867/2786 3553/5876/2786
f 3532/5856/2787 3531/5868/2787 3546/5877/2787 3547/5881/2787
f 3525/5855/2788 3524/5854/2788 3539/5879/2788 3540/5882/2788
f 3533/5857/2789 3532/5856/2789 3547/5881/2789 3548/5883/2789
f 3526/5858/2790 3525/5855/2790 3540/5882/2790 3541/5884/2790
f 3534/5859/2791 3533/5857/2791 3548/5883/2791 3549/5885/2791
f 3527/5860/2792 3526/5858/2792 3541/5884/2792 3542/5886/2792
f 3535/5861/2793 3534/5859/2793 3549/5885/2793 3550/5887/2793
f 3528/5862/2794 3527/5860/2794 3542/5886/2794 3543/5871/2794
f 3536/5863/2795 3535/5861/2795 3550/5887/2795 3551/5873/2795
f 3548/5883/2796 3547/5881/2796 3562/5888/2796 3563/5889/2796
f 3541/5884/2797 3540/5882/2797 3555/5890/2797 3556/5891/2797
f 3549/5885/2798 3548/5883/2798 3563/5889/2798 3564/5892/2798
f 3542/5886/2799 3541/5884/2799 3556/5891/2799 3557/5893/2799
f 3550/5887/2800 3549/5885/2800 3564/5892/2800 3565/5894/2800
f 3543/5871/2801 3542/5886/2801 3557/5893/2801 3558/5895/2801
f 3551/5873/2802 3550/5887/2802 3565/5894/2802 3566/5896/2802
f 3544/5872/2803 3543/5871/2803 3558/5895/2803 3559/5897/2803
f 3552/5874/2804 3551/5873/2804 3566/5896/2804 3567/5898/2804
f 3545/5875/2805 3544/5872/2805 3559/5897/2805 3560/5899/2805
f 3553/5876/2806 3552/5874/2806 3567/5898/2806 3568/5900/2806
f 3546/5877/2807 3545/5875/2807 3560/5899/2807 3561/5901/2807
f 3539/5879/2808 3192/5902/2808 3554/5903/2808
f 3418/5904/2809 3553/5876/2809 3568/5900/2809
f 3547/5881/2810 3546/5877/2810 3561/5901/2810 3562/5888/2810
f 3540/5882/2811 3539/5879/2811 3554/5903/2811 3555/5890/2811
f 3567/5898/2812 3566/5896/2812 3581/5905/2812 3582/5906/2812
f 3560/5899/2813 3559/5897/2813 3574/5907/2813 3575/5908/2813
f 3568/5900/2814 3567/5898/2814 3582/5906/2814 3583/5909/2814
f 3561/5901/2815 3560/5899/2815 3575/5908/2815 3576/5910/2815
f 3554/5903/2816 3192/5911/2816 3569/5912/2816
f 3418/5913/2817 3568/5900/2817 3583/5909/2817
f 3562/5888/2818 3561/5901/2818 3576/5910/2818 3577/5914/2818
f 3555/5890/2819 3554/5903/2819 3569/5912/2819 3570/5915/2819
f 3563/5889/2820 3562/5888/2820 3577/5914/2820 3578/5916/2820
f 3556/5891/2821 3555/5890/2821 3570/5915/2821 3571/5917/2821
f 3564/5892/2822 3563/5889/2822 3578/5916/2822 3579/5918/2822
f 3557/5893/2823 3556/5891/2823 3571/5917/2823 3572/5919/2823
f 3565/5894/2824 3564/5892/2824 3579/5918/2824 3580/5920/2824
f 3558/5895/2825 3557/5893/2825 3572/5919/2825 3573/5921/2825
f 3566/5896/2826 3565/5894/2826 3580/5920/2826 3581/5905/2826
f 3559/5897/2827 3558/5895/2827 3573/5921/2827 3574/5907/2827
f 3571/5917/2828 3570/5915/2828 3585/5370/2828 3111/5369/2828
f 3579/5918/2829 3578/5916/2829 3588/5365/2829 3116/5373/2829
f 3572/5919/2830 3571/5917/2830 3111/5369/2830 3586/5375/2830
f 3580/5920/2831 3579/5918/2831 3116/5373/2831 3589/5377/2831
f 3573/5921/2832 3572/5919/2832 3586/5375/2832 3112/5379/2832
f 3581/5905/2833 3580/5920/2833 3589/5377/2833 3590/5381/2833
f 3574/5907/2834 3573/5921/2834 3112/5379/2834 3587/5383/2834
f 3582/5906/2835 3581/5905/2835 3590/5381/2835 3591/5385/2835
f 3575/5908/2836 3574/5907/2836 3587/5383/2836 3113/5387/2836
f 3583/5909/2837 3582/5906/2837 3591/5385/2837 3592/5389/2837
f 3576/5910/2838 3575/5908/2838 3113/5387/2838 3114/5391/2838
f 3569/5912/2839 3192/5922/2839 3584/5393/2839
f 3418/5923/2840 3583/5909/2840 3592/5389/2840
f 3577/5914/2841 3576/5910/2841 3114/5391/2841 3115/5366/2841
f 3570/5915/2842 3569/5912/2842 3584/5393/2842 3585/5370/2842
f 3578/5916/2843 3577/5914/2843 3115/5366/2843 3588/5365/2843
