# Blender 4.1.1
# www.blender.org
mtllib 13-ai-startup-office.mtl
o Floor
v -6.500000 0.000000 5.000000
v 6.500000 0.000000 5.000000
v -6.500000 0.000000 -5.000000
v 6.500000 0.000000 -5.000000
vn -0.0000 1.0000 -0.0000
vt 0.000000 0.000000
vt 1.000000 0.000000
vt 1.000000 1.000000
vt 0.000000 1.000000
s 0
usemtl Concrete
f 1/1/1 2/2/1 4/3/1 3/4/1
o WallN
v -6.500000 0.000000 -4.950000
v -6.500000 3.000000 -4.950000
v -6.500000 0.000000 -5.050000
v -6.500000 3.000000 -5.050000
v 6.500000 0.000000 -4.950000
v 6.500000 3.000000 -4.950000
v 6.500000 0.000000 -5.050000
v 6.500000 3.000000 -5.050000
vn -1.0000 -0.0000 -0.0000
vn -0.0000 -0.0000 -1.0000
vn 1.0000 -0.0000 -0.0000
vn -0.0000 -0.0000 1.0000
vn -0.0000 -1.0000 -0.0000
vn -0.0000 1.0000 -0.0000
vt 0.375000 0.000000
vt 0.625000 0.000000
vt 0.625000 0.250000
vt 0.375000 0.250000
vt 0.625000 0.500000
vt 0.375000 0.500000
vt 0.625000 0.750000
vt 0.375000 0.750000
vt 0.625000 1.000000
vt 0.375000 1.000000
vt 0.125000 0.500000
vt 0.125000 0.750000
vt 0.875000 0.500000
vt 0.875000 0.750000
s 0
usemtl SoftWhite
f 5/5/2 6/6/2 8/7/2 7/8/2
f 7/8/3 8/7/3 12/9/3 11/10/3
f 11/10/4 12/9/4 10/11/4 9/12/4
f 9/12/5 10/11/5 6/13/5 5/14/5
f 7/15/6 11/10/6 9/12/6 5/16/6
f 12/9/7 8/17/7 6/18/7 10/11/7
o WallS
v -6.500000 0.000000 5.050000
v -6.500000 3.000000 5.050000
v -6.500000 0.000000 4.950000
v -6.500000 3.000000 4.950000
v 6.500000 0.000000 5.050000
v 6.500000 3.000000 5.050000
v 6.500000 0.000000 4.950000
v 6.500000 3.000000 4.950000
vn -1.0000 -0.0000 -0.0000
vn -0.0000 -0.0000 -1.0000
vn 1.0000 -0.0000 -0.0000
vn -0.0000 -0.0000 1.0000
vn -0.0000 -1.0000 -0.0000
vn -0.0000 1.0000 -0.0000
vt 0.375000 0.000000
vt 0.625000 0.000000
vt 0.625000 0.250000
vt 0.375000 0.250000
vt 0.625000 0.500000
vt 0.375000 0.500000
vt 0.625000 0.750000
vt 0.375000 0.750000
vt 0.625000 1.000000
vt 0.375000 1.000000
vt 0.125000 0.500000
vt 0.125000 0.750000
vt 0.875000 0.500000
vt 0.875000 0.750000
s 0
usemtl SoftWhite
f 13/19/8 14/20/8 16/21/8 15/22/8
f 15/22/9 16/21/9 20/23/9 19/24/9
f 19/24/10 20/23/10 18/25/10 17/26/10
f 17/26/11 18/25/11 14/27/11 13/28/11
f 15/29/12 19/24/12 17/26/12 13/30/12
f 20/23/13 16/31/13 14/32/13 18/25/13
o WallW
v -6.550000 0.000000 5.000000
v -6.550000 3.000000 5.000000
v -6.550000 0.000000 -5.000000
v -6.550000 3.000000 -5.000000
v -6.450000 0.000000 5.000000
v -6.450000 3.000000 5.000000
v -6.450000 0.000000 -5.000000
v -6.450000 3.000000 -5.000000
vn -1.0000 -0.0000 -0.0000
vn -0.0000 -0.0000 -1.0000
vn 1.0000 -0.0000 -0.0000
vn -0.0000 -0.0000 1.0000
vn -0.0000 -1.0000 -0.0000
vn -0.0000 1.0000 -0.0000
vt 0.375000 0.000000
vt 0.625000 0.000000
vt 0.625000 0.250000
vt 0.375000 0.250000
vt 0.625000 0.500000
vt 0.375000 0.500000
vt 0.625000 0.750000
vt 0.375000 0.750000
vt 0.625000 1.000000
vt 0.375000 1.000000
vt 0.125000 0.500000
vt 0.125000 0.750000
vt 0.875000 0.500000
vt 0.875000 0.750000
s 0
usemtl SoftWhite
f 21/33/14 22/34/14 24/35/14 23/36/14
f 23/36/15 24/35/15 28/37/15 27/38/15
f 27/38/16 28/37/16 26/39/16 25/40/16
f 25/40/17 26/39/17 22/41/17 21/42/17
f 23/43/18 27/38/18 25/40/18 21/44/18
f 28/37/19 24/45/19 22/46/19 26/39/19
o WallE
v 6.450000 0.000000 5.000000
v 6.450000 3.000000 5.000000
v 6.450000 0.000000 -5.000000
v 6.450000 3.000000 -5.000000
v 6.550000 0.000000 5.000000
v 6.550000 3.000000 5.000000
v 6.550000 0.000000 -5.000000
v 6.550000 3.000000 -5.000000
vn -1.0000 -0.0000 -0.0000
vn -0.0000 -0.0000 -1.0000
vn 1.0000 -0.0000 -0.0000
vn -0.0000 -0.0000 1.0000
vn -0.0000 -1.0000 -0.0000
vn -0.0000 1.0000 -0.0000
vt 0.375000 0.000000
vt 0.625000 0.000000
vt 0.625000 0.250000
vt 0.375000 0.250000
vt 0.625000 0.500000
vt 0.375000 0.500000
vt 0.625000 0.750000
vt 0.375000 0.750000
vt 0.625000 1.000000
vt 0.375000 1.000000
vt 0.125000 0.500000
vt 0.125000 0.750000
vt 0.875000 0.500000
vt 0.875000 0.750000
s 0
usemtl SoftWhite
f 29/47/20 30/48/20 32/49/20 31/50/20
f 31/50/21 32/49/21 36/51/21 35/52/21
f 35/52/22 36/51/22 34/53/22 33/54/22
f 33/54/23 34/53/23 30/55/23 29/56/23
f 31/57/24 35/52/24 33/54/24 29/58/24
f 36/51/25 32/59/25 30/60/25 34/53/25
o Ceiling
v -6.500000 3.000000 5.000000
v 6.500000 3.000000 5.000000
v -6.500000 3.000000 -5.000000
v 6.500000 3.000000 -5.000000
vn -0.0000 1.0000 -0.0000
vt 0.000000 0.000000
vt 1.000000 0.000000
vt 1.000000 1.000000
vt 0.000000 1.000000
s 0
usemtl SoftWhite
f 37/61/26 38/62/26 40/63/26 39/64/26
o LogoPanel
v -6.000000 1.000000 4.950000
v -6.000000 2.600000 4.950000
v -6.000000 1.000000 4.850000
v -6.000000 2.600000 4.850000
v -3.000000 1.000000 4.950000
v -3.000000 2.600000 4.950000
v -3.000000 1.000000 4.850000
v -3.000000 2.600000 4.850000
vn -1.0000 -0.0000 -0.0000
vn -0.0000 -0.0000 -1.0000
vn 1.0000 -0.0000 -0.0000
vn -0.0000 -0.0000 1.0000
vn -0.0000 -1.0000 -0.0000
vn -0.0000 1.0000 -0.0000
vt 0.375000 0.000000
vt 0.625000 0.000000
vt 0.625000 0.250000
vt 0.375000 0.250000
vt 0.625000 0.500000
vt 0.375000 0.500000
vt 0.625000 0.750000
vt 0.375000 0.750000
vt 0.625000 1.000000
vt 0.375000 1.000000
vt 0.125000 0.500000
vt 0.125000 0.750000
vt 0.875000 0.500000
vt 0.875000 0.750000
s 0
usemtl Charcoal
f 41/65/27 42/66/27 44/67/27 43/68/27
f 43/68/28 44/67/28 48/69/28 47/70/28
f 47/70/29 48/69/29 46/71/29 45/72/29
f 45/72/30 46/71/30 42/73/30 41/74/30
f 43/75/31 47/70/31 45/72/31 41/76/31
f 48/69/32 44/77/32 42/78/32 46/71/32
o LogoAccentBar
v -5.800000 1.720000 4.890000
v -5.800000 1.880000 4.890000
v -5.800000 1.720000 4.810000
v -5.800000 1.880000 4.810000
v -3.200000 1.720000 4.890000
v -3.200000 1.880000 4.890000
v -3.200000 1.720000 4.810000
v -3.200000 1.880000 4.810000
vn -1.0000 -0.0000 -0.0000
vn -0.0000 -0.0000 -1.0000
vn 1.0000 -0.0000 -0.0000
vn -0.0000 -0.0000 1.0000
vn -0.0000 -1.0000 -0.0000
vn -0.0000 1.0000 -0.0000
vt 0.375000 0.000000
vt 0.625000 0.000000
vt 0.625000 0.250000
vt 0.375000 0.250000
vt 0.625000 0.500000
vt 0.375000 0.500000
vt 0.625000 0.750000
vt 0.375000 0.750000
vt 0.625000 1.000000
vt 0.375000 1.000000
vt 0.125000 0.500000
vt 0.125000 0.750000
vt 0.875000 0.500000
vt 0.875000 0.750000
s 0
usemtl LimeGreen
f 49/79/33 50/80/33 52/81/33 51/82/33
f 51/82/34 52/81/34 56/83/34 55/84/34
f 55/84/35 56/83/35 54/85/35 53/86/35
f 53/86/36 54/85/36 50/87/36 49/88/36
f 51/89/37 55/84/37 53/86/37 49/90/37
f 56/83/38 52/91/38 50/92/38 54/85/38
o ReceptionDesk
v -3.000000 0.000000 4.200000
v -3.000000 1.100000 4.200000
v -3.000000 0.000000 3.200000
v -3.000000 1.100000 3.200000
v -1.000000 0.000000 4.200000
v -1.000000 1.100000 4.200000
v -1.000000 0.000000 3.200000
v -1.000000 1.100000 3.200000
vn -1.0000 -0.0000 -0.0000
vn -0.0000 -0.0000 -1.0000
vn 1.0000 -0.0000 -0.0000
vn -0.0000 -0.0000 1.0000
vn -0.0000 -1.0000 -0.0000
vn -0.0000 1.0000 -0.0000
vt 0.375000 0.000000
vt 0.625000 0.000000
vt 0.625000 0.250000
vt 0.375000 0.250000
vt 0.625000 0.500000
vt 0.375000 0.500000
vt 0.625000 0.750000
vt 0.375000 0.750000
vt 0.625000 1.000000
vt 0.375000 1.000000
vt 0.125000 0.500000
vt 0.125000 0.750000
vt 0.875000 0.500000
vt 0.875000 0.750000
s 0
usemtl WarmWood
f 57/93/39 58/94/39 60/95/39 59/96/39
f 59/96/40 60/95/40 64/97/40 63/98/40
f 63/98/41 64/97/41 62/99/41 61/100/41
f 61/100/42 62/99/42 58/101/42 57/102/42
f 59/103/43 63/98/43 61/100/43 57/104/43
f 64/97/44 60/105/44 58/106/44 62/99/44
o WaitBench
v -6.300000 0.000000 3.800000
v -6.300000 0.500000 3.800000
v -6.300000 0.000000 3.200000
v -6.300000 0.500000 3.200000
v -4.700000 0.000000 3.800000
v -4.700000 0.500000 3.800000
v -4.700000 0.000000 3.200000
v -4.700000 0.500000 3.200000
vn -1.0000 -0.0000 -0.0000
vn -0.0000 -0.0000 -1.0000
vn 1.0000 -0.0000 -0.0000
vn -0.0000 -0.0000 1.0000
vn -0.0000 -1.0000 -0.0000
vn -0.0000 1.0000 -0.0000
vt 0.375000 0.000000
vt 0.625000 0.000000
vt 0.625000 0.250000
vt 0.375000 0.250000
vt 0.625000 0.500000
vt 0.375000 0.500000
vt 0.625000 0.750000
vt 0.375000 0.750000
vt 0.625000 1.000000
vt 0.375000 1.000000
vt 0.125000 0.500000
vt 0.125000 0.750000
vt 0.875000 0.500000
vt 0.875000 0.750000
s 0
usemtl WarmWood
f 65/107/45 66/108/45 68/109/45 67/110/45
f 67/110/46 68/109/46 72/111/46 71/112/46
f 71/112/47 72/111/47 70/113/47 69/114/47
f 69/114/48 70/113/48 66/115/48 65/116/48
f 67/117/49 71/112/49 69/114/49 65/118/49
f 72/111/50 68/119/50 66/120/50 70/113/50
o EntryMat
v -5.200000 0.000000 4.700000
v -5.200000 0.020000 4.700000
v -5.200000 0.000000 3.900000
v -5.200000 0.020000 3.900000
v -3.800000 0.000000 4.700000
v -3.800000 0.020000 4.700000
v -3.800000 0.000000 3.900000
v -3.800000 0.020000 3.900000
vn -1.0000 -0.0000 -0.0000
vn -0.0000 -0.0000 -1.0000
vn 1.0000 -0.0000 -0.0000
vn -0.0000 -0.0000 1.0000
vn -0.0000 -1.0000 -0.0000
vn -0.0000 1.0000 -0.0000
vt 0.375000 0.000000
vt 0.625000 0.000000
vt 0.625000 0.250000
vt 0.375000 0.250000
vt 0.625000 0.500000
vt 0.375000 0.500000
vt 0.625000 0.750000
vt 0.375000 0.750000
vt 0.625000 1.000000
vt 0.375000 1.000000
vt 0.125000 0.500000
vt 0.125000 0.750000
vt 0.875000 0.500000
vt 0.875000 0.750000
s 0
usemtl DeepTeal
f 73/121/51 74/122/51 76/123/51 75/124/51
f 75/124/52 76/123/52 80/125/52 79/126/52
f 79/126/53 80/125/53 78/127/53 77/128/53
f 77/128/54 78/127/54 74/129/54 73/130/54
f 75/131/55 79/126/55 77/128/55 73/132/55
f 80/125/56 76/133/56 74/134/56 78/127/56
o Desk_r-1.5_0
v -5.600000 0.730000 1.850000
v -5.600000 0.770000 1.850000
v -5.600000 0.730000 1.150000
v -5.600000 0.770000 1.150000
v -4.400000 0.730000 1.850000
v -4.400000 0.770000 1.850000
v -4.400000 0.730000 1.150000
v -4.400000 0.770000 1.150000
vn -1.0000 -0.0000 -0.0000
vn -0.0000 -0.0000 -1.0000
vn 1.0000 -0.0000 -0.0000
vn -0.0000 -0.0000 1.0000
vn -0.0000 -1.0000 -0.0000
vn -0.0000 1.0000 -0.0000
vt 0.375000 0.000000
vt 0.625000 0.000000
vt 0.625000 0.250000
vt 0.375000 0.250000
vt 0.625000 0.500000
vt 0.375000 0.500000
vt 0.625000 0.750000
vt 0.375000 0.750000
vt 0.625000 1.000000
vt 0.375000 1.000000
vt 0.125000 0.500000
vt 0.125000 0.750000
vt 0.875000 0.500000
vt 0.875000 0.750000
s 0
usemtl WarmWood
f 81/135/57 82/136/57 84/137/57 83/138/57
f 83/138/58 84/137/58 88/139/58 87/140/58
f 87/140/59 88/139/59 86/141/59 85/142/59
f 85/142/60 86/141/60 82/143/60 81/144/60
f 83/145/61 87/140/61 85/142/61 81/146/61
f 88/139/62 84/147/62 82/148/62 86/141/62
o Chair_r-1.5_0
v -5.250000 0.420000 2.350000
v -5.250000 0.480000 2.350000
v -5.250000 0.420000 1.850000
v -5.250000 0.480000 1.850000
v -4.750000 0.420000 2.350000
v -4.750000 0.480000 2.350000
v -4.750000 0.420000 1.850000
v -4.750000 0.480000 1.850000
vn -1.0000 -0.0000 -0.0000
vn -0.0000 -0.0000 -1.0000
vn 1.0000 -0.0000 -0.0000
vn -0.0000 -0.0000 1.0000
vn -0.0000 -1.0000 -0.0000
vn -0.0000 1.0000 -0.0000
vt 0.375000 0.000000
vt 0.625000 0.000000
vt 0.625000 0.250000
vt 0.375000 0.250000
vt 0.625000 0.500000
vt 0.375000 0.500000
vt 0.625000 0.750000
vt 0.375000 0.750000
vt 0.625000 1.000000
vt 0.375000 1.000000
vt 0.125000 0.500000
vt 0.125000 0.750000
vt 0.875000 0.500000
vt 0.875000 0.750000
s 0
usemtl Charcoal
f 89/149/63 90/150/63 92/151/63 91/152/63
f 91/152/64 92/151/64 96/153/64 95/154/64
f 95/154/65 96/153/65 94/155/65 93/156/65
f 93/156/66 94/155/66 90/157/66 89/158/66
f 91/159/67 95/154/67 93/156/67 89/160/67
f 96/153/68 92/161/68 90/162/68 94/155/68
o ScrL_r-1.5_0
v -5.420000 0.990000 1.520000
v -5.420000 1.310000 1.520000
v -5.420000 0.990000 1.480000
v -5.420000 1.310000 1.480000
v -4.980000 0.990000 1.520000
v -4.980000 1.310000 1.520000
v -4.980000 0.990000 1.480000
v -4.980000 1.310000 1.480000
vn -1.0000 -0.0000 -0.0000
vn -0.0000 -0.0000 -1.0000
vn 1.0000 -0.0000 -0.0000
vn -0.0000 -0.0000 1.0000
vn -0.0000 -1.0000 -0.0000
vn -0.0000 1.0000 -0.0000
vt 0.375000 0.000000
vt 0.625000 0.000000
vt 0.625000 0.250000
vt 0.375000 0.250000
vt 0.625000 0.500000
vt 0.375000 0.500000
vt 0.625000 0.750000
vt 0.375000 0.750000
vt 0.625000 1.000000
vt 0.375000 1.000000
vt 0.125000 0.500000
vt 0.125000 0.750000
vt 0.875000 0.500000
vt 0.875000 0.750000
s 0
usemtl ScreenDark
f 97/163/69 98/164/69 100/165/69 99/166/69
f 99/166/70 100/165/70 104/167/70 103/168/70
f 103/168/71 104/167/71 102/169/71 101/170/71
f 101/170/72 102/169/72 98/171/72 97/172/72
f 99/173/73 103/168/73 101/170/73 97/174/73
f 104/167/74 100/175/74 98/176/74 102/169/74
o ScrR_r-1.5_0
v -5.020000 0.990000 1.520000
v -5.020000 1.310000 1.520000
v -5.020000 0.990000 1.480000
v -5.020000 1.310000 1.480000
v -4.580000 0.990000 1.520000
v -4.580000 1.310000 1.520000
v -4.580000 0.990000 1.480000
v -4.580000 1.310000 1.480000
vn -1.0000 -0.0000 -0.0000
vn -0.0000 -0.0000 -1.0000
vn 1.0000 -0.0000 -0.0000
vn -0.0000 -0.0000 1.0000
vn -0.0000 -1.0000 -0.0000
vn -0.0000 1.0000 -0.0000
vt 0.375000 0.000000
vt 0.625000 0.000000
vt 0.625000 0.250000
vt 0.375000 0.250000
vt 0.625000 0.500000
vt 0.375000 0.500000
vt 0.625000 0.750000
vt 0.375000 0.750000
vt 0.625000 1.000000
vt 0.375000 1.000000
vt 0.125000 0.500000
vt 0.125000 0.750000
vt 0.875000 0.500000
vt 0.875000 0.750000
s 0
usemtl ScreenDark
f 105/177/75 106/178/75 108/179/75 107/180/75
f 107/180/76 108/179/76 112/181/76 111/182/76
f 111/182/77 112/181/77 110/183/77 109/184/77
f 109/184/78 110/183/78 106/185/78 105/186/78
f 107/187/79 111/182/79 109/184/79 105/188/79
f 112/181/80 108/189/80 106/190/80 110/183/80
o Desk_r-1.5_1
v -4.200000 0.730000 1.850000
v -4.200000 0.770000 1.850000
v -4.200000 0.730000 1.150000
v -4.200000 0.770000 1.150000
v -3.000000 0.730000 1.850000
v -3.000000 0.770000 1.850000
v -3.000000 0.730000 1.150000
v -3.000000 0.770000 1.150000
vn -1.0000 -0.0000 -0.0000
vn -0.0000 -0.0000 -1.0000
vn 1.0000 -0.0000 -0.0000
vn -0.0000 -0.0000 1.0000
vn -0.0000 -1.0000 -0.0000
vn -0.0000 1.0000 -0.0000
vt 0.375000 0.000000
vt 0.625000 0.000000
vt 0.625000 0.250000
vt 0.375000 0.250000
vt 0.625000 0.500000
vt 0.375000 0.500000
vt 0.625000 0.750000
vt 0.375000 0.750000
vt 0.625000 1.000000
vt 0.375000 1.000000
vt 0.125000 0.500000
vt 0.125000 0.750000
vt 0.875000 0.500000
vt 0.875000 0.750000
s 0
usemtl WarmWood
f 113/191/81 114/192/81 116/193/81 115/194/81
f 115/194/82 116/193/82 120/195/82 119/196/82
f 119/196/83 120/195/83 118/197/83 117/198/83
f 117/198/84 118/197/84 114/199/84 113/200/84
f 115/201/85 119/196/85 117/198/85 113/202/85
f 120/195/86 116/203/86 114/204/86 118/197/86
o Chair_r-1.5_1
v -3.850000 0.420000 2.350000
v -3.850000 0.480000 2.350000
v -3.850000 0.420000 1.850000
v -3.850000 0.480000 1.850000
v -3.350000 0.420000 2.350000
v -3.350000 0.480000 2.350000
v -3.350000 0.420000 1.850000
v -3.350000 0.480000 1.850000
vn -1.0000 -0.0000 -0.0000
vn -0.0000 -0.0000 -1.0000
vn 1.0000 -0.0000 -0.0000
vn -0.0000 -0.0000 1.0000
vn -0.0000 -1.0000 -0.0000
vn -0.0000 1.0000 -0.0000
vt 0.375000 0.000000
vt 0.625000 0.000000
vt 0.625000 0.250000
vt 0.375000 0.250000
vt 0.625000 0.500000
vt 0.375000 0.500000
vt 0.625000 0.750000
vt 0.375000 0.750000
vt 0.625000 1.000000
vt 0.375000 1.000000
vt 0.125000 0.500000
vt 0.125000 0.750000
vt 0.875000 0.500000
vt 0.875000 0.750000
s 0
usemtl Charcoal
f 121/205/87 122/206/87 124/207/87 123/208/87
f 123/208/88 124/207/88 128/209/88 127/210/88
f 127/210/89 128/209/89 126/211/89 125/212/89
f 125/212/90 126/211/90 122/213/90 121/214/90
f 123/215/91 127/210/91 125/212/91 121/216/91
f 128/209/92 124/217/92 122/218/92 126/211/92
o ScrL_r-1.5_1
v -4.020000 0.990000 1.520000
v -4.020000 1.310000 1.520000
v -4.020000 0.990000 1.480000
v -4.020000 1.310000 1.480000
v -3.580000 0.990000 1.520000
v -3.580000 1.310000 1.520000
v -3.580000 0.990000 1.480000
v -3.580000 1.310000 1.480000
vn -1.0000 -0.0000 -0.0000
vn -0.0000 -0.0000 -1.0000
vn 1.0000 -0.0000 -0.0000
vn -0.0000 -0.0000 1.0000
vn -0.0000 -1.0000 -0.0000
vn -0.0000 1.0000 -0.0000
vt 0.375000 0.000000
vt 0.625000 0.000000
vt 0.625000 0.250000
vt 0.375000 0.250000
vt 0.625000 0.500000
vt 0.375000 0.500000
vt 0.625000 0.750000
vt 0.375000 0.750000
vt 0.625000 1.000000
vt 0.375000 1.000000
vt 0.125000 0.500000
vt 0.125000 0.750000
vt 0.875000 0.500000
vt 0.875000 0.750000
s 0
usemtl ScreenDark
f 129/219/93 130/220/93 132/221/93 131/222/93
f 131/222/94 132/221/94 136/223/94 135/224/94
f 135/224/95 136/223/95 134/225/95 133/226/95
f 133/226/96 134/225/96 130/227/96 129/228/96
f 131/229/97 135/224/97 133/226/97 129/230/97
f 136/223/98 132/231/98 130/232/98 134/225/98
o ScrR_r-1.5_1
v -3.620000 0.990000 1.520000
v -3.620000 1.310000 1.520000
v -3.620000 0.990000 1.480000
v -3.620000 1.310000 1.480000
v -3.180000 0.990000 1.520000
v -3.180000 1.310000 1.520000
v -3.180000 0.990000 1.480000
v -3.180000 1.310000 1.480000
vn -1.0000 -0.0000 -0.0000
vn -0.0000 -0.0000 -1.0000
vn 1.0000 -0.0000 -0.0000
vn -0.0000 -0.0000 1.0000
vn -0.0000 -1.0000 -0.0000
vn -0.0000 1.0000 -0.0000
vt 0.375000 0.000000
vt 0.625000 0.000000
vt 0.625000 0.250000
vt 0.375000 0.250000
vt 0.625000 0.500000
vt 0.375000 0.500000
vt 0.625000 0.750000
vt 0.375000 0.750000
vt 0.625000 1.000000
vt 0.375000 1.000000
vt 0.125000 0.500000
vt 0.125000 0.750000
vt 0.875000 0.500000
vt 0.875000 0.750000
s 0
usemtl ScreenDark
f 137/233/99 138/234/99 140/235/99 139/236/99
f 139/236/100 140/235/100 144/237/100 143/238/100
f 143/238/101 144/237/101 142/239/101 141/240/101
f 141/240/102 142/239/102 138/241/102 137/242/102
f 139/243/103 143/238/103 141/240/103 137/244/103
f 144/237/104 140/245/104 138/246/104 142/239/104
o Desk_r-1.5_2
v -2.800000 0.730000 1.850000
v -2.800000 0.770000 1.850000
v -2.800000 0.730000 1.150000
v -2.800000 0.770000 1.150000
v -1.600000 0.730000 1.850000
v -1.600000 0.770000 1.850000
v -1.600000 0.730000 1.150000
v -1.600000 0.770000 1.150000
vn -1.0000 -0.0000 -0.0000
vn -0.0000 -0.0000 -1.0000
vn 1.0000 -0.0000 -0.0000
vn -0.0000 -0.0000 1.0000
vn -0.0000 -1.0000 -0.0000
vn -0.0000 1.0000 -0.0000
vt 0.375000 0.000000
vt 0.625000 0.000000
vt 0.625000 0.250000
vt 0.375000 0.250000
vt 0.625000 0.500000
vt 0.375000 0.500000
vt 0.625000 0.750000
vt 0.375000 0.750000
vt 0.625000 1.000000
vt 0.375000 1.000000
vt 0.125000 0.500000
vt 0.125000 0.750000
vt 0.875000 0.500000
vt 0.875000 0.750000
s 0
usemtl WarmWood
f 145/247/105 146/248/105 148/249/105 147/250/105
f 147/250/106 148/249/106 152/251/106 151/252/106
f 151/252/107 152/251/107 150/253/107 149/254/107
f 149/254/108 150/253/108 146/255/108 145/256/108
f 147/257/109 151/252/109 149/254/109 145/258/109
f 152/251/110 148/259/110 146/260/110 150/253/110
o Chair_r-1.5_2
v -2.450000 0.420000 2.350000
v -2.450000 0.480000 2.350000
v -2.450000 0.420000 1.850000
v -2.450000 0.480000 1.850000
v -1.950000 0.420000 2.350000
v -1.950000 0.480000 2.350000
v -1.950000 0.420000 1.850000
v -1.950000 0.480000 1.850000
vn -1.0000 -0.0000 -0.0000
vn -0.0000 -0.0000 -1.0000
vn 1.0000 -0.0000 -0.0000
vn -0.0000 -0.0000 1.0000
vn -0.0000 -1.0000 -0.0000
vn -0.0000 1.0000 -0.0000
vt 0.375000 0.000000
vt 0.625000 0.000000
vt 0.625000 0.250000
vt 0.375000 0.250000
vt 0.625000 0.500000
vt 0.375000 0.500000
vt 0.625000 0.750000
vt 0.375000 0.750000
vt 0.625000 1.000000
vt 0.375000 1.000000
vt 0.125000 0.500000
vt 0.125000 0.750000
vt 0.875000 0.500000
vt 0.875000 0.750000
s 0
usemtl Charcoal
f 153/261/111 154/262/111 156/263/111 155/264/111
f 155/264/112 156/263/112 160/265/112 159/266/112
f 159/266/113 160/265/113 158/267/113 157/268/113
f 157/268/114 158/267/114 154/269/114 153/270/114
f 155/271/115 159/266/115 157/268/115 153/272/115
f 160/265/116 156/273/116 154/274/116 158/267/116
o ScrL_r-1.5_2
v -2.620000 0.990000 1.520000
v -2.620000 1.310000 1.520000
v -2.620000 0.990000 1.480000
v -2.620000 1.310000 1.480000
v -2.180000 0.990000 1.520000
v -2.180000 1.310000 1.520000
v -2.180000 0.990000 1.480000
v -2.180000 1.310000 1.480000
vn -1.0000 -0.0000 -0.0000
vn -0.0000 -0.0000 -1.0000
vn 1.0000 -0.0000 -0.0000
vn -0.0000 -0.0000 1.0000
vn -0.0000 -1.0000 -0.0000
vn -0.0000 1.0000 -0.0000
vt 0.375000 0.000000
vt 0.625000 0.000000
vt 0.625000 0.250000
vt 0.375000 0.250000
vt 0.625000 0.500000
vt 0.375000 0.500000
vt 0.625000 0.750000
vt 0.375000 0.750000
vt 0.625000 1.000000
vt 0.375000 1.000000
vt 0.125000 0.500000
vt 0.125000 0.750000
vt 0.875000 0.500000
vt 0.875000 0.750000
s 0
usemtl ScreenDark
f 161/275/117 162/276/117 164/277/117 163/278/117
f 163/278/118 164/277/118 168/279/118 167/280/118
f 167/280/119 168/279/119 166/281/119 165/282/119
f 165/282/120 166/281/120 162/283/120 161/284/120
f 163/285/121 167/280/121 165/282/121 161/286/121
f 168/279/122 164/287/122 162/288/122 166/281/122
o ScrR_r-1.5_2
v -2.220000 0.990000 1.520000
v -2.220000 1.310000 1.520000
v -2.220000 0.990000 1.480000
v -2.220000 1.310000 1.480000
v -1.780000 0.990000 1.520000
v -1.780000 1.310000 1.520000
v -1.780000 0.990000 1.480000
v -1.780000 1.310000 1.480000
vn -1.0000 -0.0000 -0.0000
vn -0.0000 -0.0000 -1.0000
vn 1.0000 -0.0000 -0.0000
vn -0.0000 -0.0000 1.0000
vn -0.0000 -1.0000 -0.0000
vn -0.0000 1.0000 -0.0000
vt 0.375000 0.000000
vt 0.625000 0.000000
vt 0.625000 0.250000
vt 0.375000 0.250000
vt 0.625000 0.500000
vt 0.375000 0.500000
vt 0.625000 0.750000
vt 0.375000 0.750000
vt 0.625000 1.000000
vt 0.375000 1.000000
vt 0.125000 0.500000
vt 0.125000 0.750000
vt 0.875000 0.500000
vt 0.875000 0.750000
s 0
usemtl ScreenDark
f 169/289/123 170/290/123 172/291/123 171/292/123
f 171/292/124 172/291/124 176/293/124 175/294/124
f 175/294/125 176/293/125 174/295/125 173/296/125
f 173/296/126 174/295/126 170/297/126 169/298/126
f 171/299/127 175/294/127 173/296/127 169/300/127
f 176/293/128 172/301/128 170/302/128 174/295/128
o Desk_r-1.5_3
v -1.400000 0.730000 1.850000
v -1.400000 0.770000 1.850000
v -1.400000 0.730000 1.150000
v -1.400000 0.770000 1.150000
v -0.200000 0.730000 1.850000
v -0.200000 0.770000 1.850000
v -0.200000 0.730000 1.150000
v -0.200000 0.770000 1.150000
vn -1.0000 -0.0000 -0.0000
vn -0.0000 -0.0000 -1.0000
vn 1.0000 -0.0000 -0.0000
vn -0.0000 -0.0000 1.0000
vn -0.0000 -1.0000 -0.0000
vn -0.0000 1.0000 -0.0000
vt 0.375000 0.000000
vt 0.625000 0.000000
vt 0.625000 0.250000
vt 0.375000 0.250000
vt 0.625000 0.500000
vt 0.375000 0.500000
vt 0.625000 0.750000
vt 0.375000 0.750000
vt 0.625000 1.000000
vt 0.375000 1.000000
vt 0.125000 0.500000
vt 0.125000 0.750000
vt 0.875000 0.500000
vt 0.875000 0.750000
s 0
usemtl WarmWood
f 177/303/129 178/304/129 180/305/129 179/306/129
f 179/306/130 180/305/130 184/307/130 183/308/130
f 183/308/131 184/307/131 182/309/131 181/310/131
f 181/310/132 182/309/132 178/311/132 177/312/132
f 179/313/133 183/308/133 181/310/133 177/314/133
f 184/307/134 180/315/134 178/316/134 182/309/134
o Chair_r-1.5_3
v -1.050000 0.420000 2.350000
v -1.050000 0.480000 2.350000
v -1.050000 0.420000 1.850000
v -1.050000 0.480000 1.850000
v -0.550000 0.420000 2.350000
v -0.550000 0.480000 2.350000
v -0.550000 0.420000 1.850000
v -0.550000 0.480000 1.850000
vn -1.0000 -0.0000 -0.0000
vn -0.0000 -0.0000 -1.0000
vn 1.0000 -0.0000 -0.0000
vn -0.0000 -0.0000 1.0000
vn -0.0000 -1.0000 -0.0000
vn -0.0000 1.0000 -0.0000
vt 0.375000 0.000000
vt 0.625000 0.000000
vt 0.625000 0.250000
vt 0.375000 0.250000
vt 0.625000 0.500000
vt 0.375000 0.500000
vt 0.625000 0.750000
vt 0.375000 0.750000
vt 0.625000 1.000000
vt 0.375000 1.000000
vt 0.125000 0.500000
vt 0.125000 0.750000
vt 0.875000 0.500000
vt 0.875000 0.750000
s 0
usemtl Charcoal
f 185/317/135 186/318/135 188/319/135 187/320/135
f 187/320/136 188/319/136 192/321/136 191/322/136
f 191/322/137 192/321/137 190/323/137 189/324/137
f 189/324/138 190/323/138 186/325/138 185/326/138
f 187/327/139 191/322/139 189/324/139 185/328/139
f 192/321/140 188/329/140 186/330/140 190/323/140
o ScrL_r-1.5_3
v -1.220000 0.990000 1.520000
v -1.220000 1.310000 1.520000
v -1.220000 0.990000 1.480000
v -1.220000 1.310000 1.480000
v -0.780000 0.990000 1.520000
v -0.780000 1.310000 1.520000
v -0.780000 0.990000 1.480000
v -0.780000 1.310000 1.480000
vn -1.0000 -0.0000 -0.0000
vn -0.0000 -0.0000 -1.0000
vn 1.0000 -0.0000 -0.0000
vn -0.0000 -0.0000 1.0000
vn -0.0000 -1.0000 -0.0000
vn -0.0000 1.0000 -0.0000
vt 0.375000 0.000000
vt 0.625000 0.000000
vt 0.625000 0.250000
vt 0.375000 0.250000
vt 0.625000 0.500000
vt 0.375000 0.500000
vt 0.625000 0.750000
vt 0.375000 0.750000
vt 0.625000 1.000000
vt 0.375000 1.000000
vt 0.125000 0.500000
vt 0.125000 0.750000
vt 0.875000 0.500000
vt 0.875000 0.750000
s 0
usemtl ScreenDark
f 193/331/141 194/332/141 196/333/141 195/334/141
f 195/334/142 196/333/142 200/335/142 199/336/142
f 199/336/143 200/335/143 198/337/143 197/338/143
f 197/338/144 198/337/144 194/339/144 193/340/144
f 195/341/145 199/336/145 197/338/145 193/342/145
f 200/335/146 196/343/146 194/344/146 198/337/146
o ScrR_r-1.5_3
v -0.820000 0.990000 1.520000
v -0.820000 1.310000 1.520000
v -0.820000 0.990000 1.480000
v -0.820000 1.310000 1.480000
v -0.380000 0.990000 1.520000
v -0.380000 1.310000 1.520000
v -0.380000 0.990000 1.480000
v -0.380000 1.310000 1.480000
vn -1.0000 -0.0000 -0.0000
vn -0.0000 -0.0000 -1.0000
vn 1.0000 -0.0000 -0.0000
vn -0.0000 -0.0000 1.0000
vn -0.0000 -1.0000 -0.0000
vn -0.0000 1.0000 -0.0000
vt 0.375000 0.000000
vt 0.625000 0.000000
vt 0.625000 0.250000
vt 0.375000 0.250000
vt 0.625000 0.500000
vt 0.375000 0.500000
vt 0.625000 0.750000
vt 0.375000 0.750000
vt 0.625000 1.000000
vt 0.375000 1.000000
vt 0.125000 0.500000
vt 0.125000 0.750000
vt 0.875000 0.500000
vt 0.875000 0.750000
s 0
usemtl ScreenDark
f 201/345/147 202/346/147 204/347/147 203/348/147
f 203/348/148 204/347/148 208/349/148 207/350/148
f 207/350/149 208/349/149 206/351/149 205/352/149
f 205/352/150 206/351/150 202/353/150 201/354/150
f 203/355/151 207/350/151 205/352/151 201/356/151
f 208/349/152 204/357/152 202/358/152 206/351/152
o Desk_r-1.5_4
v 0.000000 0.730000 1.850000
v 0.000000 0.770000 1.850000
v 0.000000 0.730000 1.150000
v 0.000000 0.770000 1.150000
v 1.200000 0.730000 1.850000
v 1.200000 0.770000 1.850000
v 1.200000 0.730000 1.150000
v 1.200000 0.770000 1.150000
vn -1.0000 -0.0000 -0.0000
vn -0.0000 -0.0000 -1.0000
vn 1.0000 -0.0000 -0.0000
vn -0.0000 -0.0000 1.0000
vn -0.0000 -1.0000 -0.0000
vn -0.0000 1.0000 -0.0000
vt 0.375000 0.000000
vt 0.625000 0.000000
vt 0.625000 0.250000
vt 0.375000 0.250000
vt 0.625000 0.500000
vt 0.375000 0.500000
vt 0.625000 0.750000
vt 0.375000 0.750000
vt 0.625000 1.000000
vt 0.375000 1.000000
vt 0.125000 0.500000
vt 0.125000 0.750000
vt 0.875000 0.500000
vt 0.875000 0.750000
s 0
usemtl WarmWood
f 209/359/153 210/360/153 212/361/153 211/362/153
f 211/362/154 212/361/154 216/363/154 215/364/154
f 215/364/155 216/363/155 214/365/155 213/366/155
f 213/366/156 214/365/156 210/367/156 209/368/156
f 211/369/157 215/364/157 213/366/157 209/370/157
f 216/363/158 212/371/158 210/372/158 214/365/158
o Chair_r-1.5_4
v 0.350000 0.420000 2.350000
v 0.350000 0.480000 2.350000
v 0.350000 0.420000 1.850000
v 0.350000 0.480000 1.850000
v 0.850000 0.420000 2.350000
v 0.850000 0.480000 2.350000
v 0.850000 0.420000 1.850000
v 0.850000 0.480000 1.850000
vn -1.0000 -0.0000 -0.0000
vn -0.0000 -0.0000 -1.0000
vn 1.0000 -0.0000 -0.0000
vn -0.0000 -0.0000 1.0000
vn -0.0000 -1.0000 -0.0000
vn -0.0000 1.0000 -0.0000
vt 0.375000 0.000000
vt 0.625000 0.000000
vt 0.625000 0.250000
vt 0.375000 0.250000
vt 0.625000 0.500000
vt 0.375000 0.500000
vt 0.625000 0.750000
vt 0.375000 0.750000
vt 0.625000 1.000000
vt 0.375000 1.000000
vt 0.125000 0.500000
vt 0.125000 0.750000
vt 0.875000 0.500000
vt 0.875000 0.750000
s 0
usemtl Charcoal
f 217/373/159 218/374/159 220/375/159 219/376/159
f 219/376/160 220/375/160 224/377/160 223/378/160
f 223/378/161 224/377/161 222/379/161 221/380/161
f 221/380/162 222/379/162 218/381/162 217/382/162
f 219/383/163 223/378/163 221/380/163 217/384/163
f 224/377/164 220/385/164 218/386/164 222/379/164
o ScrL_r-1.5_4
v 0.180000 0.990000 1.520000
v 0.180000 1.310000 1.520000
v 0.180000 0.990000 1.480000
v 0.180000 1.310000 1.480000
v 0.620000 0.990000 1.520000
v 0.620000 1.310000 1.520000
v 0.620000 0.990000 1.480000
v 0.620000 1.310000 1.480000
vn -1.0000 -0.0000 -0.0000
vn -0.0000 -0.0000 -1.0000
vn 1.0000 -0.0000 -0.0000
vn -0.0000 -0.0000 1.0000
vn -0.0000 -1.0000 -0.0000
vn -0.0000 1.0000 -0.0000
vt 0.375000 0.000000
vt 0.625000 0.000000
vt 0.625000 0.250000
vt 0.375000 0.250000
vt 0.625000 0.500000
vt 0.375000 0.500000
vt 0.625000 0.750000
vt 0.375000 0.750000
vt 0.625000 1.000000
vt 0.375000 1.000000
vt 0.125000 0.500000
vt 0.125000 0.750000
vt 0.875000 0.500000
vt 0.875000 0.750000
s 0
usemtl ScreenDark
f 225/387/165 226/388/165 228/389/165 227/390/165
f 227/390/166 228/389/166 232/391/166 231/392/166
f 231/392/167 232/391/167 230/393/167 229/394/167
f 229/394/168 230/393/168 226/395/168 225/396/168
f 227/397/169 231/392/169 229/394/169 225/398/169
f 232/391/170 228/399/170 226/400/170 230/393/170
o ScrR_r-1.5_4
v 0.580000 0.990000 1.520000
v 0.580000 1.310000 1.520000
v 0.580000 0.990000 1.480000
v 0.580000 1.310000 1.480000
v 1.020000 0.990000 1.520000
v 1.020000 1.310000 1.520000
v 1.020000 0.990000 1.480000
v 1.020000 1.310000 1.480000
vn -1.0000 -0.0000 -0.0000
vn -0.0000 -0.0000 -1.0000
vn 1.0000 -0.0000 -0.0000
vn -0.0000 -0.0000 1.0000
vn -0.0000 -1.0000 -0.0000
vn -0.0000 1.0000 -0.0000
vt 0.375000 0.000000
vt 0.625000 0.000000
vt 0.625000 0.250000
vt 0.375000 0.250000
vt 0.625000 0.500000
vt 0.375000 0.500000
vt 0.625000 0.750000
vt 0.375000 0.750000
vt 0.625000 1.000000
vt 0.375000 1.000000
vt 0.125000 0.500000
vt 0.125000 0.750000
vt 0.875000 0.500000
vt 0.875000 0.750000
s 0
usemtl ScreenDark
f 233/401/171 234/402/171 236/403/171 235/404/171
f 235/404/172 236/403/172 240/405/172 239/406/172
f 239/406/173 240/405/173 238/407/173 237/408/173
f 237/408/174 238/407/174 234/409/174 233/410/174
f 235/411/175 239/406/175 237/408/175 233/412/175
f 240/405/176 236/413/176 234/414/176 238/407/176
o Desk_r1.8_0
v -5.600000 0.730000 -1.450000
v -5.600000 0.770000 -1.450000
v -5.600000 0.730000 -2.150000
v -5.600000 0.770000 -2.150000
v -4.400000 0.730000 -1.450000
v -4.400000 0.770000 -1.450000
v -4.400000 0.730000 -2.150000
v -4.400000 0.770000 -2.150000
vn -1.0000 -0.0000 -0.0000
vn -0.0000 -0.0000 -1.0000
vn 1.0000 -0.0000 -0.0000
vn -0.0000 -0.0000 1.0000
vn -0.0000 -1.0000 -0.0000
vn -0.0000 1.0000 -0.0000
vt 0.375000 0.000000
vt 0.625000 0.000000
vt 0.625000 0.250000
vt 0.375000 0.250000
vt 0.625000 0.500000
vt 0.375000 0.500000
vt 0.625000 0.750000
vt 0.375000 0.750000
vt 0.625000 1.000000
vt 0.375000 1.000000
vt 0.125000 0.500000
vt 0.125000 0.750000
vt 0.875000 0.500000
vt 0.875000 0.750000
s 0
usemtl WarmWood
f 241/415/177 242/416/177 244/417/177 243/418/177
f 243/418/178 244/417/178 248/419/178 247/420/178
f 247/420/179 248/419/179 246/421/179 245/422/179
f 245/422/180 246/421/180 242/423/180 241/424/180
f 243/425/181 247/420/181 245/422/181 241/426/181
f 248/419/182 244/427/182 242/428/182 246/421/182
o Chair_r1.8_0
v -5.250000 0.420000 -2.150000
v -5.250000 0.480000 -2.150000
v -5.250000 0.420000 -2.650000
v -5.250000 0.480000 -2.650000
v -4.750000 0.420000 -2.150000
v -4.750000 0.480000 -2.150000
v -4.750000 0.420000 -2.650000
v -4.750000 0.480000 -2.650000
vn -1.0000 -0.0000 -0.0000
vn -0.0000 -0.0000 -1.0000
vn 1.0000 -0.0000 -0.0000
vn -0.0000 -0.0000 1.0000
vn -0.0000 -1.0000 -0.0000
vn -0.0000 1.0000 -0.0000
vt 0.375000 0.000000
vt 0.625000 0.000000
vt 0.625000 0.250000
vt 0.375000 0.250000
vt 0.625000 0.500000
vt 0.375000 0.500000
vt 0.625000 0.750000
vt 0.375000 0.750000
vt 0.625000 1.000000
vt 0.375000 1.000000
vt 0.125000 0.500000
vt 0.125000 0.750000
vt 0.875000 0.500000
vt 0.875000 0.750000
s 0
usemtl Charcoal
f 249/429/183 250/430/183 252/431/183 251/432/183
f 251/432/184 252/431/184 256/433/184 255/434/184
f 255/434/185 256/433/185 254/435/185 253/436/185
f 253/436/186 254/435/186 250/437/186 249/438/186
f 251/439/187 255/434/187 253/436/187 249/440/187
f 256/433/188 252/441/188 250/442/188 254/435/188
o ScrL_r1.8_0
v -5.420000 0.990000 -1.780000
v -5.420000 1.310000 -1.780000
v -5.420000 0.990000 -1.820000
v -5.420000 1.310000 -1.820000
v -4.980000 0.990000 -1.780000
v -4.980000 1.310000 -1.780000
v -4.980000 0.990000 -1.820000
v -4.980000 1.310000 -1.820000
vn -1.0000 -0.0000 -0.0000
vn -0.0000 -0.0000 -1.0000
vn 1.0000 -0.0000 -0.0000
vn -0.0000 -0.0000 1.0000
vn -0.0000 -1.0000 -0.0000
vn -0.0000 1.0000 -0.0000
vt 0.375000 0.000000
vt 0.625000 0.000000
vt 0.625000 0.250000
vt 0.375000 0.250000
vt 0.625000 0.500000
vt 0.375000 0.500000
vt 0.625000 0.750000
vt 0.375000 0.750000
vt 0.625000 1.000000
vt 0.375000 1.000000
vt 0.125000 0.500000
vt 0.125000 0.750000
vt 0.875000 0.500000
vt 0.875000 0.750000
s 0
usemtl ScreenDark
f 257/443/189 258/444/189 260/445/189 259/446/189
f 259/446/190 260/445/190 264/447/190 263/448/190
f 263/448/191 264/447/191 262/449/191 261/450/191
f 261/450/192 262/449/192 258/451/192 257/452/192
f 259/453/193 263/448/193 261/450/193 257/454/193
f 264/447/194 260/455/194 258/456/194 262/449/194
o ScrR_r1.8_0
v -5.020000 0.990000 -1.780000
v -5.020000 1.310000 -1.780000
v -5.020000 0.990000 -1.820000
v -5.020000 1.310000 -1.820000
v -4.580000 0.990000 -1.780000
v -4.580000 1.310000 -1.780000
v -4.580000 0.990000 -1.820000
v -4.580000 1.310000 -1.820000
vn -1.0000 -0.0000 -0.0000
vn -0.0000 -0.0000 -1.0000
vn 1.0000 -0.0000 -0.0000
vn -0.0000 -0.0000 1.0000
vn -0.0000 -1.0000 -0.0000
vn -0.0000 1.0000 -0.0000
vt 0.375000 0.000000
vt 0.625000 0.000000
vt 0.625000 0.250000
vt 0.375000 0.250000
vt 0.625000 0.500000
vt 0.375000 0.500000
vt 0.625000 0.750000
vt 0.375000 0.750000
vt 0.625000 1.000000
vt 0.375000 1.000000
vt 0.125000 0.500000
vt 0.125000 0.750000
vt 0.875000 0.500000
vt 0.875000 0.750000
s 0
usemtl ScreenDark
f 265/457/195 266/458/195 268/459/195 267/460/195
f 267/460/196 268/459/196 272/461/196 271/462/196
f 271/462/197 272/461/197 270/463/197 269/464/197
f 269/464/198 270/463/198 266/465/198 265/466/198
f 267/467/199 271/462/199 269/464/199 265/468/199
f 272/461/200 268/469/200 266/470/200 270/463/200
o Desk_r1.8_1
v -4.200000 0.730000 -1.450000
v -4.200000 0.770000 -1.450000
v -4.200000 0.730000 -2.150000
v -4.200000 0.770000 -2.150000
v -3.000000 0.730000 -1.450000
v -3.000000 0.770000 -1.450000
v -3.000000 0.730000 -2.150000
v -3.000000 0.770000 -2.150000
vn -1.0000 -0.0000 -0.0000
vn -0.0000 -0.0000 -1.0000
vn 1.0000 -0.0000 -0.0000
vn -0.0000 -0.0000 1.0000
vn -0.0000 -1.0000 -0.0000
vn -0.0000 1.0000 -0.0000
vt 0.375000 0.000000
vt 0.625000 0.000000
vt 0.625000 0.250000
vt 0.375000 0.250000
vt 0.625000 0.500000
vt 0.375000 0.500000
vt 0.625000 0.750000
vt 0.375000 0.750000
vt 0.625000 1.000000
vt 0.375000 1.000000
vt 0.125000 0.500000
vt 0.125000 0.750000
vt 0.875000 0.500000
vt 0.875000 0.750000
s 0
usemtl WarmWood
f 273/471/201 274/472/201 276/473/201 275/474/201
f 275/474/202 276/473/202 280/475/202 279/476/202
f 279/476/203 280/475/203 278/477/203 277/478/203
f 277/478/204 278/477/204 274/479/204 273/480/204
f 275/481/205 279/476/205 277/478/205 273/482/205
f 280/475/206 276/483/206 274/484/206 278/477/206
o Chair_r1.8_1
v -3.850000 0.420000 -2.150000
v -3.850000 0.480000 -2.150000
v -3.850000 0.420000 -2.650000
v -3.850000 0.480000 -2.650000
v -3.350000 0.420000 -2.150000
v -3.350000 0.480000 -2.150000
v -3.350000 0.420000 -2.650000
v -3.350000 0.480000 -2.650000
vn -1.0000 -0.0000 -0.0000
vn -0.0000 -0.0000 -1.0000
vn 1.0000 -0.0000 -0.0000
vn -0.0000 -0.0000 1.0000
vn -0.0000 -1.0000 -0.0000
vn -0.0000 1.0000 -0.0000
vt 0.375000 0.000000
vt 0.625000 0.000000
vt 0.625000 0.250000
vt 0.375000 0.250000
vt 0.625000 0.500000
vt 0.375000 0.500000
vt 0.625000 0.750000
vt 0.375000 0.750000
vt 0.625000 1.000000
vt 0.375000 1.000000
vt 0.125000 0.500000
vt 0.125000 0.750000
vt 0.875000 0.500000
vt 0.875000 0.750000
s 0
usemtl Charcoal
f 281/485/207 282/486/207 284/487/207 283/488/207
f 283/488/208 284/487/208 288/489/208 287/490/208
f 287/490/209 288/489/209 286/491/209 285/492/209
f 285/492/210 286/491/210 282/493/210 281/494/210
f 283/495/211 287/490/211 285/492/211 281/496/211
f 288/489/212 284/497/212 282/498/212 286/491/212
o ScrL_r1.8_1
v -4.020000 0.990000 -1.780000
v -4.020000 1.310000 -1.780000
v -4.020000 0.990000 -1.820000
v -4.020000 1.310000 -1.820000
v -3.580000 0.990000 -1.780000
v -3.580000 1.310000 -1.780000
v -3.580000 0.990000 -1.820000
v -3.580000 1.310000 -1.820000
vn -1.0000 -0.0000 -0.0000
vn -0.0000 -0.0000 -1.0000
vn 1.0000 -0.0000 -0.0000
vn -0.0000 -0.0000 1.0000
vn -0.0000 -1.0000 -0.0000
vn -0.0000 1.0000 -0.0000
vt 0.375000 0.000000
vt 0.625000 0.000000
vt 0.625000 0.250000
vt 0.375000 0.250000
vt 0.625000 0.500000
vt 0.375000 0.500000
vt 0.625000 0.750000
vt 0.375000 0.750000
vt 0.625000 1.000000
vt 0.375000 1.000000
vt 0.125000 0.500000
vt 0.125000 0.750000
vt 0.875000 0.500000
vt 0.875000 0.750000
s 0
usemtl ScreenDark
f 289/499/213 290/500/213 292/501/213 291/502/213
f 291/502/214 292/501/214 296/503/214 295/504/214
f 295/504/215 296/503/215 294/505/215 293/506/215
f 293/506/216 294/505/216 290/507/216 289/508/216
f 291/509/217 295/504/217 293/506/217 289/510/217
f 296/503/218 292/511/218 290/512/218 294/505/218
o ScrR_r1.8_1
v -3.620000 0.990000 -1.780000
v -3.620000 1.310000 -1.780000
v -3.620000 0.990000 -1.820000
v -3.620000 1.310000 -1.820000
v -3.180000 0.990000 -1.780000
v -3.180000 1.310000 -1.780000
v -3.180000 0.990000 -1.820000
v -3.180000 1.310000 -1.820000
vn -1.0000 -0.0000 -0.0000
vn -0.0000 -0.0000 -1.0000
vn 1.0000 -0.0000 -0.0000
vn -0.0000 -0.0000 1.0000
vn -0.0000 -1.0000 -0.0000
vn -0.0000 1.0000 -0.0000
vt 0.375000 0.000000
vt 0.625000 0.000000
vt 0.625000 0.250000
vt 0.375000 0.250000
vt 0.625000 0.500000
vt 0.375000 0.500000
vt 0.625000 0.750000
vt 0.375000 0.750000
vt 0.625000 1.000000
vt 0.375000 1.000000
vt 0.125000 0.500000
vt 0.125000 0.750000
vt 0.875000 0.500000
vt 0.875000 0.750000
s 0
usemtl ScreenDark
f 297/513/219 298/514/219 300/515/219 299/516/219
f 299/516/220 300/515/220 304/517/220 303/518/220
f 303/518/221 304/517/221 302/519/221 301/520/221
f 301/520/222 302/519/222 298/521/222 297/522/222
f 299/523/223 303/518/223 301/520/223 297/524/223
f 304/517/224 300/525/224 298/526/224 302/519/224
o Desk_r1.8_2
v -2.800000 0.730000 -1.450000
v -2.800000 0.770000 -1.450000
v -2.800000 0.730000 -2.150000
v -2.800000 0.770000 -2.150000
v -1.600000 0.730000 -1.450000
v -1.600000 0.770000 -1.450000
v -1.600000 0.730000 -2.150000
v -1.600000 0.770000 -2.150000
vn -1.0000 -0.0000 -0.0000
vn -0.0000 -0.0000 -1.0000
vn 1.0000 -0.0000 -0.0000
vn -0.0000 -0.0000 1.0000
vn -0.0000 -1.0000 -0.0000
vn -0.0000 1.0000 -0.0000
vt 0.375000 0.000000
vt 0.625000 0.000000
vt 0.625000 0.250000
vt 0.375000 0.250000
vt 0.625000 0.500000
vt 0.375000 0.500000
vt 0.625000 0.750000
vt 0.375000 0.750000
vt 0.625000 1.000000
vt 0.375000 1.000000
vt 0.125000 0.500000
vt 0.125000 0.750000
vt 0.875000 0.500000
vt 0.875000 0.750000
s 0
usemtl WarmWood
f 305/527/225 306/528/225 308/529/225 307/530/225
f 307/530/226 308/529/226 312/531/226 311/532/226
f 311/532/227 312/531/227 310/533/227 309/534/227
f 309/534/228 310/533/228 306/535/228 305/536/228
f 307/537/229 311/532/229 309/534/229 305/538/229
f 312/531/230 308/539/230 306/540/230 310/533/230
o Chair_r1.8_2
v -2.450000 0.420000 -2.150000
v -2.450000 0.480000 -2.150000
v -2.450000 0.420000 -2.650000
v -2.450000 0.480000 -2.650000
v -1.950000 0.420000 -2.150000
v -1.950000 0.480000 -2.150000
v -1.950000 0.420000 -2.650000
v -1.950000 0.480000 -2.650000
vn -1.0000 -0.0000 -0.0000
vn -0.0000 -0.0000 -1.0000
vn 1.0000 -0.0000 -0.0000
vn -0.0000 -0.0000 1.0000
vn -0.0000 -1.0000 -0.0000
vn -0.0000 1.0000 -0.0000
vt 0.375000 0.000000
vt 0.625000 0.000000
vt 0.625000 0.250000
vt 0.375000 0.250000
vt 0.625000 0.500000
vt 0.375000 0.500000
vt 0.625000 0.750000
vt 0.375000 0.750000
vt 0.625000 1.000000
vt 0.375000 1.000000
vt 0.125000 0.500000
vt 0.125000 0.750000
vt 0.875000 0.500000
vt 0.875000 0.750000
s 0
usemtl Charcoal
f 313/541/231 314/542/231 316/543/231 315/544/231
f 315/544/232 316/543/232 320/545/232 319/546/232
f 319/546/233 320/545/233 318/547/233 317/548/233
f 317/548/234 318/547/234 314/549/234 313/550/234
f 315/551/235 319/546/235 317/548/235 313/552/235
f 320/545/236 316/553/236 314/554/236 318/547/236
o ScrL_r1.8_2
v -2.620000 0.990000 -1.780000
v -2.620000 1.310000 -1.780000
v -2.620000 0.990000 -1.820000
v -2.620000 1.310000 -1.820000
v -2.180000 0.990000 -1.780000
v -2.180000 1.310000 -1.780000
v -2.180000 0.990000 -1.820000
v -2.180000 1.310000 -1.820000
vn -1.0000 -0.0000 -0.0000
vn -0.0000 -0.0000 -1.0000
vn 1.0000 -0.0000 -0.0000
vn -0.0000 -0.0000 1.0000
vn -0.0000 -1.0000 -0.0000
vn -0.0000 1.0000 -0.0000
vt 0.375000 0.000000
vt 0.625000 0.000000
vt 0.625000 0.250000
vt 0.375000 0.250000
vt 0.625000 0.500000
vt 0.375000 0.500000
vt 0.625000 0.750000
vt 0.375000 0.750000
vt 0.625000 1.000000
vt 0.375000 1.000000
vt 0.125000 0.500000
vt 0.125000 0.750000
vt 0.875000 0.500000
vt 0.875000 0.750000
s 0
usemtl ScreenDark
f 321/555/237 322/556/237 324/557/237 323/558/237
f 323/558/238 324/557/238 328/559/238 327/560/238
f 327/560/239 328/559/239 326/561/239 325/562/239
f 325/562/240 326/561/240 322/563/240 321/564/240
f 323/565/241 327/560/241 325/562/241 321/566/241
f 328/559/242 324/567/242 322/568/242 326/561/242
o ScrR_r1.8_2
v -2.220000 0.990000 -1.780000
v -2.220000 1.310000 -1.780000
v -2.220000 0.990000 -1.820000
v -2.220000 1.310000 -1.820000
v -1.780000 0.990000 -1.780000
v -1.780000 1.310000 -1.780000
v -1.780000 0.990000 -1.820000
v -1.780000 1.310000 -1.820000
vn -1.0000 -0.0000 -0.0000
vn -0.0000 -0.0000 -1.0000
vn 1.0000 -0.0000 -0.0000
vn -0.0000 -0.0000 1.0000
vn -0.0000 -1.0000 -0.0000
vn -0.0000 1.0000 -0.0000
vt 0.375000 0.000000
vt 0.625000 0.000000
vt 0.625000 0.250000
vt 0.375000 0.250000
vt 0.625000 0.500000
vt 0.375000 0.500000
vt 0.625000 0.750000
vt 0.375000 0.750000
vt 0.625000 1.000000
vt 0.375000 1.000000
vt 0.125000 0.500000
vt 0.125000 0.750000
vt 0.875000 0.500000
vt 0.875000 0.750000
s 0
usemtl ScreenDark
f 329/569/243 330/570/243 332/571/243 331/572/243
f 331/572/244 332/571/244 336/573/244 335/574/244
f 335/574/245 336/573/245 334/575/245 333/576/245
f 333/576/246 334/575/246 330/577/246 329/578/246
f 331/579/247 335/574/247 333/576/247 329/580/247
f 336/573/248 332/581/248 330/582/248 334/575/248
o Desk_r1.8_3
v -1.400000 0.730000 -1.450000
v -1.400000 0.770000 -1.450000
v -1.400000 0.730000 -2.150000
v -1.400000 0.770000 -2.150000
v -0.200000 0.730000 -1.450000
v -0.200000 0.770000 -1.450000
v -0.200000 0.730000 -2.150000
v -0.200000 0.770000 -2.150000
vn -1.0000 -0.0000 -0.0000
vn -0.0000 -0.0000 -1.0000
vn 1.0000 -0.0000 -0.0000
vn -0.0000 -0.0000 1.0000
vn -0.0000 -1.0000 -0.0000
vn -0.0000 1.0000 -0.0000
vt 0.375000 0.000000
vt 0.625000 0.000000
vt 0.625000 0.250000
vt 0.375000 0.250000
vt 0.625000 0.500000
vt 0.375000 0.500000
vt 0.625000 0.750000
vt 0.375000 0.750000
vt 0.625000 1.000000
vt 0.375000 1.000000
vt 0.125000 0.500000
vt 0.125000 0.750000
vt 0.875000 0.500000
vt 0.875000 0.750000
s 0
usemtl WarmWood
f 337/583/249 338/584/249 340/585/249 339/586/249
f 339/586/250 340/585/250 344/587/250 343/588/250
f 343/588/251 344/587/251 342/589/251 341/590/251
f 341/590/252 342/589/252 338/591/252 337/592/252
f 339/593/253 343/588/253 341/590/253 337/594/253
f 344/587/254 340/595/254 338/596/254 342/589/254
o Chair_r1.8_3
v -1.050000 0.420000 -2.150000
v -1.050000 0.480000 -2.150000
v -1.050000 0.420000 -2.650000
v -1.050000 0.480000 -2.650000
v -0.550000 0.420000 -2.150000
v -0.550000 0.480000 -2.150000
v -0.550000 0.420000 -2.650000
v -0.550000 0.480000 -2.650000
vn -1.0000 -0.0000 -0.0000
vn -0.0000 -0.0000 -1.0000
vn 1.0000 -0.0000 -0.0000
vn -0.0000 -0.0000 1.0000
vn -0.0000 -1.0000 -0.0000
vn -0.0000 1.0000 -0.0000
vt 0.375000 0.000000
vt 0.625000 0.000000
vt 0.625000 0.250000
vt 0.375000 0.250000
vt 0.625000 0.500000
vt 0.375000 0.500000
vt 0.625000 0.750000
vt 0.375000 0.750000
vt 0.625000 1.000000
vt 0.375000 1.000000
vt 0.125000 0.500000
vt 0.125000 0.750000
vt 0.875000 0.500000
vt 0.875000 0.750000
s 0
usemtl Charcoal
f 345/597/255 346/598/255 348/599/255 347/600/255
f 347/600/256 348/599/256 352/601/256 351/602/256
f 351/602/257 352/601/257 350/603/257 349/604/257
f 349/604/258 350/603/258 346/605/258 345/606/258
f 347/607/259 351/602/259 349/604/259 345/608/259
f 352/601/260 348/609/260 346/610/260 350/603/260
o ScrL_r1.8_3
v -1.220000 0.990000 -1.780000
v -1.220000 1.310000 -1.780000
v -1.220000 0.990000 -1.820000
v -1.220000 1.310000 -1.820000
v -0.780000 0.990000 -1.780000
v -0.780000 1.310000 -1.780000
v -0.780000 0.990000 -1.820000
v -0.780000 1.310000 -1.820000
vn -1.0000 -0.0000 -0.0000
vn -0.0000 -0.0000 -1.0000
vn 1.0000 -0.0000 -0.0000
vn -0.0000 -0.0000 1.0000
vn -0.0000 -1.0000 -0.0000
vn -0.0000 1.0000 -0.0000
vt 0.375000 0.000000
vt 0.625000 0.000000
vt 0.625000 0.250000
vt 0.375000 0.250000
vt 0.625000 0.500000
vt 0.375000 0.500000
vt 0.625000 0.750000
vt 0.375000 0.750000
vt 0.625000 1.000000
vt 0.375000 1.000000
vt 0.125000 0.500000
vt 0.125000 0.750000
vt 0.875000 0.500000
vt 0.875000 0.750000
s 0
usemtl ScreenDark
f 353/611/261 354/612/261 356/613/261 355/614/261
f 355/614/262 356/613/262 360/615/262 359/616/262
f 359/616/263 360/615/263 358/617/263 357/618/263
f 357/618/264 358/617/264 354/619/264 353/620/264
f 355/621/265 359/616/265 357/618/265 353/622/265
f 360/615/266 356/623/266 354/624/266 358/617/266
o ScrR_r1.8_3
v -0.820000 0.990000 -1.780000
v -0.820000 1.310000 -1.780000
v -0.820000 0.990000 -1.820000
v -0.820000 1.310000 -1.820000
v -0.380000 0.990000 -1.780000
v -0.380000 1.310000 -1.780000
v -0.380000 0.990000 -1.820000
v -0.380000 1.310000 -1.820000
vn -1.0000 -0.0000 -0.0000
vn -0.0000 -0.0000 -1.0000
vn 1.0000 -0.0000 -0.0000
vn -0.0000 -0.0000 1.0000
vn -0.0000 -1.0000 -0.0000
vn -0.0000 1.0000 -0.0000
vt 0.375000 0.000000
vt 0.625000 0.000000
vt 0.625000 0.250000
vt 0.375000 0.250000
vt 0.625000 0.500000
vt 0.375000 0.500000
vt 0.625000 0.750000
vt 0.375000 0.750000
vt 0.625000 1.000000
vt 0.375000 1.000000
vt 0.125000 0.500000
vt 0.125000 0.750000
vt 0.875000 0.500000
vt 0.875000 0.750000
s 0
usemtl ScreenDark
f 361/625/267 362/626/267 364/627/267 363/628/267
f 363/628/268 364/627/268 368/629/268 367/630/268
f 367/630/269 368/629/269 366/631/269 365/632/269
f 365/632/270 366/631/270 362/633/270 361/634/270
f 363/635/271 367/630/271 365/632/271 361/636/271
f 368/629/272 364/637/272 362/638/272 366/631/272
o Desk_r1.8_4
v 0.000000 0.730000 -1.450000
v 0.000000 0.770000 -1.450000
v 0.000000 0.730000 -2.150000
v 0.000000 0.770000 -2.150000
v 1.200000 0.730000 -1.450000
v 1.200000 0.770000 -1.450000
v 1.200000 0.730000 -2.150000
v 1.200000 0.770000 -2.150000
vn -1.0000 -0.0000 -0.0000
vn -0.0000 -0.0000 -1.0000
vn 1.0000 -0.0000 -0.0000
vn -0.0000 -0.0000 1.0000
vn -0.0000 -1.0000 -0.0000
vn -0.0000 1.0000 -0.0000
vt 0.375000 0.000000
vt 0.625000 0.000000
vt 0.625000 0.250000
vt 0.375000 0.250000
vt 0.625000 0.500000
vt 0.375000 0.500000
vt 0.625000 0.750000
vt 0.375000 0.750000
vt 0.625000 1.000000
vt 0.375000 1.000000
vt 0.125000 0.500000
vt 0.125000 0.750000
vt 0.875000 0.500000
vt 0.875000 0.750000
s 0
usemtl WarmWood
f 369/639/273 370/640/273 372/641/273 371/642/273
f 371/642/274 372/641/274 376/643/274 375/644/274
f 375/644/275 376/643/275 374/645/275 373/646/275
f 373/646/276 374/645/276 370/647/276 369/648/276
f 371/649/277 375/644/277 373/646/277 369/650/277
f 376/643/278 372/651/278 370/652/278 374/645/278
o Chair_r1.8_4
v 0.350000 0.420000 -2.150000
v 0.350000 0.480000 -2.150000
v 0.350000 0.420000 -2.650000
v 0.350000 0.480000 -2.650000
v 0.850000 0.420000 -2.150000
v 0.850000 0.480000 -2.150000
v 0.850000 0.420000 -2.650000
v 0.850000 0.480000 -2.650000
vn -1.0000 -0.0000 -0.0000
vn -0.0000 -0.0000 -1.0000
vn 1.0000 -0.0000 -0.0000
vn -0.0000 -0.0000 1.0000
vn -0.0000 -1.0000 -0.0000
vn -0.0000 1.0000 -0.0000
vt 0.375000 0.000000
vt 0.625000 0.000000
vt 0.625000 0.250000
vt 0.375000 0.250000
vt 0.625000 0.500000
vt 0.375000 0.500000
vt 0.625000 0.750000
vt 0.375000 0.750000
vt 0.625000 1.000000
vt 0.375000 1.000000
vt 0.125000 0.500000
vt 0.125000 0.750000
vt 0.875000 0.500000
vt 0.875000 0.750000
s 0
usemtl Charcoal
f 377/653/279 378/654/279 380/655/279 379/656/279
f 379/656/280 380/655/280 384/657/280 383/658/280
f 383/658/281 384/657/281 382/659/281 381/660/281
f 381/660/282 382/659/282 378/661/282 377/662/282
f 379/663/283 383/658/283 381/660/283 377/664/283
f 384/657/284 380/665/284 378/666/284 382/659/284
o ScrL_r1.8_4
v 0.180000 0.990000 -1.780000
v 0.180000 1.310000 -1.780000
v 0.180000 0.990000 -1.820000
v 0.180000 1.310000 -1.820000
v 0.620000 0.990000 -1.780000
v 0.620000 1.310000 -1.780000
v 0.620000 0.990000 -1.820000
v 0.620000 1.310000 -1.820000
vn -1.0000 -0.0000 -0.0000
vn -0.0000 -0.0000 -1.0000
vn 1.0000 -0.0000 -0.0000
vn -0.0000 -0.0000 1.0000
vn -0.0000 -1.0000 -0.0000
vn -0.0000 1.0000 -0.0000
vt 0.375000 0.000000
vt 0.625000 0.000000
vt 0.625000 0.250000
vt 0.375000 0.250000
vt 0.625000 0.500000
vt 0.375000 0.500000
vt 0.625000 0.750000
vt 0.375000 0.750000
vt 0.625000 1.000000
vt 0.375000 1.000000
vt 0.125000 0.500000
vt 0.125000 0.750000
vt 0.875000 0.500000
vt 0.875000 0.750000
s 0
usemtl ScreenDark
f 385/667/285 386/668/285 388/669/285 387/670/285
f 387/670/286 388/669/286 392/671/286 391/672/286
f 391/672/287 392/671/287 390/673/287 389/674/287
f 389/674/288 390/673/288 386/675/288 385/676/288
f 387/677/289 391/672/289 389/674/289 385/678/289
f 392/671/290 388/679/290 386/680/290 390/673/290
o ScrR_r1.8_4
v 0.580000 0.990000 -1.780000
v 0.580000 1.310000 -1.780000
v 0.580000 0.990000 -1.820000
v 0.580000 1.310000 -1.820000
v 1.020000 0.990000 -1.780000
v 1.020000 1.310000 -1.780000
v 1.020000 0.990000 -1.820000
v 1.020000 1.310000 -1.820000
vn -1.0000 -0.0000 -0.0000
vn -0.0000 -0.0000 -1.0000
vn 1.0000 -0.0000 -0.0000
vn -0.0000 -0.0000 1.0000
vn -0.0000 -1.0000 -0.0000
vn -0.0000 1.0000 -0.0000
vt 0.375000 0.000000
vt 0.625000 0.000000
vt 0.625000 0.250000
vt 0.375000 0.250000
vt 0.625000 0.500000
vt 0.375000 0.500000
vt 0.625000 0.750000
vt 0.375000 0.750000
vt 0.625000 1.000000
vt 0.375000 1.000000
vt 0.125000 0.500000
vt 0.125000 0.750000
vt 0.875000 0.500000
vt 0.875000 0.750000
s 0
usemtl ScreenDark
f 393/681/291 394/682/291 396/683/291 395/684/291
f 395/684/292 396/683/292 400/685/292 399/686/292
f 399/686/293 400/685/293 398/687/293 397/688/293
f 397/688/294 398/687/294 394/689/294 393/690/294
f 395/691/295 399/686/295 397/688/295 393/692/295
f 400/685/296 396/693/296 394/694/296 398/687/296
o DeskDivider
v -6.300000 0.750000 -0.130000
v -6.300000 1.450000 -0.130000
v -6.300000 0.750000 -0.170000
v -6.300000 1.450000 -0.170000
v 2.300000 0.750000 -0.130000
v 2.300000 1.450000 -0.130000
v 2.300000 0.750000 -0.170000
v 2.300000 1.450000 -0.170000
vn -1.0000 -0.0000 -0.0000
vn -0.0000 -0.0000 -1.0000
vn 1.0000 -0.0000 -0.0000
vn -0.0000 -0.0000 1.0000
vn -0.0000 -1.0000 -0.0000
vn -0.0000 1.0000 -0.0000
vt 0.375000 0.000000
vt 0.625000 0.000000
vt 0.625000 0.250000
vt 0.375000 0.250000
vt 0.625000 0.500000
vt 0.375000 0.500000
vt 0.625000 0.750000
vt 0.375000 0.750000
vt 0.625000 1.000000
vt 0.375000 1.000000
vt 0.125000 0.500000
vt 0.125000 0.750000
vt 0.875000 0.500000
vt 0.875000 0.750000
s 0
usemtl DeepTeal
f 401/695/297 402/696/297 404/697/297 403/698/297
f 403/698/298 404/697/298 408/699/298 407/700/298
f 407/700/299 408/699/299 406/701/299 405/702/299
f 405/702/300 406/701/300 402/703/300 401/704/300
f 403/705/301 407/700/301 405/702/301 401/706/301
f 408/699/302 404/707/302 402/708/302 406/701/302
o GPU_GlassW
v 2.970000 0.000000 -2.000000
v 2.970000 3.000000 -2.000000
v 2.970000 0.000000 -5.000000
v 2.970000 3.000000 -5.000000
v 3.030000 0.000000 -2.000000
v 3.030000 3.000000 -2.000000
v 3.030000 0.000000 -5.000000
v 3.030000 3.000000 -5.000000
vn -1.0000 -0.0000 -0.0000
vn -0.0000 -0.0000 -1.0000
vn 1.0000 -0.0000 -0.0000
vn -0.0000 -0.0000 1.0000
vn -0.0000 -1.0000 -0.0000
vn -0.0000 1.0000 -0.0000
vt 0.375000 0.000000
vt 0.625000 0.000000
vt 0.625000 0.250000
vt 0.375000 0.250000
vt 0.625000 0.500000
vt 0.375000 0.500000
vt 0.625000 0.750000
vt 0.375000 0.750000
vt 0.625000 1.000000
vt 0.375000 1.000000
vt 0.125000 0.500000
vt 0.125000 0.750000
vt 0.875000 0.500000
vt 0.875000 0.750000
s 0
usemtl Glass
f 409/709/303 410/710/303 412/711/303 411/712/303
f 411/712/304 412/711/304 416/713/304 415/714/304
f 415/714/305 416/713/305 414/715/305 413/716/305
f 413/716/306 414/715/306 410/717/306 409/718/306
f 411/719/307 415/714/307 413/716/307 409/720/307
f 416/713/308 412/721/308 410/722/308 414/715/308
o GPU_GlassS
v 3.000000 0.000000 -1.970000
v 3.000000 3.000000 -1.970000
v 3.000000 0.000000 -2.030000
v 3.000000 3.000000 -2.030000
v 6.500000 0.000000 -1.970000
v 6.500000 3.000000 -1.970000
v 6.500000 0.000000 -2.030000
v 6.500000 3.000000 -2.030000
vn -1.0000 -0.0000 -0.0000
vn -0.0000 -0.0000 -1.0000
vn 1.0000 -0.0000 -0.0000
vn -0.0000 -0.0000 1.0000
vn -0.0000 -1.0000 -0.0000
vn -0.0000 1.0000 -0.0000
vt 0.375000 0.000000
vt 0.625000 0.000000
vt 0.625000 0.250000
vt 0.375000 0.250000
vt 0.625000 0.500000
vt 0.375000 0.500000
vt 0.625000 0.750000
vt 0.375000 0.750000
vt 0.625000 1.000000
vt 0.375000 1.000000
vt 0.125000 0.500000
vt 0.125000 0.750000
vt 0.875000 0.500000
vt 0.875000 0.750000
s 0
usemtl Glass
f 417/723/309 418/724/309 420/725/309 419/726/309
f 419/726/310 420/725/310 424/727/310 423/728/310
f 423/728/311 424/727/311 422/729/311 421/730/311
f 421/730/312 422/729/312 418/731/312 417/732/312
f 419/733/313 423/728/313 421/730/313 417/734/313
f 424/727/314 420/735/314 418/736/314 422/729/314
o GPU_Door
v 3.010000 0.000000 -1.650000
v 3.010000 2.100000 -1.650000
v 3.010000 0.000000 -2.350000
v 3.010000 2.100000 -2.350000
v 3.050000 0.000000 -1.650000
v 3.050000 2.100000 -1.650000
v 3.050000 0.000000 -2.350000
v 3.050000 2.100000 -2.350000
vn -1.0000 -0.0000 -0.0000
vn -0.0000 -0.0000 -1.0000
vn 1.0000 -0.0000 -0.0000
vn -0.0000 -0.0000 1.0000
vn -0.0000 -1.0000 -0.0000
vn -0.0000 1.0000 -0.0000
vt 0.375000 0.000000
vt 0.625000 0.000000
vt 0.625000 0.250000
vt 0.375000 0.250000
vt 0.625000 0.500000
vt 0.375000 0.500000
vt 0.625000 0.750000
vt 0.375000 0.750000
vt 0.625000 1.000000
vt 0.375000 1.000000
vt 0.125000 0.500000
vt 0.125000 0.750000
vt 0.875000 0.500000
vt 0.875000 0.750000
s 0
usemtl Glass
f 425/737/315 426/738/315 428/739/315 427/740/315
f 427/740/316 428/739/316 432/741/316 431/742/316
f 431/742/317 432/741/317 430/743/317 429/744/317
f 429/744/318 430/743/318 426/745/318 425/746/318
f 427/747/319 431/742/319 429/744/319 425/748/319
f 432/741/320 428/749/320 426/750/320 430/743/320
o Rack1
v 3.500000 0.000000 -3.300000
v 3.500000 2.000000 -3.300000
v 3.500000 0.000000 -4.300000
v 3.500000 2.000000 -4.300000
v 4.100000 0.000000 -3.300000
v 4.100000 2.000000 -3.300000
v 4.100000 0.000000 -4.300000
v 4.100000 2.000000 -4.300000
vn -1.0000 -0.0000 -0.0000
vn -0.0000 -0.0000 -1.0000
vn 1.0000 -0.0000 -0.0000
vn -0.0000 -0.0000 1.0000
vn -0.0000 -1.0000 -0.0000
vn -0.0000 1.0000 -0.0000
vt 0.375000 0.000000
vt 0.625000 0.000000
vt 0.625000 0.250000
vt 0.375000 0.250000
vt 0.625000 0.500000
vt 0.375000 0.500000
vt 0.625000 0.750000
vt 0.375000 0.750000
vt 0.625000 1.000000
vt 0.375000 1.000000
vt 0.125000 0.500000
vt 0.125000 0.750000
vt 0.875000 0.500000
vt 0.875000 0.750000
s 0
usemtl Charcoal
f 433/751/321 434/752/321 436/753/321 435/754/321
f 435/754/322 436/753/322 440/755/322 439/756/322
f 439/756/323 440/755/323 438/757/323 437/758/323
f 437/758/324 438/757/324 434/759/324 433/760/324
f 435/761/325 439/756/325 437/758/325 433/762/325
f 440/755/326 436/763/326 434/764/326 438/757/326
o Rack2
v 4.500000 0.000000 -3.300000
v 4.500000 2.000000 -3.300000
v 4.500000 0.000000 -4.300000
v 4.500000 2.000000 -4.300000
v 5.100000 0.000000 -3.300000
v 5.100000 2.000000 -3.300000
v 5.100000 0.000000 -4.300000
v 5.100000 2.000000 -4.300000
vn -1.0000 -0.0000 -0.0000
vn -0.0000 -0.0000 -1.0000
vn 1.0000 -0.0000 -0.0000
vn -0.0000 -0.0000 1.0000
vn -0.0000 -1.0000 -0.0000
vn -0.0000 1.0000 -0.0000
vt 0.375000 0.000000
vt 0.625000 0.000000
vt 0.625000 0.250000
vt 0.375000 0.250000
vt 0.625000 0.500000
vt 0.375000 0.500000
vt 0.625000 0.750000
vt 0.375000 0.750000
vt 0.625000 1.000000
vt 0.375000 1.000000
vt 0.125000 0.500000
vt 0.125000 0.750000
vt 0.875000 0.500000
vt 0.875000 0.750000
s 0
usemtl Charcoal
f 441/765/327 442/766/327 444/767/327 443/768/327
f 443/768/328 444/767/328 448/769/328 447/770/328
f 447/770/329 448/769/329 446/771/329 445/772/329
f 445/772/330 446/771/330 442/773/330 441/774/330
f 443/775/331 447/770/331 445/772/331 441/776/331
f 448/769/332 444/777/332 442/778/332 446/771/332
o Rack3
v 5.500000 0.000000 -3.300000
v 5.500000 2.000000 -3.300000
v 5.500000 0.000000 -4.300000
v 5.500000 2.000000 -4.300000
v 6.100000 0.000000 -3.300000
v 6.100000 2.000000 -3.300000
v 6.100000 0.000000 -4.300000
v 6.100000 2.000000 -4.300000
vn -1.0000 -0.0000 -0.0000
vn -0.0000 -0.0000 -1.0000
vn 1.0000 -0.0000 -0.0000
vn -0.0000 -0.0000 1.0000
vn -0.0000 -1.0000 -0.0000
vn -0.0000 1.0000 -0.0000
vt 0.375000 0.000000
vt 0.625000 0.000000
vt 0.625000 0.250000
vt 0.375000 0.250000
vt 0.625000 0.500000
vt 0.375000 0.500000
vt 0.625000 0.750000
vt 0.375000 0.750000
vt 0.625000 1.000000
vt 0.375000 1.000000
vt 0.125000 0.500000
vt 0.125000 0.750000
vt 0.875000 0.500000
vt 0.875000 0.750000
s 0
usemtl Charcoal
f 449/779/333 450/780/333 452/781/333 451/782/333
f 451/782/334 452/781/334 456/783/334 455/784/334
f 455/784/335 456/783/335 454/785/335 453/786/335
f 453/786/336 454/785/336 450/787/336 449/788/336
f 451/789/337 455/784/337 453/786/337 449/790/337
f 456/783/338 452/791/338 450/792/338 454/785/338
o LED1
v 3.520000 2.000000 -3.320000
v 3.520000 2.040000 -3.320000
v 3.520000 2.000000 -4.280000
v 3.520000 2.040000 -4.280000
v 4.080000 2.000000 -3.320000
v 4.080000 2.040000 -3.320000
v 4.080000 2.000000 -4.280000
v 4.080000 2.040000 -4.280000
vn -1.0000 -0.0000 -0.0000
vn -0.0000 -0.0000 -1.0000
vn 1.0000 -0.0000 -0.0000
vn -0.0000 -0.0000 1.0000
vn -0.0000 -1.0000 -0.0000
vn -0.0000 1.0000 -0.0000
vt 0.375000 0.000000
vt 0.625000 0.000000
vt 0.625000 0.250000
vt 0.375000 0.250000
vt 0.625000 0.500000
vt 0.375000 0.500000
vt 0.625000 0.750000
vt 0.375000 0.750000
vt 0.625000 1.000000
vt 0.375000 1.000000
vt 0.125000 0.500000
vt 0.125000 0.750000
vt 0.875000 0.500000
vt 0.875000 0.750000
s 0
usemtl LED_Blue
f 457/793/339 458/794/339 460/795/339 459/796/339
f 459/796/340 460/795/340 464/797/340 463/798/340
f 463/798/341 464/797/341 462/799/341 461/800/341
f 461/800/342 462/799/342 458/801/342 457/802/342
f 459/803/343 463/798/343 461/800/343 457/804/343
f 464/797/344 460/805/344 458/806/344 462/799/344
o LED2
v 4.520000 2.000000 -3.320000
v 4.520000 2.040000 -3.320000
v 4.520000 2.000000 -4.280000
v 4.520000 2.040000 -4.280000
v 5.080000 2.000000 -3.320000
v 5.080000 2.040000 -3.320000
v 5.080000 2.000000 -4.280000
v 5.080000 2.040000 -4.280000
vn -1.0000 -0.0000 -0.0000
vn -0.0000 -0.0000 -1.0000
vn 1.0000 -0.0000 -0.0000
vn -0.0000 -0.0000 1.0000
vn -0.0000 -1.0000 -0.0000
vn -0.0000 1.0000 -0.0000
vt 0.375000 0.000000
vt 0.625000 0.000000
vt 0.625000 0.250000
vt 0.375000 0.250000
vt 0.625000 0.500000
vt 0.375000 0.500000
vt 0.625000 0.750000
vt 0.375000 0.750000
vt 0.625000 1.000000
vt 0.375000 1.000000
vt 0.125000 0.500000
vt 0.125000 0.750000
vt 0.875000 0.500000
vt 0.875000 0.750000
s 0
usemtl LED_Blue
f 465/807/345 466/808/345 468/809/345 467/810/345
f 467/810/346 468/809/346 472/811/346 471/812/346
f 471/812/347 472/811/347 470/813/347 469/814/347
f 469/814/348 470/813/348 466/815/348 465/816/348
f 467/817/349 471/812/349 469/814/349 465/818/349
f 472/811/350 468/819/350 466/820/350 470/813/350
o LED3
v 5.520000 2.000000 -3.320000
v 5.520000 2.040000 -3.320000
v 5.520000 2.000000 -4.280000
v 5.520000 2.040000 -4.280000
v 6.080000 2.000000 -3.320000
v 6.080000 2.040000 -3.320000
v 6.080000 2.000000 -4.280000
v 6.080000 2.040000 -4.280000
vn -1.0000 -0.0000 -0.0000
vn -0.0000 -0.0000 -1.0000
vn 1.0000 -0.0000 -0.0000
vn -0.0000 -0.0000 1.0000
vn -0.0000 -1.0000 -0.0000
vn -0.0000 1.0000 -0.0000
vt 0.375000 0.000000
vt 0.625000 0.000000
vt 0.625000 0.250000
vt 0.375000 0.250000
vt 0.625000 0.500000
vt 0.375000 0.500000
vt 0.625000 0.750000
vt 0.375000 0.750000
vt 0.625000 1.000000
vt 0.375000 1.000000
vt 0.125000 0.500000
vt 0.125000 0.750000
vt 0.875000 0.500000
vt 0.875000 0.750000
s 0
usemtl LED_Blue
f 473/821/351 474/822/351 476/823/351 475/824/351
f 475/824/352 476/823/352 480/825/352 479/826/352
f 479/826/353 480/825/353 478/827/353 477/828/353
f 477/828/354 478/827/354 474/829/354 473/830/354
f 475/831/355 479/826/355 477/828/355 473/832/355
f 480/825/356 476/833/356 474/834/356 478/827/356
o LEDstrip
v 3.030000 0.200000 -2.480000
v 3.030000 2.800000 -2.480000
v 3.030000 0.200000 -2.520000
v 3.030000 2.800000 -2.520000
v 3.070000 0.200000 -2.480000
v 3.070000 2.800000 -2.480000
v 3.070000 0.200000 -2.520000
v 3.070000 2.800000 -2.520000
vn -1.0000 -0.0000 -0.0000
vn -0.0000 -0.0000 -1.0000
vn 1.0000 -0.0000 -0.0000
vn -0.0000 -0.0000 1.0000
vn -0.0000 -1.0000 -0.0000
vn -0.0000 1.0000 -0.0000
vt 0.375000 0.000000
vt 0.625000 0.000000
vt 0.625000 0.250000
vt 0.375000 0.250000
vt 0.625000 0.500000
vt 0.375000 0.500000
vt 0.625000 0.750000
vt 0.375000 0.750000
vt 0.625000 1.000000
vt 0.375000 1.000000
vt 0.125000 0.500000
vt 0.125000 0.750000
vt 0.875000 0.500000
vt 0.875000 0.750000
s 0
usemtl LED_Blue
f 481/835/357 482/836/357 484/837/357 483/838/357
f 483/838/358 484/837/358 488/839/358 487/840/358
f 487/840/359 488/839/359 486/841/359 485/842/359
f 485/842/360 486/841/360 482/843/360 481/844/360
f 483/845/361 487/840/361 485/842/361 481/846/361
f 488/839/362 484/847/362 482/848/362 486/841/362
o MR_GlassW
v 1.970000 0.000000 5.000000
v 1.970000 3.000000 5.000000
v 1.970000 0.000000 1.000000
v 1.970000 3.000000 1.000000
v 2.030000 0.000000 5.000000
v 2.030000 3.000000 5.000000
v 2.030000 0.000000 1.000000
v 2.030000 3.000000 1.000000
vn -1.0000 -0.0000 -0.0000
vn -0.0000 -0.0000 -1.0000
vn 1.0000 -0.0000 -0.0000
vn -0.0000 -0.0000 1.0000
vn -0.0000 -1.0000 -0.0000
vn -0.0000 1.0000 -0.0000
vt 0.375000 0.000000
vt 0.625000 0.000000
vt 0.625000 0.250000
vt 0.375000 0.250000
vt 0.625000 0.500000
vt 0.375000 0.500000
vt 0.625000 0.750000
vt 0.375000 0.750000
vt 0.625000 1.000000
vt 0.375000 1.000000
vt 0.125000 0.500000
vt 0.125000 0.750000
vt 0.875000 0.500000
vt 0.875000 0.750000
s 0
usemtl Glass
f 489/849/363 490/850/363 492/851/363 491/852/363
f 491/852/364 492/851/364 496/853/364 495/854/364
f 495/854/365 496/853/365 494/855/365 493/856/365
f 493/856/366 494/855/366 490/857/366 489/858/366
f 491/859/367 495/854/367 493/856/367 489/860/367
f 496/853/368 492/861/368 490/862/368 494/855/368
o MR_GlassN
v 2.000000 0.000000 1.030000
v 2.000000 3.000000 1.030000
v 2.000000 0.000000 0.970000
v 2.000000 3.000000 0.970000
v 6.500000 0.000000 1.030000
v 6.500000 3.000000 1.030000
v 6.500000 0.000000 0.970000
v 6.500000 3.000000 0.970000
vn -1.0000 -0.0000 -0.0000
vn -0.0000 -0.0000 -1.0000
vn 1.0000 -0.0000 -0.0000
vn -0.0000 -0.0000 1.0000
vn -0.0000 -1.0000 -0.0000
vn -0.0000 1.0000 -0.0000
vt 0.375000 0.000000
vt 0.625000 0.000000
vt 0.625000 0.250000
vt 0.375000 0.250000
vt 0.625000 0.500000
vt 0.375000 0.500000
vt 0.625000 0.750000
vt 0.375000 0.750000
vt 0.625000 1.000000
vt 0.375000 1.000000
vt 0.125000 0.500000
vt 0.125000 0.750000
vt 0.875000 0.500000
vt 0.875000 0.750000
s 0
usemtl Glass
f 497/863/369 498/864/369 500/865/369 499/866/369
f 499/866/370 500/865/370 504/867/370 503/868/370
f 503/868/371 504/867/371 502/869/371 501/870/371
f 501/870/372 502/869/372 498/871/372 497/872/372
f 499/873/373 503/868/373 501/870/373 497/874/373
f 504/867/374 500/875/374 498/876/374 502/869/374
o MR_FrameE
v 6.450000 0.000000 5.000000
v 6.450000 3.000000 5.000000
v 6.450000 0.000000 1.000000
v 6.450000 3.000000 1.000000
v 6.490000 0.000000 5.000000
v 6.490000 3.000000 5.000000
v 6.490000 0.000000 1.000000
v 6.490000 3.000000 1.000000
vn -1.0000 -0.0000 -0.0000
vn -0.0000 -0.0000 -1.0000
vn 1.0000 -0.0000 -0.0000
vn -0.0000 -0.0000 1.0000
vn -0.0000 -1.0000 -0.0000
vn -0.0000 1.0000 -0.0000
vt 0.375000 0.000000
vt 0.625000 0.000000
vt 0.625000 0.250000
vt 0.375000 0.250000
vt 0.625000 0.500000
vt 0.375000 0.500000
vt 0.625000 0.750000
vt 0.375000 0.750000
vt 0.625000 1.000000
vt 0.375000 1.000000
vt 0.125000 0.500000
vt 0.125000 0.750000
vt 0.875000 0.500000
vt 0.875000 0.750000
s 0
usemtl Charcoal
f 505/877/375 506/878/375 508/879/375 507/880/375
f 507/880/376 508/879/376 512/881/376 511/882/376
f 511/882/377 512/881/377 510/883/377 509/884/377
f 509/884/378 510/883/378 506/885/378 505/886/378
f 507/887/379 511/882/379 509/884/379 505/888/379
f 512/881/380 508/889/380 506/890/380 510/883/380
o MR_FrameS
v 2.000000 0.000000 4.990000
v 2.000000 3.000000 4.990000
v 2.000000 0.000000 4.950000
v 2.000000 3.000000 4.950000
v 6.500000 0.000000 4.990000
v 6.500000 3.000000 4.990000
v 6.500000 0.000000 4.950000
v 6.500000 3.000000 4.950000
vn -1.0000 -0.0000 -0.0000
vn -0.0000 -0.0000 -1.0000
vn 1.0000 -0.0000 -0.0000
vn -0.0000 -0.0000 1.0000
vn -0.0000 -1.0000 -0.0000
vn -0.0000 1.0000 -0.0000
vt 0.375000 0.000000
vt 0.625000 0.000000
vt 0.625000 0.250000
vt 0.375000 0.250000
vt 0.625000 0.500000
vt 0.375000 0.500000
vt 0.625000 0.750000
vt 0.375000 0.750000
vt 0.625000 1.000000
vt 0.375000 1.000000
vt 0.125000 0.500000
vt 0.125000 0.750000
vt 0.875000 0.500000
vt 0.875000 0.750000
s 0
usemtl Charcoal
f 513/891/381 514/892/381 516/893/381 515/894/381
f 515/894/382 516/893/382 520/895/382 519/896/382
f 519/896/383 520/895/383 518/897/383 517/898/383
f 517/898/384 518/897/384 514/899/384 513/900/384
f 515/901/385 519/896/385 517/898/385 513/902/385
f 520/895/386 516/903/386 514/904/386 518/897/386
o MR_Door
v 2.010000 0.000000 1.950000
v 2.010000 2.100000 1.950000
v 2.010000 0.000000 1.050000
v 2.010000 2.100000 1.050000
v 2.050000 0.000000 1.950000
v 2.050000 2.100000 1.950000
v 2.050000 0.000000 1.050000
v 2.050000 2.100000 1.050000
vn -1.0000 -0.0000 -0.0000
vn -0.0000 -0.0000 -1.0000
vn 1.0000 -0.0000 -0.0000
vn -0.0000 -0.0000 1.0000
vn -0.0000 -1.0000 -0.0000
vn -0.0000 1.0000 -0.0000
vt 0.375000 0.000000
vt 0.625000 0.000000
vt 0.625000 0.250000
vt 0.375000 0.250000
vt 0.625000 0.500000
vt 0.375000 0.500000
vt 0.625000 0.750000
vt 0.375000 0.750000
vt 0.625000 1.000000
vt 0.375000 1.000000
vt 0.125000 0.500000
vt 0.125000 0.750000
vt 0.875000 0.500000
vt 0.875000 0.750000
s 0
usemtl Glass
f 521/905/387 522/906/387 524/907/387 523/908/387
f 523/908/388 524/907/388 528/909/388 527/910/388
f 527/910/389 528/909/389 526/911/389 525/912/389
f 525/912/390 526/911/390 522/913/390 521/914/390
f 523/915/391 527/910/391 525/912/391 521/916/391
f 528/909/392 524/917/392 522/918/392 526/911/392
o MR_Table
v 3.050000 0.700000 3.500000
v 3.050000 0.760000 3.500000
v 3.050000 0.700000 2.500000
v 3.050000 0.760000 2.500000
v 5.450000 0.700000 3.500000
v 5.450000 0.760000 3.500000
v 5.450000 0.700000 2.500000
v 5.450000 0.760000 2.500000
vn -1.0000 -0.0000 -0.0000
vn -0.0000 -0.0000 -1.0000
vn 1.0000 -0.0000 -0.0000
vn -0.0000 -0.0000 1.0000
vn -0.0000 -1.0000 -0.0000
vn -0.0000 1.0000 -0.0000
vt 0.375000 0.000000
vt 0.625000 0.000000
vt 0.625000 0.250000
vt 0.375000 0.250000
vt 0.625000 0.500000
vt 0.375000 0.500000
vt 0.625000 0.750000
vt 0.375000 0.750000
vt 0.625000 1.000000
vt 0.375000 1.000000
vt 0.125000 0.500000
vt 0.125000 0.750000
vt 0.875000 0.500000
vt 0.875000 0.750000
s 0
usemtl WarmWood
f 529/919/393 530/920/393 532/921/393 531/922/393
f 531/922/394 532/921/394 536/923/394 535/924/394
f 535/924/395 536/923/395 534/925/395 533/926/395
f 533/926/396 534/925/396 530/927/396 529/928/396
f 531/929/397 535/924/397 533/926/397 529/930/397
f 536/923/398 532/931/398 530/932/398 534/925/398
o MR_ChairN_0
v 2.980000 0.400000 4.420000
v 2.980000 0.460000 4.420000
v 2.980000 0.400000 3.980000
v 2.980000 0.460000 3.980000
v 3.420000 0.400000 4.420000
v 3.420000 0.460000 4.420000
v 3.420000 0.400000 3.980000
v 3.420000 0.460000 3.980000
vn -1.0000 -0.0000 -0.0000
vn -0.0000 -0.0000 -1.0000
vn 1.0000 -0.0000 -0.0000
vn -0.0000 -0.0000 1.0000
vn -0.0000 -1.0000 -0.0000
vn -0.0000 1.0000 -0.0000
vt 0.375000 0.000000
vt 0.625000 0.000000
vt 0.625000 0.250000
vt 0.375000 0.250000
vt 0.625000 0.500000
vt 0.375000 0.500000
vt 0.625000 0.750000
vt 0.375000 0.750000
vt 0.625000 1.000000
vt 0.375000 1.000000
vt 0.125000 0.500000
vt 0.125000 0.750000
vt 0.875000 0.500000
vt 0.875000 0.750000
s 0
usemtl Charcoal
f 537/933/399 538/934/399 540/935/399 539/936/399
f 539/936/400 540/935/400 544/937/400 543/938/400
f 543/938/401 544/937/401 542/939/401 541/940/401
f 541/940/402 542/939/402 538/941/402 537/942/402
f 539/943/403 543/938/403 541/940/403 537/944/403
f 544/937/404 540/945/404 538/946/404 542/939/404
o MR_ChairS_0
v 5.080000 0.400000 4.420000
v 5.080000 0.460000 4.420000
v 5.080000 0.400000 3.980000
v 5.080000 0.460000 3.980000
v 5.520000 0.400000 4.420000
v 5.520000 0.460000 4.420000
v 5.520000 0.400000 3.980000
v 5.520000 0.460000 3.980000
vn -1.0000 -0.0000 -0.0000
vn -0.0000 -0.0000 -1.0000
vn 1.0000 -0.0000 -0.0000
vn -0.0000 -0.0000 1.0000
vn -0.0000 -1.0000 -0.0000
vn -0.0000 1.0000 -0.0000
vt 0.375000 0.000000
vt 0.625000 0.000000
vt 0.625000 0.250000
vt 0.375000 0.250000
vt 0.625000 0.500000
vt 0.375000 0.500000
vt 0.625000 0.750000
vt 0.375000 0.750000
vt 0.625000 1.000000
vt 0.375000 1.000000
vt 0.125000 0.500000
vt 0.125000 0.750000
vt 0.875000 0.500000
vt 0.875000 0.750000
s 0
usemtl Charcoal
f 545/947/405 546/948/405 548/949/405 547/950/405
f 547/950/406 548/949/406 552/951/406 551/952/406
f 551/952/407 552/951/407 550/953/407 549/954/407
f 549/954/408 550/953/408 546/955/408 545/956/408
f 547/957/409 551/952/409 549/954/409 545/958/409
f 552/951/410 548/959/410 546/960/410 550/953/410
o MR_ChairN_1
v 2.980000 0.400000 3.820000
v 2.980000 0.460000 3.820000
v 2.980000 0.400000 3.380000
v 2.980000 0.460000 3.380000
v 3.420000 0.400000 3.820000
v 3.420000 0.460000 3.820000
v 3.420000 0.400000 3.380000
v 3.420000 0.460000 3.380000
vn -1.0000 -0.0000 -0.0000
vn -0.0000 -0.0000 -1.0000
vn 1.0000 -0.0000 -0.0000
vn -0.0000 -0.0000 1.0000
vn -0.0000 -1.0000 -0.0000
vn -0.0000 1.0000 -0.0000
vt 0.375000 0.000000
vt 0.625000 0.000000
vt 0.625000 0.250000
vt 0.375000 0.250000
vt 0.625000 0.500000
vt 0.375000 0.500000
vt 0.625000 0.750000
vt 0.375000 0.750000
vt 0.625000 1.000000
vt 0.375000 1.000000
vt 0.125000 0.500000
vt 0.125000 0.750000
vt 0.875000 0.500000
vt 0.875000 0.750000
s 0
usemtl Charcoal
f 553/961/411 554/962/411 556/963/411 555/964/411
f 555/964/412 556/963/412 560/965/412 559/966/412
f 559/966/413 560/965/413 558/967/413 557/968/413
f 557/968/414 558/967/414 554/969/414 553/970/414
f 555/971/415 559/966/415 557/968/415 553/972/415
f 560/965/416 556/973/416 554/974/416 558/967/416
o MR_ChairS_1
v 5.080000 0.400000 3.820000
v 5.080000 0.460000 3.820000
v 5.080000 0.400000 3.380000
v 5.080000 0.460000 3.380000
v 5.520000 0.400000 3.820000
v 5.520000 0.460000 3.820000
v 5.520000 0.400000 3.380000
v 5.520000 0.460000 3.380000
vn -1.0000 -0.0000 -0.0000
vn -0.0000 -0.0000 -1.0000
vn 1.0000 -0.0000 -0.0000
vn -0.0000 -0.0000 1.0000
vn -0.0000 -1.0000 -0.0000
vn -0.0000 1.0000 -0.0000
vt 0.375000 0.000000
vt 0.625000 0.000000
vt 0.625000 0.250000
vt 0.375000 0.250000
vt 0.625000 0.500000
vt 0.375000 0.500000
vt 0.625000 0.750000
vt 0.375000 0.750000
vt 0.625000 1.000000
vt 0.375000 1.000000
vt 0.125000 0.500000
vt 0.125000 0.750000
vt 0.875000 0.500000
vt 0.875000 0.750000
s 0
usemtl Charcoal
f 561/975/417 562/976/417 564/977/417 563/978/417
f 563/978/418 564/977/418 568/979/418 567/980/418
f 567/980/419 568/979/419 566/981/419 565/982/419
f 565/982/420 566/981/420 562/983/420 561/984/420
f 563/985/421 567/980/421 565/982/421 561/986/421
f 568/979/422 564/987/422 562/988/422 566/981/422
o MR_ChairN_2
v 2.980000 0.400000 3.220000
v 2.980000 0.460000 3.220000
v 2.980000 0.400000 2.780000
v 2.980000 0.460000 2.780000
v 3.420000 0.400000 3.220000
v 3.420000 0.460000 3.220000
v 3.420000 0.400000 2.780000
v 3.420000 0.460000 2.780000
vn -1.0000 -0.0000 -0.0000
vn -0.0000 -0.0000 -1.0000
vn 1.0000 -0.0000 -0.0000
vn -0.0000 -0.0000 1.0000
vn -0.0000 -1.0000 -0.0000
vn -0.0000 1.0000 -0.0000
vt 0.375000 0.000000
vt 0.625000 0.000000
vt 0.625000 0.250000
vt 0.375000 0.250000
vt 0.625000 0.500000
vt 0.375000 0.500000
vt 0.625000 0.750000
vt 0.375000 0.750000
vt 0.625000 1.000000
vt 0.375000 1.000000
vt 0.125000 0.500000
vt 0.125000 0.750000
vt 0.875000 0.500000
vt 0.875000 0.750000
s 0
usemtl Charcoal
f 569/989/423 570/990/423 572/991/423 571/992/423
f 571/992/424 572/991/424 576/993/424 575/994/424
f 575/994/425 576/993/425 574/995/425 573/996/425
f 573/996/426 574/995/426 570/997/426 569/998/426
f 571/999/427 575/994/427 573/996/427 569/1000/427
f 576/993/428 572/1001/428 570/1002/428 574/995/428
o MR_ChairS_2
v 5.080000 0.400000 3.220000
v 5.080000 0.460000 3.220000
v 5.080000 0.400000 2.780000
v 5.080000 0.460000 2.780000
v 5.520000 0.400000 3.220000
v 5.520000 0.460000 3.220000
v 5.520000 0.400000 2.780000
v 5.520000 0.460000 2.780000
vn -1.0000 -0.0000 -0.0000
vn -0.0000 -0.0000 -1.0000
vn 1.0000 -0.0000 -0.0000
vn -0.0000 -0.0000 1.0000
vn -0.0000 -1.0000 -0.0000
vn -0.0000 1.0000 -0.0000
vt 0.375000 0.000000
vt 0.625000 0.000000
vt 0.625000 0.250000
vt 0.375000 0.250000
vt 0.625000 0.500000
vt 0.375000 0.500000
vt 0.625000 0.750000
vt 0.375000 0.750000
vt 0.625000 1.000000
vt 0.375000 1.000000
vt 0.125000 0.500000
vt 0.125000 0.750000
vt 0.875000 0.500000
vt 0.875000 0.750000
s 0
usemtl Charcoal
f 577/1003/429 578/1004/429 580/1005/429 579/1006/429
f 579/1006/430 580/1005/430 584/1007/430 583/1008/430
f 583/1008/431 584/1007/431 582/1009/431 581/1010/431
f 581/1010/432 582/1009/432 578/1011/432 577/1012/432
f 579/1013/433 583/1008/433 581/1010/433 577/1014/433
f 584/1007/434 580/1015/434 578/1016/434 582/1009/434
o MR_ChairN_3
v 2.980000 0.400000 2.620000
v 2.980000 0.460000 2.620000
v 2.980000 0.400000 2.180000
v 2.980000 0.460000 2.180000
v 3.420000 0.400000 2.620000
v 3.420000 0.460000 2.620000
v 3.420000 0.400000 2.180000
v 3.420000 0.460000 2.180000
vn -1.0000 -0.0000 -0.0000
vn -0.0000 -0.0000 -1.0000
vn 1.0000 -0.0000 -0.0000
vn -0.0000 -0.0000 1.0000
vn -0.0000 -1.0000 -0.0000
vn -0.0000 1.0000 -0.0000
vt 0.375000 0.000000
vt 0.625000 0.000000
vt 0.625000 0.250000
vt 0.375000 0.250000
vt 0.625000 0.500000
vt 0.375000 0.500000
vt 0.625000 0.750000
vt 0.375000 0.750000
vt 0.625000 1.000000
vt 0.375000 1.000000
vt 0.125000 0.500000
vt 0.125000 0.750000
vt 0.875000 0.500000
vt 0.875000 0.750000
s 0
usemtl Charcoal
f 585/1017/435 586/1018/435 588/1019/435 587/1020/435
f 587/1020/436 588/1019/436 592/1021/436 591/1022/436
f 591/1022/437 592/1021/437 590/1023/437 589/1024/437
f 589/1024/438 590/1023/438 586/1025/438 585/1026/438
f 587/1027/439 591/1022/439 589/1024/439 585/1028/439
f 592/1021/440 588/1029/440 586/1030/440 590/1023/440
o MR_ChairS_3
v 5.080000 0.400000 2.620000
v 5.080000 0.460000 2.620000
v 5.080000 0.400000 2.180000
v 5.080000 0.460000 2.180000
v 5.520000 0.400000 2.620000
v 5.520000 0.460000 2.620000
v 5.520000 0.400000 2.180000
v 5.520000 0.460000 2.180000
vn -1.0000 -0.0000 -0.0000
vn -0.0000 -0.0000 -1.0000
vn 1.0000 -0.0000 -0.0000
vn -0.0000 -0.0000 1.0000
vn -0.0000 -1.0000 -0.0000
vn -0.0000 1.0000 -0.0000
vt 0.375000 0.000000
vt 0.625000 0.000000
vt 0.625000 0.250000
vt 0.375000 0.250000
vt 0.625000 0.500000
vt 0.375000 0.500000
vt 0.625000 0.750000
vt 0.375000 0.750000
vt 0.625000 1.000000
vt 0.375000 1.000000
vt 0.125000 0.500000
vt 0.125000 0.750000
vt 0.875000 0.500000
vt 0.875000 0.750000
s 0
usemtl Charcoal
f 593/1031/441 594/1032/441 596/1033/441 595/1034/441
f 595/1034/442 596/1033/442 600/1035/442 599/1036/442
f 599/1036/443 600/1035/443 598/1037/443 597/1038/443
f 597/1038/444 598/1037/444 594/1039/444 593/1040/444
f 595/1041/445 599/1036/445 597/1038/445 593/1042/445
f 600/1035/446 596/1043/446 594/1044/446 598/1037/446
o MR_ChairN_4
v 2.980000 0.400000 2.020000
v 2.980000 0.460000 2.020000
v 2.980000 0.400000 1.580000
v 2.980000 0.460000 1.580000
v 3.420000 0.400000 2.020000
v 3.420000 0.460000 2.020000
v 3.420000 0.400000 1.580000
v 3.420000 0.460000 1.580000
vn -1.0000 -0.0000 -0.0000
vn -0.0000 -0.0000 -1.0000
vn 1.0000 -0.0000 -0.0000
vn -0.0000 -0.0000 1.0000
vn -0.0000 -1.0000 -0.0000
vn -0.0000 1.0000 -0.0000
vt 0.375000 0.000000
vt 0.625000 0.000000
vt 0.625000 0.250000
vt 0.375000 0.250000
vt 0.625000 0.500000
vt 0.375000 0.500000
vt 0.625000 0.750000
vt 0.375000 0.750000
vt 0.625000 1.000000
vt 0.375000 1.000000
vt 0.125000 0.500000
vt 0.125000 0.750000
vt 0.875000 0.500000
vt 0.875000 0.750000
s 0
usemtl Charcoal
f 601/1045/447 602/1046/447 604/1047/447 603/1048/447
f 603/1048/448 604/1047/448 608/1049/448 607/1050/448
f 607/1050/449 608/1049/449 606/1051/449 605/1052/449
f 605/1052/450 606/1051/450 602/1053/450 601/1054/450
f 603/1055/451 607/1050/451 605/1052/451 601/1056/451
f 608/1049/452 604/1057/452 602/1058/452 606/1051/452
o MR_ChairS_4
v 5.080000 0.400000 2.020000
v 5.080000 0.460000 2.020000
v 5.080000 0.400000 1.580000
v 5.080000 0.460000 1.580000
v 5.520000 0.400000 2.020000
v 5.520000 0.460000 2.020000
v 5.520000 0.400000 1.580000
v 5.520000 0.460000 1.580000
vn -1.0000 -0.0000 -0.0000
vn -0.0000 -0.0000 -1.0000
vn 1.0000 -0.0000 -0.0000
vn -0.0000 -0.0000 1.0000
vn -0.0000 -1.0000 -0.0000
vn -0.0000 1.0000 -0.0000
vt 0.375000 0.000000
vt 0.625000 0.000000
vt 0.625000 0.250000
vt 0.375000 0.250000
vt 0.625000 0.500000
vt 0.375000 0.500000
vt 0.625000 0.750000
vt 0.375000 0.750000
vt 0.625000 1.000000
vt 0.375000 1.000000
vt 0.125000 0.500000
vt 0.125000 0.750000
vt 0.875000 0.500000
vt 0.875000 0.750000
s 0
usemtl Charcoal
f 609/1059/453 610/1060/453 612/1061/453 611/1062/453
f 611/1062/454 612/1061/454 616/1063/454 615/1064/454
f 615/1064/455 616/1063/455 614/1065/455 613/1066/455
f 613/1066/456 614/1065/456 610/1067/456 609/1068/456
f 611/1069/457 615/1064/457 613/1066/457 609/1070/457
f 616/1063/458 612/1071/458 610/1072/458 614/1065/458
o MR_BigScreen
v 6.380000 1.050000 3.700000
v 6.380000 1.950000 3.700000
v 6.380000 1.050000 2.300000
v 6.380000 1.950000 2.300000
v 6.420000 1.050000 3.700000
v 6.420000 1.950000 3.700000
v 6.420000 1.050000 2.300000
v 6.420000 1.950000 2.300000
vn -1.0000 -0.0000 -0.0000
vn -0.0000 -0.0000 -1.0000
vn 1.0000 -0.0000 -0.0000
vn -0.0000 -0.0000 1.0000
vn -0.0000 -1.0000 -0.0000
vn -0.0000 1.0000 -0.0000
vt 0.375000 0.000000
vt 0.625000 0.000000
vt 0.625000 0.250000
vt 0.375000 0.250000
vt 0.625000 0.500000
vt 0.375000 0.500000
vt 0.625000 0.750000
vt 0.375000 0.750000
vt 0.625000 1.000000
vt 0.375000 1.000000
vt 0.125000 0.500000
vt 0.125000 0.750000
vt 0.875000 0.500000
vt 0.875000 0.750000
s 0
usemtl ScreenDark
f 617/1073/459 618/1074/459 620/1075/459 619/1076/459
f 619/1076/460 620/1075/460 624/1077/460 623/1078/460
f 623/1078/461 624/1077/461 622/1079/461 621/1080/461
f 621/1080/462 622/1079/462 618/1081/462 617/1082/462
f 619/1083/463 623/1078/463 621/1080/463 617/1084/463
f 624/1077/464 620/1085/464 618/1086/464 622/1079/464
o MR_Whiteboard
v 2.350000 0.700000 4.945000
v 2.350000 2.300000 4.945000
v 2.350000 0.700000 4.915000
v 2.350000 2.300000 4.915000
v 6.150000 0.700000 4.945000
v 6.150000 2.300000 4.945000
v 6.150000 0.700000 4.915000
v 6.150000 2.300000 4.915000
vn -1.0000 -0.0000 -0.0000
vn -0.0000 -0.0000 -1.0000
vn 1.0000 -0.0000 -0.0000
vn -0.0000 -0.0000 1.0000
vn -0.0000 -1.0000 -0.0000
vn -0.0000 1.0000 -0.0000
vt 0.375000 0.000000
vt 0.625000 0.000000
vt 0.625000 0.250000
vt 0.375000 0.250000
vt 0.625000 0.500000
vt 0.375000 0.500000
vt 0.625000 0.750000
vt 0.375000 0.750000
vt 0.625000 1.000000
vt 0.375000 1.000000
vt 0.125000 0.500000
vt 0.125000 0.750000
vt 0.875000 0.500000
vt 0.875000 0.750000
s 0
usemtl Whiteboard
f 625/1087/465 626/1088/465 628/1089/465 627/1090/465
f 627/1090/466 628/1089/466 632/1091/466 631/1092/466
f 631/1092/467 632/1091/467 630/1093/467 629/1094/467
f 629/1094/468 630/1093/468 626/1095/468 625/1096/468
f 627/1097/469 631/1092/469 629/1094/469 625/1098/469
f 632/1091/470 628/1099/470 626/1100/470 630/1093/470
o PhoneBooth1
v 4.900000 0.000000 0.600000
v 4.900000 2.500000 0.600000
v 4.900000 0.000000 -0.600000
v 4.900000 2.500000 -0.600000
v 6.100000 0.000000 0.600000
v 6.100000 2.500000 0.600000
v 6.100000 0.000000 -0.600000
v 6.100000 2.500000 -0.600000
vn -1.0000 -0.0000 -0.0000
vn -0.0000 -0.0000 -1.0000
vn 1.0000 -0.0000 -0.0000
vn -0.0000 -0.0000 1.0000
vn -0.0000 -1.0000 -0.0000
vn -0.0000 1.0000 -0.0000
vt 0.375000 0.000000
vt 0.625000 0.000000
vt 0.625000 0.250000
vt 0.375000 0.250000
vt 0.625000 0.500000
vt 0.375000 0.500000
vt 0.625000 0.750000
vt 0.375000 0.750000
vt 0.625000 1.000000
vt 0.375000 1.000000
vt 0.125000 0.500000
vt 0.125000 0.750000
vt 0.875000 0.500000
vt 0.875000 0.750000
s 0
usemtl DeepTeal
f 633/1101/471 634/1102/471 636/1103/471 635/1104/471
f 635/1104/472 636/1103/472 640/1105/472 639/1106/472
f 639/1106/473 640/1105/473 638/1107/473 637/1108/473
f 637/1108/474 638/1107/474 634/1109/474 633/1110/474
f 635/1111/475 639/1106/475 637/1108/475 633/1112/475
f 640/1105/476 636/1113/476 634/1114/476 638/1107/476
o Booth1_Door
v 4.870000 0.000000 0.350000
v 4.870000 2.200000 0.350000
v 4.870000 0.000000 -0.350000
v 4.870000 2.200000 -0.350000
v 4.910000 0.000000 0.350000
v 4.910000 2.200000 0.350000
v 4.910000 0.000000 -0.350000
v 4.910000 2.200000 -0.350000
vn -1.0000 -0.0000 -0.0000
vn -0.0000 -0.0000 -1.0000
vn 1.0000 -0.0000 -0.0000
vn -0.0000 -0.0000 1.0000
vn -0.0000 -1.0000 -0.0000
vn -0.0000 1.0000 -0.0000
vt 0.375000 0.000000
vt 0.625000 0.000000
vt 0.625000 0.250000
vt 0.375000 0.250000
vt 0.625000 0.500000
vt 0.375000 0.500000
vt 0.625000 0.750000
vt 0.375000 0.750000
vt 0.625000 1.000000
vt 0.375000 1.000000
vt 0.125000 0.500000
vt 0.125000 0.750000
vt 0.875000 0.500000
vt 0.875000 0.750000
s 0
usemtl Glass
f 641/1115/477 642/1116/477 644/1117/477 643/1118/477
f 643/1118/478 644/1117/478 648/1119/478 647/1120/478
f 647/1120/479 648/1119/479 646/1121/479 645/1122/479
f 645/1122/480 646/1121/480 642/1123/480 641/1124/480
f 643/1125/481 647/1120/481 645/1122/481 641/1126/481
f 648/1119/482 644/1127/482 642/1128/482 646/1121/482
o Booth1_Desk
v 5.000000 0.730000 -0.100000
v 5.000000 0.770000 -0.100000
v 5.000000 0.730000 -0.500000
v 5.000000 0.770000 -0.500000
v 6.000000 0.730000 -0.100000
v 6.000000 0.770000 -0.100000
v 6.000000 0.730000 -0.500000
v 6.000000 0.770000 -0.500000
vn -1.0000 -0.0000 -0.0000
vn -0.0000 -0.0000 -1.0000
vn 1.0000 -0.0000 -0.0000
vn -0.0000 -0.0000 1.0000
vn -0.0000 -1.0000 -0.0000
vn -0.0000 1.0000 -0.0000
vt 0.375000 0.000000
vt 0.625000 0.000000
vt 0.625000 0.250000
vt 0.375000 0.250000
vt 0.625000 0.500000
vt 0.375000 0.500000
vt 0.625000 0.750000
vt 0.375000 0.750000
vt 0.625000 1.000000
vt 0.375000 1.000000
vt 0.125000 0.500000
vt 0.125000 0.750000
vt 0.875000 0.500000
vt 0.875000 0.750000
s 0
usemtl WarmWood
f 649/1129/483 650/1130/483 652/1131/483 651/1132/483
f 651/1132/484 652/1131/484 656/1133/484 655/1134/484
f 655/1134/485 656/1133/485 654/1135/485 653/1136/485
f 653/1136/486 654/1135/486 650/1137/486 649/1138/486
f 651/1139/487 655/1134/487 653/1136/487 649/1140/487
f 656/1133/488 652/1141/488 650/1142/488 654/1135/488
o PhoneBooth2
v 4.900000 0.000000 -0.900000
v 4.900000 2.500000 -0.900000
v 4.900000 0.000000 -2.100000
v 4.900000 2.500000 -2.100000
v 6.100000 0.000000 -0.900000
v 6.100000 2.500000 -0.900000
v 6.100000 0.000000 -2.100000
v 6.100000 2.500000 -2.100000
vn -1.0000 -0.0000 -0.0000
vn -0.0000 -0.0000 -1.0000
vn 1.0000 -0.0000 -0.0000
vn -0.0000 -0.0000 1.0000
vn -0.0000 -1.0000 -0.0000
vn -0.0000 1.0000 -0.0000
vt 0.375000 0.000000
vt 0.625000 0.000000
vt 0.625000 0.250000
vt 0.375000 0.250000
vt 0.625000 0.500000
vt 0.375000 0.500000
vt 0.625000 0.750000
vt 0.375000 0.750000
vt 0.625000 1.000000
vt 0.375000 1.000000
vt 0.125000 0.500000
vt 0.125000 0.750000
vt 0.875000 0.500000
vt 0.875000 0.750000
s 0
usemtl DeepTeal
f 657/1143/489 658/1144/489 660/1145/489 659/1146/489
f 659/1146/490 660/1145/490 664/1147/490 663/1148/490
f 663/1148/491 664/1147/491 662/1149/491 661/1150/491
f 661/1150/492 662/1149/492 658/1151/492 657/1152/492
f 659/1153/493 663/1148/493 661/1150/493 657/1154/493
f 664/1147/494 660/1155/494 658/1156/494 662/1149/494
o Booth2_Door
v 4.870000 0.000000 -1.150000
v 4.870000 2.200000 -1.150000
v 4.870000 0.000000 -1.850000
v 4.870000 2.200000 -1.850000
v 4.910000 0.000000 -1.150000
v 4.910000 2.200000 -1.150000
v 4.910000 0.000000 -1.850000
v 4.910000 2.200000 -1.850000
vn -1.0000 -0.0000 -0.0000
vn -0.0000 -0.0000 -1.0000
vn 1.0000 -0.0000 -0.0000
vn -0.0000 -0.0000 1.0000
vn -0.0000 -1.0000 -0.0000
vn -0.0000 1.0000 -0.0000
vt 0.375000 0.000000
vt 0.625000 0.000000
vt 0.625000 0.250000
vt 0.375000 0.250000
vt 0.625000 0.500000
vt 0.375000 0.500000
vt 0.625000 0.750000
vt 0.375000 0.750000
vt 0.625000 1.000000
vt 0.375000 1.000000
vt 0.125000 0.500000
vt 0.125000 0.750000
vt 0.875000 0.500000
vt 0.875000 0.750000
s 0
usemtl Glass
f 665/1157/495 666/1158/495 668/1159/495 667/1160/495
f 667/1160/496 668/1159/496 672/1161/496 671/1162/496
f 671/1162/497 672/1161/497 670/1163/497 669/1164/497
f 669/1164/498 670/1163/498 666/1165/498 665/1166/498
f 667/1167/499 671/1162/499 669/1164/499 665/1168/499
f 672/1161/500 668/1169/500 666/1170/500 670/1163/500
o Booth2_Desk
v 5.000000 0.730000 -1.000000
v 5.000000 0.770000 -1.000000
v 5.000000 0.730000 -1.400000
v 5.000000 0.770000 -1.400000
v 6.000000 0.730000 -1.000000
v 6.000000 0.770000 -1.000000
v 6.000000 0.730000 -1.400000
v 6.000000 0.770000 -1.400000
vn -1.0000 -0.0000 -0.0000
vn -0.0000 -0.0000 -1.0000
vn 1.0000 -0.0000 -0.0000
vn -0.0000 -0.0000 1.0000
vn -0.0000 -1.0000 -0.0000
vn -0.0000 1.0000 -0.0000
vt 0.375000 0.000000
vt 0.625000 0.000000
vt 0.625000 0.250000
vt 0.375000 0.250000
vt 0.625000 0.500000
vt 0.375000 0.500000
vt 0.625000 0.750000
vt 0.375000 0.750000
vt 0.625000 1.000000
vt 0.375000 1.000000
vt 0.125000 0.500000
vt 0.125000 0.750000
vt 0.875000 0.500000
vt 0.875000 0.750000
s 0
usemtl WarmWood
f 673/1171/501 674/1172/501 676/1173/501 675/1174/501
f 675/1174/502 676/1173/502 680/1175/502 679/1176/502
f 679/1176/503 680/1175/503 678/1177/503 677/1178/503
f 677/1178/504 678/1177/504 674/1179/504 673/1180/504
f 675/1181/505 679/1176/505 677/1178/505 673/1182/505
f 680/1175/506 676/1183/506 674/1184/506 678/1177/506
o KitCounter
v -6.500000 0.000000 -4.150000
v -6.500000 0.900000 -4.150000
v -6.500000 0.000000 -4.850000
v -6.500000 0.900000 -4.850000
v -4.500000 0.000000 -4.150000
v -4.500000 0.900000 -4.150000
v -4.500000 0.000000 -4.850000
v -4.500000 0.900000 -4.850000
vn -1.0000 -0.0000 -0.0000
vn -0.0000 -0.0000 -1.0000
vn 1.0000 -0.0000 -0.0000
vn -0.0000 -0.0000 1.0000
vn -0.0000 -1.0000 -0.0000
vn -0.0000 1.0000 -0.0000
vt 0.375000 0.000000
vt 0.625000 0.000000
vt 0.625000 0.250000
vt 0.375000 0.250000
vt 0.625000 0.500000
vt 0.375000 0.500000
vt 0.625000 0.750000
vt 0.375000 0.750000
vt 0.625000 1.000000
vt 0.375000 1.000000
vt 0.125000 0.500000
vt 0.125000 0.750000
vt 0.875000 0.500000
vt 0.875000 0.750000
s 0
usemtl WarmWood
f 681/1185/507 682/1186/507 684/1187/507 683/1188/507
f 683/1188/508 684/1187/508 688/1189/508 687/1190/508
f 687/1190/509 688/1189/509 686/1191/509 685/1192/509
f 685/1192/510 686/1191/510 682/1193/510 681/1194/510
f 683/1195/511 687/1190/511 685/1192/511 681/1196/511
f 688/1189/512 684/1197/512 682/1198/512 686/1191/512
o KitSink
v -6.100000 0.900000 -4.350000
v -6.100000 0.940000 -4.350000
v -6.100000 0.900000 -4.650000
v -6.100000 0.940000 -4.650000
v -5.700000 0.900000 -4.350000
v -5.700000 0.940000 -4.350000
v -5.700000 0.900000 -4.650000
v -5.700000 0.940000 -4.650000
vn -1.0000 -0.0000 -0.0000
vn -0.0000 -0.0000 -1.0000
vn 1.0000 -0.0000 -0.0000
vn -0.0000 -0.0000 1.0000
vn -0.0000 -1.0000 -0.0000
vn -0.0000 1.0000 -0.0000
vt 0.375000 0.000000
vt 0.625000 0.000000
vt 0.625000 0.250000
vt 0.375000 0.250000
vt 0.625000 0.500000
vt 0.375000 0.500000
vt 0.625000 0.750000
vt 0.375000 0.750000
vt 0.625000 1.000000
vt 0.375000 1.000000
vt 0.125000 0.500000
vt 0.125000 0.750000
vt 0.875000 0.500000
vt 0.875000 0.750000
s 0
usemtl Steel
f 689/1199/513 690/1200/513 692/1201/513 691/1202/513
f 691/1202/514 692/1201/514 696/1203/514 695/1204/514
f 695/1204/515 696/1203/515 694/1205/515 693/1206/515
f 693/1206/516 694/1205/516 690/1207/516 689/1208/516
f 691/1209/517 695/1204/517 693/1206/517 689/1210/517
f 696/1203/518 692/1211/518 690/1212/518 694/1205/518
o KitFridge
v -6.500000 0.000000 -4.200000
v -6.500000 1.700000 -4.200000
v -6.500000 0.000000 -4.800000
v -6.500000 1.700000 -4.800000
v -5.900000 0.000000 -4.200000
v -5.900000 1.700000 -4.200000
v -5.900000 0.000000 -4.800000
v -5.900000 1.700000 -4.800000
vn -1.0000 -0.0000 -0.0000
vn -0.0000 -0.0000 -1.0000
vn 1.0000 -0.0000 -0.0000
vn -0.0000 -0.0000 1.0000
vn -0.0000 -1.0000 -0.0000
vn -0.0000 1.0000 -0.0000
vt 0.375000 0.000000
vt 0.625000 0.000000
vt 0.625000 0.250000
vt 0.375000 0.250000
vt 0.625000 0.500000
vt 0.375000 0.500000
vt 0.625000 0.750000
vt 0.375000 0.750000
vt 0.625000 1.000000
vt 0.375000 1.000000
vt 0.125000 0.500000
vt 0.125000 0.750000
vt 0.875000 0.500000
vt 0.875000 0.750000
s 0
usemtl Steel
f 697/1213/519 698/1214/519 700/1215/519 699/1216/519
f 699/1216/520 700/1215/520 704/1217/520 703/1218/520
f 703/1218/521 704/1217/521 702/1219/521 701/1220/521
f 701/1220/522 702/1219/522 698/1221/522 697/1222/522
f 699/1223/523 703/1218/523 701/1220/523 697/1224/523
f 704/1217/524 700/1225/524 698/1226/524 702/1219/524
o KitCoffee
v -5.450000 0.900000 -4.350000
v -5.450000 1.200000 -4.350000
v -5.450000 0.900000 -4.650000
v -5.450000 1.200000 -4.650000
v -5.150000 0.900000 -4.350000
v -5.150000 1.200000 -4.350000
v -5.150000 0.900000 -4.650000
v -5.150000 1.200000 -4.650000
vn -1.0000 -0.0000 -0.0000
vn -0.0000 -0.0000 -1.0000
vn 1.0000 -0.0000 -0.0000
vn -0.0000 -0.0000 1.0000
vn -0.0000 -1.0000 -0.0000
vn -0.0000 1.0000 -0.0000
vt 0.375000 0.000000
vt 0.625000 0.000000
vt 0.625000 0.250000
vt 0.375000 0.250000
vt 0.625000 0.500000
vt 0.375000 0.500000
vt 0.625000 0.750000
vt 0.375000 0.750000
vt 0.625000 1.000000
vt 0.375000 1.000000
vt 0.125000 0.500000
vt 0.125000 0.750000
vt 0.875000 0.500000
vt 0.875000 0.750000
s 0
usemtl Charcoal
f 705/1227/525 706/1228/525 708/1229/525 707/1230/525
f 707/1230/526 708/1229/526 712/1231/526 711/1232/526
f 711/1232/527 712/1231/527 710/1233/527 709/1234/527
f 709/1234/528 710/1233/528 706/1235/528 705/1236/528
f 707/1237/529 711/1232/529 709/1234/529 705/1238/529
f 712/1231/530 708/1239/530 706/1240/530 710/1233/530
o KitMicro
v -5.000000 0.880000 -4.320000
v -5.000000 1.120000 -4.320000
v -5.000000 0.880000 -4.680000
v -5.000000 1.120000 -4.680000
v -4.600000 0.880000 -4.320000
v -4.600000 1.120000 -4.320000
v -4.600000 0.880000 -4.680000
v -4.600000 1.120000 -4.680000
vn -1.0000 -0.0000 -0.0000
vn -0.0000 -0.0000 -1.0000
vn 1.0000 -0.0000 -0.0000
vn -0.0000 -0.0000 1.0000
vn -0.0000 -1.0000 -0.0000
vn -0.0000 1.0000 -0.0000
vt 0.375000 0.000000
vt 0.625000 0.000000
vt 0.625000 0.250000
vt 0.375000 0.250000
vt 0.625000 0.500000
vt 0.375000 0.500000
vt 0.625000 0.750000
vt 0.375000 0.750000
vt 0.625000 1.000000
vt 0.375000 1.000000
vt 0.125000 0.500000
vt 0.125000 0.750000
vt 0.875000 0.500000
vt 0.875000 0.750000
s 0
usemtl Steel
f 713/1241/531 714/1242/531 716/1243/531 715/1244/531
f 715/1244/532 716/1243/532 720/1245/532 719/1246/532
f 719/1246/533 720/1245/533 718/1247/533 717/1248/533
f 717/1248/534 718/1247/534 714/1249/534 713/1250/534
f 715/1251/535 719/1246/535 717/1248/535 713/1252/535
f 720/1245/536 716/1253/536 714/1254/536 718/1247/536
o KitUpCab
v -6.500000 1.950000 -4.780000
v -6.500000 2.650000 -4.780000
v -6.500000 1.950000 -5.020000
v -6.500000 2.650000 -5.020000
v -4.500000 1.950000 -4.780000
v -4.500000 2.650000 -4.780000
v -4.500000 1.950000 -5.020000
v -4.500000 2.650000 -5.020000
vn -1.0000 -0.0000 -0.0000
vn -0.0000 -0.0000 -1.0000
vn 1.0000 -0.0000 -0.0000
vn -0.0000 -0.0000 1.0000
vn -0.0000 -1.0000 -0.0000
vn -0.0000 1.0000 -0.0000
vt 0.375000 0.000000
vt 0.625000 0.000000
vt 0.625000 0.250000
vt 0.375000 0.250000
vt 0.625000 0.500000
vt 0.375000 0.500000
vt 0.625000 0.750000
vt 0.375000 0.750000
vt 0.625000 1.000000
vt 0.375000 1.000000
vt 0.125000 0.500000
vt 0.125000 0.750000
vt 0.875000 0.500000
vt 0.875000 0.750000
s 0
usemtl WarmWood
f 721/1255/537 722/1256/537 724/1257/537 723/1258/537
f 723/1258/538 724/1257/538 728/1259/538 727/1260/538
f 727/1260/539 728/1259/539 726/1261/539 725/1262/539
f 725/1262/540 726/1261/540 722/1263/540 721/1264/540
f 723/1265/541 727/1260/541 725/1262/541 721/1266/541
f 728/1259/542 724/1267/542 722/1268/542 726/1261/542
o Sofa1
v -0.300000 0.000000 2.350000
v -0.300000 0.700000 2.350000
v -0.300000 0.000000 1.650000
v -0.300000 0.700000 1.650000
v 1.300000 0.000000 2.350000
v 1.300000 0.700000 2.350000
v 1.300000 0.000000 1.650000
v 1.300000 0.700000 1.650000
vn -1.0000 -0.0000 -0.0000
vn -0.0000 -0.0000 -1.0000
vn 1.0000 -0.0000 -0.0000
vn -0.0000 -0.0000 1.0000
vn -0.0000 -1.0000 -0.0000
vn -0.0000 1.0000 -0.0000
vt 0.375000 0.000000
vt 0.625000 0.000000
vt 0.625000 0.250000
vt 0.375000 0.250000
vt 0.625000 0.500000
vt 0.375000 0.500000
vt 0.625000 0.750000
vt 0.375000 0.750000
vt 0.625000 1.000000
vt 0.375000 1.000000
vt 0.125000 0.500000
vt 0.125000 0.750000
vt 0.875000 0.500000
vt 0.875000 0.750000
s 0
usemtl DeepTeal
f 729/1269/543 730/1270/543 732/1271/543 731/1272/543
f 731/1272/544 732/1271/544 736/1273/544 735/1274/544
f 735/1274/545 736/1273/545 734/1275/545 733/1276/545
f 733/1276/546 734/1275/546 730/1277/546 729/1278/546
f 731/1279/547 735/1274/547 733/1276/547 729/1280/547
f 736/1273/548 732/1281/548 730/1282/548 734/1275/548
o Sofa2
v 1.500000 0.000000 2.350000
v 1.500000 0.700000 2.350000
v 1.500000 0.000000 1.650000
v 1.500000 0.700000 1.650000
v 3.100000 0.000000 2.350000
v 3.100000 0.700000 2.350000
v 3.100000 0.000000 1.650000
v 3.100000 0.700000 1.650000
vn -1.0000 -0.0000 -0.0000
vn -0.0000 -0.0000 -1.0000
vn 1.0000 -0.0000 -0.0000
vn -0.0000 -0.0000 1.0000
vn -0.0000 -1.0000 -0.0000
vn -0.0000 1.0000 -0.0000
vt 0.375000 0.000000
vt 0.625000 0.000000
vt 0.625000 0.250000
vt 0.375000 0.250000
vt 0.625000 0.500000
vt 0.375000 0.500000
vt 0.625000 0.750000
vt 0.375000 0.750000
vt 0.625000 1.000000
vt 0.375000 1.000000
vt 0.125000 0.500000
vt 0.125000 0.750000
vt 0.875000 0.500000
vt 0.875000 0.750000
s 0
usemtl DeepTeal
f 737/1283/549 738/1284/549 740/1285/549 739/1286/549
f 739/1286/550 740/1285/550 744/1287/550 743/1288/550
f 743/1288/551 744/1287/551 742/1289/551 741/1290/551
f 741/1290/552 742/1289/552 738/1291/552 737/1292/552
f 739/1293/553 743/1288/553 741/1290/553 737/1294/553
f 744/1287/554 740/1295/554 738/1296/554 742/1289/554
o CoffeeTable
v 1.000000 0.220000 3.050000
v 1.000000 0.280000 3.050000
v 1.000000 0.220000 2.550000
v 1.000000 0.280000 2.550000
v 1.800000 0.220000 3.050000
v 1.800000 0.280000 3.050000
v 1.800000 0.220000 2.550000
v 1.800000 0.280000 2.550000
vn -1.0000 -0.0000 -0.0000
vn -0.0000 -0.0000 -1.0000
vn 1.0000 -0.0000 -0.0000
vn -0.0000 -0.0000 1.0000
vn -0.0000 -1.0000 -0.0000
vn -0.0000 1.0000 -0.0000
vt 0.375000 0.000000
vt 0.625000 0.000000
vt 0.625000 0.250000
vt 0.375000 0.250000
vt 0.625000 0.500000
vt 0.375000 0.500000
vt 0.625000 0.750000
vt 0.375000 0.750000
vt 0.625000 1.000000
vt 0.375000 1.000000
vt 0.125000 0.500000
vt 0.125000 0.750000
vt 0.875000 0.500000
vt 0.875000 0.750000
s 0
usemtl WarmWood
f 745/1297/555 746/1298/555 748/1299/555 747/1300/555
f 747/1300/556 748/1299/556 752/1301/556 751/1302/556
f 751/1302/557 752/1301/557 750/1303/557 749/1304/557
f 749/1304/558 750/1303/558 746/1305/558 745/1306/558
f 747/1307/559 751/1302/559 749/1304/559 745/1308/559
f 752/1301/560 748/1309/560 746/1310/560 750/1303/560
o Foosball
v 0.700000 0.450000 1.150000
v 0.700000 0.650000 1.150000
v 0.700000 0.450000 0.450000
v 0.700000 0.650000 0.450000
v 2.100000 0.450000 1.150000
v 2.100000 0.650000 1.150000
v 2.100000 0.450000 0.450000
v 2.100000 0.650000 0.450000
vn -1.0000 -0.0000 -0.0000
vn -0.0000 -0.0000 -1.0000
vn 1.0000 -0.0000 -0.0000
vn -0.0000 -0.0000 1.0000
vn -0.0000 -1.0000 -0.0000
vn -0.0000 1.0000 -0.0000
vt 0.375000 0.000000
vt 0.625000 0.000000
vt 0.625000 0.250000
vt 0.375000 0.250000
vt 0.625000 0.500000
vt 0.375000 0.500000
vt 0.625000 0.750000
vt 0.375000 0.750000
vt 0.625000 1.000000
vt 0.375000 1.000000
vt 0.125000 0.500000
vt 0.125000 0.750000
vt 0.875000 0.500000
vt 0.875000 0.750000
s 0
usemtl Charcoal
f 753/1311/561 754/1312/561 756/1313/561 755/1314/561
f 755/1314/562 756/1313/562 760/1315/562 759/1316/562
f 759/1316/563 760/1315/563 758/1317/563 757/1318/563
f 757/1318/564 758/1317/564 754/1319/564 753/1320/564
f 755/1321/565 759/1316/565 757/1318/565 753/1322/565
f 760/1315/566 756/1323/566 754/1324/566 758/1317/566
o Foosball_leg1
v 0.800000 0.000000 0.760000
v 0.800000 0.450000 0.760000
v 0.807804 0.000000 0.760769
v 0.807804 0.450000 0.760769
v 0.815307 0.000000 0.763045
v 0.815307 0.450000 0.763045
v 0.822223 0.000000 0.766741
v 0.822223 0.450000 0.766741
v 0.828284 0.000000 0.771716
v 0.828284 0.450000 0.771716
v 0.833259 0.000000 0.777777
v 0.833259 0.450000 0.777777
v 0.836955 0.000000 0.784693
v 0.836955 0.450000 0.784693
v 0.839231 0.000000 0.792196
v 0.839231 0.450000 0.792196
v 0.840000 0.000000 0.800000
v 0.840000 0.450000 0.800000
v 0.839231 0.000000 0.807804
v 0.839231 0.450000 0.807804
v 0.836955 0.000000 0.815307
v 0.836955 0.450000 0.815307
v 0.833259 0.000000 0.822223
v 0.833259 0.450000 0.822223
v 0.828284 0.000000 0.828284
v 0.828284 0.450000 0.828284
v 0.822223 0.000000 0.833259
v 0.822223 0.450000 0.833259
v 0.815307 0.000000 0.836955
v 0.815307 0.450000 0.836955
v 0.807804 0.000000 0.839231
v 0.807804 0.450000 0.839231
v 0.800000 0.000000 0.840000
v 0.800000 0.450000 0.840000
v 0.792196 0.000000 0.839231
v 0.792196 0.450000 0.839231
v 0.784693 0.000000 0.836955
v 0.784693 0.450000 0.836955
v 0.777777 0.000000 0.833259
v 0.777777 0.450000 0.833259
v 0.771716 0.000000 0.828284
v 0.771716 0.450000 0.828284
v 0.766741 0.000000 0.822223
v 0.766741 0.450000 0.822223
v 0.763045 0.000000 0.815307
v 0.763045 0.450000 0.815307
v 0.760769 0.000000 0.807804
v 0.760769 0.450000 0.807804
v 0.760000 0.000000 0.800000
v 0.760000 0.450000 0.800000
v 0.760769 0.000000 0.792196
v 0.760769 0.450000 0.792196
v 0.763045 0.000000 0.784693
v 0.763045 0.450000 0.784693
v 0.766741 0.000000 0.777777
v 0.766741 0.450000 0.777777
v 0.771716 0.000000 0.771716
v 0.771716 0.450000 0.771716
v 0.777777 0.000000 0.766741
v 0.777777 0.450000 0.766741
v 0.784693 0.000000 0.763045
v 0.784693 0.450000 0.763045
v 0.792196 0.000000 0.760769
v 0.792196 0.450000 0.760769
vn 0.0980 -0.0000 -0.9952
vn 0.2903 -0.0000 -0.9569
vn 0.4714 -0.0000 -0.8819
vn 0.6344 -0.0000 -0.7730
vn 0.7730 -0.0000 -0.6344
vn 0.8819 -0.0000 -0.4714
vn 0.9569 -0.0000 -0.2903
vn 0.9952 -0.0000 -0.0980
vn 0.9952 -0.0000 0.0980
vn 0.9569 -0.0000 0.2903
vn 0.8819 -0.0000 0.4714
vn 0.7730 -0.0000 0.6344
vn 0.6344 -0.0000 0.7730
vn 0.4714 -0.0000 0.8819
vn 0.2903 -0.0000 0.9569
vn 0.0980 -0.0000 0.9952
vn -0.0980 -0.0000 0.9952
vn -0.2903 -0.0000 0.9569
vn -0.4714 -0.0000 0.8819
vn -0.6344 -0.0000 0.7730
vn -0.7730 -0.0000 0.6344
vn -0.8819 -0.0000 0.4714
vn -0.9569 -0.0000 0.2903
vn -0.9952 -0.0000 0.0980
vn -0.9952 -0.0000 -0.0980
vn -0.9569 -0.0000 -0.2903
vn -0.8819 -0.0000 -0.4714
vn -0.7730 -0.0000 -0.6344
vn -0.6344 -0.0000 -0.7730
vn -0.4714 -0.0000 -0.8819
vn -0.0000 1.0000 -0.0000
vn -0.2903 -0.0000 -0.9569
vn -0.0980 -0.0000 -0.9952
vn -0.0000 -1.0000 -0.0000
vt 1.000000 0.500000
vt 1.000000 1.000000
vt 0.968750 1.000000
vt 0.968750 0.500000
vt 0.937500 1.000000
vt 0.937500 0.500000
vt 0.906250 1.000000
vt 0.906250 0.500000
vt 0.875000 1.000000
vt 0.875000 0.500000
vt 0.843750 1.000000
vt 0.843750 0.500000
vt 0.812500 1.000000
vt 0.812500 0.500000
vt 0.781250 1.000000
vt 0.781250 0.500000
vt 0.750000 1.000000
vt 0.750000 0.500000
vt 0.718750 1.000000
vt 0.718750 0.500000
vt 0.687500 1.000000
vt 0.687500 0.500000
vt 0.656250 1.000000
vt 0.656250 0.500000
vt 0.625000 1.000000
vt 0.625000 0.500000
vt 0.593750 1.000000
vt 0.593750 0.500000
vt 0.562500 1.000000
vt 0.562500 0.500000
vt 0.531250 1.000000
vt 0.531250 0.500000
vt 0.500000 1.000000
vt 0.500000 0.500000
vt 0.468750 1.000000
vt 0.468750 0.500000
vt 0.437500 1.000000
vt 0.437500 0.500000
vt 0.406250 1.000000
vt 0.406250 0.500000
vt 0.375000 1.000000
vt 0.375000 0.500000
vt 0.343750 1.000000
vt 0.343750 0.500000
vt 0.312500 1.000000
vt 0.312500 0.500000
vt 0.281250 1.000000
vt 0.281250 0.500000
vt 0.250000 1.000000
vt 0.250000 0.500000
vt 0.218750 1.000000
vt 0.218750 0.500000
vt 0.187500 1.000000
vt 0.187500 0.500000
vt 0.156250 1.000000
vt 0.156250 0.500000
vt 0.125000 1.000000
vt 0.125000 0.500000
vt 0.093750 1.000000
vt 0.093750 0.500000
vt 0.062500 1.000000
vt 0.062500 0.500000
vt 0.296822 0.485388
vt 0.250000 0.490000
vt 0.203178 0.485388
vt 0.158156 0.471731
vt 0.116663 0.449553
vt 0.080294 0.419706
vt 0.050447 0.383337
vt 0.028269 0.341844
vt 0.014612 0.296822
vt 0.010000 0.250000
vt 0.014612 0.203178
vt 0.028269 0.158156
vt 0.050447 0.116663
vt 0.080294 0.080294
vt 0.116663 0.050447
vt 0.158156 0.028269
vt 0.203178 0.014612
vt 0.250000 0.010000
vt 0.296822 0.014612
vt 0.341844 0.028269
vt 0.383337 0.050447
vt 0.419706 0.080294
vt 0.449553 0.116663
vt 0.471731 0.158156
vt 0.485388 0.203178
vt 0.490000 0.250000
vt 0.485388 0.296822
vt 0.471731 0.341844
vt 0.449553 0.383337
vt 0.419706 0.419706
vt 0.383337 0.449553
vt 0.341844 0.471731
vt 0.031250 1.000000
vt 0.031250 0.500000
vt 0.000000 1.000000
vt 0.000000 0.500000
vt 0.750000 0.490000
vt 0.796822 0.485388
vt 0.841844 0.471731
vt 0.883337 0.449553
vt 0.919706 0.419706
vt 0.949553 0.383337
vt 0.971731 0.341844
vt 0.985388 0.296822
vt 0.990000 0.250000
vt 0.985388 0.203178
vt 0.971731 0.158156
vt 0.949553 0.116663
vt 0.919706 0.080294
vt 0.883337 0.050447
vt 0.841844 0.028269
vt 0.796822 0.014612
vt 0.750000 0.010000
vt 0.703178 0.014612
vt 0.658156 0.028269
vt 0.616663 0.050447
vt 0.580294 0.080294
vt 0.550447 0.116663
vt 0.528269 0.158156
vt 0.514612 0.203178
vt 0.510000 0.250000
vt 0.514612 0.296822
vt 0.528269 0.341844
vt 0.550447 0.383337
vt 0.580294 0.419706
vt 0.616663 0.449553
vt 0.658156 0.471731
vt 0.703178 0.485388
s 0
usemtl Steel
f 761/1325/567 762/1326/567 764/1327/567 763/1328/567
f 763/1328/568 764/1327/568 766/1329/568 765/1330/568
f 765/1330/569 766/1329/569 768/1331/569 767/1332/569
f 767/1332/570 768/1331/570 770/1333/570 769/1334/570
f 769/1334/571 770/1333/571 772/1335/571 771/1336/571
f 771/1336/572 772/1335/572 774/1337/572 773/1338/572
f 773/1338/573 774/1337/573 776/1339/573 775/1340/573
f 775/1340/574 776/1339/574 778/1341/574 777/1342/574
f 777/1342/575 778/1341/575 780/1343/575 779/1344/575
f 779/1344/576 780/1343/576 782/1345/576 781/1346/576
f 781/1346/577 782/1345/577 784/1347/577 783/1348/577
f 783/1348/578 784/1347/578 786/1349/578 785/1350/578
f 785/1350/579 786/1349/579 788/1351/579 787/1352/579
f 787/1352/580 788/1351/580 790/1353/580 789/1354/580
f 789/1354/581 790/1353/581 792/1355/581 791/1356/581
f 791/1356/582 792/1355/582 794/1357/582 793/1358/582
f 793/1358/583 794/1357/583 796/1359/583 795/1360/583
f 795/1360/584 796/1359/584 798/1361/584 797/1362/584
f 797/1362/585 798/1361/585 800/1363/585 799/1364/585
f 799/1364/586 800/1363/586 802/1365/586 801/1366/586
f 801/1366/587 802/1365/587 804/1367/587 803/1368/587
f 803/1368/588 804/1367/588 806/1369/588 805/1370/588
f 805/1370/589 806/1369/589 808/1371/589 807/1372/589
f 807/1372/590 808/1371/590 810/1373/590 809/1374/590
f 809/1374/591 810/1373/591 812/1375/591 811/1376/591
f 811/1376/592 812/1375/592 814/1377/592 813/1378/592
f 813/1378/593 814/1377/593 816/1379/593 815/1380/593
f 815/1380/594 816/1379/594 818/1381/594 817/1382/594
f 817/1382/595 818/1381/595 820/1383/595 819/1384/595
f 819/1384/596 820/1383/596 822/1385/596 821/1386/596
f 764/1387/597 762/1388/597 824/1389/597 822/1390/597 820/1391/597 818/1392/597 816/1393/597 814/1394/597 812/1395/597 810/1396/597 808/1397/597 806/1398/597 804/1399/597 802/1400/597 800/1401/597 798/1402/597 796/1403/597 794/1404/597 792/1405/597 790/1406/597 788/1407/597 786/1408/597 784/1409/597 782/1410/597 780/1411/597 778/1412/597 776/1413/597 774/1414/597 772/1415/597 770/1416/597 768/1417/597 766/1418/597
f 821/1386/598 822/1385/598 824/1419/598 823/1420/598
f 823/1420/599 824/1419/599 762/1421/599 761/1422/599
f 761/1423/600 763/1424/600 765/1425/600 767/1426/600 769/1427/600 771/1428/600 773/1429/600 775/1430/600 777/1431/600 779/1432/600 781/1433/600 783/1434/600 785/1435/600 787/1436/600 789/1437/600 791/1438/600 793/1439/600 795/1440/600 797/1441/600 799/1442/600 801/1443/600 803/1444/600 805/1445/600 807/1446/600 809/1447/600 811/1448/600 813/1449/600 815/1450/600 817/1451/600 819/1452/600 821/1453/600 823/1454/600
o Foosball_leg2
v 2.000000 0.000000 0.760000
v 2.000000 0.450000 0.760000
v 2.007804 0.000000 0.760769
v 2.007804 0.450000 0.760769
v 2.015307 0.000000 0.763045
v 2.015307 0.450000 0.763045
v 2.022223 0.000000 0.766741
v 2.022223 0.450000 0.766741
v 2.028284 0.000000 0.771716
v 2.028284 0.450000 0.771716
v 2.033259 0.000000 0.777777
v 2.033259 0.450000 0.777777
v 2.036955 0.000000 0.784693
v 2.036955 0.450000 0.784693
v 2.039231 0.000000 0.792196
v 2.039231 0.450000 0.792196
v 2.040000 0.000000 0.800000
v 2.040000 0.450000 0.800000
v 2.039231 0.000000 0.807804
v 2.039231 0.450000 0.807804
v 2.036955 0.000000 0.815307
v 2.036955 0.450000 0.815307
v 2.033259 0.000000 0.822223
v 2.033259 0.450000 0.822223
v 2.028284 0.000000 0.828284
v 2.028284 0.450000 0.828284
v 2.022223 0.000000 0.833259
v 2.022223 0.450000 0.833259
v 2.015307 0.000000 0.836955
v 2.015307 0.450000 0.836955
v 2.007804 0.000000 0.839231
v 2.007804 0.450000 0.839231
v 2.000000 0.000000 0.840000
v 2.000000 0.450000 0.840000
v 1.992196 0.000000 0.839231
v 1.992196 0.450000 0.839231
v 1.984693 0.000000 0.836955
v 1.984693 0.450000 0.836955
v 1.977777 0.000000 0.833259
v 1.977777 0.450000 0.833259
v 1.971716 0.000000 0.828284
v 1.971716 0.450000 0.828284
v 1.966741 0.000000 0.822223
v 1.966741 0.450000 0.822223
v 1.963045 0.000000 0.815307
v 1.963045 0.450000 0.815307
v 1.960769 0.000000 0.807804
v 1.960769 0.450000 0.807804
v 1.960000 0.000000 0.800000
v 1.960000 0.450000 0.800000
v 1.960769 0.000000 0.792196
v 1.960769 0.450000 0.792196
v 1.963045 0.000000 0.784693
v 1.963045 0.450000 0.784693
v 1.966741 0.000000 0.777777
v 1.966741 0.450000 0.777777
v 1.971716 0.000000 0.771716
v 1.971716 0.450000 0.771716
v 1.977777 0.000000 0.766741
v 1.977777 0.450000 0.766741
v 1.984693 0.000000 0.763045
v 1.984693 0.450000 0.763045
v 1.992196 0.000000 0.760769
v 1.992196 0.450000 0.760769
vn 0.0980 -0.0000 -0.9952
vn 0.2903 -0.0000 -0.9569
vn 0.4714 -0.0000 -0.8819
vn 0.6344 -0.0000 -0.7730
vn 0.7730 -0.0000 -0.6344
vn 0.8819 -0.0000 -0.4714
vn 0.9569 -0.0000 -0.2903
vn 0.9952 -0.0000 -0.0980
vn 0.9952 -0.0000 0.0980
vn 0.9569 -0.0000 0.2903
vn 0.8819 -0.0000 0.4714
vn 0.7730 -0.0000 0.6344
vn 0.6344 -0.0000 0.7730
vn 0.4714 -0.0000 0.8819
vn 0.2903 -0.0000 0.9569
vn 0.0980 -0.0000 0.9952
vn -0.0980 -0.0000 0.9952
vn -0.2903 -0.0000 0.9569
vn -0.4714 -0.0000 0.8819
vn -0.6344 -0.0000 0.7730
vn -0.7730 -0.0000 0.6344
vn -0.8819 -0.0000 0.4714
vn -0.9569 -0.0000 0.2903
vn -0.9952 -0.0000 0.0980
vn -0.9952 -0.0000 -0.0980
vn -0.9569 -0.0000 -0.2903
vn -0.8819 -0.0000 -0.4714
vn -0.7730 -0.0000 -0.6344
vn -0.6344 -0.0000 -0.7730
vn -0.4714 -0.0000 -0.8819
vn -0.0000 1.0000 -0.0000
vn -0.2903 -0.0000 -0.9569
vn -0.0980 -0.0000 -0.9952
vn -0.0000 -1.0000 -0.0000
vt 1.000000 0.500000
vt 1.000000 1.000000
vt 0.968750 1.000000
vt 0.968750 0.500000
vt 0.937500 1.000000
vt 0.937500 0.500000
vt 0.906250 1.000000
vt 0.906250 0.500000
vt 0.875000 1.000000
vt 0.875000 0.500000
vt 0.843750 1.000000
vt 0.843750 0.500000
vt 0.812500 1.000000
vt 0.812500 0.500000
vt 0.781250 1.000000
vt 0.781250 0.500000
vt 0.750000 1.000000
vt 0.750000 0.500000
vt 0.718750 1.000000
vt 0.718750 0.500000
vt 0.687500 1.000000
vt 0.687500 0.500000
vt 0.656250 1.000000
vt 0.656250 0.500000
vt 0.625000 1.000000
vt 0.625000 0.500000
vt 0.593750 1.000000
vt 0.593750 0.500000
vt 0.562500 1.000000
vt 0.562500 0.500000
vt 0.531250 1.000000
vt 0.531250 0.500000
vt 0.500000 1.000000
vt 0.500000 0.500000
vt 0.468750 1.000000
vt 0.468750 0.500000
vt 0.437500 1.000000
vt 0.437500 0.500000
vt 0.406250 1.000000
vt 0.406250 0.500000
vt 0.375000 1.000000
vt 0.375000 0.500000
vt 0.343750 1.000000
vt 0.343750 0.500000
vt 0.312500 1.000000
vt 0.312500 0.500000
vt 0.281250 1.000000
vt 0.281250 0.500000
vt 0.250000 1.000000
vt 0.250000 0.500000
vt 0.218750 1.000000
vt 0.218750 0.500000
vt 0.187500 1.000000
vt 0.187500 0.500000
vt 0.156250 1.000000
vt 0.156250 0.500000
vt 0.125000 1.000000
vt 0.125000 0.500000
vt 0.093750 1.000000
vt 0.093750 0.500000
vt 0.062500 1.000000
vt 0.062500 0.500000
vt 0.296822 0.485388
vt 0.250000 0.490000
vt 0.203178 0.485388
vt 0.158156 0.471731
vt 0.116663 0.449553
vt 0.080294 0.419706
vt 0.050447 0.383337
vt 0.028269 0.341844
vt 0.014612 0.296822
vt 0.010000 0.250000
vt 0.014612 0.203178
vt 0.028269 0.158156
vt 0.050447 0.116663
vt 0.080294 0.080294
vt 0.116663 0.050447
vt 0.158156 0.028269
vt 0.203178 0.014612
vt 0.250000 0.010000
vt 0.296822 0.014612
vt 0.341844 0.028269
vt 0.383337 0.050447
vt 0.419706 0.080294
vt 0.449553 0.116663
vt 0.471731 0.158156
vt 0.485388 0.203178
vt 0.490000 0.250000
vt 0.485388 0.296822
vt 0.471731 0.341844
vt 0.449553 0.383337
vt 0.419706 0.419706
vt 0.383337 0.449553
vt 0.341844 0.471731
vt 0.031250 1.000000
vt 0.031250 0.500000
vt 0.000000 1.000000
vt 0.000000 0.500000
vt 0.750000 0.490000
vt 0.796822 0.485388
vt 0.841844 0.471731
vt 0.883337 0.449553
vt 0.919706 0.419706
vt 0.949553 0.383337
vt 0.971731 0.341844
vt 0.985388 0.296822
vt 0.990000 0.250000
vt 0.985388 0.203178
vt 0.971731 0.158156
vt 0.949553 0.116663
vt 0.919706 0.080294
vt 0.883337 0.050447
vt 0.841844 0.028269
vt 0.796822 0.014612
vt 0.750000 0.010000
vt 0.703178 0.014612
vt 0.658156 0.028269
vt 0.616663 0.050447
vt 0.580294 0.080294
vt 0.550447 0.116663
vt 0.528269 0.158156
vt 0.514612 0.203178
vt 0.510000 0.250000
vt 0.514612 0.296822
vt 0.528269 0.341844
vt 0.550447 0.383337
vt 0.580294 0.419706
vt 0.616663 0.449553
vt 0.658156 0.471731
vt 0.703178 0.485388
s 0
usemtl Steel
f 825/1455/601 826/1456/601 828/1457/601 827/1458/601
f 827/1458/602 828/1457/602 830/1459/602 829/1460/602
f 829/1460/603 830/1459/603 832/1461/603 831/1462/603
f 831/1462/604 832/1461/604 834/1463/604 833/1464/604
f 833/1464/605 834/1463/605 836/1465/605 835/1466/605
f 835/1466/606 836/1465/606 838/1467/606 837/1468/606
f 837/1468/607 838/1467/607 840/1469/607 839/1470/607
f 839/1470/608 840/1469/608 842/1471/608 841/1472/608
f 841/1472/609 842/1471/609 844/1473/609 843/1474/609
f 843/1474/610 844/1473/610 846/1475/610 845/1476/610
f 845/1476/611 846/1475/611 848/1477/611 847/1478/611
f 847/1478/612 848/1477/612 850/1479/612 849/1480/612
f 849/1480/613 850/1479/613 852/1481/613 851/1482/613
f 851/1482/614 852/1481/614 854/1483/614 853/1484/614
f 853/1484/615 854/1483/615 856/1485/615 855/1486/615
f 855/1486/616 856/1485/616 858/1487/616 857/1488/616
f 857/1488/617 858/1487/617 860/1489/617 859/1490/617
f 859/1490/618 860/1489/618 862/1491/618 861/1492/618
f 861/1492/619 862/1491/619 864/1493/619 863/1494/619
f 863/1494/620 864/1493/620 866/1495/620 865/1496/620
f 865/1496/621 866/1495/621 868/1497/621 867/1498/621
f 867/1498/622 868/1497/622 870/1499/622 869/1500/622
f 869/1500/623 870/1499/623 872/1501/623 871/1502/623
f 871/1502/624 872/1501/624 874/1503/624 873/1504/624
f 873/1504/625 874/1503/625 876/1505/625 875/1506/625
f 875/1506/626 876/1505/626 878/1507/626 877/1508/626
f 877/1508/627 878/1507/627 880/1509/627 879/1510/627
f 879/1510/628 880/1509/628 882/1511/628 881/1512/628
f 881/1512/629 882/1511/629 884/1513/629 883/1514/629
f 883/1514/630 884/1513/630 886/1515/630 885/1516/630
f 828/1517/631 826/1518/631 888/1519/631 886/1520/631 884/1521/631 882/1522/631 880/1523/631 878/1524/631 876/1525/631 874/1526/631 872/1527/631 870/1528/631 868/1529/631 866/1530/631 864/1531/631 862/1532/631 860/1533/631 858/1534/631 856/1535/631 854/1536/631 852/1537/631 850/1538/631 848/1539/631 846/1540/631 844/1541/631 842/1542/631 840/1543/631 838/1544/631 836/1545/631 834/1546/631 832/1547/631 830/1548/631
f 885/1516/632 886/1515/632 888/1549/632 887/1550/632
f 887/1550/633 888/1549/633 826/1551/633 825/1552/633
f 825/1553/634 827/1554/634 829/1555/634 831/1556/634 833/1557/634 835/1558/634 837/1559/634 839/1560/634 841/1561/634 843/1562/634 845/1563/634 847/1564/634 849/1565/634 851/1566/634 853/1567/634 855/1568/634 857/1569/634 859/1570/634 861/1571/634 863/1572/634 865/1573/634 867/1574/634 869/1575/634 871/1576/634 873/1577/634 875/1578/634 877/1579/634 879/1580/634 881/1581/634 883/1582/634 885/1583/634 887/1584/634
o BeanBag1
v -0.300000 0.549441 2.633329
v -0.300000 0.466671 2.550559
v -0.300000 0.358527 2.505764
v -0.300000 0.300000 2.500000
v -0.300000 0.241473 2.505764
v -0.300000 0.133329 2.550559
v -0.288582 0.594236 2.742597
v -0.277603 0.577164 2.687401
v -0.267484 0.549441 2.636531
v -0.258615 0.512132 2.591944
v -0.251337 0.466671 2.555352
v -0.245928 0.414805 2.528162
v -0.242597 0.358527 2.511418
v -0.241473 0.300000 2.505764
v -0.242597 0.241473 2.511418
v -0.245928 0.185195 2.528162
v -0.251337 0.133329 2.555352
v -0.258615 0.087868 2.591944
v -0.267484 0.050559 2.636531
v -0.277603 0.022836 2.687401
v -0.288582 0.005764 2.742597
v -0.277603 0.594236 2.745928
v -0.256066 0.577164 2.693934
v -0.236218 0.549441 2.646016
v -0.218821 0.512132 2.604016
v -0.204543 0.466671 2.569547
v -0.193934 0.414805 2.543934
v -0.187401 0.358527 2.528162
v -0.185195 0.300000 2.522836
v -0.187401 0.241473 2.528162
v -0.193934 0.185195 2.543934
v -0.204543 0.133329 2.569547
v -0.218821 0.087868 2.604016
v -0.236218 0.050559 2.646016
v -0.256066 0.022836 2.693934
v -0.277603 0.005764 2.745928
v -0.267484 0.594236 2.751336
v -0.236218 0.577164 2.704543
v -0.207403 0.549441 2.661418
v -0.182146 0.512132 2.623619
v -0.161418 0.466671 2.592597
v -0.146016 0.414805 2.569547
v -0.136531 0.358527 2.555352
v -0.133329 0.300000 2.550559
v -0.136531 0.241473 2.555352
v -0.146016 0.185195 2.569547
v -0.161418 0.133329 2.592597
v -0.182146 0.087868 2.623619
v -0.207403 0.050559 2.661418
v -0.236218 0.022836 2.704543
v -0.267484 0.005764 2.751336
v -0.258615 0.594236 2.758615
v -0.218821 0.577164 2.718821
v -0.182146 0.549441 2.682146
v -0.150000 0.512132 2.650000
v -0.123619 0.466671 2.623619
v -0.104016 0.414805 2.604016
v -0.091944 0.358527 2.591944
v -0.087868 0.300000 2.587868
v -0.091944 0.241473 2.591944
v -0.104016 0.185195 2.604016
v -0.123619 0.133329 2.623619
v -0.150000 0.087868 2.650000
v -0.182146 0.050559 2.682146
v -0.218821 0.022836 2.718821
v -0.258615 0.005764 2.758615
v -0.251337 0.594236 2.767484
v -0.204543 0.577164 2.736218
v -0.161418 0.549441 2.707402
v -0.123619 0.512132 2.682146
v -0.092598 0.466671 2.661418
v -0.069547 0.414805 2.646016
v -0.055352 0.358527 2.636531
v -0.050559 0.300000 2.633329
v -0.055352 0.241473 2.636531
v -0.069547 0.185195 2.646016
v -0.092598 0.133329 2.661418
v -0.123619 0.087868 2.682146
v -0.161418 0.050559 2.707402
v -0.204543 0.022836 2.736218
v -0.251337 0.005764 2.767484
v -0.300000 0.600000 2.800000
v -0.245928 0.594236 2.777603
v -0.193934 0.577164 2.756066
v -0.146016 0.549441 2.736218
v -0.104016 0.512132 2.718821
v -0.069547 0.466671 2.704543
v -0.043934 0.414805 2.693934
v -0.028162 0.358527 2.687401
v -0.022836 0.300000 2.685195
v -0.028162 0.241473 2.687401
v -0.043934 0.185195 2.693934
v -0.069547 0.133329 2.704543
v -0.104016 0.087868 2.718821
v -0.146016 0.050559 2.736218
v -0.193934 0.022836 2.756066
v -0.245928 0.005764 2.777603
v -0.242598 0.594236 2.788582
v -0.187401 0.577164 2.777603
v -0.136531 0.549441 2.767484
v -0.091944 0.512132 2.758615
v -0.055352 0.466671 2.751337
v -0.028162 0.414805 2.745928
v -0.011418 0.358527 2.742598
v -0.005764 0.300000 2.741473
v -0.011418 0.241473 2.742598
v -0.028162 0.185195 2.745928
v -0.055352 0.133329 2.751337
v -0.091944 0.087868 2.758615
v -0.136531 0.050559 2.767484
v -0.187401 0.022836 2.777603
v -0.242598 0.005764 2.788582
v -0.241473 0.594236 2.800000
v -0.185195 0.577164 2.800000
v -0.133329 0.549441 2.800000
v -0.087868 0.512132 2.800000
v -0.050559 0.466671 2.800000
v -0.022836 0.414805 2.800000
v -0.005764 0.358527 2.800000
v -0.000000 0.300000 2.800000
v -0.005764 0.241473 2.800000
v -0.022836 0.185195 2.800000
v -0.050559 0.133329 2.800000
v -0.087868 0.087868 2.800000
v -0.133329 0.050559 2.800000
v -0.185195 0.022836 2.800000
v -0.241473 0.005764 2.800000
v -0.242598 0.594236 2.811418
v -0.187401 0.577164 2.822397
v -0.136532 0.549441 2.832516
v -0.091944 0.512132 2.841385
v -0.055352 0.466671 2.848664
v -0.028162 0.414805 2.854072
v -0.011418 0.358527 2.857403
v -0.005765 0.300000 2.858527
v -0.011418 0.241473 2.857403
v -0.028162 0.185195 2.854072
v -0.055352 0.133329 2.848664
v -0.091944 0.087868 2.841385
v -0.136532 0.050559 2.832516
v -0.187401 0.022836 2.822397
v -0.242598 0.005764 2.811418
v -0.245928 0.594236 2.822397
v -0.193934 0.577164 2.843934
v -0.146016 0.549441 2.863782
v -0.104016 0.512132 2.881179
v -0.069547 0.466671 2.895457
v -0.043934 0.414805 2.906066
v -0.028162 0.358527 2.912599
v -0.022836 0.300000 2.914805
v -0.028162 0.241473 2.912599
v -0.043934 0.185195 2.906066
v -0.069547 0.133329 2.895457
v -0.104016 0.087868 2.881179
v -0.146016 0.050559 2.863782
v -0.193934 0.022836 2.843934
v -0.245928 0.005764 2.822397
v -0.251337 0.594236 2.832516
v -0.204543 0.577164 2.863782
v -0.161418 0.549441 2.892597
v -0.123619 0.512132 2.917854
v -0.092598 0.466671 2.938582
v -0.069547 0.414805 2.953984
v -0.055352 0.358527 2.963469
v -0.050559 0.300000 2.966671
v -0.055352 0.241473 2.963469
v -0.069547 0.185195 2.953984
v -0.092598 0.133329 2.938582
v -0.123619 0.087868 2.917854
v -0.161418 0.050559 2.892597
v -0.204543 0.022836 2.863782
v -0.251337 0.005764 2.832516
v -0.258615 0.594236 2.841385
v -0.218821 0.577164 2.881179
v -0.182146 0.549441 2.917854
v -0.150000 0.512132 2.950000
v -0.123619 0.466671 2.976381
v -0.104016 0.414805 2.995984
v -0.091944 0.358527 3.008056
v -0.087868 0.300000 3.012132
v -0.091944 0.241473 3.008056
v -0.104016 0.185195 2.995984
v -0.123619 0.133329 2.976381
v -0.150000 0.087868 2.950000
v -0.182146 0.050559 2.917854
v -0.218821 0.022836 2.881179
v -0.258615 0.005764 2.841385
v -0.267484 0.594236 2.848663
v -0.236218 0.577164 2.895457
v -0.207403 0.549441 2.938582
v -0.182146 0.512132 2.976381
v -0.161418 0.466671 3.007402
v -0.146016 0.414805 3.030453
v -0.136532 0.358527 3.044648
v -0.133329 0.300000 3.049441
v -0.136532 0.241473 3.044648
v -0.146016 0.185195 3.030453
v -0.161418 0.133329 3.007402
v -0.182146 0.087868 2.976381
v -0.207403 0.050559 2.938582
v -0.236218 0.022836 2.895457
v -0.267484 0.005764 2.848663
v -0.277603 0.594236 2.854072
v -0.256066 0.577164 2.906066
v -0.236218 0.549441 2.953984
v -0.218821 0.512132 2.995984
v -0.204543 0.466671 3.030453
v -0.193934 0.414805 3.056066
v -0.187401 0.358527 3.071838
v -0.185195 0.300000 3.077164
v -0.187401 0.241473 3.071838
v -0.193934 0.185195 3.056066
v -0.204543 0.133329 3.030453
v -0.218821 0.087868 2.995984
v -0.236218 0.050559 2.953984
v -0.256066 0.022836 2.906066
v -0.277603 0.005764 2.854072
v -0.288582 0.594236 2.857402
v -0.277603 0.577164 2.912599
v -0.267484 0.549441 2.963468
v -0.258615 0.512132 3.008056
v -0.251337 0.466671 3.044648
v -0.245928 0.414805 3.071838
v -0.242598 0.358527 3.088582
v -0.241473 0.300000 3.094235
v -0.242598 0.241473 3.088582
v -0.245928 0.185195 3.071838
v -0.251337 0.133329 3.044648
v -0.258615 0.087868 3.008056
v -0.267484 0.050559 2.963468
v -0.277603 0.022836 2.912599
v -0.288582 0.005764 2.857402
v -0.300000 0.594236 2.858527
v -0.300000 0.577164 2.914805
v -0.300000 0.549441 2.966671
v -0.300000 0.512132 3.012132
v -0.300000 0.466671 3.049441
v -0.300000 0.414805 3.077164
v -0.300000 0.358527 3.094235
v -0.300000 0.300000 3.100000
v -0.300000 0.241473 3.094235
v -0.300000 0.185195 3.077164
v -0.300000 0.133329 3.049441
v -0.300000 0.087868 3.012132
v -0.300000 0.050559 2.966671
v -0.300000 0.022836 2.914805
v -0.300000 0.005764 2.858527
v -0.311418 0.594236 2.857402
v -0.322397 0.577164 2.912599
v -0.332516 0.549441 2.963468
v -0.341385 0.512132 3.008056
v -0.348664 0.466671 3.044648
v -0.354072 0.414805 3.071838
v -0.357403 0.358527 3.088582
v -0.358527 0.300000 3.094235
v -0.357403 0.241473 3.088582
v -0.354072 0.185195 3.071838
v -0.348664 0.133329 3.044648
v -0.341385 0.087868 3.008056
v -0.332516 0.050559 2.963468
v -0.322397 0.022836 2.912599
v -0.311418 0.005764 2.857402
v -0.322397 0.594236 2.854072
v -0.343934 0.577164 2.906066
v -0.363782 0.549441 2.953984
v -0.381179 0.512132 2.995984
v -0.395457 0.466671 3.030453
v -0.406066 0.414805 3.056066
v -0.412599 0.358527 3.071838
v -0.414805 0.300000 3.077164
v -0.412599 0.241473 3.071838
v -0.406066 0.185195 3.056066
v -0.395457 0.133329 3.030453
v -0.381179 0.087868 2.995984
v -0.363782 0.050559 2.953984
v -0.343934 0.022836 2.906066
v -0.322397 0.005764 2.854072
v -0.332516 0.594236 2.848663
v -0.363782 0.577164 2.895457
v -0.392597 0.549441 2.938582
v -0.417854 0.512132 2.976381
v -0.438582 0.466671 3.007402
v -0.453984 0.414805 3.030453
v -0.463469 0.358527 3.044648
v -0.466671 0.300000 3.049441
v -0.463469 0.241473 3.044648
v -0.453984 0.185195 3.030453
v -0.438582 0.133329 3.007402
v -0.417854 0.087868 2.976381
v -0.392597 0.050559 2.938582
v -0.363782 0.022836 2.895457
v -0.332516 0.005764 2.848663
v -0.341385 0.594236 2.841385
v -0.381179 0.577164 2.881179
v -0.417854 0.549441 2.917854
v -0.450000 0.512132 2.950000
v -0.476381 0.466671 2.976381
v -0.495984 0.414805 2.995984
v -0.508056 0.358527 3.008056
v -0.512132 0.300000 3.012132
v -0.508056 0.241473 3.008056
v -0.495984 0.185195 2.995984
v -0.476381 0.133329 2.976381
v -0.450000 0.087868 2.950000
v -0.417854 0.050559 2.917854
v -0.381179 0.022836 2.881179
v -0.341385 0.005764 2.841385
v -0.300000 0.000000 2.800000
v -0.348663 0.594236 2.832516
v -0.395457 0.577164 2.863782
v -0.438582 0.549441 2.892597
v -0.476381 0.512132 2.917854
v -0.507402 0.466671 2.938582
v -0.530453 0.414805 2.953984
v -0.544648 0.358527 2.963468
v -0.549441 0.300000 2.966671
v -0.544648 0.241473 2.963468
v -0.530453 0.185195 2.953984
v -0.507402 0.133329 2.938582
v -0.476381 0.087868 2.917854
v -0.438582 0.050559 2.892597
v -0.395457 0.022836 2.863782
v -0.348663 0.005764 2.832516
v -0.354072 0.594236 2.822397
v -0.406066 0.577164 2.843934
v -0.453984 0.549441 2.863782
v -0.495984 0.512132 2.881179
v -0.530453 0.466671 2.895457
v -0.556066 0.414805 2.906066
v -0.571838 0.358527 2.912599
v -0.577164 0.300000 2.914805
v -0.571838 0.241473 2.912599
v -0.556066 0.185195 2.906066
v -0.530453 0.133329 2.895457
v -0.495984 0.087868 2.881179
v -0.453984 0.050559 2.863782
v -0.406066 0.022836 2.843934
v -0.354072 0.005764 2.822397
v -0.357402 0.594236 2.811418
v -0.412599 0.577164 2.822397
v -0.463468 0.549441 2.832516
v -0.508056 0.512132 2.841385
v -0.544648 0.466671 2.848663
v -0.571838 0.414805 2.854072
v -0.588582 0.358527 2.857402
v -0.594235 0.300000 2.858527
v -0.588582 0.241473 2.857402
v -0.571838 0.185195 2.854072
v -0.544648 0.133329 2.848663
v -0.508056 0.087868 2.841385
v -0.463468 0.050559 2.832516
v -0.412599 0.022836 2.822397
v -0.357402 0.005764 2.811418
v -0.358527 0.594236 2.800000
v -0.414805 0.577164 2.800000
v -0.466671 0.549441 2.800000
v -0.512132 0.512132 2.800000
v -0.549441 0.466671 2.800000
v -0.577164 0.414805 2.800000
v -0.594235 0.358527 2.800000
v -0.600000 0.300000 2.800000
v -0.594235 0.241473 2.800000
v -0.577164 0.185195 2.800000
v -0.549441 0.133329 2.800000
v -0.512132 0.087868 2.800000
v -0.466671 0.050559 2.800000
v -0.414805 0.022836 2.800000
v -0.358527 0.005764 2.800000
v -0.357402 0.594236 2.788582
v -0.412599 0.577164 2.777603
v -0.463468 0.549441 2.767484
v -0.508056 0.512132 2.758615
v -0.544648 0.466671 2.751336
v -0.571838 0.414805 2.745928
v -0.588582 0.358527 2.742597
v -0.594235 0.300000 2.741473
v -0.588582 0.241473 2.742597
v -0.571838 0.185195 2.745928
v -0.544648 0.133329 2.751336
v -0.508056 0.087868 2.758615
v -0.463468 0.050559 2.767484
v -0.412599 0.022836 2.777603
v -0.357402 0.005764 2.788582
v -0.354072 0.594236 2.777603
v -0.406066 0.577164 2.756066
v -0.453984 0.549441 2.736218
v -0.495984 0.512132 2.718821
v -0.530453 0.466671 2.704543
v -0.556066 0.414805 2.693934
v -0.571838 0.358527 2.687401
v -0.577164 0.300000 2.685195
v -0.571838 0.241473 2.687401
v -0.556066 0.185195 2.693934
v -0.530453 0.133329 2.704543
v -0.495984 0.087868 2.718821
v -0.453984 0.050559 2.736218
v -0.406066 0.022836 2.756066
v -0.354072 0.005764 2.777603
v -0.348663 0.594236 2.767484
v -0.395457 0.577164 2.736218
v -0.438582 0.549441 2.707402
v -0.476381 0.512132 2.682146
v -0.507402 0.466671 2.661418
v -0.530453 0.414805 2.646016
v -0.544648 0.358527 2.636531
v -0.549441 0.300000 2.633329
v -0.544648 0.241473 2.636531
v -0.530453 0.185195 2.646016
v -0.507402 0.133329 2.661418
v -0.476381 0.087868 2.682146
v -0.438582 0.050559 2.707402
v -0.395457 0.022836 2.736218
v -0.348663 0.005764 2.767484
v -0.341385 0.594236 2.758615
v -0.381179 0.577164 2.718821
v -0.417854 0.549441 2.682146
v -0.450000 0.512132 2.650000
v -0.476381 0.466671 2.623619
v -0.495984 0.414805 2.604016
v -0.508056 0.358527 2.591944
v -0.512132 0.300000 2.587868
v -0.508056 0.241473 2.591944
v -0.495984 0.185195 2.604016
v -0.476381 0.133329 2.623619
v -0.450000 0.087868 2.650000
v -0.417854 0.050559 2.682146
v -0.381179 0.022836 2.718821
v -0.341385 0.005764 2.758615
v -0.332516 0.594236 2.751337
v -0.363782 0.577164 2.704543
v -0.392597 0.549441 2.661418
v -0.417854 0.512132 2.623619
v -0.438582 0.466671 2.592597
v -0.453984 0.414805 2.569547
v -0.463468 0.358527 2.555352
v -0.466671 0.300000 2.550559
v -0.463468 0.241473 2.555352
v -0.453984 0.185195 2.569547
v -0.438582 0.133329 2.592597
v -0.417854 0.087868 2.623619
v -0.392597 0.050559 2.661418
v -0.363782 0.022836 2.704543
v -0.332516 0.005764 2.751337
v -0.322397 0.594236 2.745928
v -0.343934 0.577164 2.693934
v -0.363782 0.549441 2.646016
v -0.381179 0.512132 2.604016
v -0.395457 0.466671 2.569547
v -0.406066 0.414805 2.543934
v -0.412599 0.358527 2.528162
v -0.414805 0.300000 2.522836
v -0.412599 0.241473 2.528162
v -0.406066 0.185195 2.543934
v -0.395457 0.133329 2.569547
v -0.381179 0.087868 2.604016
v -0.363782 0.050559 2.646016
v -0.343934 0.022836 2.693934
v -0.322397 0.005764 2.745928
v -0.311418 0.594236 2.742598
v -0.322397 0.577164 2.687401
v -0.332516 0.549441 2.636532
v -0.341385 0.512132 2.591944
v -0.348663 0.466671 2.555352
v -0.354072 0.414805 2.528162
v -0.357402 0.358527 2.511418
v -0.358527 0.300000 2.505765
v -0.357402 0.241473 2.511418
v -0.354072 0.185195 2.528162
v -0.348663 0.133329 2.555352
v -0.341385 0.087868 2.591944
v -0.332516 0.050559 2.636532
v -0.322397 0.022836 2.687401
v -0.311418 0.005764 2.742598
v -0.300000 0.594236 2.741473
v -0.300000 0.577164 2.685195
v -0.300000 0.512132 2.587868
v -0.300000 0.414805 2.522836
v -0.300000 0.185195 2.522836
v -0.300000 0.087868 2.587868
v -0.300000 0.050559 2.633329
v -0.300000 0.022836 2.685195
v -0.300000 0.005764 2.741473
vn 0.0624 -0.7715 -0.6332
vn 0.0865 0.4696 -0.8786
vn 0.0464 -0.8810 -0.4709
vn 0.0938 0.2890 -0.9527
vn 0.0286 -0.9565 -0.2902
vn 0.0975 0.0975 -0.9904
vn 0.0097 0.9951 -0.0980
vn 0.0097 -0.9951 -0.0980
vn 0.0975 -0.0975 -0.9904
vn 0.0286 0.9565 -0.2902
vn 0.0938 -0.2890 -0.9527
vn 0.0464 0.8810 -0.4709
vn 0.0865 -0.4696 -0.8786
vn 0.0624 0.7715 -0.6332
vn 0.0759 -0.6326 -0.7708
vn 0.0759 0.6326 -0.7708
vn 0.2248 -0.6326 -0.7412
vn 0.2248 0.6326 -0.7412
vn 0.1847 -0.7715 -0.6088
vn 0.2563 0.4696 -0.8448
vn 0.1374 -0.8810 -0.4528
vn 0.2779 0.2890 -0.9161
vn 0.0846 -0.9565 -0.2790
vn 0.2889 0.0976 -0.9524
vn 0.0286 0.9951 -0.0942
vn 0.0286 -0.9951 -0.0942
vn 0.2889 -0.0976 -0.9524
vn 0.0846 0.9565 -0.2790
vn 0.2779 -0.2890 -0.9161
vn 0.1374 0.8810 -0.4528
vn 0.2563 -0.4696 -0.8448
vn 0.1847 0.7715 -0.6088
vn 0.0464 0.9951 -0.0869
vn 0.0464 -0.9951 -0.0869
vn 0.4691 -0.0975 -0.8777
vn 0.1374 0.9565 -0.2571
vn 0.4513 -0.2890 -0.8443
vn 0.2230 0.8810 -0.4173
vn 0.4162 -0.4696 -0.7786
vn 0.2999 0.7715 -0.5611
vn 0.3651 -0.6326 -0.6831
vn 0.3651 0.6326 -0.6831
vn 0.2999 -0.7715 -0.5611
vn 0.4162 0.4696 -0.7786
vn 0.2230 -0.8810 -0.4173
vn 0.4513 0.2890 -0.8443
vn 0.1374 -0.9565 -0.2571
vn 0.4691 0.0975 -0.8777
vn 0.4913 0.6326 -0.5987
vn 0.4036 -0.7715 -0.4918
vn 0.5601 0.4696 -0.6825
vn 0.3002 -0.8810 -0.3658
vn 0.6073 0.2890 -0.7400
vn 0.1850 -0.9565 -0.2254
vn 0.6314 0.0975 -0.7693
vn 0.0625 0.9951 -0.0761
vn 0.0625 -0.9951 -0.0761
vn 0.6314 -0.0975 -0.7693
vn 0.1850 0.9565 -0.2254
vn 0.6073 -0.2890 -0.7400
vn 0.3002 0.8810 -0.3658
vn 0.5601 -0.4696 -0.6825
vn 0.4036 0.7715 -0.4918
vn 0.4913 -0.6326 -0.5987
vn 0.7693 -0.0975 -0.6314
vn 0.2254 0.9565 -0.1850
vn 0.7400 -0.2890 -0.6073
vn 0.3658 0.8810 -0.3002
vn 0.6825 -0.4696 -0.5601
vn 0.4918 0.7715 -0.4036
vn 0.5987 -0.6326 -0.4913
vn 0.5987 0.6326 -0.4913
vn 0.4918 -0.7715 -0.4036
vn 0.6825 0.4696 -0.5601
vn 0.3658 -0.8810 -0.3002
vn 0.7400 0.2890 -0.6073
vn 0.2254 -0.9565 -0.1850
vn 0.7693 0.0975 -0.6314
vn 0.0761 0.9951 -0.0625
vn 0.0761 -0.9951 -0.0625
vn 0.5611 -0.7715 -0.2999
vn 0.7786 0.4696 -0.4162
vn 0.4173 -0.8810 -0.2230
vn 0.8443 0.2890 -0.4513
vn 0.2571 -0.9565 -0.1374
vn 0.8777 0.0975 -0.4691
vn 0.0869 0.9951 -0.0464
vn 0.0869 -0.9951 -0.0464
vn 0.8777 -0.0975 -0.4691
vn 0.2571 0.9565 -0.1374
vn 0.8443 -0.2890 -0.4513
vn 0.4173 0.8810 -0.2230
vn 0.7786 -0.4696 -0.4162
vn 0.5611 0.7715 -0.2999
vn 0.6831 -0.6326 -0.3651
vn 0.6831 0.6326 -0.3651
vn 0.2790 0.9565 -0.0846
vn 0.9161 -0.2890 -0.2779
vn 0.4528 0.8810 -0.1374
vn 0.8448 -0.4696 -0.2563
vn 0.6088 0.7715 -0.1847
vn 0.7412 -0.6326 -0.2248
vn 0.7412 0.6326 -0.2248
vn 0.6088 -0.7715 -0.1847
vn 0.8448 0.4696 -0.2563
vn 0.4528 -0.8810 -0.1374
vn 0.9161 0.2890 -0.2779
vn 0.2790 -0.9565 -0.0846
vn 0.9524 0.0975 -0.2889
vn 0.0942 0.9951 -0.0286
vn 0.0942 -0.9951 -0.0286
vn 0.9524 -0.0975 -0.2889
vn 0.8786 0.4696 -0.0865
vn 0.4709 -0.8810 -0.0464
vn 0.9527 0.2890 -0.0938
vn 0.2902 -0.9565 -0.0286
vn 0.9904 0.0975 -0.0975
vn 0.0980 0.9951 -0.0097
vn 0.0980 -0.9951 -0.0097
vn 0.9904 -0.0975 -0.0975
vn 0.2902 0.9565 -0.0286
vn 0.9527 -0.2890 -0.0938
vn 0.4709 0.8810 -0.0464
vn 0.8786 -0.4696 -0.0865
vn 0.6332 0.7715 -0.0624
vn 0.7708 -0.6326 -0.0759
vn 0.7708 0.6326 -0.0759
vn 0.6332 -0.7715 -0.0624
vn 0.9527 -0.2890 0.0938
vn 0.4709 0.8810 0.0464
vn 0.8786 -0.4696 0.0865
vn 0.6332 0.7715 0.0624
vn 0.7708 -0.6326 0.0759
vn 0.7708 0.6326 0.0759
vn 0.6332 -0.7715 0.0624
vn 0.8786 0.4696 0.0865
vn 0.4709 -0.8810 0.0464
vn 0.9527 0.2890 0.0938
vn 0.2902 -0.9565 0.0286
vn 0.9904 0.0975 0.0976
vn 0.0980 0.9951 0.0097
vn 0.0980 -0.9951 0.0097
vn 0.9904 -0.0975 0.0976
vn 0.2902 0.9565 0.0286
vn 0.4528 -0.8810 0.1374
vn 0.9161 0.2890 0.2779
vn 0.2790 -0.9565 0.0846
vn 0.9524 0.0975 0.2889
vn 0.0942 0.9951 0.0286
vn 0.0942 -0.9951 0.0286
vn 0.9524 -0.0975 0.2889
vn 0.2790 0.9565 0.0846
vn 0.9161 -0.2890 0.2779
vn 0.4528 0.8810 0.1374
vn 0.8448 -0.4696 0.2563
vn 0.6088 0.7715 0.1847
vn 0.7412 -0.6326 0.2248
vn 0.7412 0.6326 0.2248
vn 0.6088 -0.7715 0.1847
vn 0.8448 0.4696 0.2563
vn 0.7786 -0.4696 0.4162
vn 0.5611 0.7715 0.2999
vn 0.6831 -0.6326 0.3651
vn 0.6831 0.6326 0.3651
vn 0.5611 -0.7715 0.2999
vn 0.7786 0.4696 0.4162
vn 0.4173 -0.8810 0.2230
vn 0.8443 0.2890 0.4513
vn 0.2571 -0.9565 0.1374
vn 0.8777 0.0975 0.4691
vn 0.0869 0.9951 0.0464
vn 0.0869 -0.9951 0.0464
vn 0.8777 -0.0975 0.4691
vn 0.2571 0.9565 0.1374
vn 0.8443 -0.2890 0.4513
vn 0.4173 0.8810 0.2230
vn 0.2254 -0.9565 0.1850
vn 0.7693 0.0975 0.6314
vn 0.0761 0.9951 0.0625
vn 0.0761 -0.9951 0.0625
vn 0.7693 -0.0975 0.6314
vn 0.2254 0.9565 0.1850
vn 0.7400 -0.2890 0.6073
vn 0.3658 0.8810 0.3002
vn 0.6825 -0.4696 0.5601
vn 0.4918 0.7715 0.4036
vn 0.5987 -0.6326 0.4913
vn 0.5987 0.6326 0.4913
vn 0.4918 -0.7715 0.4036
vn 0.6825 0.4696 0.5601
vn 0.3658 -0.8810 0.3002
vn 0.7400 0.2890 0.6073
vn 0.4036 0.7715 0.4918
vn 0.4913 -0.6326 0.5987
vn 0.4913 0.6326 0.5987
vn 0.4036 -0.7715 0.4918
vn 0.5601 0.4696 0.6825
vn 0.3002 -0.8810 0.3658
vn 0.6073 0.2890 0.7400
vn 0.1850 -0.9565 0.2254
vn 0.6314 0.0975 0.7693
vn 0.0625 0.9951 0.0761
vn 0.0625 -0.9951 0.0761
vn 0.6314 -0.0975 0.7693
vn 0.1850 0.9565 0.2254
vn 0.6073 -0.2890 0.7400
vn 0.3002 0.8810 0.3658
vn 0.5601 -0.4696 0.6825
vn 0.4691 0.0975 0.8777
vn 0.0464 0.9951 0.0869
vn 0.0464 -0.9951 0.0869
vn 0.4691 -0.0975 0.8777
vn 0.1374 0.9565 0.2571
vn 0.4513 -0.2890 0.8443
vn 0.2230 0.8810 0.4173
vn 0.4162 -0.4696 0.7786
vn 0.2999 0.7715 0.5611
vn 0.3651 -0.6326 0.6831
vn 0.3651 0.6326 0.6831
vn 0.2999 -0.7715 0.5611
vn 0.4162 0.4696 0.7786
vn 0.2230 -0.8810 0.4173
vn 0.4513 0.2890 0.8443
vn 0.1374 -0.9565 0.2571
vn 0.2248 -0.6326 0.7412
vn 0.2248 0.6326 0.7412
vn 0.1847 -0.7715 0.6088
vn 0.2563 0.4696 0.8448
vn 0.1374 -0.8810 0.4528
vn 0.2779 0.2890 0.9161
vn 0.0846 -0.9565 0.2790
vn 0.2889 0.0975 0.9524
vn 0.0286 0.9951 0.0942
vn 0.0286 -0.9951 0.0942
vn 0.2889 -0.0975 0.9524
vn 0.0846 0.9565 0.2790
vn 0.2779 -0.2890 0.9161
vn 0.1374 0.8810 0.4528
vn 0.2563 -0.4696 0.8448
vn 0.1847 0.7715 0.6088
vn 0.0097 0.9951 0.0980
vn 0.0097 -0.9951 0.0980
vn 0.0975 -0.0975 0.9904
vn 0.0286 0.9565 0.2902
vn 0.0938 -0.2890 0.9527
vn 0.0464 0.8810 0.4709
vn 0.0865 -0.4696 0.8786
vn 0.0624 0.7715 0.6332
vn 0.0759 -0.6326 0.7708
vn 0.0759 0.6326 0.7708
vn 0.0624 -0.7715 0.6332
vn 0.0865 0.4696 0.8786
vn 0.0464 -0.8810 0.4709
vn 0.0938 0.2890 0.9527
vn 0.0286 -0.9565 0.2902
vn 0.0975 0.0975 0.9904
vn -0.0759 0.6326 0.7708
vn -0.0624 -0.7715 0.6332
vn -0.0865 0.4696 0.8786
vn -0.0464 -0.8810 0.4709
vn -0.0938 0.2890 0.9527
vn -0.0286 -0.9565 0.2902
vn -0.0976 0.0975 0.9904
vn -0.0097 0.9951 0.0980
vn -0.0097 -0.9951 0.0980
vn -0.0976 -0.0975 0.9904
vn -0.0286 0.9565 0.2902
vn -0.0938 -0.2890 0.9527
vn -0.0464 0.8810 0.4709
vn -0.0865 -0.4696 0.8786
vn -0.0624 0.7715 0.6332
vn -0.0759 -0.6326 0.7708
vn -0.2889 -0.0975 0.9524
vn -0.0846 0.9565 0.2790
vn -0.2779 -0.2890 0.9161
vn -0.1374 0.8810 0.4528
vn -0.2563 -0.4696 0.8448
vn -0.1847 0.7715 0.6088
vn -0.2248 -0.6326 0.7412
vn -0.2248 0.6326 0.7412
vn -0.1847 -0.7715 0.6088
vn -0.2563 0.4696 0.8448
vn -0.1374 -0.8810 0.4528
vn -0.2779 0.2890 0.9161
vn -0.0846 -0.9565 0.2790
vn -0.2889 0.0975 0.9524
vn -0.0286 0.9951 0.0942
vn -0.0286 -0.9951 0.0942
vn -0.2999 -0.7715 0.5611
vn -0.4162 0.4696 0.7786
vn -0.2230 -0.8810 0.4173
vn -0.4513 0.2890 0.8443
vn -0.1374 -0.9565 0.2571
vn -0.4691 0.0975 0.8777
vn -0.0464 0.9951 0.0869
vn -0.0464 -0.9951 0.0869
vn -0.4691 -0.0975 0.8777
vn -0.1374 0.9565 0.2571
vn -0.4513 -0.2890 0.8443
vn -0.2230 0.8810 0.4173
vn -0.4162 -0.4696 0.7786
vn -0.2999 0.7715 0.5611
vn -0.3651 -0.6326 0.6831
vn -0.3651 0.6326 0.6831
vn -0.6073 -0.2890 0.7400
vn -0.3002 0.8810 0.3658
vn -0.5601 -0.4696 0.6825
vn -0.4036 0.7715 0.4918
vn -0.4913 -0.6326 0.5987
vn -0.4913 0.6326 0.5987
vn -0.4036 -0.7715 0.4918
vn -0.5601 0.4696 0.6825
vn -0.3002 -0.8810 0.3658
vn -0.6073 0.2890 0.7400
vn -0.1850 -0.9565 0.2254
vn -0.6314 0.0975 0.7693
vn -0.0625 0.9951 0.0761
vn -0.0625 -0.9951 0.0761
vn -0.6314 -0.0975 0.7693
vn -0.1850 0.9565 0.2254
vn -0.3658 -0.8810 0.3002
vn -0.7400 0.2890 0.6073
vn -0.2254 -0.9565 0.1850
vn -0.7693 0.0975 0.6314
vn -0.0761 0.9951 0.0625
vn -0.0761 -0.9951 0.0625
vn -0.7693 -0.0975 0.6314
vn -0.2254 0.9565 0.1850
vn -0.7400 -0.2890 0.6073
vn -0.3658 0.8810 0.3002
vn -0.6825 -0.4696 0.5601
vn -0.4918 0.7715 0.4036
vn -0.5987 -0.6326 0.4913
vn -0.5987 0.6326 0.4913
vn -0.4918 -0.7715 0.4036
vn -0.6825 0.4696 0.5601
vn -0.4173 0.8810 0.2230
vn -0.7786 -0.4696 0.4162
vn -0.5611 0.7715 0.2999
vn -0.6831 -0.6326 0.3651
vn -0.6831 0.6326 0.3651
vn -0.5611 -0.7715 0.2999
vn -0.7786 0.4696 0.4162
vn -0.4173 -0.8810 0.2230
vn -0.8443 0.2890 0.4513
vn -0.2571 -0.9565 0.1374
vn -0.8777 0.0975 0.4691
vn -0.0869 0.9951 0.0464
vn -0.0869 -0.9951 0.0464
vn -0.8777 -0.0975 0.4691
vn -0.2571 0.9565 0.1374
vn -0.8443 -0.2890 0.4513
vn -0.9161 0.2890 0.2779
vn -0.2790 -0.9565 0.0846
vn -0.9524 0.0975 0.2889
vn -0.0942 0.9951 0.0286
vn -0.0942 -0.9951 0.0286
vn -0.9524 -0.0975 0.2889
vn -0.2790 0.9565 0.0846
vn -0.9161 -0.2890 0.2779
vn -0.4528 0.8810 0.1374
vn -0.8448 -0.4696 0.2563
vn -0.6088 0.7715 0.1847
vn -0.7412 -0.6326 0.2248
vn -0.7412 0.6326 0.2248
vn -0.6088 -0.7715 0.1847
vn -0.8448 0.4696 0.2563
vn -0.4528 -0.8810 0.1374
vn -0.8786 -0.4696 0.0865
vn -0.6332 0.7715 0.0624
vn -0.7708 -0.6326 0.0759
vn -0.7708 0.6326 0.0759
vn -0.6332 -0.7715 0.0624
vn -0.8786 0.4696 0.0865
vn -0.4709 -0.8810 0.0464
vn -0.9527 0.2890 0.0938
vn -0.2902 -0.9565 0.0286
vn -0.9904 0.0975 0.0975
vn -0.0980 0.9951 0.0097
vn -0.0980 -0.9951 0.0097
vn -0.9904 -0.0975 0.0975
vn -0.2902 0.9565 0.0286
vn -0.9527 -0.2890 0.0938
vn -0.4709 0.8810 0.0464
vn -0.2902 -0.9565 -0.0286
vn -0.9904 0.0975 -0.0976
vn -0.0980 0.9951 -0.0097
vn -0.0980 -0.9951 -0.0097
vn -0.9904 -0.0975 -0.0976
vn -0.2902 0.9565 -0.0286
vn -0.9527 -0.2890 -0.0938
vn -0.4709 0.8810 -0.0464
vn -0.8786 -0.4696 -0.0865
vn -0.6332 0.7715 -0.0624
vn -0.7708 -0.6326 -0.0759
vn -0.7708 0.6326 -0.0759
vn -0.6332 -0.7715 -0.0624
vn -0.8786 0.4696 -0.0865
vn -0.4709 -0.8810 -0.0464
vn -0.9527 0.2890 -0.0938
vn -0.6088 0.7715 -0.1847
vn -0.7412 -0.6326 -0.2248
vn -0.7412 0.6326 -0.2248
vn -0.6088 -0.7715 -0.1847
vn -0.8448 0.4696 -0.2563
vn -0.4528 -0.8810 -0.1374
vn -0.9161 0.2890 -0.2779
vn -0.2790 -0.9565 -0.0846
vn -0.9524 0.0975 -0.2889
vn -0.0942 0.9951 -0.0286
vn -0.0942 -0.9951 -0.0286
vn -0.9524 -0.0975 -0.2889
vn -0.2790 0.9565 -0.0846
vn -0.9161 -0.2890 -0.2779
vn -0.4528 0.8810 -0.1374
vn -0.8448 -0.4696 -0.2563
vn -0.8777 0.0975 -0.4691
vn -0.0869 0.9951 -0.0464
vn -0.0869 -0.9951 -0.0464
vn -0.8777 -0.0975 -0.4691
vn -0.2571 0.9565 -0.1374
vn -0.8443 -0.2890 -0.4513
vn -0.4173 0.8810 -0.2231
vn -0.7786 -0.4696 -0.4162
vn -0.5611 0.7715 -0.2999
vn -0.6831 -0.6326 -0.3651
vn -0.6831 0.6326 -0.3651
vn -0.5611 -0.7715 -0.2999
vn -0.7786 0.4696 -0.4162
vn -0.4173 -0.8810 -0.2231
vn -0.8443 0.2890 -0.4513
vn -0.2571 -0.9565 -0.1374
vn -0.5987 -0.6326 -0.4913
vn -0.5987 0.6326 -0.4913
vn -0.4918 -0.7715 -0.4036
vn -0.6825 0.4696 -0.5601
vn -0.3658 -0.8810 -0.3002
vn -0.7400 0.2890 -0.6073
vn -0.2254 -0.9565 -0.1850
vn -0.7693 0.0975 -0.6314
vn -0.0761 0.9951 -0.0625
vn -0.0761 -0.9951 -0.0625
vn -0.7693 -0.0975 -0.6314
vn -0.2254 0.9565 -0.1850
vn -0.7400 -0.2890 -0.6073
vn -0.3658 0.8810 -0.3002
vn -0.6825 -0.4696 -0.5601
vn -0.4918 0.7715 -0.4036
vn -0.0625 -0.9951 -0.0761
vn -0.6314 -0.0975 -0.7693
vn -0.1850 0.9565 -0.2254
vn -0.6073 -0.2890 -0.7400
vn -0.3002 0.8810 -0.3658
vn -0.5601 -0.4696 -0.6825
vn -0.4036 0.7715 -0.4918
vn -0.4913 -0.6326 -0.5987
vn -0.4913 0.6326 -0.5987
vn -0.4036 -0.7715 -0.4918
vn -0.5601 0.4696 -0.6825
vn -0.3002 -0.8810 -0.3658
vn -0.6073 0.2890 -0.7400
vn -0.1850 -0.9565 -0.2254
vn -0.6314 0.0975 -0.7693
vn -0.0625 0.9951 -0.0761
vn -0.2999 -0.7715 -0.5611
vn -0.4162 0.4696 -0.7786
vn -0.2230 -0.8810 -0.4173
vn -0.4513 0.2890 -0.8443
vn -0.1374 -0.9565 -0.2571
vn -0.4691 0.0975 -0.8777
vn -0.0464 0.9951 -0.0869
vn -0.0464 -0.9951 -0.0869
vn -0.4691 -0.0975 -0.8777
vn -0.1374 0.9565 -0.2571
vn -0.4513 -0.2890 -0.8443
vn -0.2230 0.8810 -0.4173
vn -0.4162 -0.4696 -0.7786
vn -0.2999 0.7715 -0.5611
vn -0.3651 -0.6326 -0.6831
vn -0.3651 0.6326 -0.6831
vn -0.0846 0.9565 -0.2790
vn -0.2779 -0.2890 -0.9161
vn -0.1374 0.8810 -0.4528
vn -0.2563 -0.4696 -0.8448
vn -0.1847 0.7715 -0.6088
vn -0.2248 -0.6326 -0.7412
vn -0.2248 0.6326 -0.7412
vn -0.1847 -0.7715 -0.6088
vn -0.2563 0.4696 -0.8448
vn -0.1374 -0.8810 -0.4528
vn -0.2779 0.2890 -0.9161
vn -0.0846 -0.9565 -0.2790
vn -0.2889 0.0975 -0.9524
vn -0.0286 0.9951 -0.0942
vn -0.0286 -0.9951 -0.0942
vn -0.2889 -0.0975 -0.9524
vn -0.0865 0.4696 -0.8786
vn -0.0464 -0.8810 -0.4709
vn -0.0938 0.2890 -0.9527
vn -0.0286 -0.9565 -0.2902
vn -0.0976 0.0975 -0.9904
vn -0.0097 0.9951 -0.0980
vn -0.0097 -0.9951 -0.0980
vn -0.0976 -0.0975 -0.9904
vn -0.0286 0.9565 -0.2902
vn -0.0938 -0.2890 -0.9527
vn -0.0464 0.8810 -0.4709
vn -0.0865 -0.4696 -0.8786
vn -0.0624 0.7715 -0.6332
vn -0.0759 -0.6326 -0.7708
vn -0.0759 0.6326 -0.7708
vn -0.0624 -0.7715 -0.6332
vt 0.750000 0.187500
vt 0.750000 0.250000
vt 0.718750 0.250000
vt 0.718750 0.187500
vt 0.750000 0.625000
vt 0.750000 0.687500
vt 0.718750 0.687500
vt 0.718750 0.625000
vt 0.750000 0.125000
vt 0.718750 0.125000
vt 0.750000 0.562500
vt 0.718750 0.562500
vt 0.750000 0.062500
vt 0.718750 0.062500
vt 0.750000 0.500000
vt 0.718750 0.500000
vt 0.750000 0.937500
vt 0.734375 1.000000
vt 0.718750 0.937500
vt 0.734375 0.000000
vt 0.750000 0.437500
vt 0.718750 0.437500
vt 0.750000 0.875000
vt 0.718750 0.875000
vt 0.750000 0.375000
vt 0.718750 0.375000
vt 0.750000 0.812500
vt 0.718750 0.812500
vt 0.750000 0.312500
vt 0.718750 0.312500
vt 0.750000 0.750000
vt 0.718750 0.750000
vt 0.687500 0.312500
vt 0.687500 0.250000
vt 0.687500 0.750000
vt 0.687500 0.687500
vt 0.687500 0.187500
vt 0.687500 0.625000
vt 0.687500 0.125000
vt 0.687500 0.562500
vt 0.687500 0.062500
vt 0.687500 0.500000
vt 0.703125 1.000000
vt 0.687500 0.937500
vt 0.703125 0.000000
vt 0.687500 0.437500
vt 0.687500 0.875000
vt 0.687500 0.375000
vt 0.687500 0.812500
vt 0.671875 1.000000
vt 0.656250 0.937500
vt 0.671875 0.000000
vt 0.656250 0.062500
vt 0.656250 0.500000
vt 0.656250 0.437500
vt 0.656250 0.875000
vt 0.656250 0.375000
vt 0.656250 0.812500
vt 0.656250 0.312500
vt 0.656250 0.750000
vt 0.656250 0.250000
vt 0.656250 0.687500
vt 0.656250 0.187500
vt 0.656250 0.625000
vt 0.656250 0.125000
vt 0.656250 0.562500
vt 0.625000 0.750000
vt 0.625000 0.687500
vt 0.625000 0.250000
vt 0.625000 0.187500
vt 0.625000 0.625000
vt 0.625000 0.125000
vt 0.625000 0.562500
vt 0.625000 0.062500
vt 0.625000 0.500000
vt 0.640625 1.000000
vt 0.625000 0.937500
vt 0.640625 0.000000
vt 0.625000 0.437500
vt 0.625000 0.875000
vt 0.625000 0.375000
vt 0.625000 0.812500
vt 0.625000 0.312500
vt 0.593750 0.500000
vt 0.593750 0.437500
vt 0.593750 0.937500
vt 0.593750 0.875000
vt 0.593750 0.375000
vt 0.593750 0.812500
vt 0.593750 0.312500
vt 0.593750 0.750000
vt 0.593750 0.250000
vt 0.593750 0.687500
vt 0.593750 0.187500
vt 0.593750 0.625000
vt 0.593750 0.125000
vt 0.593750 0.562500
vt 0.593750 0.062500
vt 0.609375 1.000000
vt 0.609375 0.000000
vt 0.562500 0.250000
vt 0.562500 0.187500
vt 0.562500 0.687500
vt 0.562500 0.625000
vt 0.562500 0.125000
vt 0.562500 0.562500
vt 0.562500 0.062500
vt 0.562500 0.500000
vt 0.578125 1.000000
vt 0.562500 0.937500
vt 0.578125 0.000000
vt 0.562500 0.437500
vt 0.562500 0.875000
vt 0.562500 0.375000
vt 0.562500 0.812500
vt 0.562500 0.312500
vt 0.562500 0.750000
vt 0.531250 0.937500
vt 0.531250 0.875000
vt 0.531250 0.437500
vt 0.531250 0.375000
vt 0.531250 0.812500
vt 0.531250 0.312500
vt 0.531250 0.750000
vt 0.531250 0.250000
vt 0.531250 0.687500
vt 0.531250 0.187500
vt 0.531250 0.625000
vt 0.531250 0.125000
vt 0.531250 0.562500
vt 0.531250 0.062500
vt 0.531250 0.500000
vt 0.546875 1.000000
vt 0.546875 0.000000
vt 0.500000 0.687500
vt 0.500000 0.625000
vt 0.500000 0.187500
vt 0.500000 0.125000
vt 0.500000 0.562500
vt 0.500000 0.062500
vt 0.500000 0.500000
vt 0.515625 1.000000
vt 0.500000 0.937500
vt 0.515625 0.000000
vt 0.500000 0.437500
vt 0.500000 0.875000
vt 0.500000 0.375000
vt 0.500000 0.812500
vt 0.500000 0.312500
vt 0.500000 0.750000
vt 0.500000 0.250000
vt 0.468750 0.437500
vt 0.468750 0.375000
vt 0.468750 0.875000
vt 0.468750 0.812500
vt 0.468750 0.312500
vt 0.468750 0.750000
vt 0.468750 0.250000
vt 0.468750 0.687500
vt 0.468750 0.187500
vt 0.468750 0.625000
vt 0.468750 0.125000
vt 0.468750 0.562500
vt 0.468750 0.062500
vt 0.468750 0.500000
vt 0.484375 1.000000
vt 0.468750 0.937500
vt 0.484375 0.000000
vt 0.437500 0.187500
vt 0.437500 0.125000
vt 0.437500 0.625000
vt 0.437500 0.562500
vt 0.437500 0.062500
vt 0.437500 0.500000
vt 0.453125 1.000000
vt 0.437500 0.937500
vt 0.453125 0.000000
vt 0.437500 0.437500
vt 0.437500 0.875000
vt 0.437500 0.375000
vt 0.437500 0.812500
vt 0.437500 0.312500
vt 0.437500 0.750000
vt 0.437500 0.250000
vt 0.437500 0.687500
vt 0.406250 0.375000
vt 0.406250 0.312500
vt 0.406250 0.812500
vt 0.406250 0.750000
vt 0.406250 0.250000
vt 0.406250 0.687500
vt 0.406250 0.187500
vt 0.406250 0.625000
vt 0.406250 0.125000
vt 0.406250 0.562500
vt 0.406250 0.062500
vt 0.406250 0.500000
vt 0.421875 1.000000
vt 0.406250 0.937500
vt 0.421875 0.000000
vt 0.406250 0.437500
vt 0.406250 0.875000
vt 0.375000 0.125000
vt 0.375000 0.062500
vt 0.375000 0.562500
vt 0.375000 0.500000
vt 0.390625 1.000000
vt 0.375000 0.937500
vt 0.390625 0.000000
vt 0.375000 0.437500
vt 0.375000 0.875000
vt 0.375000 0.375000
vt 0.375000 0.812500
vt 0.375000 0.312500
vt 0.375000 0.750000
vt 0.375000 0.250000
vt 0.375000 0.687500
vt 0.375000 0.187500
vt 0.375000 0.625000
vt 0.343750 0.812500
vt 0.343750 0.750000
vt 0.343750 0.312500
vt 0.343750 0.250000
vt 0.343750 0.687500
vt 0.343750 0.187500
vt 0.343750 0.625000
vt 0.343750 0.125000
vt 0.343750 0.562500
vt 0.343750 0.062500
vt 0.343750 0.500000
vt 0.359375 1.000000
vt 0.343750 0.937500
vt 0.359375 0.000000
vt 0.343750 0.437500
vt 0.343750 0.875000
vt 0.343750 0.375000
vt 0.312500 0.562500
vt 0.312500 0.500000
vt 0.328125 1.000000
vt 0.312500 0.937500
vt 0.328125 0.000000
vt 0.312500 0.062500
vt 0.312500 0.437500
vt 0.312500 0.875000
vt 0.312500 0.375000
vt 0.312500 0.812500
vt 0.312500 0.312500
vt 0.312500 0.750000
vt 0.312500 0.250000
vt 0.312500 0.687500
vt 0.312500 0.187500
vt 0.312500 0.625000
vt 0.312500 0.125000
vt 0.281250 0.312500
vt 0.281250 0.250000
vt 0.281250 0.750000
vt 0.281250 0.687500
vt 0.281250 0.187500
vt 0.281250 0.625000
vt 0.281250 0.125000
vt 0.281250 0.562500
vt 0.281250 0.062500
vt 0.281250 0.500000
vt 0.296875 1.000000
vt 0.281250 0.937500
vt 0.296875 0.000000
vt 0.281250 0.437500
vt 0.281250 0.875000
vt 0.281250 0.375000
vt 0.281250 0.812500
vt 0.265625 1.000000
vt 0.250000 0.937500
vt 0.265625 0.000000
vt 0.250000 0.062500
vt 0.250000 0.500000
vt 0.250000 0.437500
vt 0.250000 0.875000
vt 0.250000 0.375000
vt 0.250000 0.812500
vt 0.250000 0.312500
vt 0.250000 0.750000
vt 0.250000 0.250000
vt 0.250000 0.687500
vt 0.250000 0.187500
vt 0.250000 0.625000
vt 0.250000 0.125000
vt 0.250000 0.562500
vt 0.218750 0.750000
vt 0.218750 0.687500
vt 0.218750 0.250000
vt 0.218750 0.187500
vt 0.218750 0.625000
vt 0.218750 0.125000
vt 0.218750 0.562500
vt 0.218750 0.062500
vt 0.218750 0.500000
vt 0.234375 1.000000
vt 0.218750 0.937500
vt 0.234375 0.000000
vt 0.218750 0.437500
vt 0.218750 0.875000
vt 0.218750 0.375000
vt 0.218750 0.812500
vt 0.218750 0.312500
vt 0.187500 0.500000
vt 0.187500 0.437500
vt 0.187500 0.937500
vt 0.187500 0.875000
vt 0.187500 0.375000
vt 0.187500 0.812500
vt 0.187500 0.312500
vt 0.187500 0.750000
vt 0.187500 0.250000
vt 0.187500 0.687500
vt 0.187500 0.187500
vt 0.187500 0.625000
vt 0.187500 0.125000
vt 0.187500 0.562500
vt 0.187500 0.062500
vt 0.203125 1.000000
vt 0.203125 0.000000
vt 0.156250 0.250000
vt 0.156250 0.187500
vt 0.156250 0.687500
vt 0.156250 0.625000
vt 0.156250 0.125000
vt 0.156250 0.562500
vt 0.156250 0.062500
vt 0.156250 0.500000
vt 0.171875 1.000000
vt 0.156250 0.937500
vt 0.171875 0.000000
vt 0.156250 0.437500
vt 0.156250 0.875000
vt 0.156250 0.375000
vt 0.156250 0.812500
vt 0.156250 0.312500
vt 0.156250 0.750000
vt 0.125000 0.437500
vt 0.125000 0.375000
vt 0.125000 0.875000
vt 0.125000 0.812500
vt 0.125000 0.312500
vt 0.125000 0.750000
vt 0.125000 0.250000
vt 0.125000 0.687500
vt 0.125000 0.187500
vt 0.125000 0.625000
vt 0.125000 0.125000
vt 0.125000 0.562500
vt 0.125000 0.062500
vt 0.125000 0.500000
vt 0.140625 1.000000
vt 0.125000 0.937500
vt 0.140625 0.000000
vt 0.093750 0.187500
vt 0.093750 0.125000
vt 0.093750 0.625000
vt 0.093750 0.562500
vt 0.093750 0.062500
vt 0.093750 0.500000
vt 0.109375 1.000000
vt 0.093750 0.937500
vt 0.109375 0.000000
vt 0.093750 0.437500
vt 0.093750 0.875000
vt 0.093750 0.375000
vt 0.093750 0.812500
vt 0.093750 0.312500
vt 0.093750 0.750000
vt 0.093750 0.250000
vt 0.093750 0.687500
vt 0.062500 0.875000
vt 0.062500 0.812500
vt 0.062500 0.375000
vt 0.062500 0.312500
vt 0.062500 0.750000
vt 0.062500 0.250000
vt 0.062500 0.687500
vt 0.062500 0.187500
vt 0.062500 0.625000
vt 0.062500 0.125000
vt 0.062500 0.562500
vt 0.062500 0.062500
vt 0.062500 0.500000
vt 0.078125 1.000000
vt 0.062500 0.937500
vt 0.078125 0.000000
vt 0.062500 0.437500
vt 0.031250 0.625000
vt 0.031250 0.562500
vt 0.031250 0.125000
vt 0.031250 0.062500
vt 0.031250 0.500000
vt 0.046875 1.000000
vt 0.031250 0.937500
vt 0.046875 0.000000
vt 0.031250 0.437500
vt 0.031250 0.875000
vt 0.031250 0.375000
vt 0.031250 0.812500
vt 0.031250 0.312500
vt 0.031250 0.750000
vt 0.031250 0.250000
vt 0.031250 0.687500
vt 0.031250 0.187500
vt 0.000000 0.375000
vt 0.000000 0.312500
vt 0.000000 0.812500
vt 0.000000 0.750000
vt 0.000000 0.250000
vt 0.000000 0.687500
vt 0.000000 0.187500
vt 0.000000 0.625000
vt 0.000000 0.125000
vt 0.000000 0.562500
vt 0.000000 0.062500
vt 0.000000 0.500000
vt 0.015625 1.000000
vt 0.000000 0.937500
vt 0.015625 0.000000
vt 0.000000 0.437500
vt 0.000000 0.875000
vt 1.000000 0.062500
vt 1.000000 0.125000
vt 0.968750 0.125000
vt 0.968750 0.062500
vt 1.000000 0.500000
vt 1.000000 0.562500
vt 0.968750 0.562500
vt 0.968750 0.500000
vt 1.000000 0.937500
vt 0.984375 1.000000
vt 0.968750 0.937500
vt 0.984375 0.000000
vt 1.000000 0.437500
vt 0.968750 0.437500
vt 1.000000 0.875000
vt 0.968750 0.875000
vt 1.000000 0.375000
vt 0.968750 0.375000
vt 1.000000 0.812500
vt 0.968750 0.812500
vt 1.000000 0.312500
vt 0.968750 0.312500
vt 1.000000 0.750000
vt 0.968750 0.750000
vt 1.000000 0.250000
vt 0.968750 0.250000
vt 1.000000 0.687500
vt 0.968750 0.687500
vt 1.000000 0.187500
vt 0.968750 0.187500
vt 1.000000 0.625000
vt 0.968750 0.625000
vt 0.937500 0.812500
vt 0.937500 0.750000
vt 0.937500 0.312500
vt 0.937500 0.250000
vt 0.937500 0.687500
vt 0.937500 0.187500
vt 0.937500 0.625000
vt 0.937500 0.125000
vt 0.937500 0.562500
vt 0.937500 0.062500
vt 0.937500 0.500000
vt 0.953125 1.000000
vt 0.937500 0.937500
vt 0.953125 0.000000
vt 0.937500 0.437500
vt 0.937500 0.875000
vt 0.937500 0.375000
vt 0.906250 0.562500
vt 0.906250 0.500000
vt 0.921875 1.000000
vt 0.906250 0.937500
vt 0.921875 0.000000
vt 0.906250 0.062500
vt 0.906250 0.437500
vt 0.906250 0.875000
vt 0.906250 0.375000
vt 0.906250 0.812500
vt 0.906250 0.312500
vt 0.906250 0.750000
vt 0.906250 0.250000
vt 0.906250 0.687500
vt 0.906250 0.187500
vt 0.906250 0.625000
vt 0.906250 0.125000
vt 0.875000 0.312500
vt 0.875000 0.250000
vt 0.875000 0.750000
vt 0.875000 0.687500
vt 0.875000 0.187500
vt 0.875000 0.625000
vt 0.875000 0.125000
vt 0.875000 0.562500
vt 0.875000 0.062500
vt 0.875000 0.500000
vt 0.890625 1.000000
vt 0.875000 0.937500
vt 0.890625 0.000000
vt 0.875000 0.437500
vt 0.875000 0.875000
vt 0.875000 0.375000
vt 0.875000 0.812500
vt 0.859375 0.000000
vt 0.843750 0.062500
vt 0.843750 0.500000
vt 0.843750 0.437500
vt 0.843750 0.937500
vt 0.843750 0.875000
vt 0.843750 0.375000
vt 0.843750 0.812500
vt 0.843750 0.312500
vt 0.843750 0.750000
vt 0.843750 0.250000
vt 0.843750 0.687500
vt 0.843750 0.187500
vt 0.843750 0.625000
vt 0.843750 0.125000
vt 0.843750 0.562500
vt 0.859375 1.000000
vt 0.812500 0.250000
vt 0.812500 0.187500
vt 0.812500 0.687500
vt 0.812500 0.625000
vt 0.812500 0.125000
vt 0.812500 0.562500
vt 0.812500 0.062500
vt 0.812500 0.500000
vt 0.828125 1.000000
vt 0.812500 0.937500
vt 0.828125 0.000000
vt 0.812500 0.437500
vt 0.812500 0.875000
vt 0.812500 0.375000
vt 0.812500 0.812500
vt 0.812500 0.312500
vt 0.812500 0.750000
vt 0.781250 0.937500
vt 0.781250 0.875000
vt 0.781250 0.437500
vt 0.781250 0.375000
vt 0.781250 0.812500
vt 0.781250 0.312500
vt 0.781250 0.750000
vt 0.781250 0.250000
vt 0.781250 0.687500
vt 0.781250 0.187500
vt 0.781250 0.625000
vt 0.781250 0.125000
vt 0.781250 0.562500
vt 0.781250 0.062500
vt 0.781250 0.500000
vt 0.796875 1.000000
vt 0.796875 0.000000
vt 0.765625 1.000000
vt 0.765625 0.000000
s 0
usemtl LimeGreen
f 1368/1585/635 1367/1586/635 906/1587/635 907/1588/635
f 1365/1589/636 890/1590/636 899/1591/636 900/1592/636
f 1369/1593/637 1368/1585/637 907/1588/637 908/1594/637
f 891/1595/638 1365/1589/638 900/1592/638 901/1596/638
f 1370/1597/639 1369/1593/639 908/1594/639 909/1598/639
f 892/1599/640 891/1595/640 901/1596/640 902/1600/640
f 1362/1601/641 970/1602/641 895/1603/641
f 1196/1604/642 1370/1597/642 909/1598/642
f 893/1605/643 892/1599/643 902/1600/643 903/1606/643
f 1363/1607/644 1362/1601/644 895/1603/644 896/1608/644
f 1366/1609/645 893/1605/645 903/1606/645 904/1610/645
f 889/1611/646 1363/1607/646 896/1608/646 897/1612/646
f 894/1613/647 1366/1609/647 904/1610/647 905/1614/647
f 1364/1615/648 889/1611/648 897/1612/648 898/1616/648
f 1367/1586/649 894/1613/649 905/1614/649 906/1587/649
f 890/1590/650 1364/1615/650 898/1616/650 899/1591/650
f 906/1587/651 905/1614/651 920/1617/651 921/1618/651
f 899/1591/652 898/1616/652 913/1619/652 914/1620/652
f 907/1588/653 906/1587/653 921/1618/653 922/1621/653
f 900/1592/654 899/1591/654 914/1620/654 915/1622/654
f 908/1594/655 907/1588/655 922/1621/655 923/1623/655
f 901/1596/656 900/1592/656 915/1622/656 916/1624/656
f 909/1598/657 908/1594/657 923/1623/657 924/1625/657
f 902/1600/658 901/1596/658 916/1624/658 917/1626/658
f 895/1603/659 970/1627/659 910/1628/659
f 1196/1629/660 909/1598/660 924/1625/660
f 903/1606/661 902/1600/661 917/1626/661 918/1630/661
f 896/1608/662 895/1603/662 910/1628/662 911/1631/662
f 904/1610/663 903/1606/663 918/1630/663 919/1632/663
f 897/1612/664 896/1608/664 911/1631/664 912/1633/664
f 905/1614/665 904/1610/665 919/1632/665 920/1617/665
f 898/1616/666 897/1612/666 912/1633/666 913/1619/666
f 910/1628/667 970/1634/667 925/1635/667
f 1196/1636/668 924/1625/668 939/1637/668
f 918/1630/669 917/1626/669 932/1638/669 933/1639/669
f 911/1631/670 910/1628/670 925/1635/670 926/1640/670
f 919/1632/671 918/1630/671 933/1639/671 934/1641/671
f 912/1633/672 911/1631/672 926/1640/672 927/1642/672
f 920/1617/673 919/1632/673 934/1641/673 935/1643/673
f 913/1619/674 912/1633/674 927/1642/674 928/1644/674
f 921/1618/675 920/1617/675 935/1643/675 936/1645/675
f 914/1620/676 913/1619/676 928/1644/676 929/1646/676
f 922/1621/677 921/1618/677 936/1645/677 937/1647/677
f 915/1622/678 914/1620/678 929/1646/678 930/1648/678
f 923/1623/679 922/1621/679 937/1647/679 938/1649/679
f 916/1624/680 915/1622/680 930/1648/680 931/1650/680
f 924/1625/681 923/1623/681 938/1649/681 939/1637/681
f 917/1626/682 916/1624/682 931/1650/682 932/1638/682
f 929/1646/683 928/1644/683 943/1651/683 944/1652/683
f 937/1647/684 936/1645/684 951/1653/684 952/1654/684
f 930/1648/685 929/1646/685 944/1652/685 945/1655/685
f 938/1649/686 937/1647/686 952/1654/686 953/1656/686
f 931/1650/687 930/1648/687 945/1655/687 946/1657/687
f 939/1637/688 938/1649/688 953/1656/688 954/1658/688
f 932/1638/689 931/1650/689 946/1657/689 947/1659/689
f 925/1635/690 970/1660/690 940/1661/690
f 1196/1662/691 939/1637/691 954/1658/691
f 933/1639/692 932/1638/692 947/1659/692 948/1663/692
f 926/1640/693 925/1635/693 940/1661/693 941/1664/693
f 934/1641/694 933/1639/694 948/1663/694 949/1665/694
f 927/1642/695 926/1640/695 941/1664/695 942/1666/695
f 935/1643/696 934/1641/696 949/1665/696 950/1667/696
f 928/1644/697 927/1642/697 942/1666/697 943/1651/697
f 936/1645/698 935/1643/698 950/1667/698 951/1653/698
f 948/1663/699 947/1659/699 962/1668/699 963/1669/699
f 941/1664/700 940/1661/700 955/1670/700 956/1671/700
f 949/1665/701 948/1663/701 963/1669/701 964/1672/701
f 942/1666/702 941/1664/702 956/1671/702 957/1673/702
f 950/1667/703 949/1665/703 964/1672/703 965/1674/703
f 943/1651/704 942/1666/704 957/1673/704 958/1675/704
f 951/1653/705 950/1667/705 965/1674/705 966/1676/705
f 944/1652/706 943/1651/706 958/1675/706 959/1677/706
f 952/1654/707 951/1653/707 966/1676/707 967/1678/707
f 945/1655/708 944/1652/708 959/1677/708 960/1679/708
f 953/1656/709 952/1654/709 967/1678/709 968/1680/709
f 946/1657/710 945/1655/710 960/1679/710 961/1681/710
f 954/1658/711 953/1656/711 968/1680/711 969/1682/711
f 947/1659/712 946/1657/712 961/1681/712 962/1668/712
f 940/1661/713 970/1683/713 955/1670/713
f 1196/1684/714 954/1658/714 969/1682/714
f 967/1678/715 966/1676/715 982/1685/715 983/1686/715
f 960/1679/716 959/1677/716 975/1687/716 976/1688/716
f 968/1680/717 967/1678/717 983/1686/717 984/1689/717
f 961/1681/718 960/1679/718 976/1688/718 977/1690/718
f 969/1682/719 968/1680/719 984/1689/719 985/1691/719
f 962/1668/720 961/1681/720 977/1690/720 978/1692/720
f 955/1670/721 970/1693/721 971/1694/721
f 1196/1695/722 969/1682/722 985/1691/722
f 963/1669/723 962/1668/723 978/1692/723 979/1696/723
f 956/1671/724 955/1670/724 971/1694/724 972/1697/724
f 964/1672/725 963/1669/725 979/1696/725 980/1698/725
f 957/1673/726 956/1671/726 972/1697/726 973/1699/726
f 965/1674/727 964/1672/727 980/1698/727 981/1700/727
f 958/1675/728 957/1673/728 973/1699/728 974/1701/728
f 966/1676/729 965/1674/729 981/1700/729 982/1685/729
f 959/1677/730 958/1675/730 974/1701/730 975/1687/730
f 972/1697/731 971/1694/731 986/1702/731 987/1703/731
f 980/1698/732 979/1696/732 994/1704/732 995/1705/732
f 973/1699/733 972/1697/733 987/1703/733 988/1706/733
f 981/1700/734 980/1698/734 995/1705/734 996/1707/734
f 974/1701/735 973/1699/735 988/1706/735 989/1708/735
f 982/1685/736 981/1700/736 996/1707/736 997/1709/736
f 975/1687/737 974/1701/737 989/1708/737 990/1710/737
f 983/1686/738 982/1685/738 997/1709/738 998/1711/738
f 976/1688/739 975/1687/739 990/1710/739 991/1712/739
f 984/1689/740 983/1686/740 998/1711/740 999/1713/740
f 977/1690/741 976/1688/741 991/1712/741 992/1714/741
f 985/1691/742 984/1689/742 999/1713/742 1000/1715/742
f 978/1692/743 977/1690/743 992/1714/743 993/1716/743
f 971/1694/744 970/1717/744 986/1702/744
f 1196/1718/745 985/1691/745 1000/1715/745
f 979/1696/746 978/1692/746 993/1716/746 994/1704/746
f 991/1712/747 990/1710/747 1005/1719/747 1006/1720/747
f 999/1713/748 998/1711/748 1013/1721/748 1014/1722/748
f 992/1714/749 991/1712/749 1006/1720/749 1007/1723/749
f 1000/1715/750 999/1713/750 1014/1722/750 1015/1724/750
f 993/1716/751 992/1714/751 1007/1723/751 1008/1725/751
f 986/1702/752 970/1726/752 1001/1727/752
f 1196/1728/753 1000/1715/753 1015/1724/753
f 994/1704/754 993/1716/754 1008/1725/754 1009/1729/754
f 987/1703/755 986/1702/755 1001/1727/755 1002/1730/755
f 995/1705/756 994/1704/756 1009/1729/756 1010/1731/756
f 988/1706/757 987/1703/757 1002/1730/757 1003/1732/757
f 996/1707/758 995/1705/758 1010/1731/758 1011/1733/758
f 989/1708/759 988/1706/759 1003/1732/759 1004/1734/759
f 997/1709/760 996/1707/760 1011/1733/760 1012/1735/760
f 990/1710/761 989/1708/761 1004/1734/761 1005/1719/761
f 998/1711/762 997/1709/762 1012/1735/762 1013/1721/762
f 1010/1731/763 1009/1729/763 1024/1736/763 1025/1737/763
f 1003/1732/764 1002/1730/764 1017/1738/764 1018/1739/764
f 1011/1733/765 1010/1731/765 1025/1737/765 1026/1740/765
f 1004/1734/766 1003/1732/766 1018/1739/766 1019/1741/766
f 1012/1735/767 1011/1733/767 1026/1740/767 1027/1742/767
f 1005/1719/768 1004/1734/768 1019/1741/768 1020/1743/768
f 1013/1721/769 1012/1735/769 1027/1742/769 1028/1744/769
f 1006/1720/770 1005/1719/770 1020/1743/770 1021/1745/770
f 1014/1722/771 1013/1721/771 1028/1744/771 1029/1746/771
f 1007/1723/772 1006/1720/772 1021/1745/772 1022/1747/772
f 1015/1724/773 1014/1722/773 1029/1746/773 1030/1748/773
f 1008/1725/774 1007/1723/774 1022/1747/774 1023/1749/774
f 1001/1727/775 970/1750/775 1016/1751/775
f 1196/1752/776 1015/1724/776 1030/1748/776
f 1009/1729/777 1008/1725/777 1023/1749/777 1024/1736/777
f 1002/1730/778 1001/1727/778 1016/1751/778 1017/1738/778
f 1029/1746/779 1028/1744/779 1043/1753/779 1044/1754/779
f 1022/1747/780 1021/1745/780 1036/1755/780 1037/1756/780
f 1030/1748/781 1029/1746/781 1044/1754/781 1045/1757/781
f 1023/1749/782 1022/1747/782 1037/1756/782 1038/1758/782
f 1016/1751/783 970/1759/783 1031/1760/783
f 1196/1761/784 1030/1748/784 1045/1757/784
f 1024/1736/785 1023/1749/785 1038/1758/785 1039/1762/785
f 1017/1738/786 1016/1751/786 1031/1760/786 1032/1763/786
f 1025/1737/787 1024/1736/787 1039/1762/787 1040/1764/787
f 1018/1739/788 1017/1738/788 1032/1763/788 1033/1765/788
f 1026/1740/789 1025/1737/789 1040/1764/789 1041/1766/789
f 1019/1741/790 1018/1739/790 1033/1765/790 1034/1767/790
f 1027/1742/791 1026/1740/791 1041/1766/791 1042/1768/791
f 1020/1743/792 1019/1741/792 1034/1767/792 1035/1769/792
f 1028/1744/793 1027/1742/793 1042/1768/793 1043/1753/793
f 1021/1745/794 1020/1743/794 1035/1769/794 1036/1755/794
f 1041/1766/795 1040/1764/795 1055/1770/795 1056/1771/795
f 1034/1767/796 1033/1765/796 1048/1772/796 1049/1773/796
f 1042/1768/797 1041/1766/797 1056/1771/797 1057/1774/797
f 1035/1769/798 1034/1767/798 1049/1773/798 1050/1775/798
f 1043/1753/799 1042/1768/799 1057/1774/799 1058/1776/799
f 1036/1755/800 1035/1769/800 1050/1775/800 1051/1777/800
f 1044/1754/801 1043/1753/801 1058/1776/801 1059/1778/801
f 1037/1756/802 1036/1755/802 1051/1777/802 1052/1779/802
f 1045/1757/803 1044/1754/803 1059/1778/803 1060/1780/803
f 1038/1758/804 1037/1756/804 1052/1779/804 1053/1781/804
f 1031/1760/805 970/1782/805 1046/1783/805
f 1196/1784/806 1045/1757/806 1060/1780/806
f 1039/1762/807 1038/1758/807 1053/1781/807 1054/1785/807
f 1032/1763/808 1031/1760/808 1046/1783/808 1047/1786/808
f 1040/1764/809 1039/1762/809 1054/1785/809 1055/1770/809
f 1033/1765/810 1032/1763/810 1047/1786/810 1048/1772/810
f 1060/1780/811 1059/1778/811 1074/1787/811 1075/1788/811
f 1053/1781/812 1052/1779/812 1067/1789/812 1068/1790/812
f 1046/1783/813 970/1791/813 1061/1792/813
f 1196/1793/814 1060/1780/814 1075/1788/814
f 1054/1785/815 1053/1781/815 1068/1790/815 1069/1794/815
f 1047/1786/816 1046/1783/816 1061/1792/816 1062/1795/816
f 1055/1770/817 1054/1785/817 1069/1794/817 1070/1796/817
f 1048/1772/818 1047/1786/818 1062/1795/818 1063/1797/818
f 1056/1771/819 1055/1770/819 1070/1796/819 1071/1798/819
f 1049/1773/820 1048/1772/820 1063/1797/820 1064/1799/820
f 1057/1774/821 1056/1771/821 1071/1798/821 1072/1800/821
f 1050/1775/822 1049/1773/822 1064/1799/822 1065/1801/822
f 1058/1776/823 1057/1774/823 1072/1800/823 1073/1802/823
f 1051/1777/824 1050/1775/824 1065/1801/824 1066/1803/824
f 1059/1778/825 1058/1776/825 1073/1802/825 1074/1787/825
f 1052/1779/826 1051/1777/826 1066/1803/826 1067/1789/826
f 1064/1799/827 1063/1797/827 1078/1804/827 1079/1805/827
f 1072/1800/828 1071/1798/828 1086/1806/828 1087/1807/828
f 1065/1801/829 1064/1799/829 1079/1805/829 1080/1808/829
f 1073/1802/830 1072/1800/830 1087/1807/830 1088/1809/830
f 1066/1803/831 1065/1801/831 1080/1808/831 1081/1810/831
f 1074/1787/832 1073/1802/832 1088/1809/832 1089/1811/832
f 1067/1789/833 1066/1803/833 1081/1810/833 1082/1812/833
f 1075/1788/834 1074/1787/834 1089/1811/834 1090/1813/834
f 1068/1790/835 1067/1789/835 1082/1812/835 1083/1814/835
f 1061/1792/836 970/1815/836 1076/1816/836
f 1196/1817/837 1075/1788/837 1090/1813/837
f 1069/1794/838 1068/1790/838 1083/1814/838 1084/1818/838
f 1062/1795/839 1061/1792/839 1076/1816/839 1077/1819/839
f 1070/1796/840 1069/1794/840 1084/1818/840 1085/1820/840
f 1063/1797/841 1062/1795/841 1077/1819/841 1078/1804/841
f 1071/1798/842 1070/1796/842 1085/1820/842 1086/1806/842
f 1083/1814/843 1082/1812/843 1097/1821/843 1098/1822/843
f 1076/1816/844 970/1823/844 1091/1824/844
f 1196/1825/845 1090/1813/845 1105/1826/845
f 1084/1818/846 1083/1814/846 1098/1822/846 1099/1827/846
f 1077/1819/847 1076/1816/847 1091/1824/847 1092/1828/847
f 1085/1820/848 1084/1818/848 1099/1827/848 1100/1829/848
f 1078/1804/849 1077/1819/849 1092/1828/849 1093/1830/849
f 1086/1806/850 1085/1820/850 1100/1829/850 1101/1831/850
f 1079/1805/851 1078/1804/851 1093/1830/851 1094/1832/851
f 1087/1807/852 1086/1806/852 1101/1831/852 1102/1833/852
f 1080/1808/853 1079/1805/853 1094/1832/853 1095/1834/853
f 1088/1809/854 1087/1807/854 1102/1833/854 1103/1835/854
f 1081/1810/855 1080/1808/855 1095/1834/855 1096/1836/855
f 1089/1811/856 1088/1809/856 1103/1835/856 1104/1837/856
f 1082/1812/857 1081/1810/857 1096/1836/857 1097/1821/857
f 1090/1813/858 1089/1811/858 1104/1837/858 1105/1826/858
f 1102/1833/859 1101/1831/859 1116/1838/859 1117/1839/859
f 1095/1834/860 1094/1832/860 1109/1840/860 1110/1841/860
f 1103/1835/861 1102/1833/861 1117/1839/861 1118/1842/861
f 1096/1836/862 1095/1834/862 1110/1841/862 1111/1843/862
f 1104/1837/863 1103/1835/863 1118/1842/863 1119/1844/863
f 1097/1821/864 1096/1836/864 1111/1843/864 1112/1845/864
f 1105/1826/865 1104/1837/865 1119/1844/865 1120/1846/865
f 1098/1822/866 1097/1821/866 1112/1845/866 1113/1847/866
f 1091/1824/867 970/1848/867 1106/1849/867
f 1196/1850/868 1105/1826/868 1120/1846/868
f 1099/1827/869 1098/1822/869 1113/1847/869 1114/1851/869
f 1092/1828/870 1091/1824/870 1106/1849/870 1107/1852/870
f 1100/1829/871 1099/1827/871 1114/1851/871 1115/1853/871
f 1093/1830/872 1092/1828/872 1107/1852/872 1108/1854/872
f 1101/1831/873 1100/1829/873 1115/1853/873 1116/1838/873
f 1094/1832/874 1093/1830/874 1108/1854/874 1109/1840/874
f 1106/1849/875 970/1855/875 1121/1856/875
f 1196/1857/876 1120/1846/876 1135/1858/876
f 1114/1851/877 1113/1847/877 1128/1859/877 1129/1860/877
f 1107/1852/878 1106/1849/878 1121/1856/878 1122/1861/878
f 1115/1853/879 1114/1851/879 1129/1860/879 1130/1862/879
f 1108/1854/880 1107/1852/880 1122/1861/880 1123/1863/880
f 1116/1838/881 1115/1853/881 1130/1862/881 1131/1864/881
f 1109/1840/882 1108/1854/882 1123/1863/882 1124/1865/882
f 1117/1839/883 1116/1838/883 1131/1864/883 1132/1866/883
f 1110/1841/884 1109/1840/884 1124/1865/884 1125/1867/884
f 1118/1842/885 1117/1839/885 1132/1866/885 1133/1868/885
f 1111/1843/886 1110/1841/886 1125/1867/886 1126/1869/886
f 1119/1844/887 1118/1842/887 1133/1868/887 1134/1870/887
f 1112/1845/888 1111/1843/888 1126/1869/888 1127/1871/888
f 1120/1846/889 1119/1844/889 1134/1870/889 1135/1858/889
f 1113/1847/890 1112/1845/890 1127/1871/890 1128/1859/890
f 1125/1867/891 1124/1865/891 1139/1872/891 1140/1873/891
f 1133/1868/892 1132/1866/892 1147/1874/892 1148/1875/892
f 1126/1869/893 1125/1867/893 1140/1873/893 1141/1876/893
f 1134/1870/894 1133/1868/894 1148/1875/894 1149/1877/894
f 1127/1871/895 1126/1869/895 1141/1876/895 1142/1878/895
f 1135/1858/896 1134/1870/896 1149/1877/896 1150/1879/896
f 1128/1859/897 1127/1871/897 1142/1878/897 1143/1880/897
f 1121/1856/898 970/1881/898 1136/1882/898
f 1196/1883/899 1135/1858/899 1150/1879/899
f 1129/1860/900 1128/1859/900 1143/1880/900 1144/1884/900
f 1122/1861/901 1121/1856/901 1136/1882/901 1137/1885/901
f 1130/1862/902 1129/1860/902 1144/1884/902 1145/1886/902
f 1123/1863/903 1122/1861/903 1137/1885/903 1138/1887/903
f 1131/1864/904 1130/1862/904 1145/1886/904 1146/1888/904
f 1124/1865/905 1123/1863/905 1138/1887/905 1139/1872/905
f 1132/1866/906 1131/1864/906 1146/1888/906 1147/1874/906
f 1144/1884/907 1143/1880/907 1158/1889/907 1159/1890/907
f 1137/1885/908 1136/1882/908 1151/1891/908 1152/1892/908
f 1145/1886/909 1144/1884/909 1159/1890/909 1160/1893/909
f 1138/1887/910 1137/1885/910 1152/1892/910 1153/1894/910
f 1146/1888/911 1145/1886/911 1160/1893/911 1161/1895/911
f 1139/1872/912 1138/1887/912 1153/1894/912 1154/1896/912
f 1147/1874/913 1146/1888/913 1161/1895/913 1162/1897/913
f 1140/1873/914 1139/1872/914 1154/1896/914 1155/1898/914
f 1148/1875/915 1147/1874/915 1162/1897/915 1163/1899/915
f 1141/1876/916 1140/1873/916 1155/1898/916 1156/1900/916
f 1149/1877/917 1148/1875/917 1163/1899/917 1164/1901/917
f 1142/1878/918 1141/1876/918 1156/1900/918 1157/1902/918
f 1150/1879/919 1149/1877/919 1164/1901/919 1165/1903/919
f 1143/1880/920 1142/1878/920 1157/1902/920 1158/1889/920
f 1136/1882/921 970/1904/921 1151/1891/921
f 1196/1905/922 1150/1879/922 1165/1903/922
f 1163/1899/923 1162/1897/923 1177/1906/923 1178/1907/923
f 1156/1900/924 1155/1898/924 1170/1908/924 1171/1909/924
f 1164/1901/925 1163/1899/925 1178/1907/925 1179/1910/925
f 1157/1902/926 1156/1900/926 1171/1909/926 1172/1911/926
f 1165/1903/927 1164/1901/927 1179/1910/927 1180/1912/927
f 1158/1889/928 1157/1902/928 1172/1911/928 1173/1913/928
f 1151/1891/929 970/1914/929 1166/1915/929
f 1196/1916/930 1165/1903/930 1180/1912/930
f 1159/1890/931 1158/1889/931 1173/1913/931 1174/1917/931
f 1152/1892/932 1151/1891/932 1166/1915/932 1167/1918/932
f 1160/1893/933 1159/1890/933 1174/1917/933 1175/1919/933
f 1153/1894/934 1152/1892/934 1167/1918/934 1168/1920/934
f 1161/1895/935 1160/1893/935 1175/1919/935 1176/1921/935
f 1154/1896/936 1153/1894/936 1168/1920/936 1169/1922/936
f 1162/1897/937 1161/1895/937 1176/1921/937 1177/1906/937
f 1155/1898/938 1154/1896/938 1169/1922/938 1170/1908/938
f 1175/1919/939 1174/1917/939 1189/1923/939 1190/1924/939
f 1168/1920/940 1167/1918/940 1182/1925/940 1183/1926/940
f 1176/1921/941 1175/1919/941 1190/1924/941 1191/1927/941
f 1169/1922/942 1168/1920/942 1183/1926/942 1184/1928/942
f 1177/1906/943 1176/1921/943 1191/1927/943 1192/1929/943
f 1170/1908/944 1169/1922/944 1184/1928/944 1185/1930/944
f 1178/1907/945 1177/1906/945 1192/1929/945 1193/1931/945
f 1171/1909/946 1170/1908/946 1185/1930/946 1186/1932/946
f 1179/1910/947 1178/1907/947 1193/1931/947 1194/1933/947
f 1172/1911/948 1171/1909/948 1186/1932/948 1187/1934/948
f 1180/1912/949 1179/1910/949 1194/1933/949 1195/1935/949
f 1173/1913/950 1172/1911/950 1187/1934/950 1188/1936/950
f 1166/1915/951 970/1937/951 1181/1938/951
f 1196/1939/952 1180/1912/952 1195/1935/952
f 1174/1917/953 1173/1913/953 1188/1936/953 1189/1923/953
f 1167/1918/954 1166/1915/954 1181/1938/954 1182/1925/954
f 1194/1933/955 1193/1931/955 1209/1940/955 1210/1941/955
f 1187/1934/956 1186/1932/956 1202/1942/956 1203/1943/956
f 1195/1935/957 1194/1933/957 1210/1941/957 1211/1944/957
f 1188/1936/958 1187/1934/958 1203/1943/958 1204/1945/958
f 1181/1938/959 970/1946/959 1197/1947/959
f 1196/1948/960 1195/1935/960 1211/1944/960
f 1189/1923/961 1188/1936/961 1204/1945/961 1205/1949/961
f 1182/1925/962 1181/1938/962 1197/1947/962 1198/1950/962
f 1190/1924/963 1189/1923/963 1205/1949/963 1206/1951/963
f 1183/1926/964 1182/1925/964 1198/1950/964 1199/1952/964
f 1191/1927/965 1190/1924/965 1206/1951/965 1207/1953/965
f 1184/1928/966 1183/1926/966 1199/1952/966 1200/1954/966
f 1192/1929/967 1191/1927/967 1207/1953/967 1208/1955/967
f 1185/1930/968 1184/1928/968 1200/1954/968 1201/1956/968
f 1193/1931/969 1192/1929/969 1208/1955/969 1209/1940/969
f 1186/1932/970 1185/1930/970 1201/1956/970 1202/1942/970
f 1199/1952/971 1198/1950/971 1213/1957/971 1214/1958/971
f 1207/1953/972 1206/1951/972 1221/1959/972 1222/1960/972
f 1200/1954/973 1199/1952/973 1214/1958/973 1215/1961/973
f 1208/1955/974 1207/1953/974 1222/1960/974 1223/1962/974
f 1201/1956/975 1200/1954/975 1215/1961/975 1216/1963/975
f 1209/1940/976 1208/1955/976 1223/1962/976 1224/1964/976
f 1202/1942/977 1201/1956/977 1216/1963/977 1217/1965/977
f 1210/1941/978 1209/1940/978 1224/1964/978 1225/1966/978
f 1203/1943/979 1202/1942/979 1217/1965/979 1218/1967/979
f 1211/1944/980 1210/1941/980 1225/1966/980 1226/1968/980
f 1204/1945/981 1203/1943/981 1218/1967/981 1219/1969/981
f 1197/1947/982 970/1970/982 1212/1971/982
f 1196/1972/983 1211/1944/983 1226/1968/983
f 1205/1949/984 1204/1945/984 1219/1969/984 1220/1973/984
f 1198/1950/985 1197/1947/985 1212/1971/985 1213/1957/985
f 1206/1951/986 1205/1949/986 1220/1973/986 1221/1959/986
f 1218/1967/987 1217/1965/987 1232/1974/987 1233/1975/987
f 1226/1968/988 1225/1966/988 1240/1976/988 1241/1977/988
f 1219/1969/989 1218/1967/989 1233/1975/989 1234/1978/989
f 1212/1971/990 970/1979/990 1227/1980/990
f 1196/1981/991 1226/1968/991 1241/1977/991
f 1220/1973/992 1219/1969/992 1234/1978/992 1235/1982/992
f 1213/1957/993 1212/1971/993 1227/1980/993 1228/1983/993
f 1221/1959/994 1220/1973/994 1235/1982/994 1236/1984/994
f 1214/1958/995 1213/1957/995 1228/1983/995 1229/1985/995
f 1222/1960/996 1221/1959/996 1236/1984/996 1237/1986/996
f 1215/1961/997 1214/1958/997 1229/1985/997 1230/1987/997
f 1223/1962/998 1222/1960/998 1237/1986/998 1238/1988/998
f 1216/1963/999 1215/1961/999 1230/1987/999 1231/1989/999
f 1224/1964/1000 1223/1962/1000 1238/1988/1000 1239/1990/1000
f 1217/1965/1001 1216/1963/1001 1231/1989/1001 1232/1974/1001
f 1225/1966/1002 1224/1964/1002 1239/1990/1002 1240/1976/1002
f 1237/1986/1003 1236/1984/1003 1251/1991/1003 1252/1992/1003
f 1230/1987/1004 1229/1985/1004 1244/1993/1004 1245/1994/1004
f 1238/1988/1005 1237/1986/1005 1252/1992/1005 1253/1995/1005
f 1231/1989/1006 1230/1987/1006 1245/1994/1006 1246/1996/1006
f 1239/1990/1007 1238/1988/1007 1253/1995/1007 1254/1997/1007
f 1232/1974/1008 1231/1989/1008 1246/1996/1008 1247/1998/1008
f 1240/1976/1009 1239/1990/1009 1254/1997/1009 1255/1999/1009
f 1233/1975/1010 1232/1974/1010 1247/1998/1010 1248/2000/1010
f 1241/1977/1011 1240/1976/1011 1255/1999/1011 1256/2001/1011
f 1234/1978/1012 1233/1975/1012 1248/2000/1012 1249/2002/1012
f 1227/1980/1013 970/2003/1013 1242/2004/1013
f 1196/2005/1014 1241/1977/1014 1256/2001/1014
f 1235/1982/1015 1234/1978/1015 1249/2002/1015 1250/2006/1015
f 1228/1983/1016 1227/1980/1016 1242/2004/1016 1243/2007/1016
f 1236/1984/1017 1235/1982/1017 1250/2006/1017 1251/1991/1017
f 1229/1985/1018 1228/1983/1018 1243/2007/1018 1244/1993/1018
f 1256/2008/1019 1255/2009/1019 1270/2010/1019 1271/2011/1019
f 1249/2012/1020 1248/2013/1020 1263/2014/1020 1264/2015/1020
f 1242/2016/1021 970/2017/1021 1257/2018/1021
f 1196/2019/1022 1256/2008/1022 1271/2011/1022
f 1250/2020/1023 1249/2012/1023 1264/2015/1023 1265/2021/1023
f 1243/2022/1024 1242/2016/1024 1257/2018/1024 1258/2023/1024
f 1251/2024/1025 1250/2020/1025 1265/2021/1025 1266/2025/1025
f 1244/2026/1026 1243/2022/1026 1258/2023/1026 1259/2027/1026
f 1252/2028/1027 1251/2024/1027 1266/2025/1027 1267/2029/1027
f 1245/2030/1028 1244/2026/1028 1259/2027/1028 1260/2031/1028
f 1253/2032/1029 1252/2028/1029 1267/2029/1029 1268/2033/1029
f 1246/2034/1030 1245/2030/1030 1260/2031/1030 1261/2035/1030
f 1254/2036/1031 1253/2032/1031 1268/2033/1031 1269/2037/1031
f 1247/2038/1032 1246/2034/1032 1261/2035/1032 1262/2039/1032
f 1255/2009/1033 1254/2036/1033 1269/2037/1033 1270/2010/1033
f 1248/2013/1034 1247/2038/1034 1262/2039/1034 1263/2014/1034
f 1260/2031/1035 1259/2027/1035 1274/2040/1035 1275/2041/1035
f 1268/2033/1036 1267/2029/1036 1282/2042/1036 1283/2043/1036
f 1261/2035/1037 1260/2031/1037 1275/2041/1037 1276/2044/1037
f 1269/2037/1038 1268/2033/1038 1283/2043/1038 1284/2045/1038
f 1262/2039/1039 1261/2035/1039 1276/2044/1039 1277/2046/1039
f 1270/2010/1040 1269/2037/1040 1284/2045/1040 1285/2047/1040
f 1263/2014/1041 1262/2039/1041 1277/2046/1041 1278/2048/1041
f 1271/2011/1042 1270/2010/1042 1285/2047/1042 1286/2049/1042
f 1264/2015/1043 1263/2014/1043 1278/2048/1043 1279/2050/1043
f 1257/2018/1044 970/2051/1044 1272/2052/1044
f 1196/2053/1045 1271/2011/1045 1286/2049/1045
f 1265/2021/1046 1264/2015/1046 1279/2050/1046 1280/2054/1046
f 1258/2023/1047 1257/2018/1047 1272/2052/1047 1273/2055/1047
f 1266/2025/1048 1265/2021/1048 1280/2054/1048 1281/2056/1048
f 1259/2027/1049 1258/2023/1049 1273/2055/1049 1274/2040/1049
f 1267/2029/1050 1266/2025/1050 1281/2056/1050 1282/2042/1050
f 1279/2050/1051 1278/2048/1051 1293/2057/1051 1294/2058/1051
f 1272/2052/1052 970/2059/1052 1287/2060/1052
f 1196/2061/1053 1286/2049/1053 1301/2062/1053
f 1280/2054/1054 1279/2050/1054 1294/2058/1054 1295/2063/1054
f 1273/2055/1055 1272/2052/1055 1287/2060/1055 1288/2064/1055
f 1281/2056/1056 1280/2054/1056 1295/2063/1056 1296/2065/1056
f 1274/2040/1057 1273/2055/1057 1288/2064/1057 1289/2066/1057
f 1282/2042/1058 1281/2056/1058 1296/2065/1058 1297/2067/1058
f 1275/2041/1059 1274/2040/1059 1289/2066/1059 1290/2068/1059
f 1283/2043/1060 1282/2042/1060 1297/2067/1060 1298/2069/1060
f 1276/2044/1061 1275/2041/1061 1290/2068/1061 1291/2070/1061
f 1284/2045/1062 1283/2043/1062 1298/2069/1062 1299/2071/1062
f 1277/2046/1063 1276/2044/1063 1291/2070/1063 1292/2072/1063
f 1285/2047/1064 1284/2045/1064 1299/2071/1064 1300/2073/1064
f 1278/2048/1065 1277/2046/1065 1292/2072/1065 1293/2057/1065
f 1286/2049/1066 1285/2047/1066 1300/2073/1066 1301/2062/1066
f 1298/2069/1067 1297/2067/1067 1312/2074/1067 1313/2075/1067
f 1291/2070/1068 1290/2068/1068 1305/2076/1068 1306/2077/1068
f 1299/2071/1069 1298/2069/1069 1313/2075/1069 1314/2078/1069
f 1292/2072/1070 1291/2070/1070 1306/2077/1070 1307/2079/1070
f 1300/2073/1071 1299/2071/1071 1314/2078/1071 1315/2080/1071
f 1293/2057/1072 1292/2072/1072 1307/2079/1072 1308/2081/1072
f 1301/2062/1073 1300/2073/1073 1315/2080/1073 1316/2082/1073
f 1294/2058/1074 1293/2057/1074 1308/2081/1074 1309/2083/1074
f 1287/2060/1075 970/2084/1075 1302/2085/1075
f 1196/2086/1076 1301/2062/1076 1316/2082/1076
f 1295/2063/1077 1294/2058/1077 1309/2083/1077 1310/2087/1077
f 1288/2064/1078 1287/2060/1078 1302/2085/1078 1303/2088/1078
f 1296/2065/1079 1295/2063/1079 1310/2087/1079 1311/2089/1079
f 1289/2066/1080 1288/2064/1080 1303/2088/1080 1304/2090/1080
f 1297/2067/1081 1296/2065/1081 1311/2089/1081 1312/2074/1081
f 1290/2068/1082 1289/2066/1082 1304/2090/1082 1305/2076/1082
f 1196/2091/1083 1316/2082/1083 1331/2092/1083
f 1310/2087/1084 1309/2083/1084 1324/2093/1084 1325/2094/1084
f 1303/2088/1085 1302/2085/1085 1317/2095/1085 1318/2096/1085
f 1311/2089/1086 1310/2087/1086 1325/2094/1086 1326/2097/1086
f 1304/2090/1087 1303/2088/1087 1318/2096/1087 1319/2098/1087
f 1312/2074/1088 1311/2089/1088 1326/2097/1088 1327/2099/1088
f 1305/2076/1089 1304/2090/1089 1319/2098/1089 1320/2100/1089
f 1313/2075/1090 1312/2074/1090 1327/2099/1090 1328/2101/1090
f 1306/2077/1091 1305/2076/1091 1320/2100/1091 1321/2102/1091
f 1314/2078/1092 1313/2075/1092 1328/2101/1092 1329/2103/1092
f 1307/2079/1093 1306/2077/1093 1321/2102/1093 1322/2104/1093
f 1315/2080/1094 1314/2078/1094 1329/2103/1094 1330/2105/1094
f 1308/2081/1095 1307/2079/1095 1322/2104/1095 1323/2106/1095
f 1316/2082/1096 1315/2080/1096 1330/2105/1096 1331/2092/1096
f 1309/2083/1097 1308/2081/1097 1323/2106/1097 1324/2093/1097
f 1302/2085/1098 970/2107/1098 1317/2095/1098
f 1329/2103/1099 1328/2101/1099 1343/2108/1099 1344/2109/1099
f 1322/2104/1100 1321/2102/1100 1336/2110/1100 1337/2111/1100
f 1330/2105/1101 1329/2103/1101 1344/2109/1101 1345/2112/1101
f 1323/2106/1102 1322/2104/1102 1337/2111/1102 1338/2113/1102
f 1331/2092/1103 1330/2105/1103 1345/2112/1103 1346/2114/1103
f 1324/2093/1104 1323/2106/1104 1338/2113/1104 1339/2115/1104
f 1317/2095/1105 970/2116/1105 1332/2117/1105
f 1196/2118/1106 1331/2092/1106 1346/2114/1106
f 1325/2094/1107 1324/2093/1107 1339/2115/1107 1340/2119/1107
f 1318/2096/1108 1317/2095/1108 1332/2117/1108 1333/2120/1108
f 1326/2097/1109 1325/2094/1109 1340/2119/1109 1341/2121/1109
f 1319/2098/1110 1318/2096/1110 1333/2120/1110 1334/2122/1110
f 1327/2099/1111 1326/2097/1111 1341/2121/1111 1342/2123/1111
f 1320/2100/1112 1319/2098/1112 1334/2122/1112 1335/2124/1112
f 1328/2101/1113 1327/2099/1113 1342/2123/1113 1343/2108/1113
f 1321/2102/1114 1320/2100/1114 1335/2124/1114 1336/2110/1114
f 1333/2120/1115 1332/2117/1115 1347/2125/1115 1348/2126/1115
f 1341/2121/1116 1340/2119/1116 1355/2127/1116 1356/2128/1116
f 1334/2122/1117 1333/2120/1117 1348/2126/1117 1349/2129/1117
f 1342/2123/1118 1341/2121/1118 1356/2128/1118 1357/2130/1118
f 1335/2124/1119 1334/2122/1119 1349/2129/1119 1350/2131/1119
f 1343/2108/1120 1342/2123/1120 1357/2130/1120 1358/2132/1120
f 1336/2110/1121 1335/2124/1121 1350/2131/1121 1351/2133/1121
f 1344/2109/1122 1343/2108/1122 1358/2132/1122 1359/2134/1122
f 1337/2111/1123 1336/2110/1123 1351/2133/1123 1352/2135/1123
f 1345/2112/1124 1344/2109/1124 1359/2134/1124 1360/2136/1124
f 1338/2113/1125 1337/2111/1125 1352/2135/1125 1353/2137/1125
f 1346/2114/1126 1345/2112/1126 1360/2136/1126 1361/2138/1126
f 1339/2115/1127 1338/2113/1127 1353/2137/1127 1354/2139/1127
f 1332/2117/1128 970/2140/1128 1347/2125/1128
f 1196/2141/1129 1346/2114/1129 1361/2138/1129
f 1340/2119/1130 1339/2115/1130 1354/2139/1130 1355/2127/1130
f 1352/2135/1131 1351/2133/1131 890/1590/1131 1365/1589/1131
f 1360/2136/1132 1359/2134/1132 1368/1585/1132 1369/1593/1132
f 1353/2137/1133 1352/2135/1133 1365/1589/1133 891/1595/1133
f 1361/2138/1134 1360/2136/1134 1369/1593/1134 1370/1597/1134
f 1354/2139/1135 1353/2137/1135 891/1595/1135 892/1599/1135
f 1347/2125/1136 970/2142/1136 1362/1601/1136
f 1196/2143/1137 1361/2138/1137 1370/1597/1137
f 1355/2127/1138 1354/2139/1138 892/1599/1138 893/1605/1138
f 1348/2126/1139 1347/2125/1139 1362/1601/1139 1363/1607/1139
f 1356/2128/1140 1355/2127/1140 893/1605/1140 1366/1609/1140
f 1349/2129/1141 1348/2126/1141 1363/1607/1141 889/1611/1141
f 1357/2130/1142 1356/2128/1142 1366/1609/1142 894/1613/1142
f 1350/2131/1143 1349/2129/1143 889/1611/1143 1364/1615/1143
f 1358/2132/1144 1357/2130/1144 894/1613/1144 1367/1586/1144
f 1351/2133/1145 1350/2131/1145 1364/1615/1145 890/1590/1145
f 1359/2134/1146 1358/2132/1146 1367/1586/1146 1368/1585/1146
o BeanBag2
v 2.900000 0.549441 2.333329
v 2.900000 0.466671 2.250559
v 2.900000 0.358527 2.205764
v 2.900000 0.300000 2.200000
v 2.900000 0.241473 2.205764
v 2.900000 0.133329 2.250559
v 2.911418 0.594236 2.442597
v 2.922397 0.577164 2.387401
v 2.932516 0.549441 2.336531
v 2.941385 0.512132 2.291944
v 2.948664 0.466671 2.255352
v 2.954072 0.414805 2.228162
v 2.957403 0.358527 2.211418
v 2.958527 0.300000 2.205764
v 2.957403 0.241473 2.211418
v 2.954072 0.185195 2.228162
v 2.948664 0.133329 2.255352
v 2.941385 0.087868 2.291944
v 2.932516 0.050559 2.336531
v 2.922397 0.022836 2.387401
v 2.911418 0.005764 2.442597
v 2.922397 0.594236 2.445928
v 2.943934 0.577164 2.393934
v 2.963782 0.549441 2.346016
v 2.981179 0.512132 2.304016
v 2.995457 0.466671 2.269547
v 3.006066 0.414805 2.243934
v 3.012599 0.358527 2.228162
v 3.014805 0.300000 2.222836
v 3.012599 0.241473 2.228162
v 3.006066 0.185195 2.243934
v 2.995457 0.133329 2.269547
v 2.981179 0.087868 2.304016
v 2.963782 0.050559 2.346016
v 2.943934 0.022836 2.393934
v 2.922397 0.005764 2.445928
v 2.932516 0.594236 2.451336
v 2.963782 0.577164 2.404543
v 2.992598 0.549441 2.361418
v 3.017854 0.512132 2.323619
v 3.038582 0.466671 2.292598
v 3.053984 0.414805 2.269547
v 3.063469 0.358527 2.255352
v 3.066671 0.300000 2.250559
v 3.063469 0.241473 2.255352
v 3.053984 0.185195 2.269547
v 3.038582 0.133329 2.292598
v 3.017854 0.087868 2.323619
v 2.992598 0.050559 2.361418
v 2.963782 0.022836 2.404543
v 2.932516 0.005764 2.451336
v 2.941385 0.594236 2.458615
v 2.981179 0.577164 2.418821
v 3.017854 0.549441 2.382146
v 3.050000 0.512132 2.350000
v 3.076381 0.466671 2.323619
v 3.095984 0.414805 2.304016
v 3.108056 0.358527 2.291944
v 3.112132 0.300000 2.287868
v 3.108056 0.241473 2.291944
v 3.095984 0.185195 2.304016
v 3.076381 0.133329 2.323619
v 3.050000 0.087868 2.350000
v 3.017854 0.050559 2.382146
v 2.981179 0.022836 2.418821
v 2.941385 0.005764 2.458615
v 2.948664 0.594236 2.467484
v 2.995457 0.577164 2.436218
v 3.038582 0.549441 2.407403
v 3.076381 0.512132 2.382146
v 3.107403 0.466671 2.361418
v 3.130453 0.414805 2.346016
v 3.144648 0.358527 2.336531
v 3.149441 0.300000 2.333329
v 3.144648 0.241473 2.336531
v 3.130453 0.185195 2.346016
v 3.107403 0.133329 2.361418
v 3.076381 0.087868 2.382146
v 3.038582 0.050559 2.407403
v 2.995457 0.022836 2.436218
v 2.948664 0.005764 2.467484
v 2.900000 0.600000 2.500000
v 2.954072 0.594236 2.477603
v 3.006066 0.577164 2.456066
v 3.053984 0.549441 2.436218
v 3.095984 0.512132 2.418821
v 3.130453 0.466671 2.404543
v 3.156066 0.414805 2.393934
v 3.171838 0.358527 2.387401
v 3.177164 0.300000 2.385195
v 3.171838 0.241473 2.387401
v 3.156066 0.185195 2.393934
v 3.130453 0.133329 2.404543
v 3.095984 0.087868 2.418821
v 3.053984 0.050559 2.436218
v 3.006066 0.022836 2.456066
v 2.954072 0.005764 2.477603
v 2.957403 0.594236 2.488582
v 3.012599 0.577164 2.477603
v 3.063469 0.549441 2.467484
v 3.108056 0.512132 2.458615
v 3.144648 0.466671 2.451337
v 3.171838 0.414805 2.445928
v 3.188582 0.358527 2.442598
v 3.194236 0.300000 2.441473
v 3.188582 0.241473 2.442598
v 3.171838 0.185195 2.445928
v 3.144648 0.133329 2.451337
v 3.108056 0.087868 2.458615
v 3.063469 0.050559 2.467484
v 3.012599 0.022836 2.477603
v 2.957403 0.005764 2.488582
v 2.958527 0.594236 2.500000
v 3.014805 0.577164 2.500000
v 3.066671 0.549441 2.500000
v 3.112132 0.512132 2.500000
v 3.149441 0.466671 2.500000
v 3.177164 0.414805 2.500000
v 3.194236 0.358527 2.500000
v 3.200000 0.300000 2.500000
v 3.194236 0.241473 2.500000
v 3.177164 0.185195 2.500000
v 3.149441 0.133329 2.500000
v 3.112132 0.087868 2.500000
v 3.066671 0.050559 2.500000
v 3.014805 0.022836 2.500000
v 2.958527 0.005764 2.500000
v 2.957403 0.594236 2.511418
v 3.012599 0.577164 2.522397
v 3.063469 0.549441 2.532516
v 3.108056 0.512132 2.541385
v 3.144648 0.466671 2.548664
v 3.171838 0.414805 2.554072
v 3.188582 0.358527 2.557403
v 3.194236 0.300000 2.558527
v 3.188582 0.241473 2.557403
v 3.171838 0.185195 2.554072
v 3.144648 0.133329 2.548664
v 3.108056 0.087868 2.541385
v 3.063469 0.050559 2.532516
v 3.012599 0.022836 2.522397
v 2.957403 0.005764 2.511418
v 2.954072 0.594236 2.522397
v 3.006066 0.577164 2.543934
v 3.053984 0.549441 2.563782
v 3.095984 0.512132 2.581179
v 3.130453 0.466671 2.595457
v 3.156066 0.414805 2.606066
v 3.171838 0.358527 2.612599
v 3.177164 0.300000 2.614805
v 3.171838 0.241473 2.612599
v 3.156066 0.185195 2.606066
v 3.130453 0.133329 2.595457
v 3.095984 0.087868 2.581179
v 3.053984 0.050559 2.563782
v 3.006066 0.022836 2.543934
v 2.954072 0.005764 2.522397
v 2.948663 0.594236 2.532516
v 2.995457 0.577164 2.563782
v 3.038582 0.549441 2.592597
v 3.076381 0.512132 2.617854
v 3.107403 0.466671 2.638582
v 3.130453 0.414805 2.653984
v 3.144648 0.358527 2.663469
v 3.149441 0.300000 2.666671
v 3.144648 0.241473 2.663469
v 3.130453 0.185195 2.653984
v 3.107403 0.133329 2.638582
v 3.076381 0.087868 2.617854
v 3.038582 0.050559 2.592597
v 2.995457 0.022836 2.563782
v 2.948663 0.005764 2.532516
v 2.941385 0.594236 2.541385
v 2.981179 0.577164 2.581179
v 3.017854 0.549441 2.617854
v 3.050000 0.512132 2.650000
v 3.076381 0.466671 2.676381
v 3.095984 0.414805 2.695984
v 3.108056 0.358527 2.708056
v 3.112132 0.300000 2.712132
v 3.108056 0.241473 2.708056
v 3.095984 0.185195 2.695984
v 3.076381 0.133329 2.676381
v 3.050000 0.087868 2.650000
v 3.017854 0.050559 2.617854
v 2.981179 0.022836 2.581179
v 2.941385 0.005764 2.541385
v 2.932516 0.594236 2.548663
v 2.963782 0.577164 2.595457
v 2.992598 0.549441 2.638582
v 3.017854 0.512132 2.676381
v 3.038582 0.466671 2.707402
v 3.053984 0.414805 2.730453
v 3.063468 0.358527 2.744648
v 3.066671 0.300000 2.749441
v 3.063468 0.241473 2.744648
v 3.053984 0.185195 2.730453
v 3.038582 0.133329 2.707402
v 3.017854 0.087868 2.676381
v 2.992598 0.050559 2.638582
v 2.963782 0.022836 2.595457
v 2.932516 0.005764 2.548663
v 2.922397 0.594236 2.554072
v 2.943934 0.577164 2.606066
v 2.963782 0.549441 2.653984
v 2.981179 0.512132 2.695984
v 2.995457 0.466671 2.730453
v 3.006066 0.414805 2.756066
v 3.012599 0.358527 2.771838
v 3.014805 0.300000 2.777164
v 3.012599 0.241473 2.771838
v 3.006066 0.185195 2.756066
v 2.995457 0.133329 2.730453
v 2.981179 0.087868 2.695984
v 2.963782 0.050559 2.653984
v 2.943934 0.022836 2.606066
v 2.922397 0.005764 2.554072
v 2.911418 0.594236 2.557402
v 2.922397 0.577164 2.612599
v 2.932516 0.549441 2.663468
v 2.941385 0.512132 2.708056
v 2.948663 0.466671 2.744648
v 2.954072 0.414805 2.771838
v 2.957402 0.358527 2.788582
v 2.958527 0.300000 2.794235
v 2.957402 0.241473 2.788582
v 2.954072 0.185195 2.771838
v 2.948663 0.133329 2.744648
v 2.941385 0.087868 2.708056
v 2.932516 0.050559 2.663468
v 2.922397 0.022836 2.612599
v 2.911418 0.005764 2.557402
v 2.900000 0.594236 2.558527
v 2.900000 0.577164 2.614805
v 2.900000 0.549441 2.666671
v 2.900000 0.512132 2.712132
v 2.900000 0.466671 2.749441
v 2.900000 0.414805 2.777164
v 2.900000 0.358527 2.794235
v 2.900000 0.300000 2.800000
v 2.900000 0.241473 2.794235
v 2.900000 0.185195 2.777164
v 2.900000 0.133329 2.749441
v 2.900000 0.087868 2.712132
v 2.900000 0.050559 2.666671
v 2.900000 0.022836 2.614805
v 2.900000 0.005764 2.558527
v 2.888582 0.594236 2.557402
v 2.877603 0.577164 2.612599
v 2.867484 0.549441 2.663468
v 2.858615 0.512132 2.708056
v 2.851336 0.466671 2.744648
v 2.845928 0.414805 2.771838
v 2.842597 0.358527 2.788582
v 2.841473 0.300000 2.794235
v 2.842597 0.241473 2.788582
v 2.845928 0.185195 2.771838
v 2.851336 0.133329 2.744648
v 2.858615 0.087868 2.708056
v 2.867484 0.050559 2.663468
v 2.877603 0.022836 2.612599
v 2.888582 0.005764 2.557402
v 2.877603 0.594236 2.554072
v 2.856066 0.577164 2.606066
v 2.836218 0.549441 2.653984
v 2.818821 0.512132 2.695984
v 2.804543 0.466671 2.730453
v 2.793934 0.414805 2.756066
v 2.787401 0.358527 2.771838
v 2.785195 0.300000 2.777164
v 2.787401 0.241473 2.771838
v 2.793934 0.185195 2.756066
v 2.804543 0.133329 2.730453
v 2.818821 0.087868 2.695984
v 2.836218 0.050559 2.653984
v 2.856066 0.022836 2.606066
v 2.877603 0.005764 2.554072
v 2.867484 0.594236 2.548663
v 2.836218 0.577164 2.595457
v 2.807403 0.549441 2.638582
v 2.782146 0.512132 2.676381
v 2.761418 0.466671 2.707402
v 2.746016 0.414805 2.730453
v 2.736531 0.358527 2.744648
v 2.733329 0.300000 2.749441
v 2.736531 0.241473 2.744648
v 2.746016 0.185195 2.730453
v 2.761418 0.133329 2.707402
v 2.782146 0.087868 2.676381
v 2.807403 0.050559 2.638582
v 2.836218 0.022836 2.595457
v 2.867484 0.005764 2.548663
v 2.858615 0.594236 2.541385
v 2.818821 0.577164 2.581179
v 2.782146 0.549441 2.617854
v 2.750000 0.512132 2.650000
v 2.723619 0.466671 2.676381
v 2.704016 0.414805 2.695984
v 2.691944 0.358527 2.708056
v 2.687868 0.300000 2.712132
v 2.691944 0.241473 2.708056
v 2.704016 0.185195 2.695984
v 2.723619 0.133329 2.676381
v 2.750000 0.087868 2.650000
v 2.782146 0.050559 2.617854
v 2.818821 0.022836 2.581179
v 2.858615 0.005764 2.541385
v 2.900000 0.000000 2.500000
v 2.851337 0.594236 2.532516
v 2.804543 0.577164 2.563782
v 2.761418 0.549441 2.592597
v 2.723619 0.512132 2.617854
v 2.692598 0.466671 2.638582
v 2.669547 0.414805 2.653984
v 2.655352 0.358527 2.663468
v 2.650559 0.300000 2.666671
v 2.655352 0.241473 2.663468
v 2.669547 0.185195 2.653984
v 2.692598 0.133329 2.638582
v 2.723619 0.087868 2.617854
v 2.761418 0.050559 2.592597
v 2.804543 0.022836 2.563782
v 2.851337 0.005764 2.532516
v 2.845928 0.594236 2.522397
v 2.793934 0.577164 2.543934
v 2.746016 0.549441 2.563782
v 2.704016 0.512132 2.581179
v 2.669547 0.466671 2.595457
v 2.643934 0.414805 2.606066
v 2.628162 0.358527 2.612599
v 2.622836 0.300000 2.614805
v 2.628162 0.241473 2.612599
v 2.643934 0.185195 2.606066
v 2.669547 0.133329 2.595457
v 2.704016 0.087868 2.581179
v 2.746016 0.050559 2.563782
v 2.793934 0.022836 2.543934
v 2.845928 0.005764 2.522397
v 2.842598 0.594236 2.511418
v 2.787401 0.577164 2.522397
v 2.736532 0.549441 2.532516
v 2.691944 0.512132 2.541385
v 2.655352 0.466671 2.548663
v 2.628162 0.414805 2.554072
v 2.611418 0.358527 2.557402
v 2.605765 0.300000 2.558527
v 2.611418 0.241473 2.557402
v 2.628162 0.185195 2.554072
v 2.655352 0.133329 2.548663
v 2.691944 0.087868 2.541385
v 2.736532 0.050559 2.532516
v 2.787401 0.022836 2.522397
v 2.842598 0.005764 2.511418
v 2.841473 0.594236 2.500000
v 2.785195 0.577164 2.500000
v 2.733329 0.549441 2.500000
v 2.687868 0.512132 2.500000
v 2.650559 0.466671 2.500000
v 2.622836 0.414805 2.500000
v 2.605765 0.358527 2.500000
v 2.600000 0.300000 2.500000
v 2.605765 0.241473 2.500000
v 2.622836 0.185195 2.500000
v 2.650559 0.133329 2.500000
v 2.687868 0.087868 2.500000
v 2.733329 0.050559 2.500000
v 2.785195 0.022836 2.500000
v 2.841473 0.005764 2.500000
v 2.842598 0.594236 2.488582
v 2.787401 0.577164 2.477603
v 2.736532 0.549441 2.467484
v 2.691944 0.512132 2.458615
v 2.655352 0.466671 2.451336
v 2.628162 0.414805 2.445928
v 2.611418 0.358527 2.442597
v 2.605765 0.300000 2.441473
v 2.611418 0.241473 2.442597
v 2.628162 0.185195 2.445928
v 2.655352 0.133329 2.451336
v 2.691944 0.087868 2.458615
v 2.736532 0.050559 2.467484
v 2.787401 0.022836 2.477603
v 2.842598 0.005764 2.488582
v 2.845928 0.594236 2.477603
v 2.793934 0.577164 2.456066
v 2.746016 0.549441 2.436218
v 2.704016 0.512132 2.418821
v 2.669547 0.466671 2.404543
v 2.643934 0.414805 2.393934
v 2.628162 0.358527 2.387401
v 2.622837 0.300000 2.385195
v 2.628162 0.241473 2.387401
v 2.643934 0.185195 2.393934
v 2.669547 0.133329 2.404543
v 2.704016 0.087868 2.418821
v 2.746016 0.050559 2.436218
v 2.793934 0.022836 2.456066
v 2.845928 0.005764 2.477603
v 2.851337 0.594236 2.467484
v 2.804543 0.577164 2.436218
v 2.761418 0.549441 2.407403
v 2.723619 0.512132 2.382146
v 2.692598 0.466671 2.361418
v 2.669547 0.414805 2.346016
v 2.655352 0.358527 2.336531
v 2.650559 0.300000 2.333329
v 2.655352 0.241473 2.336531
v 2.669547 0.185195 2.346016
v 2.692598 0.133329 2.361418
v 2.723619 0.087868 2.382146
v 2.761418 0.050559 2.407403
v 2.804543 0.022836 2.436218
v 2.851337 0.005764 2.467484
v 2.858615 0.594236 2.458615
v 2.818821 0.577164 2.418821
v 2.782146 0.549441 2.382146
v 2.750000 0.512132 2.350000
v 2.723619 0.466671 2.323619
v 2.704016 0.414805 2.304016
v 2.691944 0.358527 2.291944
v 2.687868 0.300000 2.287868
v 2.691944 0.241473 2.291944
v 2.704016 0.185195 2.304016
v 2.723619 0.133329 2.323619
v 2.750000 0.087868 2.350000
v 2.782146 0.050559 2.382146
v 2.818821 0.022836 2.418821
v 2.858615 0.005764 2.458615
v 2.867484 0.594236 2.451337
v 2.836218 0.577164 2.404543
v 2.807403 0.549441 2.361418
v 2.782146 0.512132 2.323619
v 2.761418 0.466671 2.292598
v 2.746016 0.414805 2.269547
v 2.736532 0.358527 2.255352
v 2.733329 0.300000 2.250559
v 2.736532 0.241473 2.255352
v 2.746016 0.185195 2.269547
v 2.761418 0.133329 2.292598
v 2.782146 0.087868 2.323619
v 2.807403 0.050559 2.361418
v 2.836218 0.022836 2.404543
v 2.867484 0.005764 2.451337
v 2.877603 0.594236 2.445928
v 2.856066 0.577164 2.393934
v 2.836218 0.549441 2.346016
v 2.818821 0.512132 2.304016
v 2.804543 0.466671 2.269547
v 2.793934 0.414805 2.243934
v 2.787401 0.358527 2.228162
v 2.785195 0.300000 2.222836
v 2.787401 0.241473 2.228162
v 2.793934 0.185195 2.243934
v 2.804543 0.133329 2.269547
v 2.818821 0.087868 2.304016
v 2.836218 0.050559 2.346016
v 2.856066 0.022836 2.393934
v 2.877603 0.005764 2.445928
v 2.888582 0.594236 2.442598
v 2.877603 0.577164 2.387401
v 2.867484 0.549441 2.336532
v 2.858615 0.512132 2.291944
v 2.851337 0.466671 2.255352
v 2.845928 0.414805 2.228162
v 2.842598 0.358527 2.211418
v 2.841473 0.300000 2.205765
v 2.842598 0.241473 2.211418
v 2.845928 0.185195 2.228162
v 2.851337 0.133329 2.255352
v 2.858615 0.087868 2.291944
v 2.867484 0.050559 2.336532
v 2.877603 0.022836 2.387401
v 2.888582 0.005764 2.442598
v 2.900000 0.594236 2.441473
v 2.900000 0.577164 2.385195
v 2.900000 0.512132 2.287868
v 2.900000 0.414805 2.222836
v 2.900000 0.185195 2.222836
v 2.900000 0.087868 2.287868
v 2.900000 0.050559 2.333329
v 2.900000 0.022836 2.385195
v 2.900000 0.005764 2.441473
vn 0.0097 -0.9951 -0.0980
vn 0.0975 -0.0975 -0.9904
vn 0.0286 0.9565 -0.2902
vn 0.0938 -0.2890 -0.9527
vn 0.0464 0.8810 -0.4709
vn 0.0865 -0.4696 -0.8786
vn 0.0624 0.7715 -0.6332
vn 0.0759 -0.6326 -0.7708
vn 0.0759 0.6326 -0.7708
vn 0.0624 -0.7715 -0.6332
vn 0.0865 0.4696 -0.8786
vn 0.0464 -0.8810 -0.4709
vn 0.0938 0.2890 -0.9527
vn 0.0286 -0.9565 -0.2902
vn 0.0975 0.0975 -0.9904
vn 0.0097 0.9951 -0.0980
vn 0.0846 -0.9565 -0.2790
vn 0.2889 0.0976 -0.9524
vn 0.0286 0.9951 -0.0942
vn 0.0286 -0.9951 -0.0942
vn 0.2889 -0.0976 -0.9524
vn 0.0846 0.9565 -0.2790
vn 0.2779 -0.2890 -0.9161
vn 0.1374 0.8810 -0.4528
vn 0.2563 -0.4696 -0.8448
vn 0.1847 0.7715 -0.6088
vn 0.2248 -0.6326 -0.7412
vn 0.2248 0.6326 -0.7412
vn 0.1847 -0.7715 -0.6088
vn 0.2563 0.4696 -0.8448
vn 0.1374 -0.8810 -0.4528
vn 0.2779 0.2890 -0.9161
vn 0.2999 0.7715 -0.5611
vn 0.3651 -0.6326 -0.6831
vn 0.3651 0.6326 -0.6831
vn 0.2999 -0.7715 -0.5611
vn 0.4162 0.4696 -0.7786
vn 0.2230 -0.8810 -0.4173
vn 0.4513 0.2890 -0.8443
vn 0.1374 -0.9565 -0.2571
vn 0.4691 0.0975 -0.8777
vn 0.0464 0.9951 -0.0869
vn 0.0464 -0.9951 -0.0869
vn 0.4691 -0.0975 -0.8777
vn 0.1374 0.9565 -0.2571
vn 0.4513 -0.2890 -0.8443
vn 0.2230 0.8810 -0.4173
vn 0.4162 -0.4696 -0.7786
vn 0.6314 0.0975 -0.7693
vn 0.0625 0.9951 -0.0761
vn 0.0625 -0.9951 -0.0761
vn 0.6314 -0.0975 -0.7693
vn 0.1850 0.9565 -0.2254
vn 0.6073 -0.2890 -0.7400
vn 0.3002 0.8810 -0.3658
vn 0.5601 -0.4696 -0.6825
vn 0.4036 0.7715 -0.4918
vn 0.4913 -0.6326 -0.5987
vn 0.4913 0.6326 -0.5987
vn 0.4036 -0.7715 -0.4918
vn 0.5601 0.4696 -0.6825
vn 0.3002 -0.8810 -0.3658
vn 0.6073 0.2890 -0.7400
vn 0.1850 -0.9565 -0.2254
vn 0.5987 -0.6326 -0.4913
vn 0.5987 0.6326 -0.4913
vn 0.4918 -0.7715 -0.4036
vn 0.6825 0.4696 -0.5601
vn 0.3658 -0.8810 -0.3002
vn 0.7400 0.2890 -0.6073
vn 0.2254 -0.9565 -0.1850
vn 0.7693 0.0975 -0.6314
vn 0.0761 0.9951 -0.0625
vn 0.0761 -0.9951 -0.0625
vn 0.7693 -0.0975 -0.6314
vn 0.2254 0.9565 -0.1850
vn 0.7400 -0.2890 -0.6073
vn 0.3658 0.8810 -0.3002
vn 0.6825 -0.4696 -0.5601
vn 0.4918 0.7715 -0.4036
vn 0.0869 -0.9951 -0.0464
vn 0.8777 -0.0975 -0.4691
vn 0.2571 0.9565 -0.1374
vn 0.8443 -0.2890 -0.4513
vn 0.4173 0.8810 -0.2230
vn 0.7786 -0.4696 -0.4162
vn 0.5611 0.7715 -0.2999
vn 0.6831 -0.6326 -0.3651
vn 0.6831 0.6326 -0.3651
vn 0.5611 -0.7715 -0.2999
vn 0.7786 0.4696 -0.4162
vn 0.4173 -0.8810 -0.2230
vn 0.8443 0.2890 -0.4513
vn 0.2571 -0.9565 -0.1374
vn 0.8777 0.0975 -0.4691
vn 0.0869 0.9951 -0.0464
vn 0.6088 -0.7715 -0.1847
vn 0.8448 0.4696 -0.2563
vn 0.4528 -0.8810 -0.1374
vn 0.9161 0.2890 -0.2779
vn 0.2790 -0.9565 -0.0846
vn 0.9524 0.0975 -0.2889
vn 0.0942 0.9951 -0.0286
vn 0.0942 -0.9951 -0.0286
vn 0.9524 -0.0975 -0.2889
vn 0.2790 0.9565 -0.0846
vn 0.9161 -0.2890 -0.2779
vn 0.4528 0.8810 -0.1374
vn 0.8448 -0.4696 -0.2563
vn 0.6088 0.7715 -0.1847
vn 0.7412 -0.6326 -0.2248
vn 0.7412 0.6326 -0.2248
vn 0.2902 0.9565 -0.0286
vn 0.9527 -0.2890 -0.0938
vn 0.4709 0.8810 -0.0464
vn 0.8786 -0.4696 -0.0865
vn 0.6332 0.7715 -0.0624
vn 0.7708 -0.6326 -0.0759
vn 0.7708 0.6326 -0.0759
vn 0.6332 -0.7715 -0.0624
vn 0.8786 0.4696 -0.0865
vn 0.4709 -0.8810 -0.0464
vn 0.9527 0.2890 -0.0938
vn 0.2902 -0.9565 -0.0286
vn 0.9904 0.0975 -0.0975
vn 0.0980 0.9951 -0.0097
vn 0.0980 -0.9951 -0.0097
vn 0.9904 -0.0975 -0.0975
vn 0.8786 0.4696 0.0865
vn 0.4709 -0.8810 0.0464
vn 0.9527 0.2890 0.0938
vn 0.2902 -0.9565 0.0286
vn 0.9904 0.0975 0.0976
vn 0.0980 0.9951 0.0097
vn 0.0980 -0.9951 0.0097
vn 0.9904 -0.0975 0.0976
vn 0.2902 0.9565 0.0286
vn 0.9527 -0.2890 0.0938
vn 0.4709 0.8810 0.0464
vn 0.8786 -0.4696 0.0865
vn 0.6332 0.7715 0.0624
vn 0.7708 -0.6326 0.0759
vn 0.7708 0.6326 0.0759
vn 0.6332 -0.7715 0.0624
vn 0.9161 -0.2890 0.2779
vn 0.4528 0.8810 0.1374
vn 0.8448 -0.4696 0.2563
vn 0.6088 0.7715 0.1847
vn 0.7412 -0.6326 0.2248
vn 0.7412 0.6326 0.2248
vn 0.6088 -0.7715 0.1847
vn 0.8448 0.4696 0.2563
vn 0.4528 -0.8810 0.1374
vn 0.9161 0.2890 0.2779
vn 0.2790 -0.9565 0.0846
vn 0.9524 0.0975 0.2889
vn 0.0942 0.9951 0.0286
vn 0.0942 -0.9951 0.0286
vn 0.9524 -0.0975 0.2889
vn 0.2790 0.9565 0.0846
vn 0.4173 -0.8810 0.2230
vn 0.8443 0.2890 0.4513
vn 0.2571 -0.9565 0.1374
vn 0.8777 0.0975 0.4691
vn 0.0869 0.9951 0.0464
vn 0.0869 -0.9951 0.0464
vn 0.8777 -0.0975 0.4691
vn 0.2571 0.9565 0.1374
vn 0.8443 -0.2890 0.4513
vn 0.4173 0.8810 0.2230
vn 0.7786 -0.4696 0.4162
vn 0.5611 0.7715 0.2999
vn 0.6831 -0.6326 0.3651
vn 0.6831 0.6326 0.3651
vn 0.5611 -0.7715 0.2999
vn 0.7786 0.4696 0.4162
vn 0.3658 0.8810 0.3002
vn 0.6825 -0.4696 0.5601
vn 0.4918 0.7715 0.4036
vn 0.5987 -0.6326 0.4913
vn 0.5987 0.6326 0.4913
vn 0.4918 -0.7715 0.4036
vn 0.6825 0.4696 0.5601
vn 0.3658 -0.8810 0.3002
vn 0.7400 0.2890 0.6073
vn 0.2254 -0.9565 0.1850
vn 0.7693 0.0975 0.6314
vn 0.0761 0.9951 0.0625
vn 0.0761 -0.9951 0.0625
vn 0.7693 -0.0975 0.6314
vn 0.2254 0.9565 0.1850
vn 0.7400 -0.2890 0.6073
vn 0.6073 0.2890 0.7400
vn 0.1850 -0.9565 0.2254
vn 0.6314 0.0975 0.7693
vn 0.0625 0.9951 0.0761
vn 0.0625 -0.9951 0.0761
vn 0.6314 -0.0975 0.7693
vn 0.1850 0.9565 0.2254
vn 0.6073 -0.2890 0.7400
vn 0.3002 0.8810 0.3658
vn 0.5601 -0.4696 0.6825
vn 0.4036 0.7715 0.4918
vn 0.4913 -0.6326 0.5987
vn 0.4913 0.6326 0.5987
vn 0.4036 -0.7715 0.4918
vn 0.5601 0.4696 0.6825
vn 0.3002 -0.8810 0.3658
vn 0.4162 -0.4696 0.7786
vn 0.2999 0.7715 0.5611
vn 0.3651 -0.6326 0.6831
vn 0.3651 0.6326 0.6831
vn 0.2999 -0.7715 0.5611
vn 0.4162 0.4696 0.7786
vn 0.2230 -0.8810 0.4173
vn 0.4513 0.2890 0.8443
vn 0.1374 -0.9565 0.2571
vn 0.4691 0.0975 0.8777
vn 0.0464 0.9951 0.0869
vn 0.0464 -0.9951 0.0869
vn 0.4691 -0.0975 0.8777
vn 0.1374 0.9565 0.2571
vn 0.4513 -0.2890 0.8443
vn 0.2230 0.8810 0.4173
vn 0.0846 -0.9565 0.2790
vn 0.2889 0.0975 0.9524
vn 0.0286 0.9951 0.0942
vn 0.0286 -0.9951 0.0942
vn 0.2889 -0.0975 0.9524
vn 0.0846 0.9565 0.2790
vn 0.2779 -0.2890 0.9161
vn 0.1374 0.8810 0.4528
vn 0.2563 -0.4696 0.8448
vn 0.1847 0.7715 0.6088
vn 0.2248 -0.6326 0.7412
vn 0.2248 0.6326 0.7412
vn 0.1847 -0.7715 0.6088
vn 0.2563 0.4696 0.8448
vn 0.1374 -0.8810 0.4528
vn 0.2779 0.2890 0.9161
vn 0.0759 -0.6326 0.7708
vn 0.0759 0.6326 0.7708
vn 0.0624 -0.7715 0.6332
vn 0.0865 0.4696 0.8786
vn 0.0464 -0.8810 0.4709
vn 0.0938 0.2890 0.9527
vn 0.0286 -0.9565 0.2902
vn 0.0975 0.0975 0.9904
vn 0.0097 0.9951 0.0980
vn 0.0097 -0.9951 0.0980
vn 0.0975 -0.0975 0.9904
vn 0.0286 0.9565 0.2902
vn 0.0938 -0.2890 0.9527
vn 0.0464 0.8810 0.4709
vn 0.0865 -0.4696 0.8786
vn 0.0624 0.7715 0.6332
vn -0.0097 0.9951 0.0980
vn -0.0097 -0.9951 0.0980
vn -0.0976 -0.0975 0.9904
vn -0.0286 0.9565 0.2902
vn -0.0938 -0.2890 0.9527
vn -0.0464 0.8810 0.4709
vn -0.0865 -0.4696 0.8786
vn -0.0624 0.7715 0.6332
vn -0.0759 -0.6326 0.7708
vn -0.0759 0.6326 0.7708
vn -0.0624 -0.7715 0.6332
vn -0.0865 0.4696 0.8786
vn -0.0464 -0.8810 0.4709
vn -0.0938 0.2890 0.9527
vn -0.0286 -0.9565 0.2902
vn -0.0976 0.0975 0.9904
vn -0.2248 0.6326 0.7412
vn -0.1847 -0.7715 0.6088
vn -0.2563 0.4696 0.8448
vn -0.1374 -0.8810 0.4528
vn -0.2779 0.2890 0.9161
vn -0.0846 -0.9565 0.2790
vn -0.2889 0.0975 0.9524
vn -0.0286 0.9951 0.0942
vn -0.0286 -0.9951 0.0942
vn -0.2889 -0.0975 0.9524
vn -0.0846 0.9565 0.2790
vn -0.2779 -0.2890 0.9161
vn -0.1374 0.8810 0.4528
vn -0.2563 -0.4696 0.8448
vn -0.1847 0.7715 0.6088
vn -0.2248 -0.6326 0.7412
vn -0.4691 -0.0975 0.8777
vn -0.1374 0.9565 0.2571
vn -0.4513 -0.2890 0.8443
vn -0.2230 0.8810 0.4173
vn -0.4162 -0.4696 0.7786
vn -0.2999 0.7715 0.5611
vn -0.3651 -0.6326 0.6831
vn -0.3651 0.6326 0.6831
vn -0.2999 -0.7715 0.5611
vn -0.4162 0.4696 0.7786
vn -0.2230 -0.8810 0.4173
vn -0.4513 0.2890 0.8443
vn -0.1374 -0.9565 0.2571
vn -0.4691 0.0975 0.8777
vn -0.0464 0.9951 0.0869
vn -0.0464 -0.9951 0.0869
vn -0.4036 -0.7715 0.4918
vn -0.5601 0.4696 0.6825
vn -0.3002 -0.8810 0.3658
vn -0.6073 0.2890 0.7400
vn -0.1850 -0.9565 0.2254
vn -0.6314 0.0975 0.7693
vn -0.0625 0.9951 0.0761
vn -0.0625 -0.9951 0.0761
vn -0.6314 -0.0975 0.7693
vn -0.1850 0.9565 0.2254
vn -0.6073 -0.2890 0.7400
vn -0.3002 0.8810 0.3658
vn -0.5601 -0.4696 0.6825
vn -0.4036 0.7715 0.4918
vn -0.4913 -0.6326 0.5987
vn -0.4913 0.6326 0.5987
vn -0.2254 0.9565 0.1850
vn -0.7400 -0.2890 0.6073
vn -0.3658 0.8810 0.3002
vn -0.6825 -0.4696 0.5601
vn -0.4918 0.7715 0.4036
vn -0.5987 -0.6326 0.4913
vn -0.5987 0.6326 0.4913
vn -0.4918 -0.7715 0.4036
vn -0.6825 0.4696 0.5601
vn -0.3658 -0.8810 0.3002
vn -0.7400 0.2890 0.6073
vn -0.2254 -0.9565 0.1850
vn -0.7693 0.0975 0.6314
vn -0.0761 0.9951 0.0625
vn -0.0761 -0.9951 0.0625
vn -0.7693 -0.0975 0.6314
vn -0.7786 0.4696 0.4162
vn -0.4173 -0.8810 0.2230
vn -0.8443 0.2890 0.4513
vn -0.2571 -0.9565 0.1374
vn -0.8777 0.0975 0.4691
vn -0.0869 0.9951 0.0464
vn -0.0869 -0.9951 0.0464
vn -0.8777 -0.0975 0.4691
vn -0.2571 0.9565 0.1374
vn -0.8443 -0.2890 0.4513
vn -0.4173 0.8810 0.2230
vn -0.7786 -0.4696 0.4162
vn -0.5611 0.7715 0.2999
vn -0.6831 -0.6326 0.3651
vn -0.6831 0.6326 0.3651
vn -0.5611 -0.7715 0.2999
vn -0.9161 -0.2890 0.2779
vn -0.4528 0.8810 0.1374
vn -0.8448 -0.4696 0.2563
vn -0.6088 0.7715 0.1847
vn -0.7412 -0.6326 0.2248
vn -0.7412 0.6326 0.2248
vn -0.6088 -0.7715 0.1847
vn -0.8448 0.4696 0.2563
vn -0.4528 -0.8810 0.1374
vn -0.9161 0.2890 0.2779
vn -0.2790 -0.9565 0.0846
vn -0.9524 0.0975 0.2889
vn -0.0942 0.9951 0.0286
vn -0.0942 -0.9951 0.0286
vn -0.9524 -0.0975 0.2889
vn -0.2790 0.9565 0.0846
vn -0.4709 -0.8810 0.0464
vn -0.9527 0.2890 0.0938
vn -0.2902 -0.9565 0.0286
vn -0.9904 0.0975 0.0975
vn -0.0980 0.9951 0.0097
vn -0.0980 -0.9951 0.0097
vn -0.9904 -0.0975 0.0975
vn -0.2902 0.9565 0.0286
vn -0.9527 -0.2890 0.0938
vn -0.4709 0.8810 0.0464
vn -0.8786 -0.4696 0.0865
vn -0.6332 0.7715 0.0624
vn -0.7708 -0.6326 0.0759
vn -0.7708 0.6326 0.0759
vn -0.6332 -0.7715 0.0624
vn -0.8786 0.4696 0.0865
vn -0.8786 -0.4696 -0.0865
vn -0.6332 0.7715 -0.0624
vn -0.7708 -0.6326 -0.0759
vn -0.7708 0.6326 -0.0759
vn -0.6332 -0.7715 -0.0624
vn -0.8786 0.4696 -0.0865
vn -0.4709 -0.8810 -0.0464
vn -0.9527 0.2890 -0.0938
vn -0.2902 -0.9565 -0.0286
vn -0.9904 0.0975 -0.0976
vn -0.0980 0.9951 -0.0097
vn -0.0980 -0.9951 -0.0097
vn -0.9904 -0.0975 -0.0976
vn -0.2902 0.9565 -0.0286
vn -0.9527 -0.2890 -0.0938
vn -0.4709 0.8810 -0.0464
vn -0.2790 -0.9565 -0.0846
vn -0.9524 0.0975 -0.2889
vn -0.0942 0.9951 -0.0286
vn -0.0942 -0.9951 -0.0286
vn -0.9524 -0.0975 -0.2889
vn -0.2790 0.9565 -0.0846
vn -0.9161 -0.2890 -0.2779
vn -0.4528 0.8810 -0.1374
vn -0.8448 -0.4696 -0.2563
vn -0.6088 0.7715 -0.1847
vn -0.7412 -0.6326 -0.2248
vn -0.7412 0.6326 -0.2248
vn -0.6088 -0.7715 -0.1847
vn -0.8448 0.4696 -0.2563
vn -0.4528 -0.8810 -0.1374
vn -0.9161 0.2890 -0.2779
vn -0.5611 0.7715 -0.2999
vn -0.6831 -0.6326 -0.3651
vn -0.6831 0.6326 -0.3651
vn -0.5611 -0.7715 -0.2999
vn -0.7786 0.4696 -0.4162
vn -0.4173 -0.8810 -0.2231
vn -0.8443 0.2890 -0.4513
vn -0.2571 -0.9565 -0.1374
vn -0.8777 0.0975 -0.4691
vn -0.0869 0.9951 -0.0464
vn -0.0869 -0.9951 -0.0464
vn -0.8777 -0.0975 -0.4691
vn -0.2571 0.9565 -0.1374
vn -0.8443 -0.2890 -0.4513
vn -0.4173 0.8810 -0.2231
vn -0.7786 -0.4696 -0.4162
vn -0.7693 0.0975 -0.6314
vn -0.0761 0.9951 -0.0625
vn -0.0761 -0.9951 -0.0625
vn -0.7693 -0.0975 -0.6314
vn -0.2254 0.9565 -0.1850
vn -0.7400 -0.2890 -0.6073
vn -0.3658 0.8810 -0.3002
vn -0.6825 -0.4696 -0.5601
vn -0.4918 0.7715 -0.4036
vn -0.5987 -0.6326 -0.4913
vn -0.5987 0.6326 -0.4913
vn -0.4918 -0.7715 -0.4036
vn -0.6825 0.4696 -0.5601
vn -0.3658 -0.8810 -0.3002
vn -0.7400 0.2890 -0.6073
vn -0.2254 -0.9565 -0.1850
vn -0.4913 -0.6326 -0.5987
vn -0.4913 0.6326 -0.5987
vn -0.4036 -0.7715 -0.4918
vn -0.5601 0.4696 -0.6825
vn -0.3002 -0.8810 -0.3658
vn -0.6073 0.2890 -0.7400
vn -0.1850 -0.9565 -0.2254
vn -0.6314 0.0975 -0.7693
vn -0.0625 0.9951 -0.0761
vn -0.0625 -0.9951 -0.0761
vn -0.6314 -0.0975 -0.7693
vn -0.1850 0.9565 -0.2254
vn -0.6073 -0.2890 -0.7400
vn -0.3002 0.8810 -0.3658
vn -0.5601 -0.4696 -0.6825
vn -0.4036 0.7715 -0.4918
vn -0.0464 0.9951 -0.0869
vn -0.0464 -0.9951 -0.0869
vn -0.4691 -0.0975 -0.8777
vn -0.1374 0.9565 -0.2571
vn -0.4513 -0.2890 -0.8443
vn -0.2230 0.8810 -0.4173
vn -0.4162 -0.4696 -0.7786
vn -0.2999 0.7715 -0.5611
vn -0.3651 -0.6326 -0.6831
vn -0.3651 0.6326 -0.6831
vn -0.2999 -0.7715 -0.5611
vn -0.4162 0.4696 -0.7786
vn -0.2230 -0.8810 -0.4173
vn -0.4513 0.2890 -0.8443
vn -0.1374 -0.9565 -0.2571
vn -0.4691 0.0975 -0.8777
vn -0.2248 0.6326 -0.7412
vn -0.1847 -0.7715 -0.6088
vn -0.2563 0.4696 -0.8448
vn -0.1374 -0.8810 -0.4528
vn -0.2779 0.2890 -0.9161
vn -0.0846 -0.9565 -0.2790
vn -0.2889 0.0975 -0.9524
vn -0.0286 0.9951 -0.0942
vn -0.0286 -0.9951 -0.0942
vn -0.2889 -0.0975 -0.9524
vn -0.0846 0.9565 -0.2790
vn -0.2779 -0.2890 -0.9161
vn -0.1374 0.8810 -0.4528
vn -0.2563 -0.4696 -0.8448
vn -0.1847 0.7715 -0.6088
vn -0.2248 -0.6326 -0.7412
vn -0.0976 -0.0975 -0.9904
vn -0.0286 0.9565 -0.2902
vn -0.0938 -0.2890 -0.9527
vn -0.0464 0.8810 -0.4709
vn -0.0865 -0.4696 -0.8786
vn -0.0624 0.7715 -0.6332
vn -0.0759 -0.6326 -0.7708
vn -0.0759 0.6326 -0.7708
vn -0.0624 -0.7715 -0.6332
vn -0.0865 0.4696 -0.8786
vn -0.0464 -0.8810 -0.4709
vn -0.0938 0.2890 -0.9527
vn -0.0286 -0.9565 -0.2902
vn -0.0976 0.0975 -0.9904
vn -0.0097 0.9951 -0.0980
vn -0.0097 -0.9951 -0.0980
vt 0.734375 0.000000
vt 0.750000 0.062500
vt 0.718750 0.062500
vt 0.750000 0.437500
vt 0.750000 0.500000
vt 0.718750 0.500000
vt 0.718750 0.437500
vt 0.750000 0.875000
vt 0.750000 0.937500
vt 0.718750 0.937500
vt 0.718750 0.875000
vt 0.750000 0.375000
vt 0.718750 0.375000
vt 0.750000 0.812500
vt 0.718750 0.812500
vt 0.750000 0.312500
vt 0.718750 0.312500
vt 0.750000 0.750000
vt 0.718750 0.750000
vt 0.750000 0.250000
vt 0.718750 0.250000
vt 0.750000 0.687500
vt 0.718750 0.687500
vt 0.750000 0.187500
vt 0.718750 0.187500
vt 0.750000 0.625000
vt 0.718750 0.625000
vt 0.750000 0.125000
vt 0.718750 0.125000
vt 0.750000 0.562500
vt 0.718750 0.562500
vt 0.734375 1.000000
vt 0.687500 0.125000
vt 0.687500 0.062500
vt 0.687500 0.562500
vt 0.687500 0.500000
vt 0.703125 1.000000
vt 0.687500 0.937500
vt 0.703125 0.000000
vt 0.687500 0.437500
vt 0.687500 0.875000
vt 0.687500 0.375000
vt 0.687500 0.812500
vt 0.687500 0.312500
vt 0.687500 0.750000
vt 0.687500 0.250000
vt 0.687500 0.687500
vt 0.687500 0.187500
vt 0.687500 0.625000
vt 0.656250 0.812500
vt 0.656250 0.750000
vt 0.656250 0.312500
vt 0.656250 0.250000
vt 0.656250 0.687500
vt 0.656250 0.187500
vt 0.656250 0.625000
vt 0.656250 0.125000
vt 0.656250 0.562500
vt 0.656250 0.062500
vt 0.656250 0.500000
vt 0.671875 1.000000
vt 0.656250 0.937500
vt 0.671875 0.000000
vt 0.656250 0.437500
vt 0.656250 0.875000
vt 0.656250 0.375000
vt 0.625000 0.562500
vt 0.625000 0.500000
vt 0.640625 1.000000
vt 0.625000 0.937500
vt 0.640625 0.000000
vt 0.625000 0.062500
vt 0.625000 0.437500
vt 0.625000 0.875000
vt 0.625000 0.375000
vt 0.625000 0.812500
vt 0.625000 0.312500
vt 0.625000 0.750000
vt 0.625000 0.250000
vt 0.625000 0.687500
vt 0.625000 0.187500
vt 0.625000 0.625000
vt 0.625000 0.125000
vt 0.593750 0.312500
vt 0.593750 0.250000
vt 0.593750 0.750000
vt 0.593750 0.687500
vt 0.593750 0.187500
vt 0.593750 0.625000
vt 0.593750 0.125000
vt 0.593750 0.562500
vt 0.593750 0.062500
vt 0.593750 0.500000
vt 0.609375 1.000000
vt 0.593750 0.937500
vt 0.609375 0.000000
vt 0.593750 0.437500
vt 0.593750 0.875000
vt 0.593750 0.375000
vt 0.593750 0.812500
vt 0.578125 0.000000
vt 0.562500 0.062500
vt 0.562500 0.500000
vt 0.562500 0.437500
vt 0.562500 0.937500
vt 0.562500 0.875000
vt 0.562500 0.375000
vt 0.562500 0.812500
vt 0.562500 0.312500
vt 0.562500 0.750000
vt 0.562500 0.250000
vt 0.562500 0.687500
vt 0.562500 0.187500
vt 0.562500 0.625000
vt 0.562500 0.125000
vt 0.562500 0.562500
vt 0.578125 1.000000
vt 0.531250 0.250000
vt 0.531250 0.187500
vt 0.531250 0.687500
vt 0.531250 0.625000
vt 0.531250 0.125000
vt 0.531250 0.562500
vt 0.531250 0.062500
vt 0.531250 0.500000
vt 0.546875 1.000000
vt 0.531250 0.937500
vt 0.546875 0.000000
vt 0.531250 0.437500
vt 0.531250 0.875000
vt 0.531250 0.375000
vt 0.531250 0.812500
vt 0.531250 0.312500
vt 0.531250 0.750000
vt 0.500000 0.937500
vt 0.500000 0.875000
vt 0.500000 0.437500
vt 0.500000 0.375000
vt 0.500000 0.812500
vt 0.500000 0.312500
vt 0.500000 0.750000
vt 0.500000 0.250000
vt 0.500000 0.687500
vt 0.500000 0.187500
vt 0.500000 0.625000
vt 0.500000 0.125000
vt 0.500000 0.562500
vt 0.500000 0.062500
vt 0.500000 0.500000
vt 0.515625 1.000000
vt 0.515625 0.000000
vt 0.468750 0.687500
vt 0.468750 0.625000
vt 0.468750 0.187500
vt 0.468750 0.125000
vt 0.468750 0.562500
vt 0.468750 0.062500
vt 0.468750 0.500000
vt 0.484375 1.000000
vt 0.468750 0.937500
vt 0.484375 0.000000
vt 0.468750 0.437500
vt 0.468750 0.875000
vt 0.468750 0.375000
vt 0.468750 0.812500
vt 0.468750 0.312500
vt 0.468750 0.750000
vt 0.468750 0.250000
vt 0.437500 0.437500
vt 0.437500 0.375000
vt 0.437500 0.875000
vt 0.437500 0.812500
vt 0.437500 0.312500
vt 0.437500 0.750000
vt 0.437500 0.250000
vt 0.437500 0.687500
vt 0.437500 0.187500
vt 0.437500 0.625000
vt 0.437500 0.125000
vt 0.437500 0.562500
vt 0.437500 0.062500
vt 0.437500 0.500000
vt 0.453125 1.000000
vt 0.437500 0.937500
vt 0.453125 0.000000
vt 0.406250 0.187500
vt 0.406250 0.125000
vt 0.406250 0.625000
vt 0.406250 0.562500
vt 0.406250 0.062500
vt 0.406250 0.500000
vt 0.421875 1.000000
vt 0.406250 0.937500
vt 0.421875 0.000000
vt 0.406250 0.437500
vt 0.406250 0.875000
vt 0.406250 0.375000
vt 0.406250 0.812500
vt 0.406250 0.312500
vt 0.406250 0.750000
vt 0.406250 0.250000
vt 0.406250 0.687500
vt 0.375000 0.875000
vt 0.375000 0.812500
vt 0.375000 0.375000
vt 0.375000 0.312500
vt 0.375000 0.750000
vt 0.375000 0.250000
vt 0.375000 0.687500
vt 0.375000 0.187500
vt 0.375000 0.625000
vt 0.375000 0.125000
vt 0.375000 0.562500
vt 0.375000 0.062500
vt 0.375000 0.500000
vt 0.390625 1.000000
vt 0.375000 0.937500
vt 0.390625 0.000000
vt 0.375000 0.437500
vt 0.343750 0.625000
vt 0.343750 0.562500
vt 0.343750 0.125000
vt 0.343750 0.062500
vt 0.343750 0.500000
vt 0.359375 1.000000
vt 0.343750 0.937500
vt 0.359375 0.000000
vt 0.343750 0.437500
vt 0.343750 0.875000
vt 0.343750 0.375000
vt 0.343750 0.812500
vt 0.343750 0.312500
vt 0.343750 0.750000
vt 0.343750 0.250000
vt 0.343750 0.687500
vt 0.343750 0.187500
vt 0.312500 0.375000
vt 0.312500 0.312500
vt 0.312500 0.812500
vt 0.312500 0.750000
vt 0.312500 0.250000
vt 0.312500 0.687500
vt 0.312500 0.187500
vt 0.312500 0.625000
vt 0.312500 0.125000
vt 0.312500 0.562500
vt 0.312500 0.062500
vt 0.312500 0.500000
vt 0.328125 1.000000
vt 0.312500 0.937500
vt 0.328125 0.000000
vt 0.312500 0.437500
vt 0.312500 0.875000
vt 0.281250 0.125000
vt 0.281250 0.062500
vt 0.281250 0.562500
vt 0.281250 0.500000
vt 0.296875 1.000000
vt 0.281250 0.937500
vt 0.296875 0.000000
vt 0.281250 0.437500
vt 0.281250 0.875000
vt 0.281250 0.375000
vt 0.281250 0.812500
vt 0.281250 0.312500
vt 0.281250 0.750000
vt 0.281250 0.250000
vt 0.281250 0.687500
vt 0.281250 0.187500
vt 0.281250 0.625000
vt 0.250000 0.312500
vt 0.250000 0.250000
vt 0.250000 0.750000
vt 0.250000 0.687500
vt 0.250000 0.187500
vt 0.250000 0.625000
vt 0.250000 0.125000
vt 0.250000 0.562500
vt 0.250000 0.062500
vt 0.250000 0.500000
vt 0.265625 1.000000
vt 0.250000 0.937500
vt 0.265625 0.000000
vt 0.250000 0.437500
vt 0.250000 0.875000
vt 0.250000 0.375000
vt 0.250000 0.812500
vt 0.234375 1.000000
vt 0.218750 0.937500
vt 0.234375 0.000000
vt 0.218750 0.062500
vt 0.218750 0.500000
vt 0.218750 0.437500
vt 0.218750 0.875000
vt 0.218750 0.375000
vt 0.218750 0.812500
vt 0.218750 0.312500
vt 0.218750 0.750000
vt 0.218750 0.250000
vt 0.218750 0.687500
vt 0.218750 0.187500
vt 0.218750 0.625000
vt 0.218750 0.125000
vt 0.218750 0.562500
vt 0.187500 0.750000
vt 0.187500 0.687500
vt 0.187500 0.250000
vt 0.187500 0.187500
vt 0.187500 0.625000
vt 0.187500 0.125000
vt 0.187500 0.562500
vt 0.187500 0.062500
vt 0.187500 0.500000
vt 0.203125 1.000000
vt 0.187500 0.937500
vt 0.203125 0.000000
vt 0.187500 0.437500
vt 0.187500 0.875000
vt 0.187500 0.375000
vt 0.187500 0.812500
vt 0.187500 0.312500
vt 0.156250 0.500000
vt 0.156250 0.437500
vt 0.156250 0.937500
vt 0.156250 0.875000
vt 0.156250 0.375000
vt 0.156250 0.812500
vt 0.156250 0.312500
vt 0.156250 0.750000
vt 0.156250 0.250000
vt 0.156250 0.687500
vt 0.156250 0.187500
vt 0.156250 0.625000
vt 0.156250 0.125000
vt 0.156250 0.562500
vt 0.156250 0.062500
vt 0.171875 1.000000
vt 0.171875 0.000000
vt 0.125000 0.250000
vt 0.125000 0.187500
vt 0.125000 0.687500
vt 0.125000 0.625000
vt 0.125000 0.125000
vt 0.125000 0.562500
vt 0.125000 0.062500
vt 0.125000 0.500000
vt 0.140625 1.000000
vt 0.125000 0.937500
vt 0.140625 0.000000
vt 0.125000 0.437500
vt 0.125000 0.875000
vt 0.125000 0.375000
vt 0.125000 0.812500
vt 0.125000 0.312500
vt 0.125000 0.750000
vt 0.093750 0.937500
vt 0.093750 0.875000
vt 0.093750 0.437500
vt 0.093750 0.375000
vt 0.093750 0.812500
vt 0.093750 0.312500
vt 0.093750 0.750000
vt 0.093750 0.250000
vt 0.093750 0.687500
vt 0.093750 0.187500
vt 0.093750 0.625000
vt 0.093750 0.125000
vt 0.093750 0.562500
vt 0.093750 0.062500
vt 0.093750 0.500000
vt 0.109375 1.000000
vt 0.109375 0.000000
vt 0.062500 0.687500
vt 0.062500 0.625000
vt 0.062500 0.187500
vt 0.062500 0.125000
vt 0.062500 0.562500
vt 0.062500 0.062500
vt 0.062500 0.500000
vt 0.078125 1.000000
vt 0.062500 0.937500
vt 0.078125 0.000000
vt 0.062500 0.437500
vt 0.062500 0.875000
vt 0.062500 0.375000
vt 0.062500 0.812500
vt 0.062500 0.312500
vt 0.062500 0.750000
vt 0.062500 0.250000
vt 0.031250 0.437500
vt 0.031250 0.375000
vt 0.031250 0.875000
vt 0.031250 0.812500
vt 0.031250 0.312500
vt 0.031250 0.750000
vt 0.031250 0.250000
vt 0.031250 0.687500
vt 0.031250 0.187500
vt 0.031250 0.625000
vt 0.031250 0.125000
vt 0.031250 0.562500
vt 0.031250 0.062500
vt 0.031250 0.500000
vt 0.046875 1.000000
vt 0.031250 0.937500
vt 0.046875 0.000000
vt 0.000000 0.187500
vt 0.000000 0.125000
vt 0.000000 0.625000
vt 0.000000 0.562500
vt 0.000000 0.062500
vt 0.000000 0.500000
vt 0.015625 1.000000
vt 0.000000 0.937500
vt 0.015625 0.000000
vt 0.000000 0.437500
vt 0.000000 0.875000
vt 0.000000 0.375000
vt 0.000000 0.812500
vt 0.000000 0.312500
vt 0.000000 0.750000
vt 0.000000 0.250000
vt 0.000000 0.687500
vt 1.000000 0.312500
vt 1.000000 0.375000
vt 0.968750 0.375000
vt 0.968750 0.312500
vt 1.000000 0.750000
vt 1.000000 0.812500
vt 0.968750 0.812500
vt 0.968750 0.750000
vt 1.000000 0.250000
vt 0.968750 0.250000
vt 1.000000 0.687500
vt 0.968750 0.687500
vt 1.000000 0.187500
vt 0.968750 0.187500
vt 1.000000 0.625000
vt 0.968750 0.625000
vt 1.000000 0.125000
vt 0.968750 0.125000
vt 1.000000 0.562500
vt 0.968750 0.562500
vt 1.000000 0.062500
vt 0.968750 0.062500
vt 1.000000 0.500000
vt 0.968750 0.500000
vt 1.000000 0.937500
vt 0.984375 1.000000
vt 0.968750 0.937500
vt 0.984375 0.000000
vt 1.000000 0.437500
vt 0.968750 0.437500
vt 1.000000 0.875000
vt 0.968750 0.875000
vt 0.937500 0.125000
vt 0.937500 0.062500
vt 0.937500 0.562500
vt 0.937500 0.500000
vt 0.953125 1.000000
vt 0.937500 0.937500
vt 0.953125 0.000000
vt 0.937500 0.437500
vt 0.937500 0.875000
vt 0.937500 0.375000
vt 0.937500 0.812500
vt 0.937500 0.312500
vt 0.937500 0.750000
vt 0.937500 0.250000
vt 0.937500 0.687500
vt 0.937500 0.187500
vt 0.937500 0.625000
vt 0.906250 0.812500
vt 0.906250 0.750000
vt 0.906250 0.312500
vt 0.906250 0.250000
vt 0.906250 0.687500
vt 0.906250 0.187500
vt 0.906250 0.625000
vt 0.906250 0.125000
vt 0.906250 0.562500
vt 0.906250 0.062500
vt 0.906250 0.500000
vt 0.921875 1.000000
vt 0.906250 0.937500
vt 0.921875 0.000000
vt 0.906250 0.437500
vt 0.906250 0.875000
vt 0.906250 0.375000
vt 0.875000 0.562500
vt 0.875000 0.500000
vt 0.890625 1.000000
vt 0.875000 0.937500
vt 0.890625 0.000000
vt 0.875000 0.062500
vt 0.875000 0.437500
vt 0.875000 0.875000
vt 0.875000 0.375000
vt 0.875000 0.812500
vt 0.875000 0.312500
vt 0.875000 0.750000
vt 0.875000 0.250000
vt 0.875000 0.687500
vt 0.875000 0.187500
vt 0.875000 0.625000
vt 0.875000 0.125000
vt 0.843750 0.312500
vt 0.843750 0.250000
vt 0.843750 0.750000
vt 0.843750 0.687500
vt 0.843750 0.187500
vt 0.843750 0.625000
vt 0.843750 0.125000
vt 0.843750 0.562500
vt 0.843750 0.062500
vt 0.843750 0.500000
vt 0.859375 1.000000
vt 0.843750 0.937500
vt 0.859375 0.000000
vt 0.843750 0.437500
vt 0.843750 0.875000
vt 0.843750 0.375000
vt 0.843750 0.812500
vt 0.828125 1.000000
vt 0.812500 0.937500
vt 0.828125 0.000000
vt 0.812500 0.062500
vt 0.812500 0.500000
vt 0.812500 0.437500
vt 0.812500 0.875000
vt 0.812500 0.375000
vt 0.812500 0.812500
vt 0.812500 0.312500
vt 0.812500 0.750000
vt 0.812500 0.250000
vt 0.812500 0.687500
vt 0.812500 0.187500
vt 0.812500 0.625000
vt 0.812500 0.125000
vt 0.812500 0.562500
vt 0.781250 0.750000
vt 0.781250 0.687500
vt 0.781250 0.250000
vt 0.781250 0.187500
vt 0.781250 0.625000
vt 0.781250 0.125000
vt 0.781250 0.562500
vt 0.781250 0.062500
vt 0.781250 0.500000
vt 0.796875 1.000000
vt 0.781250 0.937500
vt 0.796875 0.000000
vt 0.781250 0.437500
vt 0.781250 0.875000
vt 0.781250 0.375000
vt 0.781250 0.812500
vt 0.781250 0.312500
vt 0.765625 1.000000
vt 0.765625 0.000000
s 0
usemtl LimeGreen
f 1678/2144/1147 1852/2145/1147 1391/2146/1147
f 1375/2147/1148 1374/2148/1148 1384/2149/1148 1385/2150/1148
f 1845/2151/1149 1844/2152/1149 1377/2153/1149 1378/2154/1149
f 1848/2155/1150 1375/2147/1150 1385/2150/1150 1386/2156/1150
f 1371/2157/1151 1845/2151/1151 1378/2154/1151 1379/2158/1151
f 1376/2159/1152 1848/2155/1152 1386/2156/1152 1387/2160/1152
f 1846/2161/1153 1371/2157/1153 1379/2158/1153 1380/2162/1153
f 1849/2163/1154 1376/2159/1154 1387/2160/1154 1388/2164/1154
f 1372/2165/1155 1846/2161/1155 1380/2162/1155 1381/2166/1155
f 1850/2167/1156 1849/2163/1156 1388/2164/1156 1389/2168/1156
f 1847/2169/1157 1372/2165/1157 1381/2166/1157 1382/2170/1157
f 1851/2171/1158 1850/2167/1158 1389/2168/1158 1390/2172/1158
f 1373/2173/1159 1847/2169/1159 1382/2170/1159 1383/2174/1159
f 1852/2145/1160 1851/2171/1160 1390/2172/1160 1391/2146/1160
f 1374/2148/1161 1373/2173/1161 1383/2174/1161 1384/2149/1161
f 1844/2152/1162 1452/2175/1162 1377/2153/1162
f 1391/2146/1163 1390/2172/1163 1405/2176/1163 1406/2177/1163
f 1384/2149/1164 1383/2174/1164 1398/2178/1164 1399/2179/1164
f 1377/2153/1165 1452/2180/1165 1392/2181/1165
f 1678/2182/1166 1391/2146/1166 1406/2177/1166
f 1385/2150/1167 1384/2149/1167 1399/2179/1167 1400/2183/1167
f 1378/2154/1168 1377/2153/1168 1392/2181/1168 1393/2184/1168
f 1386/2156/1169 1385/2150/1169 1400/2183/1169 1401/2185/1169
f 1379/2158/1170 1378/2154/1170 1393/2184/1170 1394/2186/1170
f 1387/2160/1171 1386/2156/1171 1401/2185/1171 1402/2187/1171
f 1380/2162/1172 1379/2158/1172 1394/2186/1172 1395/2188/1172
f 1388/2164/1173 1387/2160/1173 1402/2187/1173 1403/2189/1173
f 1381/2166/1174 1380/2162/1174 1395/2188/1174 1396/2190/1174
f 1389/2168/1175 1388/2164/1175 1403/2189/1175 1404/2191/1175
f 1382/2170/1176 1381/2166/1176 1396/2190/1176 1397/2192/1176
f 1390/2172/1177 1389/2168/1177 1404/2191/1177 1405/2176/1177
f 1383/2174/1178 1382/2170/1178 1397/2192/1178 1398/2178/1178
f 1395/2188/1179 1394/2186/1179 1409/2193/1179 1410/2194/1179
f 1403/2189/1180 1402/2187/1180 1417/2195/1180 1418/2196/1180
f 1396/2190/1181 1395/2188/1181 1410/2194/1181 1411/2197/1181
f 1404/2191/1182 1403/2189/1182 1418/2196/1182 1419/2198/1182
f 1397/2192/1183 1396/2190/1183 1411/2197/1183 1412/2199/1183
f 1405/2176/1184 1404/2191/1184 1419/2198/1184 1420/2200/1184
f 1398/2178/1185 1397/2192/1185 1412/2199/1185 1413/2201/1185
f 1406/2177/1186 1405/2176/1186 1420/2200/1186 1421/2202/1186
f 1399/2179/1187 1398/2178/1187 1413/2201/1187 1414/2203/1187
f 1392/2181/1188 1452/2204/1188 1407/2205/1188
f 1678/2206/1189 1406/2177/1189 1421/2202/1189
f 1400/2183/1190 1399/2179/1190 1414/2203/1190 1415/2207/1190
f 1393/2184/1191 1392/2181/1191 1407/2205/1191 1408/2208/1191
f 1401/2185/1192 1400/2183/1192 1415/2207/1192 1416/2209/1192
f 1394/2186/1193 1393/2184/1193 1408/2208/1193 1409/2193/1193
f 1402/2187/1194 1401/2185/1194 1416/2209/1194 1417/2195/1194
f 1414/2203/1195 1413/2201/1195 1428/2210/1195 1429/2211/1195
f 1407/2205/1196 1452/2212/1196 1422/2213/1196
f 1678/2214/1197 1421/2202/1197 1436/2215/1197
f 1415/2207/1198 1414/2203/1198 1429/2211/1198 1430/2216/1198
f 1408/2208/1199 1407/2205/1199 1422/2213/1199 1423/2217/1199
f 1416/2209/1200 1415/2207/1200 1430/2216/1200 1431/2218/1200
f 1409/2193/1201 1408/2208/1201 1423/2217/1201 1424/2219/1201
f 1417/2195/1202 1416/2209/1202 1431/2218/1202 1432/2220/1202
f 1410/2194/1203 1409/2193/1203 1424/2219/1203 1425/2221/1203
f 1418/2196/1204 1417/2195/1204 1432/2220/1204 1433/2222/1204
f 1411/2197/1205 1410/2194/1205 1425/2221/1205 1426/2223/1205
f 1419/2198/1206 1418/2196/1206 1433/2222/1206 1434/2224/1206
f 1412/2199/1207 1411/2197/1207 1426/2223/1207 1427/2225/1207
f 1420/2200/1208 1419/2198/1208 1434/2224/1208 1435/2226/1208
f 1413/2201/1209 1412/2199/1209 1427/2225/1209 1428/2210/1209
f 1421/2202/1210 1420/2200/1210 1435/2226/1210 1436/2215/1210
f 1433/2222/1211 1432/2220/1211 1447/2227/1211 1448/2228/1211
f 1426/2223/1212 1425/2221/1212 1440/2229/1212 1441/2230/1212
f 1434/2224/1213 1433/2222/1213 1448/2228/1213 1449/2231/1213
f 1427/2225/1214 1426/2223/1214 1441/2230/1214 1442/2232/1214
f 1435/2226/1215 1434/2224/1215 1449/2231/1215 1450/2233/1215
f 1428/2210/1216 1427/2225/1216 1442/2232/1216 1443/2234/1216
f 1436/2215/1217 1435/2226/1217 1450/2233/1217 1451/2235/1217
f 1429/2211/1218 1428/2210/1218 1443/2234/1218 1444/2236/1218
f 1422/2213/1219 1452/2237/1219 1437/2238/1219
f 1678/2239/1220 1436/2215/1220 1451/2235/1220
f 1430/2216/1221 1429/2211/1221 1444/2236/1221 1445/2240/1221
f 1423/2217/1222 1422/2213/1222 1437/2238/1222 1438/2241/1222
f 1431/2218/1223 1430/2216/1223 1445/2240/1223 1446/2242/1223
f 1424/2219/1224 1423/2217/1224 1438/2241/1224 1439/2243/1224
f 1432/2220/1225 1431/2218/1225 1446/2242/1225 1447/2227/1225
f 1425/2221/1226 1424/2219/1226 1439/2243/1226 1440/2229/1226
f 1678/2244/1227 1451/2235/1227 1467/2245/1227
f 1445/2240/1228 1444/2236/1228 1460/2246/1228 1461/2247/1228
f 1438/2241/1229 1437/2238/1229 1453/2248/1229 1454/2249/1229
f 1446/2242/1230 1445/2240/1230 1461/2247/1230 1462/2250/1230
f 1439/2243/1231 1438/2241/1231 1454/2249/1231 1455/2251/1231
f 1447/2227/1232 1446/2242/1232 1462/2250/1232 1463/2252/1232
f 1440/2229/1233 1439/2243/1233 1455/2251/1233 1456/2253/1233
f 1448/2228/1234 1447/2227/1234 1463/2252/1234 1464/2254/1234
f 1441/2230/1235 1440/2229/1235 1456/2253/1235 1457/2255/1235
f 1449/2231/1236 1448/2228/1236 1464/2254/1236 1465/2256/1236
f 1442/2232/1237 1441/2230/1237 1457/2255/1237 1458/2257/1237
f 1450/2233/1238 1449/2231/1238 1465/2256/1238 1466/2258/1238
f 1443/2234/1239 1442/2232/1239 1458/2257/1239 1459/2259/1239
f 1451/2235/1240 1450/2233/1240 1466/2258/1240 1467/2245/1240
f 1444/2236/1241 1443/2234/1241 1459/2259/1241 1460/2246/1241
f 1437/2238/1242 1452/2260/1242 1453/2248/1242
f 1465/2256/1243 1464/2254/1243 1479/2261/1243 1480/2262/1243
f 1458/2257/1244 1457/2255/1244 1472/2263/1244 1473/2264/1244
f 1466/2258/1245 1465/2256/1245 1480/2262/1245 1481/2265/1245
f 1459/2259/1246 1458/2257/1246 1473/2264/1246 1474/2266/1246
f 1467/2245/1247 1466/2258/1247 1481/2265/1247 1482/2267/1247
f 1460/2246/1248 1459/2259/1248 1474/2266/1248 1475/2268/1248
f 1453/2248/1249 1452/2269/1249 1468/2270/1249
f 1678/2271/1250 1467/2245/1250 1482/2267/1250
f 1461/2247/1251 1460/2246/1251 1475/2268/1251 1476/2272/1251
f 1454/2249/1252 1453/2248/1252 1468/2270/1252 1469/2273/1252
f 1462/2250/1253 1461/2247/1253 1476/2272/1253 1477/2274/1253
f 1455/2251/1254 1454/2249/1254 1469/2273/1254 1470/2275/1254
f 1463/2252/1255 1462/2250/1255 1477/2274/1255 1478/2276/1255
f 1456/2253/1256 1455/2251/1256 1470/2275/1256 1471/2277/1256
f 1464/2254/1257 1463/2252/1257 1478/2276/1257 1479/2261/1257
f 1457/2255/1258 1456/2253/1258 1471/2277/1258 1472/2263/1258
f 1469/2273/1259 1468/2270/1259 1483/2278/1259 1484/2279/1259
f 1477/2274/1260 1476/2272/1260 1491/2280/1260 1492/2281/1260
f 1470/2275/1261 1469/2273/1261 1484/2279/1261 1485/2282/1261
f 1478/2276/1262 1477/2274/1262 1492/2281/1262 1493/2283/1262
f 1471/2277/1263 1470/2275/1263 1485/2282/1263 1486/2284/1263
f 1479/2261/1264 1478/2276/1264 1493/2283/1264 1494/2285/1264
f 1472/2263/1265 1471/2277/1265 1486/2284/1265 1487/2286/1265
f 1480/2262/1266 1479/2261/1266 1494/2285/1266 1495/2287/1266
f 1473/2264/1267 1472/2263/1267 1487/2286/1267 1488/2288/1267
f 1481/2265/1268 1480/2262/1268 1495/2287/1268 1496/2289/1268
f 1474/2266/1269 1473/2264/1269 1488/2288/1269 1489/2290/1269
f 1482/2267/1270 1481/2265/1270 1496/2289/1270 1497/2291/1270
f 1475/2268/1271 1474/2266/1271 1489/2290/1271 1490/2292/1271
f 1468/2270/1272 1452/2293/1272 1483/2278/1272
f 1678/2294/1273 1482/2267/1273 1497/2291/1273
f 1476/2272/1274 1475/2268/1274 1490/2292/1274 1491/2280/1274
f 1488/2288/1275 1487/2286/1275 1502/2295/1275 1503/2296/1275
f 1496/2289/1276 1495/2287/1276 1510/2297/1276 1511/2298/1276
f 1489/2290/1277 1488/2288/1277 1503/2296/1277 1504/2299/1277
f 1497/2291/1278 1496/2289/1278 1511/2298/1278 1512/2300/1278
f 1490/2292/1279 1489/2290/1279 1504/2299/1279 1505/2301/1279
f 1483/2278/1280 1452/2302/1280 1498/2303/1280
f 1678/2304/1281 1497/2291/1281 1512/2300/1281
f 1491/2280/1282 1490/2292/1282 1505/2301/1282 1506/2305/1282
f 1484/2279/1283 1483/2278/1283 1498/2303/1283 1499/2306/1283
f 1492/2281/1284 1491/2280/1284 1506/2305/1284 1507/2307/1284
f 1485/2282/1285 1484/2279/1285 1499/2306/1285 1500/2308/1285
f 1493/2283/1286 1492/2281/1286 1507/2307/1286 1508/2309/1286
f 1486/2284/1287 1485/2282/1287 1500/2308/1287 1501/2310/1287
f 1494/2285/1288 1493/2283/1288 1508/2309/1288 1509/2311/1288
f 1487/2286/1289 1486/2284/1289 1501/2310/1289 1502/2295/1289
f 1495/2287/1290 1494/2285/1290 1509/2311/1290 1510/2297/1290
f 1507/2307/1291 1506/2305/1291 1521/2312/1291 1522/2313/1291
f 1500/2308/1292 1499/2306/1292 1514/2314/1292 1515/2315/1292
f 1508/2309/1293 1507/2307/1293 1522/2313/1293 1523/2316/1293
f 1501/2310/1294 1500/2308/1294 1515/2315/1294 1516/2317/1294
f 1509/2311/1295 1508/2309/1295 1523/2316/1295 1524/2318/1295
f 1502/2295/1296 1501/2310/1296 1516/2317/1296 1517/2319/1296
f 1510/2297/1297 1509/2311/1297 1524/2318/1297 1525/2320/1297
f 1503/2296/1298 1502/2295/1298 1517/2319/1298 1518/2321/1298
f 1511/2298/1299 1510/2297/1299 1525/2320/1299 1526/2322/1299
f 1504/2299/1300 1503/2296/1300 1518/2321/1300 1519/2323/1300
f 1512/2300/1301 1511/2298/1301 1526/2322/1301 1527/2324/1301
f 1505/2301/1302 1504/2299/1302 1519/2323/1302 1520/2325/1302
f 1498/2303/1303 1452/2326/1303 1513/2327/1303
f 1678/2328/1304 1512/2300/1304 1527/2324/1304
f 1506/2305/1305 1505/2301/1305 1520/2325/1305 1521/2312/1305
f 1499/2306/1306 1498/2303/1306 1513/2327/1306 1514/2314/1306
f 1526/2322/1307 1525/2320/1307 1540/2329/1307 1541/2330/1307
f 1519/2323/1308 1518/2321/1308 1533/2331/1308 1534/2332/1308
f 1527/2324/1309 1526/2322/1309 1541/2330/1309 1542/2333/1309
f 1520/2325/1310 1519/2323/1310 1534/2332/1310 1535/2334/1310
f 1513/2327/1311 1452/2335/1311 1528/2336/1311
f 1678/2337/1312 1527/2324/1312 1542/2333/1312
f 1521/2312/1313 1520/2325/1313 1535/2334/1313 1536/2338/1313
f 1514/2314/1314 1513/2327/1314 1528/2336/1314 1529/2339/1314
f 1522/2313/1315 1521/2312/1315 1536/2338/1315 1537/2340/1315
f 1515/2315/1316 1514/2314/1316 1529/2339/1316 1530/2341/1316
f 1523/2316/1317 1522/2313/1317 1537/2340/1317 1538/2342/1317
f 1516/2317/1318 1515/2315/1318 1530/2341/1318 1531/2343/1318
f 1524/2318/1319 1523/2316/1319 1538/2342/1319 1539/2344/1319
f 1517/2319/1320 1516/2317/1320 1531/2343/1320 1532/2345/1320
f 1525/2320/1321 1524/2318/1321 1539/2344/1321 1540/2329/1321
f 1518/2321/1322 1517/2319/1322 1532/2345/1322 1533/2331/1322
f 1530/2341/1323 1529/2339/1323 1544/2346/1323 1545/2347/1323
f 1538/2342/1324 1537/2340/1324 1552/2348/1324 1553/2349/1324
f 1531/2343/1325 1530/2341/1325 1545/2347/1325 1546/2350/1325
f 1539/2344/1326 1538/2342/1326 1553/2349/1326 1554/2351/1326
f 1532/2345/1327 1531/2343/1327 1546/2350/1327 1547/2352/1327
f 1540/2329/1328 1539/2344/1328 1554/2351/1328 1555/2353/1328
f 1533/2331/1329 1532/2345/1329 1547/2352/1329 1548/2354/1329
f 1541/2330/1330 1540/2329/1330 1555/2353/1330 1556/2355/1330
f 1534/2332/1331 1533/2331/1331 1548/2354/1331 1549/2356/1331
f 1542/2333/1332 1541/2330/1332 1556/2355/1332 1557/2357/1332
f 1535/2334/1333 1534/2332/1333 1549/2356/1333 1550/2358/1333
f 1528/2336/1334 1452/2359/1334 1543/2360/1334
f 1678/2361/1335 1542/2333/1335 1557/2357/1335
f 1536/2338/1336 1535/2334/1336 1550/2358/1336 1551/2362/1336
f 1529/2339/1337 1528/2336/1337 1543/2360/1337 1544/2346/1337
f 1537/2340/1338 1536/2338/1338 1551/2362/1338 1552/2348/1338
f 1549/2356/1339 1548/2354/1339 1563/2363/1339 1564/2364/1339
f 1557/2357/1340 1556/2355/1340 1571/2365/1340 1572/2366/1340
f 1550/2358/1341 1549/2356/1341 1564/2364/1341 1565/2367/1341
f 1543/2360/1342 1452/2368/1342 1558/2369/1342
f 1678/2370/1343 1557/2357/1343 1572/2366/1343
f 1551/2362/1344 1550/2358/1344 1565/2367/1344 1566/2371/1344
f 1544/2346/1345 1543/2360/1345 1558/2369/1345 1559/2372/1345
f 1552/2348/1346 1551/2362/1346 1566/2371/1346 1567/2373/1346
f 1545/2347/1347 1544/2346/1347 1559/2372/1347 1560/2374/1347
f 1553/2349/1348 1552/2348/1348 1567/2373/1348 1568/2375/1348
f 1546/2350/1349 1545/2347/1349 1560/2374/1349 1561/2376/1349
f 1554/2351/1350 1553/2349/1350 1568/2375/1350 1569/2377/1350
f 1547/2352/1351 1546/2350/1351 1561/2376/1351 1562/2378/1351
f 1555/2353/1352 1554/2351/1352 1569/2377/1352 1570/2379/1352
f 1548/2354/1353 1547/2352/1353 1562/2378/1353 1563/2363/1353
f 1556/2355/1354 1555/2353/1354 1570/2379/1354 1571/2365/1354
f 1568/2375/1355 1567/2373/1355 1582/2380/1355 1583/2381/1355
f 1561/2376/1356 1560/2374/1356 1575/2382/1356 1576/2383/1356
f 1569/2377/1357 1568/2375/1357 1583/2381/1357 1584/2384/1357
f 1562/2378/1358 1561/2376/1358 1576/2383/1358 1577/2385/1358
f 1570/2379/1359 1569/2377/1359 1584/2384/1359 1585/2386/1359
f 1563/2363/1360 1562/2378/1360 1577/2385/1360 1578/2387/1360
f 1571/2365/1361 1570/2379/1361 1585/2386/1361 1586/2388/1361
f 1564/2364/1362 1563/2363/1362 1578/2387/1362 1579/2389/1362
f 1572/2366/1363 1571/2365/1363 1586/2388/1363 1587/2390/1363
f 1565/2367/1364 1564/2364/1364 1579/2389/1364 1580/2391/1364
f 1558/2369/1365 1452/2392/1365 1573/2393/1365
f 1678/2394/1366 1572/2366/1366 1587/2390/1366
f 1566/2371/1367 1565/2367/1367 1580/2391/1367 1581/2395/1367
f 1559/2372/1368 1558/2369/1368 1573/2393/1368 1574/2396/1368
f 1567/2373/1369 1566/2371/1369 1581/2395/1369 1582/2380/1369
f 1560/2374/1370 1559/2372/1370 1574/2396/1370 1575/2382/1370
f 1587/2390/1371 1586/2388/1371 1601/2397/1371 1602/2398/1371
f 1580/2391/1372 1579/2389/1372 1594/2399/1372 1595/2400/1372
f 1573/2393/1373 1452/2401/1373 1588/2402/1373
f 1678/2403/1374 1587/2390/1374 1602/2398/1374
f 1581/2395/1375 1580/2391/1375 1595/2400/1375 1596/2404/1375
f 1574/2396/1376 1573/2393/1376 1588/2402/1376 1589/2405/1376
f 1582/2380/1377 1581/2395/1377 1596/2404/1377 1597/2406/1377
f 1575/2382/1378 1574/2396/1378 1589/2405/1378 1590/2407/1378
f 1583/2381/1379 1582/2380/1379 1597/2406/1379 1598/2408/1379
f 1576/2383/1380 1575/2382/1380 1590/2407/1380 1591/2409/1380
f 1584/2384/1381 1583/2381/1381 1598/2408/1381 1599/2410/1381
f 1577/2385/1382 1576/2383/1382 1591/2409/1382 1592/2411/1382
f 1585/2386/1383 1584/2384/1383 1599/2410/1383 1600/2412/1383
f 1578/2387/1384 1577/2385/1384 1592/2411/1384 1593/2413/1384
f 1586/2388/1385 1585/2386/1385 1600/2412/1385 1601/2397/1385
f 1579/2389/1386 1578/2387/1386 1593/2413/1386 1594/2399/1386
f 1599/2410/1387 1598/2408/1387 1613/2414/1387 1614/2415/1387
f 1592/2411/1388 1591/2409/1388 1606/2416/1388 1607/2417/1388
f 1600/2412/1389 1599/2410/1389 1614/2415/1389 1615/2418/1389
f 1593/2413/1390 1592/2411/1390 1607/2417/1390 1608/2419/1390
f 1601/2397/1391 1600/2412/1391 1615/2418/1391 1616/2420/1391
f 1594/2399/1392 1593/2413/1392 1608/2419/1392 1609/2421/1392
f 1602/2398/1393 1601/2397/1393 1616/2420/1393 1617/2422/1393
f 1595/2400/1394 1594/2399/1394 1609/2421/1394 1610/2423/1394
f 1588/2402/1395 1452/2424/1395 1603/2425/1395
f 1678/2426/1396 1602/2398/1396 1617/2422/1396
f 1596/2404/1397 1595/2400/1397 1610/2423/1397 1611/2427/1397
f 1589/2405/1398 1588/2402/1398 1603/2425/1398 1604/2428/1398
f 1597/2406/1399 1596/2404/1399 1611/2427/1399 1612/2429/1399
f 1590/2407/1400 1589/2405/1400 1604/2428/1400 1605/2430/1400
f 1598/2408/1401 1597/2406/1401 1612/2429/1401 1613/2414/1401
f 1591/2409/1402 1590/2407/1402 1605/2430/1402 1606/2416/1402
f 1603/2425/1403 1452/2431/1403 1618/2432/1403
f 1678/2433/1404 1617/2422/1404 1632/2434/1404
f 1611/2427/1405 1610/2423/1405 1625/2435/1405 1626/2436/1405
f 1604/2428/1406 1603/2425/1406 1618/2432/1406 1619/2437/1406
f 1612/2429/1407 1611/2427/1407 1626/2436/1407 1627/2438/1407
f 1605/2430/1408 1604/2428/1408 1619/2437/1408 1620/2439/1408
f 1613/2414/1409 1612/2429/1409 1627/2438/1409 1628/2440/1409
f 1606/2416/1410 1605/2430/1410 1620/2439/1410 1621/2441/1410
f 1614/2415/1411 1613/2414/1411 1628/2440/1411 1629/2442/1411
f 1607/2417/1412 1606/2416/1412 1621/2441/1412 1622/2443/1412
f 1615/2418/1413 1614/2415/1413 1629/2442/1413 1630/2444/1413
f 1608/2419/1414 1607/2417/1414 1622/2443/1414 1623/2445/1414
f 1616/2420/1415 1615/2418/1415 1630/2444/1415 1631/2446/1415
f 1609/2421/1416 1608/2419/1416 1623/2445/1416 1624/2447/1416
f 1617/2422/1417 1616/2420/1417 1631/2446/1417 1632/2434/1417
f 1610/2423/1418 1609/2421/1418 1624/2447/1418 1625/2435/1418
f 1622/2443/1419 1621/2441/1419 1636/2448/1419 1637/2449/1419
f 1630/2444/1420 1629/2442/1420 1644/2450/1420 1645/2451/1420
f 1623/2445/1421 1622/2443/1421 1637/2449/1421 1638/2452/1421
f 1631/2446/1422 1630/2444/1422 1645/2451/1422 1646/2453/1422
f 1624/2447/1423 1623/2445/1423 1638/2452/1423 1639/2454/1423
f 1632/2434/1424 1631/2446/1424 1646/2453/1424 1647/2455/1424
f 1625/2435/1425 1624/2447/1425 1639/2454/1425 1640/2456/1425
f 1618/2432/1426 1452/2457/1426 1633/2458/1426
f 1678/2459/1427 1632/2434/1427 1647/2455/1427
f 1626/2436/1428 1625/2435/1428 1640/2456/1428 1641/2460/1428
f 1619/2437/1429 1618/2432/1429 1633/2458/1429 1634/2461/1429
f 1627/2438/1430 1626/2436/1430 1641/2460/1430 1642/2462/1430
f 1620/2439/1431 1619/2437/1431 1634/2461/1431 1635/2463/1431
f 1628/2440/1432 1627/2438/1432 1642/2462/1432 1643/2464/1432
f 1621/2441/1433 1620/2439/1433 1635/2463/1433 1636/2448/1433
f 1629/2442/1434 1628/2440/1434 1643/2464/1434 1644/2450/1434
f 1641/2460/1435 1640/2456/1435 1655/2465/1435 1656/2466/1435
f 1634/2461/1436 1633/2458/1436 1648/2467/1436 1649/2468/1436
f 1642/2462/1437 1641/2460/1437 1656/2466/1437 1657/2469/1437
f 1635/2463/1438 1634/2461/1438 1649/2468/1438 1650/2470/1438
f 1643/2464/1439 1642/2462/1439 1657/2469/1439 1658/2471/1439
f 1636/2448/1440 1635/2463/1440 1650/2470/1440 1651/2472/1440
f 1644/2450/1441 1643/2464/1441 1658/2471/1441 1659/2473/1441
f 1637/2449/1442 1636/2448/1442 1651/2472/1442 1652/2474/1442
f 1645/2451/1443 1644/2450/1443 1659/2473/1443 1660/2475/1443
f 1638/2452/1444 1637/2449/1444 1652/2474/1444 1653/2476/1444
f 1646/2453/1445 1645/2451/1445 1660/2475/1445 1661/2477/1445
f 1639/2454/1446 1638/2452/1446 1653/2476/1446 1654/2478/1446
f 1647/2455/1447 1646/2453/1447 1661/2477/1447 1662/2479/1447
f 1640/2456/1448 1639/2454/1448 1654/2478/1448 1655/2465/1448
f 1633/2458/1449 1452/2480/1449 1648/2467/1449
f 1678/2481/1450 1647/2455/1450 1662/2479/1450
f 1660/2475/1451 1659/2473/1451 1674/2482/1451 1675/2483/1451
f 1653/2476/1452 1652/2474/1452 1667/2484/1452 1668/2485/1452
f 1661/2477/1453 1660/2475/1453 1675/2483/1453 1676/2486/1453
f 1654/2478/1454 1653/2476/1454 1668/2485/1454 1669/2487/1454
f 1662/2479/1455 1661/2477/1455 1676/2486/1455 1677/2488/1455
f 1655/2465/1456 1654/2478/1456 1669/2487/1456 1670/2489/1456
f 1648/2467/1457 1452/2490/1457 1663/2491/1457
f 1678/2492/1458 1662/2479/1458 1677/2488/1458
f 1656/2466/1459 1655/2465/1459 1670/2489/1459 1671/2493/1459
f 1649/2468/1460 1648/2467/1460 1663/2491/1460 1664/2494/1460
f 1657/2469/1461 1656/2466/1461 1671/2493/1461 1672/2495/1461
f 1650/2470/1462 1649/2468/1462 1664/2494/1462 1665/2496/1462
f 1658/2471/1463 1657/2469/1463 1672/2495/1463 1673/2497/1463
f 1651/2472/1464 1650/2470/1464 1665/2496/1464 1666/2498/1464
f 1659/2473/1465 1658/2471/1465 1673/2497/1465 1674/2482/1465
f 1652/2474/1466 1651/2472/1466 1666/2498/1466 1667/2484/1466
f 1664/2494/1467 1663/2491/1467 1679/2499/1467 1680/2500/1467
f 1672/2495/1468 1671/2493/1468 1687/2501/1468 1688/2502/1468
f 1665/2496/1469 1664/2494/1469 1680/2500/1469 1681/2503/1469
f 1673/2497/1470 1672/2495/1470 1688/2502/1470 1689/2504/1470
f 1666/2498/1471 1665/2496/1471 1681/2503/1471 1682/2505/1471
f 1674/2482/1472 1673/2497/1472 1689/2504/1472 1690/2506/1472
f 1667/2484/1473 1666/2498/1473 1682/2505/1473 1683/2507/1473
f 1675/2483/1474 1674/2482/1474 1690/2506/1474 1691/2508/1474
f 1668/2485/1475 1667/2484/1475 1683/2507/1475 1684/2509/1475
f 1676/2486/1476 1675/2483/1476 1691/2508/1476 1692/2510/1476
f 1669/2487/1477 1668/2485/1477 1684/2509/1477 1685/2511/1477
f 1677/2488/1478 1676/2486/1478 1692/2510/1478 1693/2512/1478
f 1670/2489/1479 1669/2487/1479 1685/2511/1479 1686/2513/1479
f 1663/2491/1480 1452/2514/1480 1679/2499/1480
f 1678/2515/1481 1677/2488/1481 1693/2512/1481
f 1671/2493/1482 1670/2489/1482 1686/2513/1482 1687/2501/1482
f 1684/2509/1483 1683/2507/1483 1698/2516/1483 1699/2517/1483
f 1692/2510/1484 1691/2508/1484 1706/2518/1484 1707/2519/1484
f 1685/2511/1485 1684/2509/1485 1699/2517/1485 1700/2520/1485
f 1693/2512/1486 1692/2510/1486 1707/2519/1486 1708/2521/1486
f 1686/2513/1487 1685/2511/1487 1700/2520/1487 1701/2522/1487
f 1679/2499/1488 1452/2523/1488 1694/2524/1488
f 1678/2525/1489 1693/2512/1489 1708/2521/1489
f 1687/2501/1490 1686/2513/1490 1701/2522/1490 1702/2526/1490
f 1680/2500/1491 1679/2499/1491 1694/2524/1491 1695/2527/1491
f 1688/2502/1492 1687/2501/1492 1702/2526/1492 1703/2528/1492
f 1681/2503/1493 1680/2500/1493 1695/2527/1493 1696/2529/1493
f 1689/2504/1494 1688/2502/1494 1703/2528/1494 1704/2530/1494
f 1682/2505/1495 1681/2503/1495 1696/2529/1495 1697/2531/1495
f 1690/2506/1496 1689/2504/1496 1704/2530/1496 1705/2532/1496
f 1683/2507/1497 1682/2505/1497 1697/2531/1497 1698/2516/1497
f 1691/2508/1498 1690/2506/1498 1705/2532/1498 1706/2518/1498
f 1703/2528/1499 1702/2526/1499 1717/2533/1499 1718/2534/1499
f 1696/2529/1500 1695/2527/1500 1710/2535/1500 1711/2536/1500
f 1704/2530/1501 1703/2528/1501 1718/2534/1501 1719/2537/1501
f 1697/2531/1502 1696/2529/1502 1711/2536/1502 1712/2538/1502
f 1705/2532/1503 1704/2530/1503 1719/2537/1503 1720/2539/1503
f 1698/2516/1504 1697/2531/1504 1712/2538/1504 1713/2540/1504
f 1706/2518/1505 1705/2532/1505 1720/2539/1505 1721/2541/1505
f 1699/2517/1506 1698/2516/1506 1713/2540/1506 1714/2542/1506
f 1707/2519/1507 1706/2518/1507 1721/2541/1507 1722/2543/1507
f 1700/2520/1508 1699/2517/1508 1714/2542/1508 1715/2544/1508
f 1708/2521/1509 1707/2519/1509 1722/2543/1509 1723/2545/1509
f 1701/2522/1510 1700/2520/1510 1715/2544/1510 1716/2546/1510
f 1694/2524/1511 1452/2547/1511 1709/2548/1511
f 1678/2549/1512 1708/2521/1512 1723/2545/1512
f 1702/2526/1513 1701/2522/1513 1716/2546/1513 1717/2533/1513
f 1695/2527/1514 1694/2524/1514 1709/2548/1514 1710/2535/1514
f 1722/2543/1515 1721/2541/1515 1736/2550/1515 1737/2551/1515
f 1715/2544/1516 1714/2542/1516 1729/2552/1516 1730/2553/1516
f 1723/2545/1517 1722/2543/1517 1737/2551/1517 1738/2554/1517
f 1716/2546/1518 1715/2544/1518 1730/2553/1518 1731/2555/1518
f 1709/2548/1519 1452/2556/1519 1724/2557/1519
f 1678/2558/1520 1723/2545/1520 1738/2554/1520
f 1717/2533/1521 1716/2546/1521 1731/2555/1521 1732/2559/1521
f 1710/2535/1522 1709/2548/1522 1724/2557/1522 1725/2560/1522
f 1718/2534/1523 1717/2533/1523 1732/2559/1523 1733/2561/1523
f 1711/2536/1524 1710/2535/1524 1725/2560/1524 1726/2562/1524
f 1719/2537/1525 1718/2534/1525 1733/2561/1525 1734/2563/1525
f 1712/2538/1526 1711/2536/1526 1726/2562/1526 1727/2564/1526
f 1720/2539/1527 1719/2537/1527 1734/2563/1527 1735/2565/1527
f 1713/2540/1528 1712/2538/1528 1727/2564/1528 1728/2566/1528
f 1721/2541/1529 1720/2539/1529 1735/2565/1529 1736/2550/1529
f 1714/2542/1530 1713/2540/1530 1728/2566/1530 1729/2552/1530
f 1734/2567/1531 1733/2568/1531 1748/2569/1531 1749/2570/1531
f 1727/2571/1532 1726/2572/1532 1741/2573/1532 1742/2574/1532
f 1735/2575/1533 1734/2567/1533 1749/2570/1533 1750/2576/1533
f 1728/2577/1534 1727/2571/1534 1742/2574/1534 1743/2578/1534
f 1736/2579/1535 1735/2575/1535 1750/2576/1535 1751/2580/1535
f 1729/2581/1536 1728/2577/1536 1743/2578/1536 1744/2582/1536
f 1737/2583/1537 1736/2579/1537 1751/2580/1537 1752/2584/1537
f 1730/2585/1538 1729/2581/1538 1744/2582/1538 1745/2586/1538
f 1738/2587/1539 1737/2583/1539 1752/2584/1539 1753/2588/1539
f 1731/2589/1540 1730/2585/1540 1745/2586/1540 1746/2590/1540
f 1724/2591/1541 1452/2592/1541 1739/2593/1541
f 1678/2594/1542 1738/2587/1542 1753/2588/1542
f 1732/2595/1543 1731/2589/1543 1746/2590/1543 1747/2596/1543
f 1725/2597/1544 1724/2591/1544 1739/2593/1544 1740/2598/1544
f 1733/2568/1545 1732/2595/1545 1747/2596/1545 1748/2569/1545
f 1726/2572/1546 1725/2597/1546 1740/2598/1546 1741/2573/1546
f 1753/2588/1547 1752/2584/1547 1767/2599/1547 1768/2600/1547
f 1746/2590/1548 1745/2586/1548 1760/2601/1548 1761/2602/1548
f 1739/2593/1549 1452/2603/1549 1754/2604/1549
f 1678/2605/1550 1753/2588/1550 1768/2600/1550
f 1747/2596/1551 1746/2590/1551 1761/2602/1551 1762/2606/1551
f 1740/2598/1552 1739/2593/1552 1754/2604/1552 1755/2607/1552
f 1748/2569/1553 1747/2596/1553 1762/2606/1553 1763/2608/1553
f 1741/2573/1554 1740/2598/1554 1755/2607/1554 1756/2609/1554
f 1749/2570/1555 1748/2569/1555 1763/2608/1555 1764/2610/1555
f 1742/2574/1556 1741/2573/1556 1756/2609/1556 1757/2611/1556
f 1750/2576/1557 1749/2570/1557 1764/2610/1557 1765/2612/1557
f 1743/2578/1558 1742/2574/1558 1757/2611/1558 1758/2613/1558
f 1751/2580/1559 1750/2576/1559 1765/2612/1559 1766/2614/1559
f 1744/2582/1560 1743/2578/1560 1758/2613/1560 1759/2615/1560
f 1752/2584/1561 1751/2580/1561 1766/2614/1561 1767/2599/1561
f 1745/2586/1562 1744/2582/1562 1759/2615/1562 1760/2601/1562
f 1757/2611/1563 1756/2609/1563 1771/2616/1563 1772/2617/1563
f 1765/2612/1564 1764/2610/1564 1779/2618/1564 1780/2619/1564
f 1758/2613/1565 1757/2611/1565 1772/2617/1565 1773/2620/1565
f 1766/2614/1566 1765/2612/1566 1780/2619/1566 1781/2621/1566
f 1759/2615/1567 1758/2613/1567 1773/2620/1567 1774/2622/1567
f 1767/2599/1568 1766/2614/1568 1781/2621/1568 1782/2623/1568
f 1760/2601/1569 1759/2615/1569 1774/2622/1569 1775/2624/1569
f 1768/2600/1570 1767/2599/1570 1782/2623/1570 1783/2625/1570
f 1761/2602/1571 1760/2601/1571 1775/2624/1571 1776/2626/1571
f 1754/2604/1572 1452/2627/1572 1769/2628/1572
f 1678/2629/1573 1768/2600/1573 1783/2625/1573
f 1762/2606/1574 1761/2602/1574 1776/2626/1574 1777/2630/1574
f 1755/2607/1575 1754/2604/1575 1769/2628/1575 1770/2631/1575
f 1763/2608/1576 1762/2606/1576 1777/2630/1576 1778/2632/1576
f 1756/2609/1577 1755/2607/1577 1770/2631/1577 1771/2616/1577
f 1764/2610/1578 1763/2608/1578 1778/2632/1578 1779/2618/1578
f 1776/2626/1579 1775/2624/1579 1790/2633/1579 1791/2634/1579
f 1769/2628/1580 1452/2635/1580 1784/2636/1580
f 1678/2637/1581 1783/2625/1581 1798/2638/1581
f 1777/2630/1582 1776/2626/1582 1791/2634/1582 1792/2639/1582
f 1770/2631/1583 1769/2628/1583 1784/2636/1583 1785/2640/1583
f 1778/2632/1584 1777/2630/1584 1792/2639/1584 1793/2641/1584
f 1771/2616/1585 1770/2631/1585 1785/2640/1585 1786/2642/1585
f 1779/2618/1586 1778/2632/1586 1793/2641/1586 1794/2643/1586
f 1772/2617/1587 1771/2616/1587 1786/2642/1587 1787/2644/1587
f 1780/2619/1588 1779/2618/1588 1794/2643/1588 1795/2645/1588
f 1773/2620/1589 1772/2617/1589 1787/2644/1589 1788/2646/1589
f 1781/2621/1590 1780/2619/1590 1795/2645/1590 1796/2647/1590
f 1774/2622/1591 1773/2620/1591 1788/2646/1591 1789/2648/1591
f 1782/2623/1592 1781/2621/1592 1796/2647/1592 1797/2649/1592
f 1775/2624/1593 1774/2622/1593 1789/2648/1593 1790/2633/1593
f 1783/2625/1594 1782/2623/1594 1797/2649/1594 1798/2638/1594
f 1795/2645/1595 1794/2643/1595 1809/2650/1595 1810/2651/1595
f 1788/2646/1596 1787/2644/1596 1802/2652/1596 1803/2653/1596
f 1796/2647/1597 1795/2645/1597 1810/2651/1597 1811/2654/1597
f 1789/2648/1598 1788/2646/1598 1803/2653/1598 1804/2655/1598
f 1797/2649/1599 1796/2647/1599 1811/2654/1599 1812/2656/1599
f 1790/2633/1600 1789/2648/1600 1804/2655/1600 1805/2657/1600
f 1798/2638/1601 1797/2649/1601 1812/2656/1601 1813/2658/1601
f 1791/2634/1602 1790/2633/1602 1805/2657/1602 1806/2659/1602
f 1784/2636/1603 1452/2660/1603 1799/2661/1603
f 1678/2662/1604 1798/2638/1604 1813/2658/1604
f 1792/2639/1605 1791/2634/1605 1806/2659/1605 1807/2663/1605
f 1785/2640/1606 1784/2636/1606 1799/2661/1606 1800/2664/1606
f 1793/2641/1607 1792/2639/1607 1807/2663/1607 1808/2665/1607
f 1786/2642/1608 1785/2640/1608 1800/2664/1608 1801/2666/1608
f 1794/2643/1609 1793/2641/1609 1808/2665/1609 1809/2650/1609
f 1787/2644/1610 1786/2642/1610 1801/2666/1610 1802/2652/1610
f 1799/2661/1611 1452/2667/1611 1814/2668/1611
f 1678/2669/1612 1813/2658/1612 1828/2670/1612
f 1807/2663/1613 1806/2659/1613 1821/2671/1613 1822/2672/1613
f 1800/2664/1614 1799/2661/1614 1814/2668/1614 1815/2673/1614
f 1808/2665/1615 1807/2663/1615 1822/2672/1615 1823/2674/1615
f 1801/2666/1616 1800/2664/1616 1815/2673/1616 1816/2675/1616
f 1809/2650/1617 1808/2665/1617 1823/2674/1617 1824/2676/1617
f 1802/2652/1618 1801/2666/1618 1816/2675/1618 1817/2677/1618
f 1810/2651/1619 1809/2650/1619 1824/2676/1619 1825/2678/1619
f 1803/2653/1620 1802/2652/1620 1817/2677/1620 1818/2679/1620
f 1811/2654/1621 1810/2651/1621 1825/2678/1621 1826/2680/1621
f 1804/2655/1622 1803/2653/1622 1818/2679/1622 1819/2681/1622
f 1812/2656/1623 1811/2654/1623 1826/2680/1623 1827/2682/1623
f 1805/2657/1624 1804/2655/1624 1819/2681/1624 1820/2683/1624
f 1813/2658/1625 1812/2656/1625 1827/2682/1625 1828/2670/1625
f 1806/2659/1626 1805/2657/1626 1820/2683/1626 1821/2671/1626
f 1818/2679/1627 1817/2677/1627 1832/2684/1627 1833/2685/1627
f 1826/2680/1628 1825/2678/1628 1840/2686/1628 1841/2687/1628
f 1819/2681/1629 1818/2679/1629 1833/2685/1629 1834/2688/1629
f 1827/2682/1630 1826/2680/1630 1841/2687/1630 1842/2689/1630
f 1820/2683/1631 1819/2681/1631 1834/2688/1631 1835/2690/1631
f 1828/2670/1632 1827/2682/1632 1842/2689/1632 1843/2691/1632
f 1821/2671/1633 1820/2683/1633 1835/2690/1633 1836/2692/1633
f 1814/2668/1634 1452/2693/1634 1829/2694/1634
f 1678/2695/1635 1828/2670/1635 1843/2691/1635
f 1822/2672/1636 1821/2671/1636 1836/2692/1636 1837/2696/1636
f 1815/2673/1637 1814/2668/1637 1829/2694/1637 1830/2697/1637
f 1823/2674/1638 1822/2672/1638 1837/2696/1638 1838/2698/1638
f 1816/2675/1639 1815/2673/1639 1830/2697/1639 1831/2699/1639
f 1824/2676/1640 1823/2674/1640 1838/2698/1640 1839/2700/1640
f 1817/2677/1641 1816/2675/1641 1831/2699/1641 1832/2684/1641
f 1825/2678/1642 1824/2676/1642 1839/2700/1642 1840/2686/1642
f 1837/2696/1643 1836/2692/1643 1374/2148/1643 1375/2147/1643
f 1830/2697/1644 1829/2694/1644 1844/2152/1644 1845/2151/1644
f 1838/2698/1645 1837/2696/1645 1375/2147/1645 1848/2155/1645
f 1831/2699/1646 1830/2697/1646 1845/2151/1646 1371/2157/1646
f 1839/2700/1647 1838/2698/1647 1848/2155/1647 1376/2159/1647
f 1832/2684/1648 1831/2699/1648 1371/2157/1648 1846/2161/1648
f 1840/2686/1649 1839/2700/1649 1376/2159/1649 1849/2163/1649
f 1833/2685/1650 1832/2684/1650 1846/2161/1650 1372/2165/1650
f 1841/2687/1651 1840/2686/1651 1849/2163/1651 1850/2167/1651
f 1834/2688/1652 1833/2685/1652 1372/2165/1652 1847/2169/1652
f 1842/2689/1653 1841/2687/1653 1850/2167/1653 1851/2171/1653
f 1835/2690/1654 1834/2688/1654 1847/2169/1654 1373/2173/1654
f 1843/2691/1655 1842/2689/1655 1851/2171/1655 1852/2145/1655
f 1836/2692/1656 1835/2690/1656 1373/2173/1656 1374/2148/1656
f 1829/2694/1657 1452/2701/1657 1844/2152/1657
f 1678/2702/1658 1843/2691/1658 1852/2145/1658
o BathWall1
v -5.020000 0.000000 1.300000
v -5.020000 2.400000 1.300000
v -5.020000 0.000000 -0.300000
v -5.020000 2.400000 -0.300000
v -4.980000 0.000000 1.300000
v -4.980000 2.400000 1.300000
v -4.980000 0.000000 -0.300000
v -4.980000 2.400000 -0.300000
vn -1.0000 -0.0000 -0.0000
vn -0.0000 -0.0000 -1.0000
vn 1.0000 -0.0000 -0.0000
vn -0.0000 -0.0000 1.0000
vn -0.0000 -1.0000 -0.0000
vn -0.0000 1.0000 -0.0000
vt 0.375000 0.000000
vt 0.625000 0.000000
vt 0.625000 0.250000
vt 0.375000 0.250000
vt 0.625000 0.500000
vt 0.375000 0.500000
vt 0.625000 0.750000
vt 0.375000 0.750000
vt 0.625000 1.000000
vt 0.375000 1.000000
vt 0.125000 0.500000
vt 0.125000 0.750000
vt 0.875000 0.500000
vt 0.875000 0.750000
s 0
usemtl SoftWhite
f 1853/2703/1659 1854/2704/1659 1856/2705/1659 1855/2706/1659
f 1855/2706/1660 1856/2705/1660 1860/2707/1660 1859/2708/1660
f 1859/2708/1661 1860/2707/1661 1858/2709/1661 1857/2710/1661
f 1857/2710/1662 1858/2709/1662 1854/2711/1662 1853/2712/1662
f 1855/2713/1663 1859/2708/1663 1857/2710/1663 1853/2714/1663
f 1860/2707/1664 1856/2715/1664 1854/2716/1664 1858/2709/1664
o BathWall2
v -6.500000 0.000000 -0.280000
v -6.500000 2.400000 -0.280000
v -6.500000 0.000000 -0.320000
v -6.500000 2.400000 -0.320000
v -5.000000 0.000000 -0.280000
v -5.000000 2.400000 -0.280000
v -5.000000 0.000000 -0.320000
v -5.000000 2.400000 -0.320000
vn -1.0000 -0.0000 -0.0000
vn -0.0000 -0.0000 -1.0000
vn 1.0000 -0.0000 -0.0000
vn -0.0000 -0.0000 1.0000
vn -0.0000 -1.0000 -0.0000
vn -0.0000 1.0000 -0.0000
vt 0.375000 0.000000
vt 0.625000 0.000000
vt 0.625000 0.250000
vt 0.375000 0.250000
vt 0.625000 0.500000
vt 0.375000 0.500000
vt 0.625000 0.750000
vt 0.375000 0.750000
vt 0.625000 1.000000
vt 0.375000 1.000000
vt 0.125000 0.500000
vt 0.125000 0.750000
vt 0.875000 0.500000
vt 0.875000 0.750000
s 0
usemtl SoftWhite
f 1861/2717/1665 1862/2718/1665 1864/2719/1665 1863/2720/1665
f 1863/2720/1666 1864/2719/1666 1868/2721/1666 1867/2722/1666
f 1867/2722/1667 1868/2721/1667 1866/2723/1667 1865/2724/1667
f 1865/2724/1668 1866/2723/1668 1862/2725/1668 1861/2726/1668
f 1863/2727/1669 1867/2722/1669 1865/2724/1669 1861/2728/1669
f 1868/2721/1670 1864/2729/1670 1862/2730/1670 1866/2723/1670
o Toilet
v -6.400000 0.000000 0.500000
v -6.400000 0.500000 0.500000
v -6.400000 0.000000 0.100000
v -6.400000 0.500000 0.100000
v -6.000000 0.000000 0.500000
v -6.000000 0.500000 0.500000
v -6.000000 0.000000 0.100000
v -6.000000 0.500000 0.100000
vn -1.0000 -0.0000 -0.0000
vn -0.0000 -0.0000 -1.0000
vn 1.0000 -0.0000 -0.0000
vn -0.0000 -0.0000 1.0000
vn -0.0000 -1.0000 -0.0000
vn -0.0000 1.0000 -0.0000
vt 0.375000 0.000000
vt 0.625000 0.000000
vt 0.625000 0.250000
vt 0.375000 0.250000
vt 0.625000 0.500000
vt 0.375000 0.500000
vt 0.625000 0.750000
vt 0.375000 0.750000
vt 0.625000 1.000000
vt 0.375000 1.000000
vt 0.125000 0.500000
vt 0.125000 0.750000
vt 0.875000 0.500000
vt 0.875000 0.750000
s 0
usemtl SoftWhite
f 1869/2731/1671 1870/2732/1671 1872/2733/1671 1871/2734/1671
f 1871/2734/1672 1872/2733/1672 1876/2735/1672 1875/2736/1672
f 1875/2736/1673 1876/2735/1673 1874/2737/1673 1873/2738/1673
f 1873/2738/1674 1874/2737/1674 1870/2739/1674 1869/2740/1674
f 1871/2741/1675 1875/2736/1675 1873/2738/1675 1869/2742/1675
f 1876/2735/1676 1872/2743/1676 1870/2744/1676 1874/2737/1676
o BathSink
v -6.400000 0.450000 0.050000
v -6.400000 0.550000 0.050000
v -6.400000 0.450000 -0.250000
v -6.400000 0.550000 -0.250000
v -6.000000 0.450000 0.050000
v -6.000000 0.550000 0.050000
v -6.000000 0.450000 -0.250000
v -6.000000 0.550000 -0.250000
vn -1.0000 -0.0000 -0.0000
vn -0.0000 -0.0000 -1.0000
vn 1.0000 -0.0000 -0.0000
vn -0.0000 -0.0000 1.0000
vn -0.0000 -1.0000 -0.0000
vn -0.0000 1.0000 -0.0000
vt 0.375000 0.000000
vt 0.625000 0.000000
vt 0.625000 0.250000
vt 0.375000 0.250000
vt 0.625000 0.500000
vt 0.375000 0.500000
vt 0.625000 0.750000
vt 0.375000 0.750000
vt 0.625000 1.000000
vt 0.375000 1.000000
vt 0.125000 0.500000
vt 0.125000 0.750000
vt 0.875000 0.500000
vt 0.875000 0.750000
s 0
usemtl SoftWhite
f 1877/2745/1677 1878/2746/1677 1880/2747/1677 1879/2748/1677
f 1879/2748/1678 1880/2747/1678 1884/2749/1678 1883/2750/1678
f 1883/2750/1679 1884/2749/1679 1882/2751/1679 1881/2752/1679
f 1881/2752/1680 1882/2751/1680 1878/2753/1680 1877/2754/1680
f 1879/2755/1681 1883/2750/1681 1881/2752/1681 1877/2756/1681
f 1884/2749/1682 1880/2757/1682 1878/2758/1682 1882/2751/1682
o PlantPot_0
v -6.000000 0.000000 2.250000
v -6.000000 0.600000 2.250000
v -5.951227 0.000000 2.254804
v -5.951227 0.600000 2.254804
v -5.904329 0.000000 2.269030
v -5.904329 0.600000 2.269030
v -5.861107 0.000000 2.292133
v -5.861107 0.600000 2.292133
v -5.823223 0.000000 2.323223
v -5.823223 0.600000 2.323223
v -5.792132 0.000000 2.361107
v -5.792132 0.600000 2.361107
v -5.769030 0.000000 2.404329
v -5.769030 0.600000 2.404329
v -5.754804 0.000000 2.451227
v -5.754804 0.600000 2.451227
v -5.750000 0.000000 2.500000
v -5.750000 0.600000 2.500000
v -5.754804 0.000000 2.548773
v -5.754804 0.600000 2.548773
v -5.769030 0.000000 2.595671
v -5.769030 0.600000 2.595671
v -5.792132 0.000000 2.638893
v -5.792132 0.600000 2.638893
v -5.823223 0.000000 2.676777
v -5.823223 0.600000 2.676777
v -5.861107 0.000000 2.707867
v -5.861107 0.600000 2.707867
v -5.904329 0.000000 2.730970
v -5.904329 0.600000 2.730970
v -5.951227 0.000000 2.745196
v -5.951227 0.600000 2.745196
v -6.000000 0.000000 2.750000
v -6.000000 0.600000 2.750000
v -6.048773 0.000000 2.745196
v -6.048773 0.600000 2.745196
v -6.095671 0.000000 2.730970
v -6.095671 0.600000 2.730970
v -6.138893 0.000000 2.707867
v -6.138893 0.600000 2.707867
v -6.176777 0.000000 2.676777
v -6.176777 0.600000 2.676777
v -6.207868 0.000000 2.638893
v -6.207868 0.600000 2.638893
v -6.230970 0.000000 2.595671
v -6.230970 0.600000 2.595671
v -6.245196 0.000000 2.548773
v -6.245196 0.600000 2.548773
v -6.250000 0.000000 2.500000
v -6.250000 0.600000 2.500000
v -6.245196 0.000000 2.451227
v -6.245196 0.600000 2.451227
v -6.230970 0.000000 2.404329
v -6.230970 0.600000 2.404329
v -6.207868 0.000000 2.361107
v -6.207868 0.600000 2.361107
v -6.176777 0.000000 2.323223
v -6.176777 0.600000 2.323223
v -6.138893 0.000000 2.292133
v -6.138893 0.600000 2.292133
v -6.095671 0.000000 2.269030
v -6.095671 0.600000 2.269030
v -6.048773 0.000000 2.254804
v -6.048773 0.600000 2.254804
vn 0.0980 -0.0000 -0.9952
vn 0.2903 -0.0000 -0.9569
vn 0.4714 -0.0000 -0.8819
vn 0.6344 -0.0000 -0.7730
vn 0.7730 -0.0000 -0.6344
vn 0.8819 -0.0000 -0.4714
vn 0.9569 -0.0000 -0.2903
vn 0.9952 -0.0000 -0.0980
vn 0.9952 -0.0000 0.0980
vn 0.9569 -0.0000 0.2903
vn 0.8819 -0.0000 0.4714
vn 0.7730 -0.0000 0.6344
vn 0.6344 -0.0000 0.7730
vn 0.4714 -0.0000 0.8819
vn 0.2903 -0.0000 0.9569
vn 0.0980 -0.0000 0.9952
vn -0.0980 -0.0000 0.9952
vn -0.2903 -0.0000 0.9569
vn -0.4714 -0.0000 0.8819
vn -0.6344 -0.0000 0.7730
vn -0.7730 -0.0000 0.6344
vn -0.8819 -0.0000 0.4714
vn -0.9569 -0.0000 0.2903
vn -0.9952 -0.0000 0.0980
vn -0.9952 -0.0000 -0.0980
vn -0.9569 -0.0000 -0.2903
vn -0.8819 -0.0000 -0.4714
vn -0.7730 -0.0000 -0.6344
vn -0.6344 -0.0000 -0.7730
vn -0.4714 -0.0000 -0.8819
vn -0.0000 1.0000 -0.0000
vn -0.2903 -0.0000 -0.9569
vn -0.0980 -0.0000 -0.9952
vn -0.0000 -1.0000 -0.0000
vt 1.000000 0.500000
vt 1.000000 1.000000
vt 0.968750 1.000000
vt 0.968750 0.500000
vt 0.937500 1.000000
vt 0.937500 0.500000
vt 0.906250 1.000000
vt 0.906250 0.500000
vt 0.875000 1.000000
vt 0.875000 0.500000
vt 0.843750 1.000000
vt 0.843750 0.500000
vt 0.812500 1.000000
vt 0.812500 0.500000
vt 0.781250 1.000000
vt 0.781250 0.500000
vt 0.750000 1.000000
vt 0.750000 0.500000
vt 0.718750 1.000000
vt 0.718750 0.500000
vt 0.687500 1.000000
vt 0.687500 0.500000
vt 0.656250 1.000000
vt 0.656250 0.500000
vt 0.625000 1.000000
vt 0.625000 0.500000
vt 0.593750 1.000000
vt 0.593750 0.500000
vt 0.562500 1.000000
vt 0.562500 0.500000
vt 0.531250 1.000000
vt 0.531250 0.500000
vt 0.500000 1.000000
vt 0.500000 0.500000
vt 0.468750 1.000000
vt 0.468750 0.500000
vt 0.437500 1.000000
vt 0.437500 0.500000
vt 0.406250 1.000000
vt 0.406250 0.500000
vt 0.375000 1.000000
vt 0.375000 0.500000
vt 0.343750 1.000000
vt 0.343750 0.500000
vt 0.312500 1.000000
vt 0.312500 0.500000
vt 0.281250 1.000000
vt 0.281250 0.500000
vt 0.250000 1.000000
vt 0.250000 0.500000
vt 0.218750 1.000000
vt 0.218750 0.500000
vt 0.187500 1.000000
vt 0.187500 0.500000
vt 0.156250 1.000000
vt 0.156250 0.500000
vt 0.125000 1.000000
vt 0.125000 0.500000
vt 0.093750 1.000000
vt 0.093750 0.500000
vt 0.062500 1.000000
vt 0.062500 0.500000
vt 0.296822 0.485388
vt 0.250000 0.490000
vt 0.203178 0.485388
vt 0.158156 0.471731
vt 0.116663 0.449553
vt 0.080294 0.419706
vt 0.050447 0.383337
vt 0.028269 0.341844
vt 0.014612 0.296822
vt 0.010000 0.250000
vt 0.014612 0.203178
vt 0.028269 0.158156
vt 0.050447 0.116663
vt 0.080294 0.080294
vt 0.116663 0.050447
vt 0.158156 0.028269
vt 0.203178 0.014612
vt 0.250000 0.010000
vt 0.296822 0.014612
vt 0.341844 0.028269
vt 0.383337 0.050447
vt 0.419706 0.080294
vt 0.449553 0.116663
vt 0.471731 0.158156
vt 0.485388 0.203178
vt 0.490000 0.250000
vt 0.485388 0.296822
vt 0.471731 0.341844
vt 0.449553 0.383337
vt 0.419706 0.419706
vt 0.383337 0.449553
vt 0.341844 0.471731
vt 0.031250 1.000000
vt 0.031250 0.500000
vt 0.000000 1.000000
vt 0.000000 0.500000
vt 0.750000 0.490000
vt 0.796822 0.485388
vt 0.841844 0.471731
vt 0.883337 0.449553
vt 0.919706 0.419706
vt 0.949553 0.383337
vt 0.971731 0.341844
vt 0.985388 0.296822
vt 0.990000 0.250000
vt 0.985388 0.203178
vt 0.971731 0.158156
vt 0.949553 0.116663
vt 0.919706 0.080294
vt 0.883337 0.050447
vt 0.841844 0.028269
vt 0.796822 0.014612
vt 0.750000 0.010000
vt 0.703178 0.014612
vt 0.658156 0.028269
vt 0.616663 0.050447
vt 0.580294 0.080294
vt 0.550447 0.116663
vt 0.528269 0.158156
vt 0.514612 0.203178
vt 0.510000 0.250000
vt 0.514612 0.296822
vt 0.528269 0.341844
vt 0.550447 0.383337
vt 0.580294 0.419706
vt 0.616663 0.449553
vt 0.658156 0.471731
vt 0.703178 0.485388
s 0
usemtl Terracotta
f 1885/2759/1683 1886/2760/1683 1888/2761/1683 1887/2762/1683
f 1887/2762/1684 1888/2761/1684 1890/2763/1684 1889/2764/1684
f 1889/2764/1685 1890/2763/1685 1892/2765/1685 1891/2766/1685
f 1891/2766/1686 1892/2765/1686 1894/2767/1686 1893/2768/1686
f 1893/2768/1687 1894/2767/1687 1896/2769/1687 1895/2770/1687
f 1895/2770/1688 1896/2769/1688 1898/2771/1688 1897/2772/1688
f 1897/2772/1689 1898/2771/1689 1900/2773/1689 1899/2774/1689
f 1899/2774/1690 1900/2773/1690 1902/2775/1690 1901/2776/1690
f 1901/2776/1691 1902/2775/1691 1904/2777/1691 1903/2778/1691
f 1903/2778/1692 1904/2777/1692 1906/2779/1692 1905/2780/1692
f 1905/2780/1693 1906/2779/1693 1908/2781/1693 1907/2782/1693
f 1907/2782/1694 1908/2781/1694 1910/2783/1694 1909/2784/1694
f 1909/2784/1695 1910/2783/1695 1912/2785/1695 1911/2786/1695
f 1911/2786/1696 1912/2785/1696 1914/2787/1696 1913/2788/1696
f 1913/2788/1697 1914/2787/1697 1916/2789/1697 1915/2790/1697
f 1915/2790/1698 1916/2789/1698 1918/2791/1698 1917/2792/1698
f 1917/2792/1699 1918/2791/1699 1920/2793/1699 1919/2794/1699
f 1919/2794/1700 1920/2793/1700 1922/2795/1700 1921/2796/1700
f 1921/2796/1701 1922/2795/1701 1924/2797/1701 1923/2798/1701
f 1923/2798/1702 1924/2797/1702 1926/2799/1702 1925/2800/1702
f 1925/2800/1703 1926/2799/1703 1928/2801/1703 1927/2802/1703
f 1927/2802/1704 1928/2801/1704 1930/2803/1704 1929/2804/1704
f 1929/2804/1705 1930/2803/1705 1932/2805/1705 1931/2806/1705
f 1931/2806/1706 1932/2805/1706 1934/2807/1706 1933/2808/1706
f 1933/2808/1707 1934/2807/1707 1936/2809/1707 1935/2810/1707
f 1935/2810/1708 1936/2809/1708 1938/2811/1708 1937/2812/1708
f 1937/2812/1709 1938/2811/1709 1940/2813/1709 1939/2814/1709
f 1939/2814/1710 1940/2813/1710 1942/2815/1710 1941/2816/1710
f 1941/2816/1711 1942/2815/1711 1944/2817/1711 1943/2818/1711
f 1943/2818/1712 1944/2817/1712 1946/2819/1712 1945/2820/1712
f 1888/2821/1713 1886/2822/1713 1948/2823/1713 1946/2824/1713 1944/2825/1713 1942/2826/1713 1940/2827/1713 1938/2828/1713 1936/2829/1713 1934/2830/1713 1932/2831/1713 1930/2832/1713 1928/2833/1713 1926/2834/1713 1924/2835/1713 1922/2836/1713 1920/2837/1713 1918/2838/1713 1916/2839/1713 1914/2840/1713 1912/2841/1713 1910/2842/1713 1908/2843/1713 1906/2844/1713 1904/2845/1713 1902/2846/1713 1900/2847/1713 1898/2848/1713 1896/2849/1713 1894/2850/1713 1892/2851/1713 1890/2852/1713
f 1945/2820/1714 1946/2819/1714 1948/2853/1714 1947/2854/1714
f 1947/2854/1715 1948/2853/1715 1886/2855/1715 1885/2856/1715
f 1885/2857/1716 1887/2858/1716 1889/2859/1716 1891/2860/1716 1893/2861/1716 1895/2862/1716 1897/2863/1716 1899/2864/1716 1901/2865/1716 1903/2866/1716 1905/2867/1716 1907/2868/1716 1909/2869/1716 1911/2870/1716 1913/2871/1716 1915/2872/1716 1917/2873/1716 1919/2874/1716 1921/2875/1716 1923/2876/1716 1925/2877/1716 1927/2878/1716 1929/2879/1716 1931/2880/1716 1933/2881/1716 1935/2882/1716 1937/2883/1716 1939/2884/1716 1941/2885/1716 1943/2886/1716 1945/2887/1716 1947/2888/1716
o PlantFoliage_0
v -6.000000 1.415735 2.222215
v -6.000000 1.277785 2.084265
v -6.000000 1.097545 2.009607
v -6.000000 1.000000 2.000000
v -6.000000 0.902455 2.009607
v -6.000000 0.722215 2.084265
v -5.980970 1.490393 2.404329
v -5.962671 1.461940 2.312335
v -5.945807 1.415735 2.227552
v -5.931025 1.353553 2.153240
v -5.918894 1.277785 2.092253
v -5.909880 1.191342 2.046936
v -5.904329 1.097545 2.019030
v -5.902455 1.000000 2.009607
v -5.904329 0.902455 2.019030
v -5.909880 0.808658 2.046936
v -5.918894 0.722215 2.092253
v -5.931025 0.646447 2.153240
v -5.945807 0.584265 2.227552
v -5.962671 0.538060 2.312335
v -5.980970 0.509607 2.404329
v -5.962671 1.490393 2.409880
v -5.926777 1.461940 2.323223
v -5.893696 1.415735 2.243360
v -5.864701 1.353553 2.173359
v -5.840905 1.277785 2.115911
v -5.823223 1.191342 2.073223
v -5.812335 1.097545 2.046936
v -5.808658 1.000000 2.038060
v -5.812335 0.902455 2.046936
v -5.823223 0.808658 2.073223
v -5.840905 0.722215 2.115911
v -5.864701 0.646447 2.173359
v -5.893696 0.584265 2.243360
v -5.926777 0.538060 2.323223
v -5.962671 0.509607 2.409880
v -5.945807 1.490393 2.418894
v -5.893696 1.461940 2.340905
v -5.845671 1.415735 2.269030
v -5.803576 1.353553 2.206031
v -5.769030 1.277785 2.154329
v -5.743360 1.191342 2.115911
v -5.727552 1.097545 2.092253
v -5.722215 1.000000 2.084265
v -5.727552 0.902455 2.092253
v -5.743360 0.808658 2.115911
v -5.769030 0.722215 2.154329
v -5.803576 0.646447 2.206031
v -5.845671 0.584265 2.269030
v -5.893696 0.538060 2.340905
v -5.945807 0.509607 2.418894
v -5.931025 1.490393 2.431025
v -5.864701 1.461940 2.364701
v -5.803576 1.415735 2.303576
v -5.750000 1.353553 2.250000
v -5.706031 1.277785 2.206031
v -5.673359 1.191342 2.173359
v -5.653240 1.097545 2.153240
v -5.646447 1.000000 2.146447
v -5.653240 0.902455 2.153240
v -5.673359 0.808658 2.173359
v -5.706031 0.722215 2.206031
v -5.750000 0.646447 2.250000
v -5.803576 0.584265 2.303576
v -5.864701 0.538060 2.364701
v -5.931025 0.509607 2.431025
v -5.918894 1.490393 2.445807
v -5.840905 1.461940 2.393696
v -5.769030 1.415735 2.345671
v -5.706031 1.353553 2.303576
v -5.654329 1.277785 2.269030
v -5.615911 1.191342 2.243360
v -5.592254 1.097545 2.227552
v -5.584265 1.000000 2.222215
v -5.592254 0.902455 2.227552
v -5.615911 0.808658 2.243360
v -5.654329 0.722215 2.269030
v -5.706031 0.646447 2.303576
v -5.769030 0.584265 2.345671
v -5.840905 0.538060 2.393696
v -5.918894 0.509607 2.445807
v -6.000000 1.500000 2.500000
v -5.909880 1.490393 2.462671
v -5.823223 1.461940 2.426777
v -5.743360 1.415735 2.393696
v -5.673359 1.353553 2.364701
v -5.615911 1.277785 2.340905
v -5.573223 1.191342 2.323223
v -5.546937 1.097545 2.312335
v -5.538060 1.000000 2.308658
v -5.546937 0.902455 2.312335
v -5.573223 0.808658 2.323223
v -5.615911 0.722215 2.340905
v -5.673359 0.646447 2.364701
v -5.743360 0.584265 2.393696
v -5.823223 0.538060 2.426777
v -5.909880 0.509607 2.462671
v -5.904329 1.490393 2.480970
v -5.812335 1.461940 2.462671
v -5.727552 1.415735 2.445807
v -5.653240 1.353553 2.431025
v -5.592254 1.277785 2.418894
v -5.546937 1.191342 2.409880
v -5.519030 1.097545 2.404329
v -5.509607 1.000000 2.402455
v -5.519030 0.902455 2.404329
v -5.546937 0.808658 2.409880
v -5.592254 0.722215 2.418894
v -5.653240 0.646447 2.431025
v -5.727552 0.584265 2.445807
v -5.812335 0.538060 2.462671
v -5.904329 0.509607 2.480970
v -5.902455 1.490393 2.500000
v -5.808658 1.461940 2.500000
v -5.722215 1.415735 2.500000
v -5.646447 1.353553 2.500000
v -5.584265 1.277785 2.500000
v -5.538060 1.191342 2.500000
v -5.509607 1.097545 2.500000
v -5.500000 1.000000 2.500000
v -5.509607 0.902455 2.500000
v -5.538060 0.808658 2.500000
v -5.584265 0.722215 2.500000
v -5.646447 0.646447 2.500000
v -5.722215 0.584265 2.500000
v -5.808658 0.538060 2.500000
v -5.902455 0.509607 2.500000
v -5.904329 1.490393 2.519030
v -5.812335 1.461940 2.537329
v -5.727552 1.415735 2.554193
v -5.653240 1.353553 2.568975
v -5.592254 1.277785 2.581106
v -5.546937 1.191342 2.590120
v -5.519030 1.097545 2.595671
v -5.509607 1.000000 2.597545
v -5.519030 0.902455 2.595671
v -5.546937 0.808658 2.590120
v -5.592254 0.722215 2.581106
v -5.653240 0.646447 2.568975
v -5.727552 0.584265 2.554193
v -5.812335 0.538060 2.537329
v -5.904329 0.509607 2.519030
v -5.909880 1.490393 2.537329
v -5.823223 1.461940 2.573223
v -5.743360 1.415735 2.606304
v -5.673359 1.353553 2.635299
v -5.615911 1.277785 2.659095
v -5.573223 1.191342 2.676777
v -5.546937 1.097545 2.687665
v -5.538061 1.000000 2.691342
v -5.546937 0.902455 2.687665
v -5.573223 0.808658 2.676777
v -5.615911 0.722215 2.659095
v -5.673359 0.646447 2.635299
v -5.743360 0.584265 2.606304
v -5.823223 0.538060 2.573223
v -5.909880 0.509607 2.537329
v -5.918894 1.490393 2.554193
v -5.840905 1.461940 2.606304
v -5.769030 1.415735 2.654329
v -5.706031 1.353553 2.696424
v -5.654329 1.277785 2.730970
v -5.615911 1.191342 2.756640
v -5.592254 1.097545 2.772448
v -5.584265 1.000000 2.777785
v -5.592254 0.902455 2.772448
v -5.615911 0.808658 2.756640
v -5.654329 0.722215 2.730970
v -5.706031 0.646447 2.696424
v -5.769030 0.584265 2.654329
v -5.840905 0.538060 2.606304
v -5.918894 0.509607 2.554193
v -5.931025 1.490393 2.568975
v -5.864701 1.461940 2.635299
v -5.803576 1.415735 2.696424
v -5.750000 1.353553 2.750000
v -5.706031 1.277785 2.793969
v -5.673359 1.191342 2.826641
v -5.653240 1.097545 2.846760
v -5.646447 1.000000 2.853553
v -5.653240 0.902455 2.846760
v -5.673359 0.808658 2.826641
v -5.706031 0.722215 2.793969
v -5.750000 0.646447 2.750000
v -5.803576 0.584265 2.696424
v -5.864701 0.538060 2.635299
v -5.931025 0.509607 2.568975
v -5.945807 1.490393 2.581106
v -5.893696 1.461940 2.659095
v -5.845671 1.415735 2.730970
v -5.803576 1.353553 2.793969
v -5.769030 1.277785 2.845671
v -5.743360 1.191342 2.884089
v -5.727552 1.097545 2.907747
v -5.722215 1.000000 2.915735
v -5.727552 0.902455 2.907747
v -5.743360 0.808658 2.884089
v -5.769030 0.722215 2.845671
v -5.803576 0.646447 2.793969
v -5.845671 0.584265 2.730970
v -5.893696 0.538060 2.659095
v -5.945807 0.509607 2.581106
v -5.962671 1.490393 2.590120
v -5.926777 1.461940 2.676777
v -5.893696 1.415735 2.756640
v -5.864701 1.353553 2.826641
v -5.840905 1.277785 2.884089
v -5.823223 1.191342 2.926777
v -5.812335 1.097545 2.953063
v -5.808659 1.000000 2.961940
v -5.812335 0.902455 2.953063
v -5.823223 0.808658 2.926777
v -5.840905 0.722215 2.884089
v -5.864701 0.646447 2.826641
v -5.893696 0.584265 2.756640
v -5.926777 0.538060 2.676777
v -5.962671 0.509607 2.590120
v -5.980970 1.490393 2.595671
v -5.962671 1.461940 2.687665
v -5.945807 1.415735 2.772447
v -5.931025 1.353553 2.846760
v -5.918894 1.277785 2.907746
v -5.909880 1.191342 2.953063
v -5.904329 1.097545 2.980970
v -5.902455 1.000000 2.990392
v -5.904329 0.902455 2.980970
v -5.909880 0.808658 2.953063
v -5.918894 0.722215 2.907746
v -5.931025 0.646447 2.846760
v -5.945807 0.584265 2.772447
v -5.962671 0.538060 2.687665
v -5.980970 0.509607 2.595671
v -6.000000 1.490393 2.597545
v -6.000000 1.461940 2.691342
v -6.000000 1.415735 2.777785
v -6.000000 1.353553 2.853553
v -6.000000 1.277785 2.915735
v -6.000000 1.191342 2.961940
v -6.000000 1.097545 2.990392
v -6.000000 1.000000 3.000000
v -6.000000 0.902455 2.990392
v -6.000000 0.808658 2.961940
v -6.000000 0.722215 2.915735
v -6.000000 0.646447 2.853553
v -6.000000 0.584265 2.777785
v -6.000000 0.538060 2.691342
v -6.000000 0.509607 2.597545
v -6.019030 1.490393 2.595671
v -6.037329 1.461940 2.687665
v -6.054193 1.415735 2.772447
v -6.068975 1.353553 2.846760
v -6.081106 1.277785 2.907746
v -6.090120 1.191342 2.953063
v -6.095671 1.097545 2.980970
v -6.097545 1.000000 2.990392
v -6.095671 0.902455 2.980970
v -6.090120 0.808658 2.953063
v -6.081106 0.722215 2.907746
v -6.068975 0.646447 2.846760
v -6.054193 0.584265 2.772447
v -6.037329 0.538060 2.687665
v -6.019030 0.509607 2.595671
v -6.037329 1.490393 2.590120
v -6.073223 1.461940 2.676777
v -6.106304 1.415735 2.756640
v -6.135299 1.353553 2.826641
v -6.159095 1.277785 2.884089
v -6.176776 1.191342 2.926777
v -6.187665 1.097545 2.953063
v -6.191342 1.000000 2.961939
v -6.187665 0.902455 2.953063
v -6.176776 0.808658 2.926777
v -6.159095 0.722215 2.884089
v -6.135299 0.646447 2.826641
v -6.106304 0.584265 2.756640
v -6.073223 0.538060 2.676777
v -6.037329 0.509607 2.590120
v -6.054193 1.490393 2.581106
v -6.106304 1.461940 2.659095
v -6.154329 1.415735 2.730970
v -6.196424 1.353553 2.793969
v -6.230970 1.277785 2.845671
v -6.256640 1.191342 2.884089
v -6.272448 1.097545 2.907746
v -6.277785 1.000000 2.915734
v -6.272448 0.902455 2.907746
v -6.256640 0.808658 2.884089
v -6.230970 0.722215 2.845671
v -6.196424 0.646447 2.793969
v -6.154329 0.584265 2.730970
v -6.106304 0.538060 2.659095
v -6.054193 0.509607 2.581106
v -6.068975 1.490393 2.568975
v -6.135299 1.461940 2.635299
v -6.196424 1.415735 2.696424
v -6.250000 1.353553 2.750000
v -6.293969 1.277785 2.793969
v -6.326641 1.191342 2.826641
v -6.346760 1.097545 2.846760
v -6.353553 1.000000 2.853553
v -6.346760 0.902455 2.846760
v -6.326641 0.808658 2.826641
v -6.293969 0.722215 2.793969
v -6.250000 0.646447 2.750000
v -6.196424 0.584265 2.696424
v -6.135299 0.538060 2.635299
v -6.068975 0.509607 2.568975
v -6.000000 0.500000 2.500000
v -6.081106 1.490393 2.554193
v -6.159095 1.461940 2.606304
v -6.230970 1.415735 2.654329
v -6.293969 1.353553 2.696424
v -6.345671 1.277785 2.730970
v -6.384089 1.191342 2.756640
v -6.407746 1.097545 2.772447
v -6.415735 1.000000 2.777785
v -6.407746 0.902455 2.772447
v -6.384089 0.808658 2.756640
v -6.345671 0.722215 2.730970
v -6.293969 0.646447 2.696424
v -6.230970 0.584265 2.654329
v -6.159095 0.538060 2.606304
v -6.081106 0.509607 2.554193
v -6.090120 1.490393 2.537329
v -6.176776 1.461940 2.573223
v -6.256640 1.415735 2.606304
v -6.326641 1.353553 2.635299
v -6.384089 1.277785 2.659095
v -6.426776 1.191342 2.676777
v -6.453063 1.097545 2.687665
v -6.461939 1.000000 2.691341
v -6.453063 0.902455 2.687665
v -6.426776 0.808658 2.676777
v -6.384089 0.722215 2.659095
v -6.326641 0.646447 2.635299
v -6.256640 0.584265 2.606304
v -6.176776 0.538060 2.573223
v -6.090120 0.509607 2.537329
v -6.095671 1.490393 2.519030
v -6.187665 1.461940 2.537329
v -6.272448 1.415735 2.554193
v -6.346760 1.353553 2.568975
v -6.407746 1.277785 2.581106
v -6.453063 1.191342 2.590120
v -6.480970 1.097545 2.595671
v -6.490392 1.000000 2.597545
v -6.480970 0.902455 2.595671
v -6.453063 0.808658 2.590120
v -6.407746 0.722215 2.581106
v -6.346760 0.646447 2.568975
v -6.272448 0.584265 2.554193
v -6.187665 0.538060 2.537329
v -6.095671 0.509607 2.519030
v -6.097545 1.490393 2.500000
v -6.191341 1.461940 2.500000
v -6.277785 1.415735 2.500000
v -6.353553 1.353553 2.500000
v -6.415735 1.277785 2.500000
v -6.461940 1.191342 2.500000
v -6.490392 1.097545 2.500000
v -6.500000 1.000000 2.500000
v -6.490392 0.902455 2.500000
v -6.461940 0.808658 2.500000
v -6.415735 0.722215 2.500000
v -6.353553 0.646447 2.500000
v -6.277785 0.584265 2.500000
v -6.191341 0.538060 2.500000
v -6.097545 0.509607 2.500000
v -6.095671 1.490393 2.480970
v -6.187665 1.461940 2.462671
v -6.272447 1.415735 2.445807
v -6.346760 1.353553 2.431025
v -6.407746 1.277785 2.418894
v -6.453063 1.191342 2.409880
v -6.480969 1.097545 2.404329
v -6.490392 1.000000 2.402455
v -6.480969 0.902455 2.404329
v -6.453063 0.808658 2.409880
v -6.407746 0.722215 2.418894
v -6.346760 0.646447 2.431025
v -6.272447 0.584265 2.445807
v -6.187665 0.538060 2.462671
v -6.095671 0.509607 2.480970
v -6.090120 1.490393 2.462671
v -6.176776 1.461940 2.426777
v -6.256639 1.415735 2.393696
v -6.326641 1.353553 2.364701
v -6.384089 1.277785 2.340905
v -6.426776 1.191342 2.323223
v -6.453063 1.097545 2.312335
v -6.461939 1.000000 2.308658
v -6.453063 0.902455 2.312335
v -6.426776 0.808658 2.323223
v -6.384089 0.722215 2.340905
v -6.326641 0.646447 2.364701
v -6.256639 0.584265 2.393696
v -6.176776 0.538060 2.426777
v -6.090120 0.509607 2.462671
v -6.081106 1.490393 2.445807
v -6.159095 1.461940 2.393696
v -6.230969 1.415735 2.345671
v -6.293969 1.353553 2.303576
v -6.345671 1.277785 2.269030
v -6.384089 1.191342 2.243360
v -6.407746 1.097545 2.227552
v -6.415734 1.000000 2.222215
v -6.407746 0.902455 2.227552
v -6.384089 0.808658 2.243360
v -6.345671 0.722215 2.269030
v -6.293969 0.646447 2.303576
v -6.230969 0.584265 2.345671
v -6.159095 0.538060 2.393696
v -6.081106 0.509607 2.445807
v -6.068975 1.490393 2.431025
v -6.135299 1.461940 2.364701
v -6.196424 1.415735 2.303576
v -6.250000 1.353553 2.250000
v -6.293969 1.277785 2.206031
v -6.326641 1.191342 2.173359
v -6.346760 1.097545 2.153240
v -6.353553 1.000000 2.146447
v -6.346760 0.902455 2.153240
v -6.326641 0.808658 2.173359
v -6.293969 0.722215 2.206031
v -6.250000 0.646447 2.250000
v -6.196424 0.584265 2.303576
v -6.135299 0.538060 2.364701
v -6.068975 0.509607 2.431025
v -6.054193 1.490393 2.418894
v -6.106304 1.461940 2.340905
v -6.154329 1.415735 2.269030
v -6.196424 1.353553 2.206031
v -6.230969 1.277785 2.154329
v -6.256640 1.191342 2.115911
v -6.272447 1.097545 2.092254
v -6.277785 1.000000 2.084265
v -6.272447 0.902455 2.092254
v -6.256640 0.808658 2.115911
v -6.230969 0.722215 2.154329
v -6.196424 0.646447 2.206031
v -6.154329 0.584265 2.269030
v -6.106304 0.538060 2.340905
v -6.054193 0.509607 2.418894
v -6.037329 1.490393 2.409880
v -6.073223 1.461940 2.323223
v -6.106304 1.415735 2.243360
v -6.135299 1.353553 2.173359
v -6.159095 1.277785 2.115911
v -6.176776 1.191342 2.073224
v -6.187665 1.097545 2.046937
v -6.191341 1.000000 2.038061
v -6.187665 0.902455 2.046937
v -6.176776 0.808658 2.073224
v -6.159095 0.722215 2.115911
v -6.135299 0.646447 2.173359
v -6.106304 0.584265 2.243360
v -6.073223 0.538060 2.323223
v -6.037329 0.509607 2.409880
v -6.019030 1.490393 2.404329
v -6.037329 1.461940 2.312335
v -6.054193 1.415735 2.227553
v -6.068975 1.353553 2.153240
v -6.081106 1.277785 2.092254
v -6.090120 1.191342 2.046937
v -6.095671 1.097545 2.019030
v -6.097545 1.000000 2.009608
v -6.095671 0.902455 2.019030
v -6.090120 0.808658 2.046937
v -6.081106 0.722215 2.092254
v -6.068975 0.646447 2.153240
v -6.054193 0.584265 2.227553
v -6.037329 0.538060 2.312335
v -6.019030 0.509607 2.404329
v -6.000000 1.490393 2.402455
v -6.000000 1.461940 2.308658
v -6.000000 1.353553 2.146447
v -6.000000 1.191342 2.038060
v -6.000000 0.808658 2.038060
v -6.000000 0.646447 2.146447
v -6.000000 0.584265 2.222215
v -6.000000 0.538060 2.308658
v -6.000000 0.509607 2.402455
vn 0.0759 0.6326 -0.7708
vn 0.0624 -0.7715 -0.6332
vn 0.0865 0.4696 -0.8786
vn 0.0464 -0.8810 -0.4709
vn 0.0938 0.2890 -0.9527
vn 0.0286 -0.9565 -0.2902
vn 0.0975 0.0975 -0.9904
vn 0.0097 0.9951 -0.0980
vn 0.0097 -0.9951 -0.0980
vn 0.0975 -0.0975 -0.9904
vn 0.0286 0.9565 -0.2902
vn 0.0938 -0.2890 -0.9527
vn 0.0464 0.8810 -0.4709
vn 0.0865 -0.4696 -0.8786
vn 0.0624 0.7715 -0.6332
vn 0.0759 -0.6326 -0.7708
vn 0.2563 -0.4696 -0.8448
vn 0.1847 0.7715 -0.6088
vn 0.2248 -0.6326 -0.7412
vn 0.2248 0.6326 -0.7412
vn 0.1847 -0.7715 -0.6088
vn 0.2563 0.4696 -0.8448
vn 0.1374 -0.8810 -0.4528
vn 0.2779 0.2890 -0.9161
vn 0.0846 -0.9565 -0.2790
vn 0.2889 0.0976 -0.9524
vn 0.0286 0.9951 -0.0942
vn 0.0286 -0.9951 -0.0942
vn 0.2889 -0.0976 -0.9524
vn 0.0846 0.9565 -0.2790
vn 0.2779 -0.2890 -0.9161
vn 0.1374 0.8810 -0.4528
vn 0.1374 -0.9565 -0.2571
vn 0.4691 0.0975 -0.8777
vn 0.0464 0.9951 -0.0869
vn 0.0464 -0.9951 -0.0869
vn 0.4691 -0.0975 -0.8777
vn 0.1374 0.9565 -0.2571
vn 0.4513 -0.2890 -0.8443
vn 0.2230 0.8810 -0.4173
vn 0.4162 -0.4696 -0.7786
vn 0.2999 0.7715 -0.5611
vn 0.3651 -0.6326 -0.6831
vn 0.3651 0.6326 -0.6831
vn 0.2999 -0.7715 -0.5611
vn 0.4162 0.4696 -0.7786
vn 0.2230 -0.8810 -0.4173
vn 0.4513 0.2890 -0.8443
vn 0.4913 -0.6326 -0.5987
vn 0.4913 0.6326 -0.5987
vn 0.4036 -0.7715 -0.4918
vn 0.5601 0.4696 -0.6825
vn 0.3002 -0.8810 -0.3658
vn 0.6073 0.2890 -0.7400
vn 0.1850 -0.9565 -0.2254
vn 0.6314 0.0975 -0.7693
vn 0.0625 0.9951 -0.0761
vn 0.0625 -0.9951 -0.0761
vn 0.6314 -0.0975 -0.7693
vn 0.1850 0.9565 -0.2254
vn 0.6073 -0.2890 -0.7400
vn 0.3002 0.8810 -0.3658
vn 0.5601 -0.4696 -0.6825
vn 0.4036 0.7715 -0.4918
vn 0.0761 0.9951 -0.0625
vn 0.0761 -0.9951 -0.0625
vn 0.7693 -0.0975 -0.6314
vn 0.2254 0.9565 -0.1850
vn 0.7400 -0.2890 -0.6073
vn 0.3658 0.8810 -0.3002
vn 0.6825 -0.4696 -0.5601
vn 0.4918 0.7715 -0.4036
vn 0.5987 -0.6326 -0.4913
vn 0.5987 0.6326 -0.4913
vn 0.4918 -0.7715 -0.4036
vn 0.6825 0.4696 -0.5601
vn 0.3658 -0.8810 -0.3002
vn 0.7400 0.2890 -0.6073
vn 0.2254 -0.9565 -0.1850
vn 0.7693 0.0975 -0.6314
vn 0.6831 0.6326 -0.3651
vn 0.5611 -0.7715 -0.2999
vn 0.7786 0.4696 -0.4162
vn 0.4173 -0.8810 -0.2230
vn 0.8443 0.2890 -0.4513
vn 0.2571 -0.9565 -0.1374
vn 0.8777 0.0975 -0.4691
vn 0.0869 0.9951 -0.0464
vn 0.0869 -0.9951 -0.0464
vn 0.8777 -0.0975 -0.4691
vn 0.2571 0.9565 -0.1374
vn 0.8443 -0.2890 -0.4513
vn 0.4173 0.8810 -0.2230
vn 0.7786 -0.4696 -0.4162
vn 0.5611 0.7715 -0.2999
vn 0.6831 -0.6326 -0.3651
vn 0.9524 -0.0975 -0.2889
vn 0.2790 0.9565 -0.0846
vn 0.9161 -0.2890 -0.2779
vn 0.4528 0.8810 -0.1374
vn 0.8448 -0.4696 -0.2563
vn 0.6088 0.7715 -0.1847
vn 0.7412 -0.6326 -0.2248
vn 0.7412 0.6326 -0.2248
vn 0.6088 -0.7715 -0.1847
vn 0.8448 0.4696 -0.2563
vn 0.4528 -0.8810 -0.1374
vn 0.9161 0.2890 -0.2779
vn 0.2790 -0.9565 -0.0846
vn 0.9524 0.0975 -0.2889
vn 0.0942 0.9951 -0.0286
vn 0.0942 -0.9951 -0.0286
vn 0.6332 -0.7715 -0.0624
vn 0.8786 0.4696 -0.0865
vn 0.4709 -0.8810 -0.0464
vn 0.9527 0.2890 -0.0938
vn 0.2902 -0.9565 -0.0286
vn 0.9904 0.0975 -0.0975
vn 0.0980 0.9951 -0.0097
vn 0.0980 -0.9951 -0.0097
vn 0.9904 -0.0975 -0.0975
vn 0.2902 0.9565 -0.0286
vn 0.9527 -0.2890 -0.0938
vn 0.4709 0.8810 -0.0464
vn 0.8786 -0.4696 -0.0865
vn 0.6332 0.7715 -0.0624
vn 0.7708 -0.6326 -0.0759
vn 0.7708 0.6326 -0.0759
vn 0.2902 0.9565 0.0286
vn 0.9527 -0.2890 0.0938
vn 0.4709 0.8810 0.0464
vn 0.8786 -0.4696 0.0865
vn 0.6332 0.7715 0.0624
vn 0.7708 -0.6326 0.0759
vn 0.7708 0.6326 0.0759
vn 0.6332 -0.7715 0.0624
vn 0.8786 0.4696 0.0865
vn 0.4709 -0.8810 0.0464
vn 0.9527 0.2890 0.0938
vn 0.2902 -0.9565 0.0286
vn 0.9904 0.0975 0.0976
vn 0.0980 0.9951 0.0097
vn 0.0980 -0.9951 0.0097
vn 0.9904 -0.0975 0.0976
vn 0.8448 0.4696 0.2563
vn 0.4528 -0.8810 0.1374
vn 0.9161 0.2890 0.2779
vn 0.2790 -0.9565 0.0846
vn 0.9524 0.0975 0.2889
vn 0.0942 0.9951 0.0286
vn 0.0942 -0.9951 0.0286
vn 0.9524 -0.0975 0.2889
vn 0.2790 0.9565 0.0846
vn 0.9161 -0.2890 0.2779
vn 0.4528 0.8810 0.1374
vn 0.8448 -0.4696 0.2563
vn 0.6088 0.7715 0.1847
vn 0.7412 -0.6326 0.2248
vn 0.7412 0.6326 0.2248
vn 0.6088 -0.7715 0.1847
vn 0.8443 -0.2890 0.4513
vn 0.4173 0.8810 0.2230
vn 0.7786 -0.4696 0.4162
vn 0.5611 0.7715 0.2999
vn 0.6831 -0.6326 0.3651
vn 0.6831 0.6326 0.3651
vn 0.5611 -0.7715 0.2999
vn 0.7786 0.4696 0.4162
vn 0.4173 -0.8810 0.2230
vn 0.8443 0.2890 0.4513
vn 0.2571 -0.9565 0.1374
vn 0.8777 0.0975 0.4691
vn 0.0869 0.9951 0.0464
vn 0.0869 -0.9951 0.0464
vn 0.8777 -0.0975 0.4691
vn 0.2571 0.9565 0.1374
vn 0.3658 -0.8810 0.3002
vn 0.7400 0.2890 0.6073
vn 0.2254 -0.9565 0.1850
vn 0.7693 0.0975 0.6314
vn 0.0761 0.9951 0.0625
vn 0.0761 -0.9951 0.0625
vn 0.7693 -0.0975 0.6314
vn 0.2254 0.9565 0.1850
vn 0.7400 -0.2890 0.6073
vn 0.3658 0.8810 0.3002
vn 0.6825 -0.4696 0.5601
vn 0.4918 0.7715 0.4036
vn 0.5987 -0.6326 0.4913
vn 0.5987 0.6326 0.4913
vn 0.4918 -0.7715 0.4036
vn 0.6825 0.4696 0.5601
vn 0.5601 -0.4696 0.6825
vn 0.4036 0.7715 0.4918
vn 0.4913 -0.6326 0.5987
vn 0.4913 0.6326 0.5987
vn 0.4036 -0.7715 0.4918
vn 0.5601 0.4696 0.6825
vn 0.3002 -0.8810 0.3658
vn 0.6073 0.2890 0.7400
vn 0.1850 -0.9565 0.2254
vn 0.6314 0.0975 0.7693
vn 0.0625 0.9951 0.0761
vn 0.0625 -0.9951 0.0761
vn 0.6314 -0.0975 0.7693
vn 0.1850 0.9565 0.2254
vn 0.6073 -0.2890 0.7400
vn 0.3002 0.8810 0.3658
vn 0.1374 -0.9565 0.2571
vn 0.4691 0.0975 0.8777
vn 0.0464 0.9951 0.0869
vn 0.0464 -0.9951 0.0869
vn 0.4691 -0.0975 0.8777
vn 0.1374 0.9565 0.2571
vn 0.4513 -0.2890 0.8443
vn 0.2230 0.8810 0.4173
vn 0.4162 -0.4696 0.7786
vn 0.2999 0.7715 0.5611
vn 0.3651 -0.6326 0.6831
vn 0.3651 0.6326 0.6831
vn 0.2999 -0.7715 0.5611
vn 0.4162 0.4696 0.7786
vn 0.2230 -0.8810 0.4173
vn 0.4513 0.2890 0.8443
vn 0.1847 0.7715 0.6088
vn 0.2248 -0.6326 0.7412
vn 0.2248 0.6326 0.7412
vn 0.1847 -0.7715 0.6088
vn 0.2563 0.4696 0.8448
vn 0.1374 -0.8810 0.4528
vn 0.2779 0.2890 0.9161
vn 0.0846 -0.9565 0.2790
vn 0.2889 0.0975 0.9524
vn 0.0286 0.9951 0.0942
vn 0.0286 -0.9951 0.0942
vn 0.2889 -0.0975 0.9524
vn 0.0846 0.9565 0.2790
vn 0.2779 -0.2890 0.9161
vn 0.1374 0.8810 0.4528
vn 0.2563 -0.4696 0.8448
vn 0.0975 0.0975 0.9904
vn 0.0097 0.9951 0.0980
vn 0.0097 -0.9951 0.0980
vn 0.0975 -0.0975 0.9904
vn 0.0286 0.9565 0.2902
vn 0.0938 -0.2890 0.9527
vn 0.0464 0.8810 0.4709
vn 0.0865 -0.4696 0.8786
vn 0.0624 0.7715 0.6332
vn 0.0759 -0.6326 0.7708
vn 0.0759 0.6326 0.7708
vn 0.0624 -0.7715 0.6332
vn 0.0865 0.4696 0.8786
vn 0.0464 -0.8810 0.4709
vn 0.0938 0.2890 0.9527
vn 0.0286 -0.9565 0.2902
vn -0.0759 -0.6326 0.7708
vn -0.0759 0.6326 0.7708
vn -0.0624 -0.7715 0.6332
vn -0.0865 0.4696 0.8786
vn -0.0464 -0.8810 0.4709
vn -0.0938 0.2890 0.9527
vn -0.0286 -0.9565 0.2902
vn -0.0976 0.0975 0.9904
vn -0.0097 0.9951 0.0980
vn -0.0097 -0.9951 0.0980
vn -0.0976 -0.0975 0.9904
vn -0.0286 0.9565 0.2902
vn -0.0938 -0.2890 0.9527
vn -0.0464 0.8810 0.4709
vn -0.0865 -0.4696 0.8786
vn -0.0624 0.7715 0.6332
vn -0.0286 0.9951 0.0942
vn -0.0286 -0.9951 0.0942
vn -0.2889 -0.0975 0.9524
vn -0.0846 0.9565 0.2790
vn -0.2779 -0.2890 0.9161
vn -0.1374 0.8810 0.4528
vn -0.2563 -0.4696 0.8448
vn -0.1847 0.7715 0.6088
vn -0.2248 -0.6326 0.7412
vn -0.2248 0.6326 0.7412
vn -0.1847 -0.7715 0.6088
vn -0.2563 0.4696 0.8448
vn -0.1374 -0.8810 0.4528
vn -0.2779 0.2890 0.9161
vn -0.0846 -0.9565 0.2790
vn -0.2889 0.0975 0.9524
vn -0.3651 0.6326 0.6831
vn -0.2999 -0.7715 0.5611
vn -0.4162 0.4696 0.7786
vn -0.2230 -0.8810 0.4173
vn -0.4513 0.2890 0.8443
vn -0.1374 -0.9565 0.2571
vn -0.4691 0.0975 0.8777
vn -0.0464 0.9951 0.0869
vn -0.0464 -0.9951 0.0869
vn -0.4691 -0.0975 0.8777
vn -0.1374 0.9565 0.2571
vn -0.4513 -0.2890 0.8443
vn -0.2230 0.8810 0.4173
vn -0.4162 -0.4696 0.7786
vn -0.2999 0.7715 0.5611
vn -0.3651 -0.6326 0.6831
vn -0.6314 -0.0975 0.7693
vn -0.1850 0.9565 0.2254
vn -0.6073 -0.2890 0.7400
vn -0.3002 0.8810 0.3658
vn -0.5601 -0.4696 0.6825
vn -0.4036 0.7715 0.4918
vn -0.4913 -0.6326 0.5987
vn -0.4913 0.6326 0.5987
vn -0.4036 -0.7715 0.4918
vn -0.5601 0.4696 0.6825
vn -0.3002 -0.8810 0.3658
vn -0.6073 0.2890 0.7400
vn -0.1850 -0.9565 0.2254
vn -0.6314 0.0975 0.7693
vn -0.0625 0.9951 0.0761
vn -0.0625 -0.9951 0.0761
vn -0.4918 -0.7715 0.4036
vn -0.6825 0.4696 0.5601
vn -0.3658 -0.8810 0.3002
vn -0.7400 0.2890 0.6073
vn -0.2254 -0.9565 0.1850
vn -0.7693 0.0975 0.6314
vn -0.0761 0.9951 0.0625
vn -0.0761 -0.9951 0.0625
vn -0.7693 -0.0975 0.6314
vn -0.2254 0.9565 0.1850
vn -0.7400 -0.2890 0.6073
vn -0.3658 0.8810 0.3002
vn -0.6825 -0.4696 0.5601
vn -0.4918 0.7715 0.4036
vn -0.5987 -0.6326 0.4913
vn -0.5987 0.6326 0.4913
vn -0.8443 -0.2890 0.4513
vn -0.4173 0.8810 0.2230
vn -0.7786 -0.4696 0.4162
vn -0.5611 0.7715 0.2999
vn -0.6831 -0.6326 0.3651
vn -0.6831 0.6326 0.3651
vn -0.5611 -0.7715 0.2999
vn -0.7786 0.4696 0.4162
vn -0.4173 -0.8810 0.2230
vn -0.8443 0.2890 0.4513
vn -0.2571 -0.9565 0.1374
vn -0.8777 0.0975 0.4691
vn -0.0869 0.9951 0.0464
vn -0.0869 -0.9951 0.0464
vn -0.8777 -0.0975 0.4691
vn -0.2571 0.9565 0.1374
vn -0.4528 -0.8810 0.1374
vn -0.9161 0.2890 0.2779
vn -0.2790 -0.9565 0.0846
vn -0.9524 0.0975 0.2889
vn -0.0942 0.9951 0.0286
vn -0.0942 -0.9951 0.0286
vn -0.9524 -0.0975 0.2889
vn -0.2790 0.9565 0.0846
vn -0.9161 -0.2890 0.2779
vn -0.4528 0.8810 0.1374
vn -0.8448 -0.4696 0.2563
vn -0.6088 0.7715 0.1847
vn -0.7412 -0.6326 0.2248
vn -0.7412 0.6326 0.2248
vn -0.6088 -0.7715 0.1847
vn -0.8448 0.4696 0.2563
vn -0.4709 0.8810 0.0464
vn -0.8786 -0.4696 0.0865
vn -0.6332 0.7715 0.0624
vn -0.7708 -0.6326 0.0759
vn -0.7708 0.6326 0.0759
vn -0.6332 -0.7715 0.0624
vn -0.8786 0.4696 0.0865
vn -0.4709 -0.8810 0.0464
vn -0.9527 0.2890 0.0938
vn -0.2902 -0.9565 0.0286
vn -0.9904 0.0975 0.0975
vn -0.0980 0.9951 0.0097
vn -0.0980 -0.9951 0.0097
vn -0.9904 -0.0975 0.0975
vn -0.2902 0.9565 0.0286
vn -0.9527 -0.2890 0.0938
vn -0.9527 0.2890 -0.0938
vn -0.2902 -0.9565 -0.0286
vn -0.9904 0.0975 -0.0976
vn -0.0980 0.9951 -0.0097
vn -0.0980 -0.9951 -0.0097
vn -0.9904 -0.0975 -0.0976
vn -0.2902 0.9565 -0.0286
vn -0.9527 -0.2890 -0.0938
vn -0.4709 0.8810 -0.0464
vn -0.8786 -0.4696 -0.0865
vn -0.6332 0.7715 -0.0624
vn -0.7708 -0.6326 -0.0759
vn -0.7708 0.6326 -0.0759
vn -0.6332 -0.7715 -0.0624
vn -0.8786 0.4696 -0.0865
vn -0.4709 -0.8810 -0.0464
vn -0.8448 -0.4696 -0.2563
vn -0.6088 0.7715 -0.1847
vn -0.7412 -0.6326 -0.2248
vn -0.7412 0.6326 -0.2248
vn -0.6088 -0.7715 -0.1847
vn -0.8448 0.4696 -0.2563
vn -0.4528 -0.8810 -0.1374
vn -0.9161 0.2890 -0.2779
vn -0.2790 -0.9565 -0.0846
vn -0.9524 0.0975 -0.2889
vn -0.0942 0.9951 -0.0286
vn -0.0942 -0.9951 -0.0286
vn -0.9524 -0.0975 -0.2889
vn -0.2790 0.9565 -0.0846
vn -0.9161 -0.2890 -0.2779
vn -0.4528 0.8810 -0.1374
vn -0.2571 -0.9565 -0.1374
vn -0.8777 0.0975 -0.4691
vn -0.0869 0.9951 -0.0464
vn -0.0869 -0.9951 -0.0464
vn -0.8777 -0.0975 -0.4691
vn -0.2571 0.9565 -0.1374
vn -0.8443 -0.2890 -0.4513
vn -0.4173 0.8810 -0.2231
vn -0.7786 -0.4696 -0.4162
vn -0.5611 0.7715 -0.2999
vn -0.6831 -0.6326 -0.3651
vn -0.6831 0.6326 -0.3651
vn -0.5611 -0.7715 -0.2999
vn -0.7786 0.4696 -0.4162
vn -0.4173 -0.8810 -0.2231
vn -0.8443 0.2890 -0.4513
vn -0.4918 0.7715 -0.4036
vn -0.5987 -0.6326 -0.4913
vn -0.5987 0.6326 -0.4913
vn -0.4918 -0.7715 -0.4036
vn -0.6825 0.4696 -0.5601
vn -0.3658 -0.8810 -0.3002
vn -0.7400 0.2890 -0.6073
vn -0.2254 -0.9565 -0.1850
vn -0.7693 0.0975 -0.6314
vn -0.0761 0.9951 -0.0625
vn -0.0761 -0.9951 -0.0625
vn -0.7693 -0.0975 -0.6314
vn -0.2254 0.9565 -0.1850
vn -0.7400 -0.2890 -0.6073
vn -0.3658 0.8810 -0.3002
vn -0.6825 -0.4696 -0.5601
vn -0.6314 0.0975 -0.7693
vn -0.0625 0.9951 -0.0761
vn -0.0625 -0.9951 -0.0761
vn -0.6314 -0.0975 -0.7693
vn -0.1850 0.9565 -0.2254
vn -0.6073 -0.2890 -0.7400
vn -0.3002 0.8810 -0.3658
vn -0.5601 -0.4696 -0.6825
vn -0.4036 0.7715 -0.4918
vn -0.4913 -0.6326 -0.5987
vn -0.4913 0.6326 -0.5987
vn -0.4036 -0.7715 -0.4918
vn -0.5601 0.4696 -0.6825
vn -0.3002 -0.8810 -0.3658
vn -0.6073 0.2890 -0.7400
vn -0.1850 -0.9565 -0.2254
vn -0.3651 -0.6326 -0.6831
vn -0.3651 0.6326 -0.6831
vn -0.2999 -0.7715 -0.5611
vn -0.4162 0.4696 -0.7786
vn -0.2230 -0.8810 -0.4173
vn -0.4513 0.2890 -0.8443
vn -0.1374 -0.9565 -0.2571
vn -0.4691 0.0975 -0.8777
vn -0.0464 0.9951 -0.0869
vn -0.0464 -0.9951 -0.0869
vn -0.4691 -0.0975 -0.8777
vn -0.1374 0.9565 -0.2571
vn -0.4513 -0.2890 -0.8443
vn -0.2230 0.8810 -0.4173
vn -0.4162 -0.4696 -0.7786
vn -0.2999 0.7715 -0.5611
vn -0.0286 -0.9951 -0.0942
vn -0.2889 -0.0975 -0.9524
vn -0.0846 0.9565 -0.2790
vn -0.2779 -0.2890 -0.9161
vn -0.1374 0.8810 -0.4528
vn -0.2563 -0.4696 -0.8448
vn -0.1847 0.7715 -0.6088
vn -0.2248 -0.6326 -0.7412
vn -0.2248 0.6326 -0.7412
vn -0.1847 -0.7715 -0.6088
vn -0.2563 0.4696 -0.8448
vn -0.1374 -0.8810 -0.4528
vn -0.2779 0.2890 -0.9161
vn -0.0846 -0.9565 -0.2790
vn -0.2889 0.0975 -0.9524
vn -0.0286 0.9951 -0.0942
vn -0.0624 -0.7715 -0.6332
vn -0.0865 0.4696 -0.8786
vn -0.0464 -0.8810 -0.4709
vn -0.0938 0.2890 -0.9527
vn -0.0286 -0.9565 -0.2902
vn -0.0976 0.0975 -0.9904
vn -0.0097 0.9951 -0.0980
vn -0.0097 -0.9951 -0.0980
vn -0.0976 -0.0975 -0.9904
vn -0.0286 0.9565 -0.2902
vn -0.0938 -0.2890 -0.9527
vn -0.0464 0.8810 -0.4709
vn -0.0865 -0.4696 -0.8786
vn -0.0624 0.7715 -0.6332
vn -0.0759 -0.6326 -0.7708
vn -0.0759 0.6326 -0.7708
vt 0.750000 0.687500
vt 0.750000 0.750000
vt 0.718750 0.750000
vt 0.718750 0.687500
vt 0.750000 0.187500
vt 0.750000 0.250000
vt 0.718750 0.250000
vt 0.718750 0.187500
vt 0.750000 0.625000
vt 0.718750 0.625000
vt 0.750000 0.125000
vt 0.718750 0.125000
vt 0.750000 0.562500
vt 0.718750 0.562500
vt 0.750000 0.062500
vt 0.718750 0.062500
vt 0.750000 0.500000
vt 0.718750 0.500000
vt 0.750000 0.937500
vt 0.734375 1.000000
vt 0.718750 0.937500
vt 0.734375 0.000000
vt 0.750000 0.437500
vt 0.718750 0.437500
vt 0.750000 0.875000
vt 0.718750 0.875000
vt 0.750000 0.375000
vt 0.718750 0.375000
vt 0.750000 0.812500
vt 0.718750 0.812500
vt 0.750000 0.312500
vt 0.718750 0.312500
vt 0.687500 0.375000
vt 0.687500 0.312500
vt 0.687500 0.812500
vt 0.687500 0.750000
vt 0.687500 0.250000
vt 0.687500 0.687500
vt 0.687500 0.187500
vt 0.687500 0.625000
vt 0.687500 0.125000
vt 0.687500 0.562500
vt 0.687500 0.062500
vt 0.687500 0.500000
vt 0.703125 1.000000
vt 0.687500 0.937500
vt 0.703125 0.000000
vt 0.687500 0.437500
vt 0.687500 0.875000
vt 0.656250 0.125000
vt 0.656250 0.062500
vt 0.656250 0.562500
vt 0.656250 0.500000
vt 0.671875 1.000000
vt 0.656250 0.937500
vt 0.671875 0.000000
vt 0.656250 0.437500
vt 0.656250 0.875000
vt 0.656250 0.375000
vt 0.656250 0.812500
vt 0.656250 0.312500
vt 0.656250 0.750000
vt 0.656250 0.250000
vt 0.656250 0.687500
vt 0.656250 0.187500
vt 0.656250 0.625000
vt 0.625000 0.312500
vt 0.625000 0.250000
vt 0.625000 0.750000
vt 0.625000 0.687500
vt 0.625000 0.187500
vt 0.625000 0.625000
vt 0.625000 0.125000
vt 0.625000 0.562500
vt 0.625000 0.062500
vt 0.625000 0.500000
vt 0.640625 1.000000
vt 0.625000 0.937500
vt 0.640625 0.000000
vt 0.625000 0.437500
vt 0.625000 0.875000
vt 0.625000 0.375000
vt 0.625000 0.812500
vt 0.609375 1.000000
vt 0.593750 0.937500
vt 0.609375 0.000000
vt 0.593750 0.062500
vt 0.593750 0.500000
vt 0.593750 0.437500
vt 0.593750 0.875000
vt 0.593750 0.375000
vt 0.593750 0.812500
vt 0.593750 0.312500
vt 0.593750 0.750000
vt 0.593750 0.250000
vt 0.593750 0.687500
vt 0.593750 0.187500
vt 0.593750 0.625000
vt 0.593750 0.125000
vt 0.593750 0.562500
vt 0.562500 0.750000
vt 0.562500 0.687500
vt 0.562500 0.250000
vt 0.562500 0.187500
vt 0.562500 0.625000
vt 0.562500 0.125000
vt 0.562500 0.562500
vt 0.562500 0.062500
vt 0.562500 0.500000
vt 0.578125 1.000000
vt 0.562500 0.937500
vt 0.578125 0.000000
vt 0.562500 0.437500
vt 0.562500 0.875000
vt 0.562500 0.375000
vt 0.562500 0.812500
vt 0.562500 0.312500
vt 0.531250 0.500000
vt 0.531250 0.437500
vt 0.531250 0.937500
vt 0.531250 0.875000
vt 0.531250 0.375000
vt 0.531250 0.812500
vt 0.531250 0.312500
vt 0.531250 0.750000
vt 0.531250 0.250000
vt 0.531250 0.687500
vt 0.531250 0.187500
vt 0.531250 0.625000
vt 0.531250 0.125000
vt 0.531250 0.562500
vt 0.531250 0.062500
vt 0.546875 1.000000
vt 0.546875 0.000000
vt 0.500000 0.250000
vt 0.500000 0.187500
vt 0.500000 0.687500
vt 0.500000 0.625000
vt 0.500000 0.125000
vt 0.500000 0.562500
vt 0.500000 0.062500
vt 0.500000 0.500000
vt 0.515625 1.000000
vt 0.500000 0.937500
vt 0.515625 0.000000
vt 0.500000 0.437500
vt 0.500000 0.875000
vt 0.500000 0.375000
vt 0.500000 0.812500
vt 0.500000 0.312500
vt 0.500000 0.750000
vt 0.468750 0.937500
vt 0.468750 0.875000
vt 0.468750 0.437500
vt 0.468750 0.375000
vt 0.468750 0.812500
vt 0.468750 0.312500
vt 0.468750 0.750000
vt 0.468750 0.250000
vt 0.468750 0.687500
vt 0.468750 0.187500
vt 0.468750 0.625000
vt 0.468750 0.125000
vt 0.468750 0.562500
vt 0.468750 0.062500
vt 0.468750 0.500000
vt 0.484375 1.000000
vt 0.484375 0.000000
vt 0.437500 0.687500
vt 0.437500 0.625000
vt 0.437500 0.187500
vt 0.437500 0.125000
vt 0.437500 0.562500
vt 0.437500 0.062500
vt 0.437500 0.500000
vt 0.453125 1.000000
vt 0.437500 0.937500
vt 0.453125 0.000000
vt 0.437500 0.437500
vt 0.437500 0.875000
vt 0.437500 0.375000
vt 0.437500 0.812500
vt 0.437500 0.312500
vt 0.437500 0.750000
vt 0.437500 0.250000
vt 0.406250 0.437500
vt 0.406250 0.375000
vt 0.406250 0.875000
vt 0.406250 0.812500
vt 0.406250 0.312500
vt 0.406250 0.750000
vt 0.406250 0.250000
vt 0.406250 0.687500
vt 0.406250 0.187500
vt 0.406250 0.625000
vt 0.406250 0.125000
vt 0.406250 0.562500
vt 0.406250 0.062500
vt 0.406250 0.500000
vt 0.421875 1.000000
vt 0.406250 0.937500
vt 0.421875 0.000000
vt 0.375000 0.187500
vt 0.375000 0.125000
vt 0.375000 0.625000
vt 0.375000 0.562500
vt 0.375000 0.062500
vt 0.375000 0.500000
vt 0.390625 1.000000
vt 0.375000 0.937500
vt 0.390625 0.000000
vt 0.375000 0.437500
vt 0.375000 0.875000
vt 0.375000 0.375000
vt 0.375000 0.812500
vt 0.375000 0.312500
vt 0.375000 0.750000
vt 0.375000 0.250000
vt 0.375000 0.687500
vt 0.343750 0.375000
vt 0.343750 0.312500
vt 0.343750 0.812500
vt 0.343750 0.750000
vt 0.343750 0.250000
vt 0.343750 0.687500
vt 0.343750 0.187500
vt 0.343750 0.625000
vt 0.343750 0.125000
vt 0.343750 0.562500
vt 0.343750 0.062500
vt 0.343750 0.500000
vt 0.359375 1.000000
vt 0.343750 0.937500
vt 0.359375 0.000000
vt 0.343750 0.437500
vt 0.343750 0.875000
vt 0.312500 0.125000
vt 0.312500 0.062500
vt 0.312500 0.562500
vt 0.312500 0.500000
vt 0.328125 1.000000
vt 0.312500 0.937500
vt 0.328125 0.000000
vt 0.312500 0.437500
vt 0.312500 0.875000
vt 0.312500 0.375000
vt 0.312500 0.812500
vt 0.312500 0.312500
vt 0.312500 0.750000
vt 0.312500 0.250000
vt 0.312500 0.687500
vt 0.312500 0.187500
vt 0.312500 0.625000
vt 0.281250 0.812500
vt 0.281250 0.750000
vt 0.281250 0.312500
vt 0.281250 0.250000
vt 0.281250 0.687500
vt 0.281250 0.187500
vt 0.281250 0.625000
vt 0.281250 0.125000
vt 0.281250 0.562500
vt 0.281250 0.062500
vt 0.281250 0.500000
vt 0.296875 1.000000
vt 0.281250 0.937500
vt 0.296875 0.000000
vt 0.281250 0.437500
vt 0.281250 0.875000
vt 0.281250 0.375000
vt 0.250000 0.562500
vt 0.250000 0.500000
vt 0.265625 1.000000
vt 0.250000 0.937500
vt 0.265625 0.000000
vt 0.250000 0.062500
vt 0.250000 0.437500
vt 0.250000 0.875000
vt 0.250000 0.375000
vt 0.250000 0.812500
vt 0.250000 0.312500
vt 0.250000 0.750000
vt 0.250000 0.250000
vt 0.250000 0.687500
vt 0.250000 0.187500
vt 0.250000 0.625000
vt 0.250000 0.125000
vt 0.218750 0.312500
vt 0.218750 0.250000
vt 0.218750 0.750000
vt 0.218750 0.687500
vt 0.218750 0.187500
vt 0.218750 0.625000
vt 0.218750 0.125000
vt 0.218750 0.562500
vt 0.218750 0.062500
vt 0.218750 0.500000
vt 0.234375 1.000000
vt 0.218750 0.937500
vt 0.234375 0.000000
vt 0.218750 0.437500
vt 0.218750 0.875000
vt 0.218750 0.375000
vt 0.218750 0.812500
vt 0.203125 1.000000
vt 0.187500 0.937500
vt 0.203125 0.000000
vt 0.187500 0.062500
vt 0.187500 0.500000
vt 0.187500 0.437500
vt 0.187500 0.875000
vt 0.187500 0.375000
vt 0.187500 0.812500
vt 0.187500 0.312500
vt 0.187500 0.750000
vt 0.187500 0.250000
vt 0.187500 0.687500
vt 0.187500 0.187500
vt 0.187500 0.625000
vt 0.187500 0.125000
vt 0.187500 0.562500
vt 0.156250 0.750000
vt 0.156250 0.687500
vt 0.156250 0.250000
vt 0.156250 0.187500
vt 0.156250 0.625000
vt 0.156250 0.125000
vt 0.156250 0.562500
vt 0.156250 0.062500
vt 0.156250 0.500000
vt 0.171875 1.000000
vt 0.156250 0.937500
vt 0.171875 0.000000
vt 0.156250 0.437500
vt 0.156250 0.875000
vt 0.156250 0.375000
vt 0.156250 0.812500
vt 0.156250 0.312500
vt 0.125000 0.500000
vt 0.125000 0.437500
vt 0.125000 0.937500
vt 0.125000 0.875000
vt 0.125000 0.375000
vt 0.125000 0.812500
vt 0.125000 0.312500
vt 0.125000 0.750000
vt 0.125000 0.250000
vt 0.125000 0.687500
vt 0.125000 0.187500
vt 0.125000 0.625000
vt 0.125000 0.125000
vt 0.125000 0.562500
vt 0.125000 0.062500
vt 0.140625 1.000000
vt 0.140625 0.000000
vt 0.093750 0.250000
vt 0.093750 0.187500
vt 0.093750 0.687500
vt 0.093750 0.625000
vt 0.093750 0.125000
vt 0.093750 0.562500
vt 0.093750 0.062500
vt 0.093750 0.500000
vt 0.109375 1.000000
vt 0.093750 0.937500
vt 0.109375 0.000000
vt 0.093750 0.437500
vt 0.093750 0.875000
vt 0.093750 0.375000
vt 0.093750 0.812500
vt 0.093750 0.312500
vt 0.093750 0.750000
vt 0.062500 0.437500
vt 0.062500 0.375000
vt 0.062500 0.875000
vt 0.062500 0.812500
vt 0.062500 0.312500
vt 0.062500 0.750000
vt 0.062500 0.250000
vt 0.062500 0.687500
vt 0.062500 0.187500
vt 0.062500 0.625000
vt 0.062500 0.125000
vt 0.062500 0.562500
vt 0.062500 0.062500
vt 0.062500 0.500000
vt 0.078125 1.000000
vt 0.062500 0.937500
vt 0.078125 0.000000
vt 0.031250 0.187500
vt 0.031250 0.125000
vt 0.031250 0.625000
vt 0.031250 0.562500
vt 0.031250 0.062500
vt 0.031250 0.500000
vt 0.046875 1.000000
vt 0.031250 0.937500
vt 0.046875 0.000000
vt 0.031250 0.437500
vt 0.031250 0.875000
vt 0.031250 0.375000
vt 0.031250 0.812500
vt 0.031250 0.312500
vt 0.031250 0.750000
vt 0.031250 0.250000
vt 0.031250 0.687500
vt 0.000000 0.875000
vt 0.000000 0.812500
vt 0.000000 0.375000
vt 0.000000 0.312500
vt 0.000000 0.750000
vt 0.000000 0.250000
vt 0.000000 0.687500
vt 0.000000 0.187500
vt 0.000000 0.625000
vt 0.000000 0.125000
vt 0.000000 0.562500
vt 0.000000 0.062500
vt 0.000000 0.500000
vt 0.015625 1.000000
vt 0.000000 0.937500
vt 0.015625 0.000000
vt 0.000000 0.437500
vt 1.000000 0.562500
vt 1.000000 0.625000
vt 0.968750 0.625000
vt 0.968750 0.562500
vt 1.000000 0.062500
vt 1.000000 0.125000
vt 0.968750 0.125000
vt 0.968750 0.062500
vt 1.000000 0.500000
vt 0.968750 0.500000
vt 1.000000 0.937500
vt 0.984375 1.000000
vt 0.968750 0.937500
vt 0.984375 0.000000
vt 1.000000 0.437500
vt 0.968750 0.437500
vt 1.000000 0.875000
vt 0.968750 0.875000
vt 1.000000 0.375000
vt 0.968750 0.375000
vt 1.000000 0.812500
vt 0.968750 0.812500
vt 1.000000 0.312500
vt 0.968750 0.312500
vt 1.000000 0.750000
vt 0.968750 0.750000
vt 1.000000 0.250000
vt 0.968750 0.250000
vt 1.000000 0.687500
vt 0.968750 0.687500
vt 1.000000 0.187500
vt 0.968750 0.187500
vt 0.937500 0.375000
vt 0.937500 0.312500
vt 0.937500 0.812500
vt 0.937500 0.750000
vt 0.937500 0.250000
vt 0.937500 0.687500
vt 0.937500 0.187500
vt 0.937500 0.625000
vt 0.937500 0.125000
vt 0.937500 0.562500
vt 0.937500 0.062500
vt 0.937500 0.500000
vt 0.953125 1.000000
vt 0.937500 0.937500
vt 0.953125 0.000000
vt 0.937500 0.437500
vt 0.937500 0.875000
vt 0.906250 0.125000
vt 0.906250 0.062500
vt 0.906250 0.562500
vt 0.906250 0.500000
vt 0.921875 1.000000
vt 0.906250 0.937500
vt 0.921875 0.000000
vt 0.906250 0.437500
vt 0.906250 0.875000
vt 0.906250 0.375000
vt 0.906250 0.812500
vt 0.906250 0.312500
vt 0.906250 0.750000
vt 0.906250 0.250000
vt 0.906250 0.687500
vt 0.906250 0.187500
vt 0.906250 0.625000
vt 0.875000 0.812500
vt 0.875000 0.750000
vt 0.875000 0.312500
vt 0.875000 0.250000
vt 0.875000 0.687500
vt 0.875000 0.187500
vt 0.875000 0.625000
vt 0.875000 0.125000
vt 0.875000 0.562500
vt 0.875000 0.062500
vt 0.875000 0.500000
vt 0.890625 1.000000
vt 0.875000 0.937500
vt 0.890625 0.000000
vt 0.875000 0.437500
vt 0.875000 0.875000
vt 0.875000 0.375000
vt 0.843750 0.562500
vt 0.843750 0.500000
vt 0.859375 1.000000
vt 0.843750 0.937500
vt 0.859375 0.000000
vt 0.843750 0.062500
vt 0.843750 0.437500
vt 0.843750 0.875000
vt 0.843750 0.375000
vt 0.843750 0.812500
vt 0.843750 0.312500
vt 0.843750 0.750000
vt 0.843750 0.250000
vt 0.843750 0.687500
vt 0.843750 0.187500
vt 0.843750 0.625000
vt 0.843750 0.125000
vt 0.812500 0.312500
vt 0.812500 0.250000
vt 0.812500 0.750000
vt 0.812500 0.687500
vt 0.812500 0.187500
vt 0.812500 0.625000
vt 0.812500 0.125000
vt 0.812500 0.562500
vt 0.812500 0.062500
vt 0.812500 0.500000
vt 0.828125 1.000000
vt 0.812500 0.937500
vt 0.828125 0.000000
vt 0.812500 0.437500
vt 0.812500 0.875000
vt 0.812500 0.375000
vt 0.812500 0.812500
vt 0.796875 0.000000
vt 0.781250 0.062500
vt 0.781250 0.500000
vt 0.781250 0.437500
vt 0.781250 0.937500
vt 0.781250 0.875000
vt 0.781250 0.375000
vt 0.781250 0.812500
vt 0.781250 0.312500
vt 0.781250 0.750000
vt 0.781250 0.250000
vt 0.781250 0.687500
vt 0.781250 0.187500
vt 0.781250 0.625000
vt 0.781250 0.125000
vt 0.781250 0.562500
vt 0.796875 1.000000
vt 0.765625 1.000000
vt 0.765625 0.000000
s 0
usemtl Foliage
f 1950/2889/1717 2424/2890/1717 1958/2891/1717 1959/2892/1717
f 2428/2893/1718 2427/2894/1718 1966/2895/1718 1967/2896/1718
f 2425/2897/1719 1950/2889/1719 1959/2892/1719 1960/2898/1719
f 2429/2899/1720 2428/2893/1720 1967/2896/1720 1968/2900/1720
f 1951/2901/1721 2425/2897/1721 1960/2898/1721 1961/2902/1721
f 2430/2903/1722 2429/2899/1722 1968/2900/1722 1969/2904/1722
f 1952/2905/1723 1951/2901/1723 1961/2902/1723 1962/2906/1723
f 2422/2907/1724 2030/2908/1724 1955/2909/1724
f 2256/2910/1725 2430/2903/1725 1969/2904/1725
f 1953/2911/1726 1952/2905/1726 1962/2906/1726 1963/2912/1726
f 2423/2913/1727 2422/2907/1727 1955/2909/1727 1956/2914/1727
f 2426/2915/1728 1953/2911/1728 1963/2912/1728 1964/2916/1728
f 1949/2917/1729 2423/2913/1729 1956/2914/1729 1957/2918/1729
f 1954/2919/1730 2426/2915/1730 1964/2916/1730 1965/2920/1730
f 2424/2890/1731 1949/2917/1731 1957/2918/1731 1958/2891/1731
f 2427/2894/1732 1954/2919/1732 1965/2920/1732 1966/2895/1732
f 1965/2920/1733 1964/2916/1733 1979/2921/1733 1980/2922/1733
f 1958/2891/1734 1957/2918/1734 1972/2923/1734 1973/2924/1734
f 1966/2895/1735 1965/2920/1735 1980/2922/1735 1981/2925/1735
f 1959/2892/1736 1958/2891/1736 1973/2924/1736 1974/2926/1736
f 1967/2896/1737 1966/2895/1737 1981/2925/1737 1982/2927/1737
f 1960/2898/1738 1959/2892/1738 1974/2926/1738 1975/2928/1738
f 1968/2900/1739 1967/2896/1739 1982/2927/1739 1983/2929/1739
f 1961/2902/1740 1960/2898/1740 1975/2928/1740 1976/2930/1740
f 1969/2904/1741 1968/2900/1741 1983/2929/1741 1984/2931/1741
f 1962/2906/1742 1961/2902/1742 1976/2930/1742 1977/2932/1742
f 1955/2909/1743 2030/2933/1743 1970/2934/1743
f 2256/2935/1744 1969/2904/1744 1984/2931/1744
f 1963/2912/1745 1962/2906/1745 1977/2932/1745 1978/2936/1745
f 1956/2914/1746 1955/2909/1746 1970/2934/1746 1971/2937/1746
f 1964/2916/1747 1963/2912/1747 1978/2936/1747 1979/2921/1747
f 1957/2918/1748 1956/2914/1748 1971/2937/1748 1972/2923/1748
f 1984/2931/1749 1983/2929/1749 1998/2938/1749 1999/2939/1749
f 1977/2932/1750 1976/2930/1750 1991/2940/1750 1992/2941/1750
f 1970/2934/1751 2030/2942/1751 1985/2943/1751
f 2256/2944/1752 1984/2931/1752 1999/2939/1752
f 1978/2936/1753 1977/2932/1753 1992/2941/1753 1993/2945/1753
f 1971/2937/1754 1970/2934/1754 1985/2943/1754 1986/2946/1754
f 1979/2921/1755 1978/2936/1755 1993/2945/1755 1994/2947/1755
f 1972/2923/1756 1971/2937/1756 1986/2946/1756 1987/2948/1756
f 1980/2922/1757 1979/2921/1757 1994/2947/1757 1995/2949/1757
f 1973/2924/1758 1972/2923/1758 1987/2948/1758 1988/2950/1758
f 1981/2925/1759 1980/2922/1759 1995/2949/1759 1996/2951/1759
f 1974/2926/1760 1973/2924/1760 1988/2950/1760 1989/2952/1760
f 1982/2927/1761 1981/2925/1761 1996/2951/1761 1997/2953/1761
f 1975/2928/1762 1974/2926/1762 1989/2952/1762 1990/2954/1762
f 1983/2929/1763 1982/2927/1763 1997/2953/1763 1998/2938/1763
f 1976/2930/1764 1975/2928/1764 1990/2954/1764 1991/2940/1764
f 1996/2951/1765 1995/2949/1765 2010/2955/1765 2011/2956/1765
f 1989/2952/1766 1988/2950/1766 2003/2957/1766 2004/2958/1766
f 1997/2953/1767 1996/2951/1767 2011/2956/1767 2012/2959/1767
f 1990/2954/1768 1989/2952/1768 2004/2958/1768 2005/2960/1768
f 1998/2938/1769 1997/2953/1769 2012/2959/1769 2013/2961/1769
f 1991/2940/1770 1990/2954/1770 2005/2960/1770 2006/2962/1770
f 1999/2939/1771 1998/2938/1771 2013/2961/1771 2014/2963/1771
f 1992/2941/1772 1991/2940/1772 2006/2962/1772 2007/2964/1772
f 1985/2943/1773 2030/2965/1773 2000/2966/1773
f 2256/2967/1774 1999/2939/1774 2014/2963/1774
f 1993/2945/1775 1992/2941/1775 2007/2964/1775 2008/2968/1775
f 1986/2946/1776 1985/2943/1776 2000/2966/1776 2001/2969/1776
f 1994/2947/1777 1993/2945/1777 2008/2968/1777 2009/2970/1777
f 1987/2948/1778 1986/2946/1778 2001/2969/1778 2002/2971/1778
f 1995/2949/1779 1994/2947/1779 2009/2970/1779 2010/2955/1779
f 1988/2950/1780 1987/2948/1780 2002/2971/1780 2003/2957/1780
f 2000/2966/1781 2030/2972/1781 2015/2973/1781
f 2256/2974/1782 2014/2963/1782 2029/2975/1782
f 2008/2968/1783 2007/2964/1783 2022/2976/1783 2023/2977/1783
f 2001/2969/1784 2000/2966/1784 2015/2973/1784 2016/2978/1784
f 2009/2970/1785 2008/2968/1785 2023/2977/1785 2024/2979/1785
f 2002/2971/1786 2001/2969/1786 2016/2978/1786 2017/2980/1786
f 2010/2955/1787 2009/2970/1787 2024/2979/1787 2025/2981/1787
f 2003/2957/1788 2002/2971/1788 2017/2980/1788 2018/2982/1788
f 2011/2956/1789 2010/2955/1789 2025/2981/1789 2026/2983/1789
f 2004/2958/1790 2003/2957/1790 2018/2982/1790 2019/2984/1790
f 2012/2959/1791 2011/2956/1791 2026/2983/1791 2027/2985/1791
f 2005/2960/1792 2004/2958/1792 2019/2984/1792 2020/2986/1792
f 2013/2961/1793 2012/2959/1793 2027/2985/1793 2028/2987/1793
f 2006/2962/1794 2005/2960/1794 2020/2986/1794 2021/2988/1794
f 2014/2963/1795 2013/2961/1795 2028/2987/1795 2029/2975/1795
f 2007/2964/1796 2006/2962/1796 2021/2988/1796 2022/2976/1796
f 2019/2984/1797 2018/2982/1797 2034/2989/1797 2035/2990/1797
f 2027/2985/1798 2026/2983/1798 2042/2991/1798 2043/2992/1798
f 2020/2986/1799 2019/2984/1799 2035/2990/1799 2036/2993/1799
f 2028/2987/1800 2027/2985/1800 2043/2992/1800 2044/2994/1800
f 2021/2988/1801 2020/2986/1801 2036/2993/1801 2037/2995/1801
f 2029/2975/1802 2028/2987/1802 2044/2994/1802 2045/2996/1802
f 2022/2976/1803 2021/2988/1803 2037/2995/1803 2038/2997/1803
f 2015/2973/1804 2030/2998/1804 2031/2999/1804
f 2256/3000/1805 2029/2975/1805 2045/2996/1805
f 2023/2977/1806 2022/2976/1806 2038/2997/1806 2039/3001/1806
f 2016/2978/1807 2015/2973/1807 2031/2999/1807 2032/3002/1807
f 2024/2979/1808 2023/2977/1808 2039/3001/1808 2040/3003/1808
f 2017/2980/1809 2016/2978/1809 2032/3002/1809 2033/3004/1809
f 2025/2981/1810 2024/2979/1810 2040/3003/1810 2041/3005/1810
f 2018/2982/1811 2017/2980/1811 2033/3004/1811 2034/2989/1811
f 2026/2983/1812 2025/2981/1812 2041/3005/1812 2042/2991/1812
f 2039/3001/1813 2038/2997/1813 2053/3006/1813 2054/3007/1813
f 2032/3002/1814 2031/2999/1814 2046/3008/1814 2047/3009/1814
f 2040/3003/1815 2039/3001/1815 2054/3007/1815 2055/3010/1815
f 2033/3004/1816 2032/3002/1816 2047/3009/1816 2048/3011/1816
f 2041/3005/1817 2040/3003/1817 2055/3010/1817 2056/3012/1817
f 2034/2989/1818 2033/3004/1818 2048/3011/1818 2049/3013/1818
f 2042/2991/1819 2041/3005/1819 2056/3012/1819 2057/3014/1819
f 2035/2990/1820 2034/2989/1820 2049/3013/1820 2050/3015/1820
f 2043/2992/1821 2042/2991/1821 2057/3014/1821 2058/3016/1821
f 2036/2993/1822 2035/2990/1822 2050/3015/1822 2051/3017/1822
f 2044/2994/1823 2043/2992/1823 2058/3016/1823 2059/3018/1823
f 2037/2995/1824 2036/2993/1824 2051/3017/1824 2052/3019/1824
f 2045/2996/1825 2044/2994/1825 2059/3018/1825 2060/3020/1825
f 2038/2997/1826 2037/2995/1826 2052/3019/1826 2053/3006/1826
f 2031/2999/1827 2030/3021/1827 2046/3008/1827
f 2256/3022/1828 2045/2996/1828 2060/3020/1828
f 2058/3016/1829 2057/3014/1829 2072/3023/1829 2073/3024/1829
f 2051/3017/1830 2050/3015/1830 2065/3025/1830 2066/3026/1830
f 2059/3018/1831 2058/3016/1831 2073/3024/1831 2074/3027/1831
f 2052/3019/1832 2051/3017/1832 2066/3026/1832 2067/3028/1832
f 2060/3020/1833 2059/3018/1833 2074/3027/1833 2075/3029/1833
f 2053/3006/1834 2052/3019/1834 2067/3028/1834 2068/3030/1834
f 2046/3008/1835 2030/3031/1835 2061/3032/1835
f 2256/3033/1836 2060/3020/1836 2075/3029/1836
f 2054/3007/1837 2053/3006/1837 2068/3030/1837 2069/3034/1837
f 2047/3009/1838 2046/3008/1838 2061/3032/1838 2062/3035/1838
f 2055/3010/1839 2054/3007/1839 2069/3034/1839 2070/3036/1839
f 2048/3011/1840 2047/3009/1840 2062/3035/1840 2063/3037/1840
f 2056/3012/1841 2055/3010/1841 2070/3036/1841 2071/3038/1841
f 2049/3013/1842 2048/3011/1842 2063/3037/1842 2064/3039/1842
f 2057/3014/1843 2056/3012/1843 2071/3038/1843 2072/3023/1843
f 2050/3015/1844 2049/3013/1844 2064/3039/1844 2065/3025/1844
f 2062/3035/1845 2061/3032/1845 2076/3040/1845 2077/3041/1845
f 2070/3036/1846 2069/3034/1846 2084/3042/1846 2085/3043/1846
f 2063/3037/1847 2062/3035/1847 2077/3041/1847 2078/3044/1847
f 2071/3038/1848 2070/3036/1848 2085/3043/1848 2086/3045/1848
f 2064/3039/1849 2063/3037/1849 2078/3044/1849 2079/3046/1849
f 2072/3023/1850 2071/3038/1850 2086/3045/1850 2087/3047/1850
f 2065/3025/1851 2064/3039/1851 2079/3046/1851 2080/3048/1851
f 2073/3024/1852 2072/3023/1852 2087/3047/1852 2088/3049/1852
f 2066/3026/1853 2065/3025/1853 2080/3048/1853 2081/3050/1853
f 2074/3027/1854 2073/3024/1854 2088/3049/1854 2089/3051/1854
f 2067/3028/1855 2066/3026/1855 2081/3050/1855 2082/3052/1855
f 2075/3029/1856 2074/3027/1856 2089/3051/1856 2090/3053/1856
f 2068/3030/1857 2067/3028/1857 2082/3052/1857 2083/3054/1857
f 2061/3032/1858 2030/3055/1858 2076/3040/1858
f 2256/3056/1859 2075/3029/1859 2090/3053/1859
f 2069/3034/1860 2068/3030/1860 2083/3054/1860 2084/3042/1860
f 2081/3050/1861 2080/3048/1861 2095/3057/1861 2096/3058/1861
f 2089/3051/1862 2088/3049/1862 2103/3059/1862 2104/3060/1862
f 2082/3052/1863 2081/3050/1863 2096/3058/1863 2097/3061/1863
f 2090/3053/1864 2089/3051/1864 2104/3060/1864 2105/3062/1864
f 2083/3054/1865 2082/3052/1865 2097/3061/1865 2098/3063/1865
f 2076/3040/1866 2030/3064/1866 2091/3065/1866
f 2256/3066/1867 2090/3053/1867 2105/3062/1867
f 2084/3042/1868 2083/3054/1868 2098/3063/1868 2099/3067/1868
f 2077/3041/1869 2076/3040/1869 2091/3065/1869 2092/3068/1869
f 2085/3043/1870 2084/3042/1870 2099/3067/1870 2100/3069/1870
f 2078/3044/1871 2077/3041/1871 2092/3068/1871 2093/3070/1871
f 2086/3045/1872 2085/3043/1872 2100/3069/1872 2101/3071/1872
f 2079/3046/1873 2078/3044/1873 2093/3070/1873 2094/3072/1873
f 2087/3047/1874 2086/3045/1874 2101/3071/1874 2102/3073/1874
f 2080/3048/1875 2079/3046/1875 2094/3072/1875 2095/3057/1875
f 2088/3049/1876 2087/3047/1876 2102/3073/1876 2103/3059/1876
f 2100/3069/1877 2099/3067/1877 2114/3074/1877 2115/3075/1877
f 2093/3070/1878 2092/3068/1878 2107/3076/1878 2108/3077/1878
f 2101/3071/1879 2100/3069/1879 2115/3075/1879 2116/3078/1879
f 2094/3072/1880 2093/3070/1880 2108/3077/1880 2109/3079/1880
f 2102/3073/1881 2101/3071/1881 2116/3078/1881 2117/3080/1881
f 2095/3057/1882 2094/3072/1882 2109/3079/1882 2110/3081/1882
f 2103/3059/1883 2102/3073/1883 2117/3080/1883 2118/3082/1883
f 2096/3058/1884 2095/3057/1884 2110/3081/1884 2111/3083/1884
f 2104/3060/1885 2103/3059/1885 2118/3082/1885 2119/3084/1885
f 2097/3061/1886 2096/3058/1886 2111/3083/1886 2112/3085/1886
f 2105/3062/1887 2104/3060/1887 2119/3084/1887 2120/3086/1887
f 2098/3063/1888 2097/3061/1888 2112/3085/1888 2113/3087/1888
f 2091/3065/1889 2030/3088/1889 2106/3089/1889
f 2256/3090/1890 2105/3062/1890 2120/3086/1890
f 2099/3067/1891 2098/3063/1891 2113/3087/1891 2114/3074/1891
f 2092/3068/1892 2091/3065/1892 2106/3089/1892 2107/3076/1892
f 2119/3084/1893 2118/3082/1893 2133/3091/1893 2134/3092/1893
f 2112/3085/1894 2111/3083/1894 2126/3093/1894 2127/3094/1894
f 2120/3086/1895 2119/3084/1895 2134/3092/1895 2135/3095/1895
f 2113/3087/1896 2112/3085/1896 2127/3094/1896 2128/3096/1896
f 2106/3089/1897 2030/3097/1897 2121/3098/1897
f 2256/3099/1898 2120/3086/1898 2135/3095/1898
f 2114/3074/1899 2113/3087/1899 2128/3096/1899 2129/3100/1899
f 2107/3076/1900 2106/3089/1900 2121/3098/1900 2122/3101/1900
f 2115/3075/1901 2114/3074/1901 2129/3100/1901 2130/3102/1901
f 2108/3077/1902 2107/3076/1902 2122/3101/1902 2123/3103/1902
f 2116/3078/1903 2115/3075/1903 2130/3102/1903 2131/3104/1903
f 2109/3079/1904 2108/3077/1904 2123/3103/1904 2124/3105/1904
f 2117/3080/1905 2116/3078/1905 2131/3104/1905 2132/3106/1905
f 2110/3081/1906 2109/3079/1906 2124/3105/1906 2125/3107/1906
f 2118/3082/1907 2117/3080/1907 2132/3106/1907 2133/3091/1907
f 2111/3083/1908 2110/3081/1908 2125/3107/1908 2126/3093/1908
f 2131/3104/1909 2130/3102/1909 2145/3108/1909 2146/3109/1909
f 2124/3105/1910 2123/3103/1910 2138/3110/1910 2139/3111/1910
f 2132/3106/1911 2131/3104/1911 2146/3109/1911 2147/3112/1911
f 2125/3107/1912 2124/3105/1912 2139/3111/1912 2140/3113/1912
f 2133/3091/1913 2132/3106/1913 2147/3112/1913 2148/3114/1913
f 2126/3093/1914 2125/3107/1914 2140/3113/1914 2141/3115/1914
f 2134/3092/1915 2133/3091/1915 2148/3114/1915 2149/3116/1915
f 2127/3094/1916 2126/3093/1916 2141/3115/1916 2142/3117/1916
f 2135/3095/1917 2134/3092/1917 2149/3116/1917 2150/3118/1917
f 2128/3096/1918 2127/3094/1918 2142/3117/1918 2143/3119/1918
f 2121/3098/1919 2030/3120/1919 2136/3121/1919
f 2256/3122/1920 2135/3095/1920 2150/3118/1920
f 2129/3100/1921 2128/3096/1921 2143/3119/1921 2144/3123/1921
f 2122/3101/1922 2121/3098/1922 2136/3121/1922 2137/3124/1922
f 2130/3102/1923 2129/3100/1923 2144/3123/1923 2145/3108/1923
f 2123/3103/1924 2122/3101/1924 2137/3124/1924 2138/3110/1924
f 2150/3118/1925 2149/3116/1925 2164/3125/1925 2165/3126/1925
f 2143/3119/1926 2142/3117/1926 2157/3127/1926 2158/3128/1926
f 2136/3121/1927 2030/3129/1927 2151/3130/1927
f 2256/3131/1928 2150/3118/1928 2165/3126/1928
f 2144/3123/1929 2143/3119/1929 2158/3128/1929 2159/3132/1929
f 2137/3124/1930 2136/3121/1930 2151/3130/1930 2152/3133/1930
f 2145/3108/1931 2144/3123/1931 2159/3132/1931 2160/3134/1931
f 2138/3110/1932 2137/3124/1932 2152/3133/1932 2153/3135/1932
f 2146/3109/1933 2145/3108/1933 2160/3134/1933 2161/3136/1933
f 2139/3111/1934 2138/3110/1934 2153/3135/1934 2154/3137/1934
f 2147/3112/1935 2146/3109/1935 2161/3136/1935 2162/3138/1935
f 2140/3113/1936 2139/3111/1936 2154/3137/1936 2155/3139/1936
f 2148/3114/1937 2147/3112/1937 2162/3138/1937 2163/3140/1937
f 2141/3115/1938 2140/3113/1938 2155/3139/1938 2156/3141/1938
f 2149/3116/1939 2148/3114/1939 2163/3140/1939 2164/3125/1939
f 2142/3117/1940 2141/3115/1940 2156/3141/1940 2157/3127/1940
f 2154/3137/1941 2153/3135/1941 2168/3142/1941 2169/3143/1941
f 2162/3138/1942 2161/3136/1942 2176/3144/1942 2177/3145/1942
f 2155/3139/1943 2154/3137/1943 2169/3143/1943 2170/3146/1943
f 2163/3140/1944 2162/3138/1944 2177/3145/1944 2178/3147/1944
f 2156/3141/1945 2155/3139/1945 2170/3146/1945 2171/3148/1945
f 2164/3125/1946 2163/3140/1946 2178/3147/1946 2179/3149/1946
f 2157/3127/1947 2156/3141/1947 2171/3148/1947 2172/3150/1947
f 2165/3126/1948 2164/3125/1948 2179/3149/1948 2180/3151/1948
f 2158/3128/1949 2157/3127/1949 2172/3150/1949 2173/3152/1949
f 2151/3130/1950 2030/3153/1950 2166/3154/1950
f 2256/3155/1951 2165/3126/1951 2180/3151/1951
f 2159/3132/1952 2158/3128/1952 2173/3152/1952 2174/3156/1952
f 2152/3133/1953 2151/3130/1953 2166/3154/1953 2167/3157/1953
f 2160/3134/1954 2159/3132/1954 2174/3156/1954 2175/3158/1954
f 2153/3135/1955 2152/3133/1955 2167/3157/1955 2168/3142/1955
f 2161/3136/1956 2160/3134/1956 2175/3158/1956 2176/3144/1956
f 2173/3152/1957 2172/3150/1957 2187/3159/1957 2188/3160/1957
f 2166/3154/1958 2030/3161/1958 2181/3162/1958
f 2256/3163/1959 2180/3151/1959 2195/3164/1959
f 2174/3156/1960 2173/3152/1960 2188/3160/1960 2189/3165/1960
f 2167/3157/1961 2166/3154/1961 2181/3162/1961 2182/3166/1961
f 2175/3158/1962 2174/3156/1962 2189/3165/1962 2190/3167/1962
f 2168/3142/1963 2167/3157/1963 2182/3166/1963 2183/3168/1963
f 2176/3144/1964 2175/3158/1964 2190/3167/1964 2191/3169/1964
f 2169/3143/1965 2168/3142/1965 2183/3168/1965 2184/3170/1965
f 2177/3145/1966 2176/3144/1966 2191/3169/1966 2192/3171/1966
f 2170/3146/1967 2169/3143/1967 2184/3170/1967 2185/3172/1967
f 2178/3147/1968 2177/3145/1968 2192/3171/1968 2193/3173/1968
f 2171/3148/1969 2170/3146/1969 2185/3172/1969 2186/3174/1969
f 2179/3149/1970 2178/3147/1970 2193/3173/1970 2194/3175/1970
f 2172/3150/1971 2171/3148/1971 2186/3174/1971 2187/3159/1971
f 2180/3151/1972 2179/3149/1972 2194/3175/1972 2195/3164/1972
f 2192/3171/1973 2191/3169/1973 2206/3176/1973 2207/3177/1973
f 2185/3172/1974 2184/3170/1974 2199/3178/1974 2200/3179/1974
f 2193/3173/1975 2192/3171/1975 2207/3177/1975 2208/3180/1975
f 2186/3174/1976 2185/3172/1976 2200/3179/1976 2201/3181/1976
f 2194/3175/1977 2193/3173/1977 2208/3180/1977 2209/3182/1977
f 2187/3159/1978 2186/3174/1978 2201/3181/1978 2202/3183/1978
f 2195/3164/1979 2194/3175/1979 2209/3182/1979 2210/3184/1979
f 2188/3160/1980 2187/3159/1980 2202/3183/1980 2203/3185/1980
f 2181/3162/1981 2030/3186/1981 2196/3187/1981
f 2256/3188/1982 2195/3164/1982 2210/3184/1982
f 2189/3165/1983 2188/3160/1983 2203/3185/1983 2204/3189/1983
f 2182/3166/1984 2181/3162/1984 2196/3187/1984 2197/3190/1984
f 2190/3167/1985 2189/3165/1985 2204/3189/1985 2205/3191/1985
f 2183/3168/1986 2182/3166/1986 2197/3190/1986 2198/3192/1986
f 2191/3169/1987 2190/3167/1987 2205/3191/1987 2206/3176/1987
f 2184/3170/1988 2183/3168/1988 2198/3192/1988 2199/3178/1988
f 2196/3187/1989 2030/3193/1989 2211/3194/1989
f 2256/3195/1990 2210/3184/1990 2225/3196/1990
f 2204/3189/1991 2203/3185/1991 2218/3197/1991 2219/3198/1991
f 2197/3190/1992 2196/3187/1992 2211/3194/1992 2212/3199/1992
f 2205/3191/1993 2204/3189/1993 2219/3198/1993 2220/3200/1993
f 2198/3192/1994 2197/3190/1994 2212/3199/1994 2213/3201/1994
f 2206/3176/1995 2205/3191/1995 2220/3200/1995 2221/3202/1995
f 2199/3178/1996 2198/3192/1996 2213/3201/1996 2214/3203/1996
f 2207/3177/1997 2206/3176/1997 2221/3202/1997 2222/3204/1997
f 2200/3179/1998 2199/3178/1998 2214/3203/1998 2215/3205/1998
f 2208/3180/1999 2207/3177/1999 2222/3204/1999 2223/3206/1999
f 2201/3181/2000 2200/3179/2000 2215/3205/2000 2216/3207/2000
f 2209/3182/2001 2208/3180/2001 2223/3206/2001 2224/3208/2001
f 2202/3183/2002 2201/3181/2002 2216/3207/2002 2217/3209/2002
f 2210/3184/2003 2209/3182/2003 2224/3208/2003 2225/3196/2003
f 2203/3185/2004 2202/3183/2004 2217/3209/2004 2218/3197/2004
f 2215/3205/2005 2214/3203/2005 2229/3210/2005 2230/3211/2005
f 2223/3206/2006 2222/3204/2006 2237/3212/2006 2238/3213/2006
f 2216/3207/2007 2215/3205/2007 2230/3211/2007 2231/3214/2007
f 2224/3208/2008 2223/3206/2008 2238/3213/2008 2239/3215/2008
f 2217/3209/2009 2216/3207/2009 2231/3214/2009 2232/3216/2009
f 2225/3196/2010 2224/3208/2010 2239/3215/2010 2240/3217/2010
f 2218/3197/2011 2217/3209/2011 2232/3216/2011 2233/3218/2011
f 2211/3194/2012 2030/3219/2012 2226/3220/2012
f 2256/3221/2013 2225/3196/2013 2240/3217/2013
f 2219/3198/2014 2218/3197/2014 2233/3218/2014 2234/3222/2014
f 2212/3199/2015 2211/3194/2015 2226/3220/2015 2227/3223/2015
f 2220/3200/2016 2219/3198/2016 2234/3222/2016 2235/3224/2016
f 2213/3201/2017 2212/3199/2017 2227/3223/2017 2228/3225/2017
f 2221/3202/2018 2220/3200/2018 2235/3224/2018 2236/3226/2018
f 2214/3203/2019 2213/3201/2019 2228/3225/2019 2229/3210/2019
f 2222/3204/2020 2221/3202/2020 2236/3226/2020 2237/3212/2020
f 2234/3222/2021 2233/3218/2021 2248/3227/2021 2249/3228/2021
f 2227/3223/2022 2226/3220/2022 2241/3229/2022 2242/3230/2022
f 2235/3224/2023 2234/3222/2023 2249/3228/2023 2250/3231/2023
f 2228/3225/2024 2227/3223/2024 2242/3230/2024 2243/3232/2024
f 2236/3226/2025 2235/3224/2025 2250/3231/2025 2251/3233/2025
f 2229/3210/2026 2228/3225/2026 2243/3232/2026 2244/3234/2026
f 2237/3212/2027 2236/3226/2027 2251/3233/2027 2252/3235/2027
f 2230/3211/2028 2229/3210/2028 2244/3234/2028 2245/3236/2028
f 2238/3213/2029 2237/3212/2029 2252/3235/2029 2253/3237/2029
f 2231/3214/2030 2230/3211/2030 2245/3236/2030 2246/3238/2030
f 2239/3215/2031 2238/3213/2031 2253/3237/2031 2254/3239/2031
f 2232/3216/2032 2231/3214/2032 2246/3238/2032 2247/3240/2032
f 2240/3217/2033 2239/3215/2033 2254/3239/2033 2255/3241/2033
f 2233/3218/2034 2232/3216/2034 2247/3240/2034 2248/3227/2034
f 2226/3220/2035 2030/3242/2035 2241/3229/2035
f 2256/3243/2036 2240/3217/2036 2255/3241/2036
f 2253/3237/2037 2252/3235/2037 2268/3244/2037 2269/3245/2037
f 2246/3238/2038 2245/3236/2038 2261/3246/2038 2262/3247/2038
f 2254/3239/2039 2253/3237/2039 2269/3245/2039 2270/3248/2039
f 2247/3240/2040 2246/3238/2040 2262/3247/2040 2263/3249/2040
f 2255/3241/2041 2254/3239/2041 2270/3248/2041 2271/3250/2041
f 2248/3227/2042 2247/3240/2042 2263/3249/2042 2264/3251/2042
f 2241/3229/2043 2030/3252/2043 2257/3253/2043
f 2256/3254/2044 2255/3241/2044 2271/3250/2044
f 2249/3228/2045 2248/3227/2045 2264/3251/2045 2265/3255/2045
f 2242/3230/2046 2241/3229/2046 2257/3253/2046 2258/3256/2046
f 2250/3231/2047 2249/3228/2047 2265/3255/2047 2266/3257/2047
f 2243/3232/2048 2242/3230/2048 2258/3256/2048 2259/3258/2048
f 2251/3233/2049 2250/3231/2049 2266/3257/2049 2267/3259/2049
f 2244/3234/2050 2243/3232/2050 2259/3258/2050 2260/3260/2050
f 2252/3235/2051 2251/3233/2051 2267/3259/2051 2268/3244/2051
f 2245/3236/2052 2244/3234/2052 2260/3260/2052 2261/3246/2052
f 2266/3257/2053 2265/3255/2053 2280/3261/2053 2281/3262/2053
f 2259/3258/2054 2258/3256/2054 2273/3263/2054 2274/3264/2054
f 2267/3259/2055 2266/3257/2055 2281/3262/2055 2282/3265/2055
f 2260/3260/2056 2259/3258/2056 2274/3264/2056 2275/3266/2056
f 2268/3244/2057 2267/3259/2057 2282/3265/2057 2283/3267/2057
f 2261/3246/2058 2260/3260/2058 2275/3266/2058 2276/3268/2058
f 2269/3245/2059 2268/3244/2059 2283/3267/2059 2284/3269/2059
f 2262/3247/2060 2261/3246/2060 2276/3268/2060 2277/3270/2060
f 2270/3248/2061 2269/3245/2061 2284/3269/2061 2285/3271/2061
f 2263/3249/2062 2262/3247/2062 2277/3270/2062 2278/3272/2062
f 2271/3250/2063 2270/3248/2063 2285/3271/2063 2286/3273/2063
f 2264/3251/2064 2263/3249/2064 2278/3272/2064 2279/3274/2064
f 2257/3253/2065 2030/3275/2065 2272/3276/2065
f 2256/3277/2066 2271/3250/2066 2286/3273/2066
f 2265/3255/2067 2264/3251/2067 2279/3274/2067 2280/3261/2067
f 2258/3256/2068 2257/3253/2068 2272/3276/2068 2273/3263/2068
f 2285/3271/2069 2284/3269/2069 2299/3278/2069 2300/3279/2069
f 2278/3272/2070 2277/3270/2070 2292/3280/2070 2293/3281/2070
f 2286/3273/2071 2285/3271/2071 2300/3279/2071 2301/3282/2071
f 2279/3274/2072 2278/3272/2072 2293/3281/2072 2294/3283/2072
f 2272/3276/2073 2030/3284/2073 2287/3285/2073
f 2256/3286/2074 2286/3273/2074 2301/3282/2074
f 2280/3261/2075 2279/3274/2075 2294/3283/2075 2295/3287/2075
f 2273/3263/2076 2272/3276/2076 2287/3285/2076 2288/3288/2076
f 2281/3262/2077 2280/3261/2077 2295/3287/2077 2296/3289/2077
f 2274/3264/2078 2273/3263/2078 2288/3288/2078 2289/3290/2078
f 2282/3265/2079 2281/3262/2079 2296/3289/2079 2297/3291/2079
f 2275/3266/2080 2274/3264/2080 2289/3290/2080 2290/3292/2080
f 2283/3267/2081 2282/3265/2081 2297/3291/2081 2298/3293/2081
f 2276/3268/2082 2275/3266/2082 2290/3292/2082 2291/3294/2082
f 2284/3269/2083 2283/3267/2083 2298/3293/2083 2299/3278/2083
f 2277/3270/2084 2276/3268/2084 2291/3294/2084 2292/3280/2084
f 2289/3290/2085 2288/3288/2085 2303/3295/2085 2304/3296/2085
f 2297/3291/2086 2296/3289/2086 2311/3297/2086 2312/3298/2086
f 2290/3292/2087 2289/3290/2087 2304/3296/2087 2305/3299/2087
f 2298/3293/2088 2297/3291/2088 2312/3298/2088 2313/3300/2088
f 2291/3294/2089 2290/3292/2089 2305/3299/2089 2306/3301/2089
f 2299/3278/2090 2298/3293/2090 2313/3300/2090 2314/3302/2090
f 2292/3280/2091 2291/3294/2091 2306/3301/2091 2307/3303/2091
f 2300/3279/2092 2299/3278/2092 2314/3302/2092 2315/3304/2092
f 2293/3281/2093 2292/3280/2093 2307/3303/2093 2308/3305/2093
f 2301/3282/2094 2300/3279/2094 2315/3304/2094 2316/3306/2094
f 2294/3283/2095 2293/3281/2095 2308/3305/2095 2309/3307/2095
f 2287/3285/2096 2030/3308/2096 2302/3309/2096
f 2256/3310/2097 2301/3282/2097 2316/3306/2097
f 2295/3287/2098 2294/3283/2098 2309/3307/2098 2310/3311/2098
f 2288/3288/2099 2287/3285/2099 2302/3309/2099 2303/3295/2099
f 2296/3289/2100 2295/3287/2100 2310/3311/2100 2311/3297/2100
f 2308/3312/2101 2307/3313/2101 2322/3314/2101 2323/3315/2101
f 2316/3316/2102 2315/3317/2102 2330/3318/2102 2331/3319/2102
f 2309/3320/2103 2308/3312/2103 2323/3315/2103 2324/3321/2103
f 2302/3322/2104 2030/3323/2104 2317/3324/2104
f 2256/3325/2105 2316/3316/2105 2331/3319/2105
f 2310/3326/2106 2309/3320/2106 2324/3321/2106 2325/3327/2106
f 2303/3328/2107 2302/3322/2107 2317/3324/2107 2318/3329/2107
f 2311/3330/2108 2310/3326/2108 2325/3327/2108 2326/3331/2108
f 2304/3332/2109 2303/3328/2109 2318/3329/2109 2319/3333/2109
f 2312/3334/2110 2311/3330/2110 2326/3331/2110 2327/3335/2110
f 2305/3336/2111 2304/3332/2111 2319/3333/2111 2320/3337/2111
f 2313/3338/2112 2312/3334/2112 2327/3335/2112 2328/3339/2112
f 2306/3340/2113 2305/3336/2113 2320/3337/2113 2321/3341/2113
f 2314/3342/2114 2313/3338/2114 2328/3339/2114 2329/3343/2114
f 2307/3313/2115 2306/3340/2115 2321/3341/2115 2322/3314/2115
f 2315/3317/2116 2314/3342/2116 2329/3343/2116 2330/3318/2116
f 2327/3335/2117 2326/3331/2117 2341/3344/2117 2342/3345/2117
f 2320/3337/2118 2319/3333/2118 2334/3346/2118 2335/3347/2118
f 2328/3339/2119 2327/3335/2119 2342/3345/2119 2343/3348/2119
f 2321/3341/2120 2320/3337/2120 2335/3347/2120 2336/3349/2120
f 2329/3343/2121 2328/3339/2121 2343/3348/2121 2344/3350/2121
f 2322/3314/2122 2321/3341/2122 2336/3349/2122 2337/3351/2122
f 2330/3318/2123 2329/3343/2123 2344/3350/2123 2345/3352/2123
f 2323/3315/2124 2322/3314/2124 2337/3351/2124 2338/3353/2124
f 2331/3319/2125 2330/3318/2125 2345/3352/2125 2346/3354/2125
f 2324/3321/2126 2323/3315/2126 2338/3353/2126 2339/3355/2126
f 2317/3324/2127 2030/3356/2127 2332/3357/2127
f 2256/3358/2128 2331/3319/2128 2346/3354/2128
f 2325/3327/2129 2324/3321/2129 2339/3355/2129 2340/3359/2129
f 2318/3329/2130 2317/3324/2130 2332/3357/2130 2333/3360/2130
f 2326/3331/2131 2325/3327/2131 2340/3359/2131 2341/3344/2131
f 2319/3333/2132 2318/3329/2132 2333/3360/2132 2334/3346/2132
f 2346/3354/2133 2345/3352/2133 2360/3361/2133 2361/3362/2133
f 2339/3355/2134 2338/3353/2134 2353/3363/2134 2354/3364/2134
f 2332/3357/2135 2030/3365/2135 2347/3366/2135
f 2256/3367/2136 2346/3354/2136 2361/3362/2136
f 2340/3359/2137 2339/3355/2137 2354/3364/2137 2355/3368/2137
f 2333/3360/2138 2332/3357/2138 2347/3366/2138 2348/3369/2138
f 2341/3344/2139 2340/3359/2139 2355/3368/2139 2356/3370/2139
f 2334/3346/2140 2333/3360/2140 2348/3369/2140 2349/3371/2140
f 2342/3345/2141 2341/3344/2141 2356/3370/2141 2357/3372/2141
f 2335/3347/2142 2334/3346/2142 2349/3371/2142 2350/3373/2142
f 2343/3348/2143 2342/3345/2143 2357/3372/2143 2358/3374/2143
f 2336/3349/2144 2335/3347/2144 2350/3373/2144 2351/3375/2144
f 2344/3350/2145 2343/3348/2145 2358/3374/2145 2359/3376/2145
f 2337/3351/2146 2336/3349/2146 2351/3375/2146 2352/3377/2146
f 2345/3352/2147 2344/3350/2147 2359/3376/2147 2360/3361/2147
f 2338/3353/2148 2337/3351/2148 2352/3377/2148 2353/3363/2148
f 2350/3373/2149 2349/3371/2149 2364/3378/2149 2365/3379/2149
f 2358/3374/2150 2357/3372/2150 2372/3380/2150 2373/3381/2150
f 2351/3375/2151 2350/3373/2151 2365/3379/2151 2366/3382/2151
f 2359/3376/2152 2358/3374/2152 2373/3381/2152 2374/3383/2152
f 2352/3377/2153 2351/3375/2153 2366/3382/2153 2367/3384/2153
f 2360/3361/2154 2359/3376/2154 2374/3383/2154 2375/3385/2154
f 2353/3363/2155 2352/3377/2155 2367/3384/2155 2368/3386/2155
f 2361/3362/2156 2360/3361/2156 2375/3385/2156 2376/3387/2156
f 2354/3364/2157 2353/3363/2157 2368/3386/2157 2369/3388/2157
f 2347/3366/2158 2030/3389/2158 2362/3390/2158
f 2256/3391/2159 2361/3362/2159 2376/3387/2159
f 2355/3368/2160 2354/3364/2160 2369/3388/2160 2370/3392/2160
f 2348/3369/2161 2347/3366/2161 2362/3390/2161 2363/3393/2161
f 2356/3370/2162 2355/3368/2162 2370/3392/2162 2371/3394/2162
f 2349/3371/2163 2348/3369/2163 2363/3393/2163 2364/3378/2163
f 2357/3372/2164 2356/3370/2164 2371/3394/2164 2372/3380/2164
f 2369/3388/2165 2368/3386/2165 2383/3395/2165 2384/3396/2165
f 2362/3390/2166 2030/3397/2166 2377/3398/2166
f 2256/3399/2167 2376/3387/2167 2391/3400/2167
f 2370/3392/2168 2369/3388/2168 2384/3396/2168 2385/3401/2168
f 2363/3393/2169 2362/3390/2169 2377/3398/2169 2378/3402/2169
f 2371/3394/2170 2370/3392/2170 2385/3401/2170 2386/3403/2170
f 2364/3378/2171 2363/3393/2171 2378/3402/2171 2379/3404/2171
f 2372/3380/2172 2371/3394/2172 2386/3403/2172 2387/3405/2172
f 2365/3379/2173 2364/3378/2173 2379/3404/2173 2380/3406/2173
f 2373/3381/2174 2372/3380/2174 2387/3405/2174 2388/3407/2174
f 2366/3382/2175 2365/3379/2175 2380/3406/2175 2381/3408/2175
f 2374/3383/2176 2373/3381/2176 2388/3407/2176 2389/3409/2176
f 2367/3384/2177 2366/3382/2177 2381/3408/2177 2382/3410/2177
f 2375/3385/2178 2374/3383/2178 2389/3409/2178 2390/3411/2178
f 2368/3386/2179 2367/3384/2179 2382/3410/2179 2383/3395/2179
f 2376/3387/2180 2375/3385/2180 2390/3411/2180 2391/3400/2180
f 2388/3407/2181 2387/3405/2181 2402/3412/2181 2403/3413/2181
f 2381/3408/2182 2380/3406/2182 2395/3414/2182 2396/3415/2182
f 2389/3409/2183 2388/3407/2183 2403/3413/2183 2404/3416/2183
f 2382/3410/2184 2381/3408/2184 2396/3415/2184 2397/3417/2184
f 2390/3411/2185 2389/3409/2185 2404/3416/2185 2405/3418/2185
f 2383/3395/2186 2382/3410/2186 2397/3417/2186 2398/3419/2186
f 2391/3400/2187 2390/3411/2187 2405/3418/2187 2406/3420/2187
f 2384/3396/2188 2383/3395/2188 2398/3419/2188 2399/3421/2188
f 2377/3398/2189 2030/3422/2189 2392/3423/2189
f 2256/3424/2190 2391/3400/2190 2406/3420/2190
f 2385/3401/2191 2384/3396/2191 2399/3421/2191 2400/3425/2191
f 2378/3402/2192 2377/3398/2192 2392/3423/2192 2393/3426/2192
f 2386/3403/2193 2385/3401/2193 2400/3425/2193 2401/3427/2193
f 2379/3404/2194 2378/3402/2194 2393/3426/2194 2394/3428/2194
f 2387/3405/2195 2386/3403/2195 2401/3427/2195 2402/3412/2195
f 2380/3406/2196 2379/3404/2196 2394/3428/2196 2395/3414/2196
f 2256/3429/2197 2406/3420/2197 2421/3430/2197
f 2400/3425/2198 2399/3421/2198 2414/3431/2198 2415/3432/2198
f 2393/3426/2199 2392/3423/2199 2407/3433/2199 2408/3434/2199
f 2401/3427/2200 2400/3425/2200 2415/3432/2200 2416/3435/2200
f 2394/3428/2201 2393/3426/2201 2408/3434/2201 2409/3436/2201
f 2402/3412/2202 2401/3427/2202 2416/3435/2202 2417/3437/2202
f 2395/3414/2203 2394/3428/2203 2409/3436/2203 2410/3438/2203
f 2403/3413/2204 2402/3412/2204 2417/3437/2204 2418/3439/2204
f 2396/3415/2205 2395/3414/2205 2410/3438/2205 2411/3440/2205
f 2404/3416/2206 2403/3413/2206 2418/3439/2206 2419/3441/2206
f 2397/3417/2207 2396/3415/2207 2411/3440/2207 2412/3442/2207
f 2405/3418/2208 2404/3416/2208 2419/3441/2208 2420/3443/2208
f 2398/3419/2209 2397/3417/2209 2412/3442/2209 2413/3444/2209
f 2406/3420/2210 2405/3418/2210 2420/3443/2210 2421/3430/2210
f 2399/3421/2211 2398/3419/2211 2413/3444/2211 2414/3431/2211
f 2392/3423/2212 2030/3445/2212 2407/3433/2212
f 2419/3441/2213 2418/3439/2213 2427/2894/2213 2428/2893/2213
f 2412/3442/2214 2411/3440/2214 1950/2889/2214 2425/2897/2214
f 2420/3443/2215 2419/3441/2215 2428/2893/2215 2429/2899/2215
f 2413/3444/2216 2412/3442/2216 2425/2897/2216 1951/2901/2216
f 2421/3430/2217 2420/3443/2217 2429/2899/2217 2430/2903/2217
f 2414/3431/2218 2413/3444/2218 1951/2901/2218 1952/2905/2218
f 2407/3433/2219 2030/3446/2219 2422/2907/2219
f 2256/3447/2220 2421/3430/2220 2430/2903/2220
f 2415/3432/2221 2414/3431/2221 1952/2905/2221 1953/2911/2221
f 2408/3434/2222 2407/3433/2222 2422/2907/2222 2423/2913/2222
f 2416/3435/2223 2415/3432/2223 1953/2911/2223 2426/2915/2223
f 2409/3436/2224 2408/3434/2224 2423/2913/2224 1949/2917/2224
f 2417/3437/2225 2416/3435/2225 2426/2915/2225 1954/2919/2225
f 2410/3438/2226 2409/3436/2226 1949/2917/2226 2424/2890/2226
f 2418/3439/2227 2417/3437/2227 1954/2919/2227 2427/2894/2227
f 2411/3440/2228 2410/3438/2228 2424/2890/2228 1950/2889/2228
o PlantPot_1
v -6.000000 0.000000 -2.750000
v -6.000000 0.600000 -2.750000
v -5.951227 0.000000 -2.745196
v -5.951227 0.600000 -2.745196
v -5.904329 0.000000 -2.730970
v -5.904329 0.600000 -2.730970
v -5.861107 0.000000 -2.707867
v -5.861107 0.600000 -2.707867
v -5.823223 0.000000 -2.676777
v -5.823223 0.600000 -2.676777
v -5.792132 0.000000 -2.638893
v -5.792132 0.600000 -2.638893
v -5.769030 0.000000 -2.595671
v -5.769030 0.600000 -2.595671
v -5.754804 0.000000 -2.548773
v -5.754804 0.600000 -2.548773
v -5.750000 0.000000 -2.500000
v -5.750000 0.600000 -2.500000
v -5.754804 0.000000 -2.451227
v -5.754804 0.600000 -2.451227
v -5.769030 0.000000 -2.404329
v -5.769030 0.600000 -2.404329
v -5.792132 0.000000 -2.361107
v -5.792132 0.600000 -2.361107
v -5.823223 0.000000 -2.323223
v -5.823223 0.600000 -2.323223
v -5.861107 0.000000 -2.292133
v -5.861107 0.600000 -2.292133
v -5.904329 0.000000 -2.269030
v -5.904329 0.600000 -2.269030
v -5.951227 0.000000 -2.254804
v -5.951227 0.600000 -2.254804
v -6.000000 0.000000 -2.250000
v -6.000000 0.600000 -2.250000
v -6.048773 0.000000 -2.254804
v -6.048773 0.600000 -2.254804
v -6.095671 0.000000 -2.269030
v -6.095671 0.600000 -2.269030
v -6.138893 0.000000 -2.292133
v -6.138893 0.600000 -2.292133
v -6.176777 0.000000 -2.323223
v -6.176777 0.600000 -2.323223
v -6.207868 0.000000 -2.361107
v -6.207868 0.600000 -2.361107
v -6.230970 0.000000 -2.404329
v -6.230970 0.600000 -2.404329
v -6.245196 0.000000 -2.451227
v -6.245196 0.600000 -2.451227
v -6.250000 0.000000 -2.500000
v -6.250000 0.600000 -2.500000
v -6.245196 0.000000 -2.548773
v -6.245196 0.600000 -2.548773
v -6.230970 0.000000 -2.595671
v -6.230970 0.600000 -2.595671
v -6.207868 0.000000 -2.638893
v -6.207868 0.600000 -2.638893
v -6.176777 0.000000 -2.676777
v -6.176777 0.600000 -2.676777
v -6.138893 0.000000 -2.707867
v -6.138893 0.600000 -2.707867
v -6.095671 0.000000 -2.730970
v -6.095671 0.600000 -2.730970
v -6.048773 0.000000 -2.745196
v -6.048773 0.600000 -2.745196
vn 0.0980 -0.0000 -0.9952
vn 0.2903 -0.0000 -0.9569
vn 0.4714 -0.0000 -0.8819
vn 0.6344 -0.0000 -0.7730
vn 0.7730 -0.0000 -0.6344
vn 0.8819 -0.0000 -0.4714
vn 0.9569 -0.0000 -0.2903
vn 0.9952 -0.0000 -0.0980
vn 0.9952 -0.0000 0.0980
vn 0.9569 -0.0000 0.2903
vn 0.8819 -0.0000 0.4714
vn 0.7730 -0.0000 0.6344
vn 0.6344 -0.0000 0.7730
vn 0.4714 -0.0000 0.8819
vn 0.2903 -0.0000 0.9569
vn 0.0980 -0.0000 0.9952
vn -0.0980 -0.0000 0.9952
vn -0.2903 -0.0000 0.9569
vn -0.4714 -0.0000 0.8819
vn -0.6344 -0.0000 0.7730
vn -0.7730 -0.0000 0.6344
vn -0.8819 -0.0000 0.4714
vn -0.9569 -0.0000 0.2903
vn -0.9952 -0.0000 0.0980
vn -0.9952 -0.0000 -0.0980
vn -0.9569 -0.0000 -0.2903
vn -0.8819 -0.0000 -0.4714
vn -0.7730 -0.0000 -0.6344
vn -0.6344 -0.0000 -0.7730
vn -0.4714 -0.0000 -0.8819
vn -0.0000 1.0000 -0.0000
vn -0.2903 -0.0000 -0.9569
vn -0.0980 -0.0000 -0.9952
vn -0.0000 -1.0000 -0.0000
vt 1.000000 0.500000
vt 1.000000 1.000000
vt 0.968750 1.000000
vt 0.968750 0.500000
vt 0.937500 1.000000
vt 0.937500 0.500000
vt 0.906250 1.000000
vt 0.906250 0.500000
vt 0.875000 1.000000
vt 0.875000 0.500000
vt 0.843750 1.000000
vt 0.843750 0.500000
vt 0.812500 1.000000
vt 0.812500 0.500000
vt 0.781250 1.000000
vt 0.781250 0.500000
vt 0.750000 1.000000
vt 0.750000 0.500000
vt 0.718750 1.000000
vt 0.718750 0.500000
vt 0.687500 1.000000
vt 0.687500 0.500000
vt 0.656250 1.000000
vt 0.656250 0.500000
vt 0.625000 1.000000
vt 0.625000 0.500000
vt 0.593750 1.000000
vt 0.593750 0.500000
vt 0.562500 1.000000
vt 0.562500 0.500000
vt 0.531250 1.000000
vt 0.531250 0.500000
vt 0.500000 1.000000
vt 0.500000 0.500000
vt 0.468750 1.000000
vt 0.468750 0.500000
vt 0.437500 1.000000
vt 0.437500 0.500000
vt 0.406250 1.000000
vt 0.406250 0.500000
vt 0.375000 1.000000
vt 0.375000 0.500000
vt 0.343750 1.000000
vt 0.343750 0.500000
vt 0.312500 1.000000
vt 0.312500 0.500000
vt 0.281250 1.000000
vt 0.281250 0.500000
vt 0.250000 1.000000
vt 0.250000 0.500000
vt 0.218750 1.000000
vt 0.218750 0.500000
vt 0.187500 1.000000
vt 0.187500 0.500000
vt 0.156250 1.000000
vt 0.156250 0.500000
vt 0.125000 1.000000
vt 0.125000 0.500000
vt 0.093750 1.000000
vt 0.093750 0.500000
vt 0.062500 1.000000
vt 0.062500 0.500000
vt 0.296822 0.485388
vt 0.250000 0.490000
vt 0.203178 0.485388
vt 0.158156 0.471731
vt 0.116663 0.449553
vt 0.080294 0.419706
vt 0.050447 0.383337
vt 0.028269 0.341844
vt 0.014612 0.296822
vt 0.010000 0.250000
vt 0.014612 0.203178
vt 0.028269 0.158156
vt 0.050447 0.116663
vt 0.080294 0.080294
vt 0.116663 0.050447
vt 0.158156 0.028269
vt 0.203178 0.014612
vt 0.250000 0.010000
vt 0.296822 0.014612
vt 0.341844 0.028269
vt 0.383337 0.050447
vt 0.419706 0.080294
vt 0.449553 0.116663
vt 0.471731 0.158156
vt 0.485388 0.203178
vt 0.490000 0.250000
vt 0.485388 0.296822
vt 0.471731 0.341844
vt 0.449553 0.383337
vt 0.419706 0.419706
vt 0.383337 0.449553
vt 0.341844 0.471731
vt 0.031250 1.000000
vt 0.031250 0.500000
vt 0.000000 1.000000
vt 0.000000 0.500000
vt 0.750000 0.490000
vt 0.796822 0.485388
vt 0.841844 0.471731
vt 0.883337 0.449553
vt 0.919706 0.419706
vt 0.949553 0.383337
vt 0.971731 0.341844
vt 0.985388 0.296822
vt 0.990000 0.250000
vt 0.985388 0.203178
vt 0.971731 0.158156
vt 0.949553 0.116663
vt 0.919706 0.080294
vt 0.883337 0.050447
vt 0.841844 0.028269
vt 0.796822 0.014612
vt 0.750000 0.010000
vt 0.703178 0.014612
vt 0.658156 0.028269
vt 0.616663 0.050447
vt 0.580294 0.080294
vt 0.550447 0.116663
vt 0.528269 0.158156
vt 0.514612 0.203178
vt 0.510000 0.250000
vt 0.514612 0.296822
vt 0.528269 0.341844
vt 0.550447 0.383337
vt 0.580294 0.419706
vt 0.616663 0.449553
vt 0.658156 0.471731
vt 0.703178 0.485388
s 0
usemtl Terracotta
f 2431/3448/2229 2432/3449/2229 2434/3450/2229 2433/3451/2229
f 2433/3451/2230 2434/3450/2230 2436/3452/2230 2435/3453/2230
f 2435/3453/2231 2436/3452/2231 2438/3454/2231 2437/3455/2231
f 2437/3455/2232 2438/3454/2232 2440/3456/2232 2439/3457/2232
f 2439/3457/2233 2440/3456/2233 2442/3458/2233 2441/3459/2233
f 2441/3459/2234 2442/3458/2234 2444/3460/2234 2443/3461/2234
f 2443/3461/2235 2444/3460/2235 2446/3462/2235 2445/3463/2235
f 2445/3463/2236 2446/3462/2236 2448/3464/2236 2447/3465/2236
f 2447/3465/2237 2448/3464/2237 2450/3466/2237 2449/3467/2237
f 2449/3467/2238 2450/3466/2238 2452/3468/2238 2451/3469/2238
f 2451/3469/2239 2452/3468/2239 2454/3470/2239 2453/3471/2239
f 2453/3471/2240 2454/3470/2240 2456/3472/2240 2455/3473/2240
f 2455/3473/2241 2456/3472/2241 2458/3474/2241 2457/3475/2241
f 2457/3475/2242 2458/3474/2242 2460/3476/2242 2459/3477/2242
f 2459/3477/2243 2460/3476/2243 2462/3478/2243 2461/3479/2243
f 2461/3479/2244 2462/3478/2244 2464/3480/2244 2463/3481/2244
f 2463/3481/2245 2464/3480/2245 2466/3482/2245 2465/3483/2245
f 2465/3483/2246 2466/3482/2246 2468/3484/2246 2467/3485/2246
f 2467/3485/2247 2468/3484/2247 2470/3486/2247 2469/3487/2247
f 2469/3487/2248 2470/3486/2248 2472/3488/2248 2471/3489/2248
f 2471/3489/2249 2472/3488/2249 2474/3490/2249 2473/3491/2249
f 2473/3491/2250 2474/3490/2250 2476/3492/2250 2475/3493/2250
f 2475/3493/2251 2476/3492/2251 2478/3494/2251 2477/3495/2251
f 2477/3495/2252 2478/3494/2252 2480/3496/2252 2479/3497/2252
f 2479/3497/2253 2480/3496/2253 2482/3498/2253 2481/3499/2253
f 2481/3499/2254 2482/3498/2254 2484/3500/2254 2483/3501/2254
f 2483/3501/2255 2484/3500/2255 2486/3502/2255 2485/3503/2255
f 2485/3503/2256 2486/3502/2256 2488/3504/2256 2487/3505/2256
f 2487/3505/2257 2488/3504/2257 2490/3506/2257 2489/3507/2257
f 2489/3507/2258 2490/3506/2258 2492/3508/2258 2491/3509/2258
f 2434/3510/2259 2432/3511/2259 2494/3512/2259 2492/3513/2259 2490/3514/2259 2488/3515/2259 2486/3516/2259 2484/3517/2259 2482/3518/2259 2480/3519/2259 2478/3520/2259 2476/3521/2259 2474/3522/2259 2472/3523/2259 2470/3524/2259 2468/3525/2259 2466/3526/2259 2464/3527/2259 2462/3528/2259 2460/3529/2259 2458/3530/2259 2456/3531/2259 2454/3532/2259 2452/3533/2259 2450/3534/2259 2448/3535/2259 2446/3536/2259 2444/3537/2259 2442/3538/2259 2440/3539/2259 2438/3540/2259 2436/3541/2259
f 2491/3509/2260 2492/3508/2260 2494/3542/2260 2493/3543/2260
f 2493/3543/2261 2494/3542/2261 2432/3544/2261 2431/3545/2261
f 2431/3546/2262 2433/3547/2262 2435/3548/2262 2437/3549/2262 2439/3550/2262 2441/3551/2262 2443/3552/2262 2445/3553/2262 2447/3554/2262 2449/3555/2262 2451/3556/2262 2453/3557/2262 2455/3558/2262 2457/3559/2262 2459/3560/2262 2461/3561/2262 2463/3562/2262 2465/3563/2262 2467/3564/2262 2469/3565/2262 2471/3566/2262 2473/3567/2262 2475/3568/2262 2477/3569/2262 2479/3570/2262 2481/3571/2262 2483/3572/2262 2485/3573/2262 2487/3574/2262 2489/3575/2262 2491/3576/2262 2493/3577/2262
o PlantFoliage_1
v -6.000000 1.415735 -2.777785
v -6.000000 1.277785 -2.915735
v -6.000000 1.097545 -2.990393
v -6.000000 1.000000 -3.000000
v -6.000000 0.902455 -2.990393
v -6.000000 0.722215 -2.915735
v -5.980970 1.490393 -2.595671
v -5.962671 1.461940 -2.687665
v -5.945807 1.415735 -2.772448
v -5.931025 1.353553 -2.846760
v -5.918894 1.277785 -2.907747
v -5.909880 1.191342 -2.953064
v -5.904329 1.097545 -2.980970
v -5.902455 1.000000 -2.990393
v -5.904329 0.902455 -2.980970
v -5.909880 0.808658 -2.953064
v -5.918894 0.722215 -2.907747
v -5.931025 0.646447 -2.846760
v -5.945807 0.584265 -2.772448
v -5.962671 0.538060 -2.687665
v -5.980970 0.509607 -2.595671
v -5.962671 1.490393 -2.590120
v -5.926777 1.461940 -2.676777
v -5.893696 1.415735 -2.756640
v -5.864701 1.353553 -2.826641
v -5.840905 1.277785 -2.884089
v -5.823223 1.191342 -2.926777
v -5.812335 1.097545 -2.953064
v -5.808658 1.000000 -2.961940
v -5.812335 0.902455 -2.953064
v -5.823223 0.808658 -2.926777
v -5.840905 0.722215 -2.884089
v -5.864701 0.646447 -2.826641
v -5.893696 0.584265 -2.756640
v -5.926777 0.538060 -2.676777
v -5.962671 0.509607 -2.590120
v -5.945807 1.490393 -2.581106
v -5.893696 1.461940 -2.659095
v -5.845671 1.415735 -2.730970
v -5.803576 1.353553 -2.793969
v -5.769030 1.277785 -2.845671
v -5.743360 1.191342 -2.884089
v -5.727552 1.097545 -2.907747
v -5.722215 1.000000 -2.915735
v -5.727552 0.902455 -2.907747
v -5.743360 0.808658 -2.884089
v -5.769030 0.722215 -2.845671
v -5.803576 0.646447 -2.793969
v -5.845671 0.584265 -2.730970
v -5.893696 0.538060 -2.659095
v -5.945807 0.509607 -2.581106
v -5.931025 1.490393 -2.568975
v -5.864701 1.461940 -2.635299
v -5.803576 1.415735 -2.696424
v -5.750000 1.353553 -2.750000
v -5.706031 1.277785 -2.793969
v -5.673359 1.191342 -2.826641
v -5.653240 1.097545 -2.846760
v -5.646447 1.000000 -2.853553
v -5.653240 0.902455 -2.846760
v -5.673359 0.808658 -2.826641
v -5.706031 0.722215 -2.793969
v -5.750000 0.646447 -2.750000
v -5.803576 0.584265 -2.696424
v -5.864701 0.538060 -2.635299
v -5.931025 0.509607 -2.568975
v -5.918894 1.490393 -2.554193
v -5.840905 1.461940 -2.606304
v -5.769030 1.415735 -2.654329
v -5.706031 1.353553 -2.696424
v -5.654329 1.277785 -2.730970
v -5.615911 1.191342 -2.756640
v -5.592254 1.097545 -2.772448
v -5.584265 1.000000 -2.777785
v -5.592254 0.902455 -2.772448
v -5.615911 0.808658 -2.756640
v -5.654329 0.722215 -2.730970
v -5.706031 0.646447 -2.696424
v -5.769030 0.584265 -2.654329
v -5.840905 0.538060 -2.606304
v -5.918894 0.509607 -2.554193
v -6.000000 1.500000 -2.500000
v -5.909880 1.490393 -2.537329
v -5.823223 1.461940 -2.573223
v -5.743360 1.415735 -2.606304
v -5.673359 1.353553 -2.635299
v -5.615911 1.277785 -2.659095
v -5.573223 1.191342 -2.676777
v -5.546937 1.097545 -2.687665
v -5.538060 1.000000 -2.691342
v -5.546937 0.902455 -2.687665
v -5.573223 0.808658 -2.676777
v -5.615911 0.722215 -2.659095
v -5.673359 0.646447 -2.635299
v -5.743360 0.584265 -2.606304
v -5.823223 0.538060 -2.573223
v -5.909880 0.509607 -2.537329
v -5.904329 1.490393 -2.519030
v -5.812335 1.461940 -2.537329
v -5.727552 1.415735 -2.554193
v -5.653240 1.353553 -2.568975
v -5.592254 1.277785 -2.581106
v -5.546937 1.191342 -2.590120
v -5.519030 1.097545 -2.595671
v -5.509607 1.000000 -2.597545
v -5.519030 0.902455 -2.595671
v -5.546937 0.808658 -2.590120
v -5.592254 0.722215 -2.581106
v -5.653240 0.646447 -2.568975
v -5.727552 0.584265 -2.554193
v -5.812335 0.538060 -2.537329
v -5.904329 0.509607 -2.519030
v -5.902455 1.490393 -2.500000
v -5.808658 1.461940 -2.500000
v -5.722215 1.415735 -2.500000
v -5.646447 1.353553 -2.500000
v -5.584265 1.277785 -2.500000
v -5.538060 1.191342 -2.500000
v -5.509607 1.097545 -2.500000
v -5.500000 1.000000 -2.500000
v -5.509607 0.902455 -2.500000
v -5.538060 0.808658 -2.500000
v -5.584265 0.722215 -2.500000
v -5.646447 0.646447 -2.500000
v -5.722215 0.584265 -2.500000
v -5.808658 0.538060 -2.500000
v -5.902455 0.509607 -2.500000
v -5.904329 1.490393 -2.480970
v -5.812335 1.461940 -2.462671
v -5.727552 1.415735 -2.445807
v -5.653240 1.353553 -2.431025
v -5.592254 1.277785 -2.418894
v -5.546937 1.191342 -2.409880
v -5.519030 1.097545 -2.404329
v -5.509607 1.000000 -2.402455
v -5.519030 0.902455 -2.404329
v -5.546937 0.808658 -2.409880
v -5.592254 0.722215 -2.418894
v -5.653240 0.646447 -2.431025
v -5.727552 0.584265 -2.445807
v -5.812335 0.538060 -2.462671
v -5.904329 0.509607 -2.480970
v -5.909880 1.490393 -2.462671
v -5.823223 1.461940 -2.426777
v -5.743360 1.415735 -2.393696
v -5.673359 1.353553 -2.364701
v -5.615911 1.277785 -2.340905
v -5.573223 1.191342 -2.323223
v -5.546937 1.097545 -2.312335
v -5.538061 1.000000 -2.308658
v -5.546937 0.902455 -2.312335
v -5.573223 0.808658 -2.323223
v -5.615911 0.722215 -2.340905
v -5.673359 0.646447 -2.364701
v -5.743360 0.584265 -2.393696
v -5.823223 0.538060 -2.426777
v -5.909880 0.509607 -2.462671
v -5.918894 1.490393 -2.445807
v -5.840905 1.461940 -2.393696
v -5.769030 1.415735 -2.345671
v -5.706031 1.353553 -2.303576
v -5.654329 1.277785 -2.269030
v -5.615911 1.191342 -2.243360
v -5.592254 1.097545 -2.227552
v -5.584265 1.000000 -2.222215
v -5.592254 0.902455 -2.227552
v -5.615911 0.808658 -2.243360
v -5.654329 0.722215 -2.269030
v -5.706031 0.646447 -2.303576
v -5.769030 0.584265 -2.345671
v -5.840905 0.538060 -2.393696
v -5.918894 0.509607 -2.445807
v -5.931025 1.490393 -2.431025
v -5.864701 1.461940 -2.364701
v -5.803576 1.415735 -2.303576
v -5.750000 1.353553 -2.250000
v -5.706031 1.277785 -2.206031
v -5.673359 1.191342 -2.173359
v -5.653240 1.097545 -2.153240
v -5.646447 1.000000 -2.146447
v -5.653240 0.902455 -2.153240
v -5.673359 0.808658 -2.173359
v -5.706031 0.722215 -2.206031
v -5.750000 0.646447 -2.250000
v -5.803576 0.584265 -2.303576
v -5.864701 0.538060 -2.364701
v -5.931025 0.509607 -2.431025
v -5.945807 1.490393 -2.418894
v -5.893696 1.461940 -2.340905
v -5.845671 1.415735 -2.269030
v -5.803576 1.353553 -2.206031
v -5.769030 1.277785 -2.154329
v -5.743360 1.191342 -2.115911
v -5.727552 1.097545 -2.092253
v -5.722215 1.000000 -2.084265
v -5.727552 0.902455 -2.092253
v -5.743360 0.808658 -2.115911
v -5.769030 0.722215 -2.154329
v -5.803576 0.646447 -2.206031
v -5.845671 0.584265 -2.269030
v -5.893696 0.538060 -2.340905
v -5.945807 0.509607 -2.418894
v -5.962671 1.490393 -2.409880
v -5.926777 1.461940 -2.323223
v -5.893696 1.415735 -2.243360
v -5.864701 1.353553 -2.173359
v -5.840905 1.277785 -2.115911
v -5.823223 1.191342 -2.073223
v -5.812335 1.097545 -2.046937
v -5.808659 1.000000 -2.038060
v -5.812335 0.902455 -2.046937
v -5.823223 0.808658 -2.073223
v -5.840905 0.722215 -2.115911
v -5.864701 0.646447 -2.173359
v -5.893696 0.584265 -2.243360
v -5.926777 0.538060 -2.323223
v -5.962671 0.509607 -2.409880
v -5.980970 1.490393 -2.404329
v -5.962671 1.461940 -2.312335
v -5.945807 1.415735 -2.227553
v -5.931025 1.353553 -2.153240
v -5.918894 1.277785 -2.092254
v -5.909880 1.191342 -2.046937
v -5.904329 1.097545 -2.019030
v -5.902455 1.000000 -2.009608
v -5.904329 0.902455 -2.019030
v -5.909880 0.808658 -2.046937
v -5.918894 0.722215 -2.092254
v -5.931025 0.646447 -2.153240
v -5.945807 0.584265 -2.227553
v -5.962671 0.538060 -2.312335
v -5.980970 0.509607 -2.404329
v -6.000000 1.490393 -2.402455
v -6.000000 1.461940 -2.308658
v -6.000000 1.415735 -2.222215
v -6.000000 1.353553 -2.146447
v -6.000000 1.277785 -2.084265
v -6.000000 1.191342 -2.038060
v -6.000000 1.097545 -2.009608
v -6.000000 1.000000 -2.000000
v -6.000000 0.902455 -2.009608
v -6.000000 0.808658 -2.038060
v -6.000000 0.722215 -2.084265
v -6.000000 0.646447 -2.146447
v -6.000000 0.584265 -2.222215
v -6.000000 0.538060 -2.308658
v -6.000000 0.509607 -2.402455
v -6.019030 1.490393 -2.404329
v -6.037329 1.461940 -2.312335
v -6.054193 1.415735 -2.227553
v -6.068975 1.353553 -2.153240
v -6.081106 1.277785 -2.092254
v -6.090120 1.191342 -2.046937
v -6.095671 1.097545 -2.019030
v -6.097545 1.000000 -2.009608
v -6.095671 0.902455 -2.019030
v -6.090120 0.808658 -2.046937
v -6.081106 0.722215 -2.092254
v -6.068975 0.646447 -2.153240
v -6.054193 0.584265 -2.227553
v -6.037329 0.538060 -2.312335
v -6.019030 0.509607 -2.404329
v -6.037329 1.490393 -2.409880
v -6.073223 1.461940 -2.323223
v -6.106304 1.415735 -2.243360
v -6.135299 1.353553 -2.173359
v -6.159095 1.277785 -2.115911
v -6.176776 1.191342 -2.073223
v -6.187665 1.097545 -2.046937
v -6.191342 1.000000 -2.038061
v -6.187665 0.902455 -2.046937
v -6.176776 0.808658 -2.073223
v -6.159095 0.722215 -2.115911
v -6.135299 0.646447 -2.173359
v -6.106304 0.584265 -2.243360
v -6.073223 0.538060 -2.323223
v -6.037329 0.509607 -2.409880
v -6.054193 1.490393 -2.418894
v -6.106304 1.461940 -2.340905
v -6.154329 1.415735 -2.269030
v -6.196424 1.353553 -2.206031
v -6.230970 1.277785 -2.154329
v -6.256640 1.191342 -2.115911
v -6.272448 1.097545 -2.092254
v -6.277785 1.000000 -2.084266
v -6.272448 0.902455 -2.092254
v -6.256640 0.808658 -2.115911
v -6.230970 0.722215 -2.154329
v -6.196424 0.646447 -2.206031
v -6.154329 0.584265 -2.269030
v -6.106304 0.538060 -2.340905
v -6.054193 0.509607 -2.418894
v -6.068975 1.490393 -2.431025
v -6.135299 1.461940 -2.364701
v -6.196424 1.415735 -2.303576
v -6.250000 1.353553 -2.250000
v -6.293969 1.277785 -2.206031
v -6.326641 1.191342 -2.173359
v -6.346760 1.097545 -2.153240
v -6.353553 1.000000 -2.146447
v -6.346760 0.902455 -2.153240
v -6.326641 0.808658 -2.173359
v -6.293969 0.722215 -2.206031
v -6.250000 0.646447 -2.250000
v -6.196424 0.584265 -2.303576
v -6.135299 0.538060 -2.364701
v -6.068975 0.509607 -2.431025
v -6.000000 0.500000 -2.500000
v -6.081106 1.490393 -2.445807
v -6.159095 1.461940 -2.393696
v -6.230970 1.415735 -2.345671
v -6.293969 1.353553 -2.303576
v -6.345671 1.277785 -2.269030
v -6.384089 1.191342 -2.243360
v -6.407746 1.097545 -2.227553
v -6.415735 1.000000 -2.222215
v -6.407746 0.902455 -2.227553
v -6.384089 0.808658 -2.243360
v -6.345671 0.722215 -2.269030
v -6.293969 0.646447 -2.303576
v -6.230970 0.584265 -2.345671
v -6.159095 0.538060 -2.393696
v -6.081106 0.509607 -2.445807
v -6.090120 1.490393 -2.462671
v -6.176776 1.461940 -2.426777
v -6.256640 1.415735 -2.393696
v -6.326641 1.353553 -2.364701
v -6.384089 1.277785 -2.340905
v -6.426776 1.191342 -2.323223
v -6.453063 1.097545 -2.312335
v -6.461939 1.000000 -2.308659
v -6.453063 0.902455 -2.312335
v -6.426776 0.808658 -2.323223
v -6.384089 0.722215 -2.340905
v -6.326641 0.646447 -2.364701
v -6.256640 0.584265 -2.393696
v -6.176776 0.538060 -2.426777
v -6.090120 0.509607 -2.462671
v -6.095671 1.490393 -2.480970
v -6.187665 1.461940 -2.462671
v -6.272448 1.415735 -2.445807
v -6.346760 1.353553 -2.431025
v -6.407746 1.277785 -2.418894
v -6.453063 1.191342 -2.409880
v -6.480970 1.097545 -2.404329
v -6.490392 1.000000 -2.402455
v -6.480970 0.902455 -2.404329
v -6.453063 0.808658 -2.409880
v -6.407746 0.722215 -2.418894
v -6.346760 0.646447 -2.431025
v -6.272448 0.584265 -2.445807
v -6.187665 0.538060 -2.462671
v -6.095671 0.509607 -2.480970
v -6.097545 1.490393 -2.500000
v -6.191341 1.461940 -2.500000
v -6.277785 1.415735 -2.500000
v -6.353553 1.353553 -2.500000
v -6.415735 1.277785 -2.500000
v -6.461940 1.191342 -2.500000
v -6.490392 1.097545 -2.500000
v -6.500000 1.000000 -2.500000
v -6.490392 0.902455 -2.500000
v -6.461940 0.808658 -2.500000
v -6.415735 0.722215 -2.500000
v -6.353553 0.646447 -2.500000
v -6.277785 0.584265 -2.500000
v -6.191341 0.538060 -2.500000
v -6.097545 0.509607 -2.500000
v -6.095671 1.490393 -2.519030
v -6.187665 1.461940 -2.537329
v -6.272447 1.415735 -2.554193
v -6.346760 1.353553 -2.568975
v -6.407746 1.277785 -2.581106
v -6.453063 1.191342 -2.590120
v -6.480969 1.097545 -2.595671
v -6.490392 1.000000 -2.597545
v -6.480969 0.902455 -2.595671
v -6.453063 0.808658 -2.590120
v -6.407746 0.722215 -2.581106
v -6.346760 0.646447 -2.568975
v -6.272447 0.584265 -2.554193
v -6.187665 0.538060 -2.537329
v -6.095671 0.509607 -2.519030
v -6.090120 1.490393 -2.537329
v -6.176776 1.461940 -2.573223
v -6.256639 1.415735 -2.606304
v -6.326641 1.353553 -2.635299
v -6.384089 1.277785 -2.659095
v -6.426776 1.191342 -2.676777
v -6.453063 1.097545 -2.687665
v -6.461939 1.000000 -2.691342
v -6.453063 0.902455 -2.687665
v -6.426776 0.808658 -2.676777
v -6.384089 0.722215 -2.659095
v -6.326641 0.646447 -2.635299
v -6.256639 0.584265 -2.606304
v -6.176776 0.538060 -2.573223
v -6.090120 0.509607 -2.537329
v -6.081106 1.490393 -2.554193
v -6.159095 1.461940 -2.606304
v -6.230969 1.415735 -2.654329
v -6.293969 1.353553 -2.696424
v -6.345671 1.277785 -2.730970
v -6.384089 1.191342 -2.756640
v -6.407746 1.097545 -2.772448
v -6.415734 1.000000 -2.777785
v -6.407746 0.902455 -2.772448
v -6.384089 0.808658 -2.756640
v -6.345671 0.722215 -2.730970
v -6.293969 0.646447 -2.696424
v -6.230969 0.584265 -2.654329
v -6.159095 0.538060 -2.606304
v -6.081106 0.509607 -2.554193
v -6.068975 1.490393 -2.568975
v -6.135299 1.461940 -2.635299
v -6.196424 1.415735 -2.696424
v -6.250000 1.353553 -2.750000
v -6.293969 1.277785 -2.793969
v -6.326641 1.191342 -2.826641
v -6.346760 1.097545 -2.846760
v -6.353553 1.000000 -2.853553
v -6.346760 0.902455 -2.846760
v -6.326641 0.808658 -2.826641
v -6.293969 0.722215 -2.793969
v -6.250000 0.646447 -2.750000
v -6.196424 0.584265 -2.696424
v -6.135299 0.538060 -2.635299
v -6.068975 0.509607 -2.568975
v -6.054193 1.490393 -2.581106
v -6.106304 1.461940 -2.659095
v -6.154329 1.415735 -2.730970
v -6.196424 1.353553 -2.793969
v -6.230969 1.277785 -2.845671
v -6.256640 1.191342 -2.884089
v -6.272447 1.097545 -2.907746
v -6.277785 1.000000 -2.915735
v -6.272447 0.902455 -2.907746
v -6.256640 0.808658 -2.884089
v -6.230969 0.722215 -2.845671
v -6.196424 0.646447 -2.793969
v -6.154329 0.584265 -2.730970
v -6.106304 0.538060 -2.659095
v -6.054193 0.509607 -2.581106
v -6.037329 1.490393 -2.590120
v -6.073223 1.461940 -2.676777
v -6.106304 1.415735 -2.756640
v -6.135299 1.353553 -2.826641
v -6.159095 1.277785 -2.884089
v -6.176776 1.191342 -2.926776
v -6.187665 1.097545 -2.953063
v -6.191341 1.000000 -2.961939
v -6.187665 0.902455 -2.953063
v -6.176776 0.808658 -2.926776
v -6.159095 0.722215 -2.884089
v -6.135299 0.646447 -2.826641
v -6.106304 0.584265 -2.756640
v -6.073223 0.538060 -2.676777
v -6.037329 0.509607 -2.590120
v -6.019030 1.490393 -2.595671
v -6.037329 1.461940 -2.687665
v -6.054193 1.415735 -2.772447
v -6.068975 1.353553 -2.846760
v -6.081106 1.277785 -2.907746
v -6.090120 1.191342 -2.953063
v -6.095671 1.097545 -2.980970
v -6.097545 1.000000 -2.990392
v -6.095671 0.902455 -2.980970
v -6.090120 0.808658 -2.953063
v -6.081106 0.722215 -2.907746
v -6.068975 0.646447 -2.846760
v -6.054193 0.584265 -2.772447
v -6.037329 0.538060 -2.687665
v -6.019030 0.509607 -2.595671
v -6.000000 1.490393 -2.597545
v -6.000000 1.461940 -2.691342
v -6.000000 1.353553 -2.853553
v -6.000000 1.191342 -2.961940
v -6.000000 0.808658 -2.961940
v -6.000000 0.646447 -2.853553
v -6.000000 0.584265 -2.777785
v -6.000000 0.538060 -2.691342
v -6.000000 0.509607 -2.597545
vn 0.0938 -0.2890 -0.9527
vn 0.0464 0.8810 -0.4709
vn 0.0865 -0.4696 -0.8786
vn 0.0624 0.7715 -0.6332
vn 0.0759 -0.6326 -0.7708
vn 0.0759 0.6326 -0.7708
vn 0.0624 -0.7715 -0.6332
vn 0.0865 0.4696 -0.8786
vn 0.0464 -0.8810 -0.4709
vn 0.0938 0.2890 -0.9527
vn 0.0286 -0.9565 -0.2902
vn 0.0975 0.0975 -0.9904
vn 0.0097 0.9951 -0.0980
vn 0.0097 -0.9951 -0.0980
vn 0.0975 -0.0975 -0.9904
vn 0.0286 0.9565 -0.2902
vn 0.0286 -0.9951 -0.0942
vn 0.2889 -0.0976 -0.9524
vn 0.0846 0.9565 -0.2790
vn 0.2779 -0.2890 -0.9161
vn 0.1374 0.8810 -0.4528
vn 0.2563 -0.4696 -0.8448
vn 0.1847 0.7715 -0.6088
vn 0.2248 -0.6326 -0.7412
vn 0.2248 0.6326 -0.7412
vn 0.1847 -0.7715 -0.6088
vn 0.2563 0.4696 -0.8448
vn 0.1374 -0.8810 -0.4528
vn 0.2779 0.2890 -0.9161
vn 0.0846 -0.9565 -0.2790
vn 0.2889 0.0976 -0.9524
vn 0.0286 0.9951 -0.0942
vn 0.2999 -0.7715 -0.5611
vn 0.4162 0.4696 -0.7786
vn 0.2230 -0.8810 -0.4173
vn 0.4513 0.2890 -0.8443
vn 0.1374 -0.9565 -0.2571
vn 0.4691 0.0975 -0.8777
vn 0.0464 0.9951 -0.0869
vn 0.0464 -0.9951 -0.0869
vn 0.4691 -0.0975 -0.8777
vn 0.1374 0.9565 -0.2571
vn 0.4513 -0.2890 -0.8443
vn 0.2230 0.8810 -0.4173
vn 0.4162 -0.4696 -0.7786
vn 0.2999 0.7715 -0.5611
vn 0.3651 -0.6326 -0.6831
vn 0.3651 0.6326 -0.6831
vn 0.1850 0.9565 -0.2254
vn 0.6073 -0.2890 -0.7400
vn 0.3002 0.8810 -0.3658
vn 0.5601 -0.4696 -0.6825
vn 0.4036 0.7715 -0.4918
vn 0.4913 -0.6326 -0.5987
vn 0.4913 0.6326 -0.5987
vn 0.4036 -0.7715 -0.4918
vn 0.5601 0.4696 -0.6825
vn 0.3002 -0.8810 -0.3658
vn 0.6073 0.2890 -0.7400
vn 0.1850 -0.9565 -0.2254
vn 0.6314 0.0975 -0.7693
vn 0.0625 0.9951 -0.0761
vn 0.0625 -0.9951 -0.0761
vn 0.6314 -0.0975 -0.7693
vn 0.6825 0.4696 -0.5601
vn 0.3658 -0.8810 -0.3002
vn 0.7400 0.2890 -0.6073
vn 0.2254 -0.9565 -0.1850
vn 0.7693 0.0975 -0.6314
vn 0.0761 0.9951 -0.0625
vn 0.0761 -0.9951 -0.0625
vn 0.7693 -0.0975 -0.6314
vn 0.2254 0.9565 -0.1850
vn 0.7400 -0.2890 -0.6073
vn 0.3658 0.8810 -0.3002
vn 0.6825 -0.4696 -0.5601
vn 0.4918 0.7715 -0.4036
vn 0.5987 -0.6326 -0.4913
vn 0.5987 0.6326 -0.4913
vn 0.4918 -0.7715 -0.4036
vn 0.8443 -0.2890 -0.4513
vn 0.4173 0.8810 -0.2230
vn 0.7786 -0.4696 -0.4162
vn 0.5611 0.7715 -0.2999
vn 0.6831 -0.6326 -0.3651
vn 0.6831 0.6326 -0.3651
vn 0.5611 -0.7715 -0.2999
vn 0.7786 0.4696 -0.4162
vn 0.4173 -0.8810 -0.2230
vn 0.8443 0.2890 -0.4513
vn 0.2571 -0.9565 -0.1374
vn 0.8777 0.0975 -0.4691
vn 0.0869 0.9951 -0.0464
vn 0.0869 -0.9951 -0.0464
vn 0.8777 -0.0975 -0.4691
vn 0.2571 0.9565 -0.1374
vn 0.4528 -0.8810 -0.1374
vn 0.9161 0.2890 -0.2779
vn 0.2790 -0.9565 -0.0846
vn 0.9524 0.0975 -0.2889
vn 0.0942 0.9951 -0.0286
vn 0.0942 -0.9951 -0.0286
vn 0.9524 -0.0975 -0.2889
vn 0.2790 0.9565 -0.0846
vn 0.9161 -0.2890 -0.2779
vn 0.4528 0.8810 -0.1374
vn 0.8448 -0.4696 -0.2563
vn 0.6088 0.7715 -0.1847
vn 0.7412 -0.6326 -0.2248
vn 0.7412 0.6326 -0.2248
vn 0.6088 -0.7715 -0.1847
vn 0.8448 0.4696 -0.2563
vn 0.4709 0.8810 -0.0464
vn 0.8786 -0.4696 -0.0865
vn 0.6332 0.7715 -0.0624
vn 0.7708 -0.6326 -0.0759
vn 0.7708 0.6326 -0.0759
vn 0.6332 -0.7715 -0.0624
vn 0.8786 0.4696 -0.0865
vn 0.4709 -0.8810 -0.0464
vn 0.9527 0.2890 -0.0938
vn 0.2902 -0.9565 -0.0286
vn 0.9904 0.0975 -0.0975
vn 0.0980 0.9951 -0.0097
vn 0.0980 -0.9951 -0.0097
vn 0.9904 -0.0975 -0.0975
vn 0.2902 0.9565 -0.0286
vn 0.9527 -0.2890 -0.0938
vn 0.9527 0.2890 0.0938
vn 0.2902 -0.9565 0.0286
vn 0.9904 0.0975 0.0976
vn 0.0980 0.9951 0.0097
vn 0.0980 -0.9951 0.0097
vn 0.9904 -0.0975 0.0976
vn 0.2902 0.9565 0.0286
vn 0.9527 -0.2890 0.0938
vn 0.4709 0.8810 0.0464
vn 0.8786 -0.4696 0.0865
vn 0.6332 0.7715 0.0624
vn 0.7708 -0.6326 0.0759
vn 0.7708 0.6326 0.0759
vn 0.6332 -0.7715 0.0624
vn 0.8786 0.4696 0.0865
vn 0.4709 -0.8810 0.0464
vn 0.8448 -0.4696 0.2563
vn 0.6088 0.7715 0.1847
vn 0.7412 -0.6326 0.2248
vn 0.7412 0.6326 0.2248
vn 0.6088 -0.7715 0.1847
vn 0.8448 0.4696 0.2563
vn 0.4528 -0.8810 0.1374
vn 0.9161 0.2890 0.2779
vn 0.2790 -0.9565 0.0846
vn 0.9524 0.0975 0.2889
vn 0.0942 0.9951 0.0286
vn 0.0942 -0.9951 0.0286
vn 0.9524 -0.0975 0.2889
vn 0.2790 0.9565 0.0846
vn 0.9161 -0.2890 0.2779
vn 0.4528 0.8810 0.1374
vn 0.2571 -0.9565 0.1374
vn 0.8777 0.0975 0.4691
vn 0.0869 0.9951 0.0464
vn 0.0869 -0.9951 0.0464
vn 0.8777 -0.0975 0.4691
vn 0.2571 0.9565 0.1374
vn 0.8443 -0.2890 0.4513
vn 0.4173 0.8810 0.2230
vn 0.7786 -0.4696 0.4162
vn 0.5611 0.7715 0.2999
vn 0.6831 -0.6326 0.3651
vn 0.6831 0.6326 0.3651
vn 0.5611 -0.7715 0.2999
vn 0.7786 0.4696 0.4162
vn 0.4173 -0.8810 0.2230
vn 0.8443 0.2890 0.4513
vn 0.5987 -0.6326 0.4913
vn 0.5987 0.6326 0.4913
vn 0.4918 -0.7715 0.4036
vn 0.6825 0.4696 0.5601
vn 0.3658 -0.8810 0.3002
vn 0.7400 0.2890 0.6073
vn 0.2254 -0.9565 0.1850
vn 0.7693 0.0975 0.6314
vn 0.0761 0.9951 0.0625
vn 0.0761 -0.9951 0.0625
vn 0.7693 -0.0975 0.6314
vn 0.2254 0.9565 0.1850
vn 0.7400 -0.2890 0.6073
vn 0.3658 0.8810 0.3002
vn 0.6825 -0.4696 0.5601
vn 0.4918 0.7715 0.4036
vn 0.0625 0.9951 0.0761
vn 0.0625 -0.9951 0.0761
vn 0.6314 -0.0975 0.7693
vn 0.1850 0.9565 0.2254
vn 0.6073 -0.2890 0.7400
vn 0.3002 0.8810 0.3658
vn 0.5601 -0.4696 0.6825
vn 0.4036 0.7715 0.4918
vn 0.4913 -0.6326 0.5987
vn 0.4913 0.6326 0.5987
vn 0.4036 -0.7715 0.4918
vn 0.5601 0.4696 0.6825
vn 0.3002 -0.8810 0.3658
vn 0.6073 0.2890 0.7400
vn 0.1850 -0.9565 0.2254
vn 0.6314 0.0975 0.7693
vn 0.3651 0.6326 0.6831
vn 0.2999 -0.7715 0.5611
vn 0.4162 0.4696 0.7786
vn 0.2230 -0.8810 0.4173
vn 0.4513 0.2890 0.8443
vn 0.1374 -0.9565 0.2571
vn 0.4691 0.0975 0.8777
vn 0.0464 0.9951 0.0869
vn 0.0464 -0.9951 0.0869
vn 0.4691 -0.0975 0.8777
vn 0.1374 0.9565 0.2571
vn 0.4513 -0.2890 0.8443
vn 0.2230 0.8810 0.4173
vn 0.4162 -0.4696 0.7786
vn 0.2999 0.7715 0.5611
vn 0.3651 -0.6326 0.6831
vn 0.2889 -0.0975 0.9524
vn 0.0846 0.9565 0.2790
vn 0.2779 -0.2890 0.9161
vn 0.1374 0.8810 0.4528
vn 0.2563 -0.4696 0.8448
vn 0.1847 0.7715 0.6088
vn 0.2248 -0.6326 0.7412
vn 0.2248 0.6326 0.7412
vn 0.1847 -0.7715 0.6088
vn 0.2563 0.4696 0.8448
vn 0.1374 -0.8810 0.4528
vn 0.2779 0.2890 0.9161
vn 0.0846 -0.9565 0.2790
vn 0.2889 0.0975 0.9524
vn 0.0286 0.9951 0.0942
vn 0.0286 -0.9951 0.0942
vn 0.0624 -0.7715 0.6332
vn 0.0865 0.4696 0.8786
vn 0.0464 -0.8810 0.4709
vn 0.0938 0.2890 0.9527
vn 0.0286 -0.9565 0.2902
vn 0.0975 0.0975 0.9904
vn 0.0097 0.9951 0.0980
vn 0.0097 -0.9951 0.0980
vn 0.0975 -0.0975 0.9904
vn 0.0286 0.9565 0.2902
vn 0.0938 -0.2890 0.9527
vn 0.0464 0.8810 0.4709
vn 0.0865 -0.4696 0.8786
vn 0.0624 0.7715 0.6332
vn 0.0759 -0.6326 0.7708
vn 0.0759 0.6326 0.7708
vn -0.0286 0.9565 0.2902
vn -0.0938 -0.2890 0.9527
vn -0.0464 0.8810 0.4709
vn -0.0865 -0.4696 0.8786
vn -0.0624 0.7715 0.6332
vn -0.0759 -0.6326 0.7708
vn -0.0759 0.6326 0.7708
vn -0.0624 -0.7715 0.6332
vn -0.0865 0.4696 0.8786
vn -0.0464 -0.8810 0.4709
vn -0.0938 0.2890 0.9527
vn -0.0286 -0.9565 0.2902
vn -0.0976 0.0975 0.9904
vn -0.0097 0.9951 0.0980
vn -0.0097 -0.9951 0.0980
vn -0.0976 -0.0975 0.9904
vn -0.2563 0.4696 0.8448
vn -0.1374 -0.8810 0.4528
vn -0.2779 0.2890 0.9161
vn -0.0846 -0.9565 0.2790
vn -0.2889 0.0975 0.9524
vn -0.0286 0.9951 0.0942
vn -0.0286 -0.9951 0.0942
vn -0.2889 -0.0975 0.9524
vn -0.0846 0.9565 0.2790
vn -0.2779 -0.2890 0.9161
vn -0.1374 0.8810 0.4528
vn -0.2563 -0.4696 0.8448
vn -0.1847 0.7715 0.6088
vn -0.2248 -0.6326 0.7412
vn -0.2248 0.6326 0.7412
vn -0.1847 -0.7715 0.6088
vn -0.4513 -0.2890 0.8443
vn -0.2230 0.8810 0.4173
vn -0.4162 -0.4696 0.7786
vn -0.2999 0.7715 0.5611
vn -0.3651 -0.6326 0.6831
vn -0.3651 0.6326 0.6831
vn -0.2999 -0.7715 0.5611
vn -0.4162 0.4696 0.7786
vn -0.2230 -0.8810 0.4173
vn -0.4513 0.2890 0.8443
vn -0.1374 -0.9565 0.2571
vn -0.4691 0.0975 0.8777
vn -0.0464 0.9951 0.0869
vn -0.0464 -0.9951 0.0869
vn -0.4691 -0.0975 0.8777
vn -0.1374 0.9565 0.2571
vn -0.3002 -0.8810 0.3658
vn -0.6073 0.2890 0.7400
vn -0.1850 -0.9565 0.2254
vn -0.6314 0.0975 0.7693
vn -0.0625 0.9951 0.0761
vn -0.0625 -0.9951 0.0761
vn -0.6314 -0.0975 0.7693
vn -0.1850 0.9565 0.2254
vn -0.6073 -0.2890 0.7400
vn -0.3002 0.8810 0.3658
vn -0.5601 -0.4696 0.6825
vn -0.4036 0.7715 0.4918
vn -0.4913 -0.6326 0.5987
vn -0.4913 0.6326 0.5987
vn -0.4036 -0.7715 0.4918
vn -0.5601 0.4696 0.6825
vn -0.6825 -0.4696 0.5601
vn -0.4918 0.7715 0.4036
vn -0.5987 -0.6326 0.4913
vn -0.5987 0.6326 0.4913
vn -0.4918 -0.7715 0.4036
vn -0.6825 0.4696 0.5601
vn -0.3658 -0.8810 0.3002
vn -0.7400 0.2890 0.6073
vn -0.2254 -0.9565 0.1850
vn -0.7693 0.0975 0.6314
vn -0.0761 0.9951 0.0625
vn -0.0761 -0.9951 0.0625
vn -0.7693 -0.0975 0.6314
vn -0.2254 0.9565 0.1850
vn -0.7400 -0.2890 0.6073
vn -0.3658 0.8810 0.3002
vn -0.2571 -0.9565 0.1374
vn -0.8777 0.0975 0.4691
vn -0.0869 0.9951 0.0464
vn -0.0869 -0.9951 0.0464
vn -0.8777 -0.0975 0.4691
vn -0.2571 0.9565 0.1374
vn -0.8443 -0.2890 0.4513
vn -0.4173 0.8810 0.2230
vn -0.7786 -0.4696 0.4162
vn -0.5611 0.7715 0.2999
vn -0.6831 -0.6326 0.3651
vn -0.6831 0.6326 0.3651
vn -0.5611 -0.7715 0.2999
vn -0.7786 0.4696 0.4162
vn -0.4173 -0.8810 0.2230
vn -0.8443 0.2890 0.4513
vn -0.6088 0.7715 0.1847
vn -0.7412 -0.6326 0.2248
vn -0.7412 0.6326 0.2248
vn -0.6088 -0.7715 0.1847
vn -0.8448 0.4696 0.2563
vn -0.4528 -0.8810 0.1374
vn -0.9161 0.2890 0.2779
vn -0.2790 -0.9565 0.0846
vn -0.9524 0.0975 0.2889
vn -0.0942 0.9951 0.0286
vn -0.0942 -0.9951 0.0286
vn -0.9524 -0.0975 0.2889
vn -0.2790 0.9565 0.0846
vn -0.9161 -0.2890 0.2779
vn -0.4528 0.8810 0.1374
vn -0.8448 -0.4696 0.2563
vn -0.9904 0.0975 0.0975
vn -0.0980 0.9951 0.0097
vn -0.0980 -0.9951 0.0097
vn -0.9904 -0.0975 0.0975
vn -0.2902 0.9565 0.0286
vn -0.9527 -0.2890 0.0938
vn -0.4709 0.8810 0.0464
vn -0.8786 -0.4696 0.0865
vn -0.6332 0.7715 0.0624
vn -0.7708 -0.6326 0.0759
vn -0.7708 0.6326 0.0759
vn -0.6332 -0.7715 0.0624
vn -0.8786 0.4696 0.0865
vn -0.4709 -0.8810 0.0464
vn -0.9527 0.2890 0.0938
vn -0.2902 -0.9565 0.0286
vn -0.7708 -0.6326 -0.0759
vn -0.7708 0.6326 -0.0759
vn -0.6332 -0.7715 -0.0624
vn -0.8786 0.4696 -0.0865
vn -0.4709 -0.8810 -0.0464
vn -0.9527 0.2890 -0.0938
vn -0.2902 -0.9565 -0.0286
vn -0.9904 0.0975 -0.0976
vn -0.0980 0.9951 -0.0097
vn -0.0980 -0.9951 -0.0097
vn -0.9904 -0.0975 -0.0976
vn -0.2902 0.9565 -0.0286
vn -0.9527 -0.2890 -0.0938
vn -0.4709 0.8810 -0.0464
vn -0.8786 -0.4696 -0.0865
vn -0.6332 0.7715 -0.0624
vn -0.0942 0.9951 -0.0286
vn -0.0942 -0.9951 -0.0286
vn -0.9524 -0.0975 -0.2889
vn -0.2790 0.9565 -0.0846
vn -0.9161 -0.2890 -0.2779
vn -0.4528 0.8810 -0.1374
vn -0.8448 -0.4696 -0.2563
vn -0.6088 0.7715 -0.1847
vn -0.7412 -0.6326 -0.2248
vn -0.7412 0.6326 -0.2248
vn -0.6088 -0.7715 -0.1847
vn -0.8448 0.4696 -0.2563
vn -0.4528 -0.8810 -0.1374
vn -0.9161 0.2890 -0.2779
vn -0.2790 -0.9565 -0.0846
vn -0.9524 0.0975 -0.2889
vn -0.6831 0.6326 -0.3651
vn -0.5611 -0.7715 -0.2999
vn -0.7786 0.4696 -0.4162
vn -0.4173 -0.8810 -0.2231
vn -0.8443 0.2890 -0.4513
vn -0.2571 -0.9565 -0.1374
vn -0.8777 0.0975 -0.4691
vn -0.0869 0.9951 -0.0464
vn -0.0869 -0.9951 -0.0464
vn -0.8777 -0.0975 -0.4691
vn -0.2571 0.9565 -0.1374
vn -0.8443 -0.2890 -0.4513
vn -0.4173 0.8810 -0.2231
vn -0.7786 -0.4696 -0.4162
vn -0.5611 0.7715 -0.2999
vn -0.6831 -0.6326 -0.3651
vn -0.7693 -0.0975 -0.6314
vn -0.2254 0.9565 -0.1850
vn -0.7400 -0.2890 -0.6073
vn -0.3658 0.8810 -0.3002
vn -0.6825 -0.4696 -0.5601
vn -0.4918 0.7715 -0.4036
vn -0.5987 -0.6326 -0.4913
vn -0.5987 0.6326 -0.4913
vn -0.4918 -0.7715 -0.4036
vn -0.6825 0.4696 -0.5601
vn -0.3658 -0.8810 -0.3002
vn -0.7400 0.2890 -0.6073
vn -0.2254 -0.9565 -0.1850
vn -0.7693 0.0975 -0.6314
vn -0.0761 0.9951 -0.0625
vn -0.0761 -0.9951 -0.0625
vn -0.4036 -0.7715 -0.4918
vn -0.5601 0.4696 -0.6825
vn -0.3002 -0.8810 -0.3658
vn -0.6073 0.2890 -0.7400
vn -0.1850 -0.9565 -0.2254
vn -0.6314 0.0975 -0.7693
vn -0.0625 0.9951 -0.0761
vn -0.0625 -0.9951 -0.0761
vn -0.6314 -0.0975 -0.7693
vn -0.1850 0.9565 -0.2254
vn -0.6073 -0.2890 -0.7400
vn -0.3002 0.8810 -0.3658
vn -0.5601 -0.4696 -0.6825
vn -0.4036 0.7715 -0.4918
vn -0.4913 -0.6326 -0.5987
vn -0.4913 0.6326 -0.5987
vn -0.4513 -0.2890 -0.8443
vn -0.2230 0.8810 -0.4173
vn -0.4162 -0.4696 -0.7786
vn -0.2999 0.7715 -0.5611
vn -0.3651 -0.6326 -0.6831
vn -0.3651 0.6326 -0.6831
vn -0.2999 -0.7715 -0.5611
vn -0.4162 0.4696 -0.7786
vn -0.2230 -0.8810 -0.4173
vn -0.4513 0.2890 -0.8443
vn -0.1374 -0.9565 -0.2571
vn -0.4691 0.0975 -0.8777
vn -0.0464 0.9951 -0.0869
vn -0.0464 -0.9951 -0.0869
vn -0.4691 -0.0975 -0.8777
vn -0.1374 0.9565 -0.2571
vn -0.1374 -0.8810 -0.4528
vn -0.2779 0.2890 -0.9161
vn -0.0846 -0.9565 -0.2790
vn -0.2889 0.0975 -0.9524
vn -0.0286 0.9951 -0.0942
vn -0.0286 -0.9951 -0.0942
vn -0.2889 -0.0975 -0.9524
vn -0.0846 0.9565 -0.2790
vn -0.2779 -0.2890 -0.9161
vn -0.1374 0.8810 -0.4528
vn -0.2563 -0.4696 -0.8448
vn -0.1847 0.7715 -0.6088
vn -0.2248 -0.6326 -0.7412
vn -0.2248 0.6326 -0.7412
vn -0.1847 -0.7715 -0.6088
vn -0.2563 0.4696 -0.8448
vn -0.0464 0.8810 -0.4709
vn -0.0865 -0.4696 -0.8786
vn -0.0624 0.7715 -0.6332
vn -0.0759 -0.6326 -0.7708
vn -0.0759 0.6326 -0.7708
vn -0.0624 -0.7715 -0.6332
vn -0.0865 0.4696 -0.8786
vn -0.0464 -0.8810 -0.4709
vn -0.0938 0.2890 -0.9527
vn -0.0286 -0.9565 -0.2902
vn -0.0976 0.0975 -0.9904
vn -0.0097 0.9951 -0.0980
vn -0.0097 -0.9951 -0.0980
vn -0.0976 -0.0975 -0.9904
vn -0.0286 0.9565 -0.2902
vn -0.0938 -0.2890 -0.9527
vt 0.750000 0.375000
vt 0.750000 0.437500
vt 0.718750 0.437500
vt 0.718750 0.375000
vt 0.750000 0.812500
vt 0.750000 0.875000
vt 0.718750 0.875000
vt 0.718750 0.812500
vt 0.750000 0.312500
vt 0.718750 0.312500
vt 0.750000 0.750000
vt 0.718750 0.750000
vt 0.750000 0.250000
vt 0.718750 0.250000
vt 0.750000 0.687500
vt 0.718750 0.687500
vt 0.750000 0.187500
vt 0.718750 0.187500
vt 0.750000 0.625000
vt 0.718750 0.625000
vt 0.750000 0.125000
vt 0.718750 0.125000
vt 0.750000 0.562500
vt 0.718750 0.562500
vt 0.750000 0.062500
vt 0.718750 0.062500
vt 0.750000 0.500000
vt 0.718750 0.500000
vt 0.750000 0.937500
vt 0.734375 1.000000
vt 0.718750 0.937500
vt 0.734375 0.000000
vt 0.703125 0.000000
vt 0.687500 0.062500
vt 0.687500 0.500000
vt 0.687500 0.437500
vt 0.687500 0.937500
vt 0.687500 0.875000
vt 0.687500 0.375000
vt 0.687500 0.812500
vt 0.687500 0.312500
vt 0.687500 0.750000
vt 0.687500 0.250000
vt 0.687500 0.687500
vt 0.687500 0.187500
vt 0.687500 0.625000
vt 0.687500 0.125000
vt 0.687500 0.562500
vt 0.703125 1.000000
vt 0.656250 0.250000
vt 0.656250 0.187500
vt 0.656250 0.687500
vt 0.656250 0.625000
vt 0.656250 0.125000
vt 0.656250 0.562500
vt 0.656250 0.062500
vt 0.656250 0.500000
vt 0.671875 1.000000
vt 0.656250 0.937500
vt 0.671875 0.000000
vt 0.656250 0.437500
vt 0.656250 0.875000
vt 0.656250 0.375000
vt 0.656250 0.812500
vt 0.656250 0.312500
vt 0.656250 0.750000
vt 0.625000 0.937500
vt 0.625000 0.875000
vt 0.625000 0.437500
vt 0.625000 0.375000
vt 0.625000 0.812500
vt 0.625000 0.312500
vt 0.625000 0.750000
vt 0.625000 0.250000
vt 0.625000 0.687500
vt 0.625000 0.187500
vt 0.625000 0.625000
vt 0.625000 0.125000
vt 0.625000 0.562500
vt 0.625000 0.062500
vt 0.625000 0.500000
vt 0.640625 1.000000
vt 0.640625 0.000000
vt 0.593750 0.687500
vt 0.593750 0.625000
vt 0.593750 0.187500
vt 0.593750 0.125000
vt 0.593750 0.562500
vt 0.593750 0.062500
vt 0.593750 0.500000
vt 0.609375 1.000000
vt 0.593750 0.937500
vt 0.609375 0.000000
vt 0.593750 0.437500
vt 0.593750 0.875000
vt 0.593750 0.375000
vt 0.593750 0.812500
vt 0.593750 0.312500
vt 0.593750 0.750000
vt 0.593750 0.250000
vt 0.562500 0.437500
vt 0.562500 0.375000
vt 0.562500 0.875000
vt 0.562500 0.812500
vt 0.562500 0.312500
vt 0.562500 0.750000
vt 0.562500 0.250000
vt 0.562500 0.687500
vt 0.562500 0.187500
vt 0.562500 0.625000
vt 0.562500 0.125000
vt 0.562500 0.562500
vt 0.562500 0.062500
vt 0.562500 0.500000
vt 0.578125 1.000000
vt 0.562500 0.937500
vt 0.578125 0.000000
vt 0.531250 0.187500
vt 0.531250 0.125000
vt 0.531250 0.625000
vt 0.531250 0.562500
vt 0.531250 0.062500
vt 0.531250 0.500000
vt 0.546875 1.000000
vt 0.531250 0.937500
vt 0.546875 0.000000
vt 0.531250 0.437500
vt 0.531250 0.875000
vt 0.531250 0.375000
vt 0.531250 0.812500
vt 0.531250 0.312500
vt 0.531250 0.750000
vt 0.531250 0.250000
vt 0.531250 0.687500
vt 0.500000 0.875000
vt 0.500000 0.812500
vt 0.500000 0.375000
vt 0.500000 0.312500
vt 0.500000 0.750000
vt 0.500000 0.250000
vt 0.500000 0.687500
vt 0.500000 0.187500
vt 0.500000 0.625000
vt 0.500000 0.125000
vt 0.500000 0.562500
vt 0.500000 0.062500
vt 0.500000 0.500000
vt 0.515625 1.000000
vt 0.500000 0.937500
vt 0.515625 0.000000
vt 0.500000 0.437500
vt 0.468750 0.625000
vt 0.468750 0.562500
vt 0.468750 0.125000
vt 0.468750 0.062500
vt 0.468750 0.500000
vt 0.484375 1.000000
vt 0.468750 0.937500
vt 0.484375 0.000000
vt 0.468750 0.437500
vt 0.468750 0.875000
vt 0.468750 0.375000
vt 0.468750 0.812500
vt 0.468750 0.312500
vt 0.468750 0.750000
vt 0.468750 0.250000
vt 0.468750 0.687500
vt 0.468750 0.187500
vt 0.437500 0.375000
vt 0.437500 0.312500
vt 0.437500 0.812500
vt 0.437500 0.750000
vt 0.437500 0.250000
vt 0.437500 0.687500
vt 0.437500 0.187500
vt 0.437500 0.625000
vt 0.437500 0.125000
vt 0.437500 0.562500
vt 0.437500 0.062500
vt 0.437500 0.500000
vt 0.453125 1.000000
vt 0.437500 0.937500
vt 0.453125 0.000000
vt 0.437500 0.437500
vt 0.437500 0.875000
vt 0.406250 0.125000
vt 0.406250 0.062500
vt 0.406250 0.562500
vt 0.406250 0.500000
vt 0.421875 1.000000
vt 0.406250 0.937500
vt 0.421875 0.000000
vt 0.406250 0.437500
vt 0.406250 0.875000
vt 0.406250 0.375000
vt 0.406250 0.812500
vt 0.406250 0.312500
vt 0.406250 0.750000
vt 0.406250 0.250000
vt 0.406250 0.687500
vt 0.406250 0.187500
vt 0.406250 0.625000
vt 0.375000 0.312500
vt 0.375000 0.250000
vt 0.375000 0.750000
vt 0.375000 0.687500
vt 0.375000 0.187500
vt 0.375000 0.625000
vt 0.375000 0.125000
vt 0.375000 0.562500
vt 0.375000 0.062500
vt 0.375000 0.500000
vt 0.390625 1.000000
vt 0.375000 0.937500
vt 0.390625 0.000000
vt 0.375000 0.437500
vt 0.375000 0.875000
vt 0.375000 0.375000
vt 0.375000 0.812500
vt 0.359375 1.000000
vt 0.343750 0.937500
vt 0.359375 0.000000
vt 0.343750 0.062500
vt 0.343750 0.500000
vt 0.343750 0.437500
vt 0.343750 0.875000
vt 0.343750 0.375000
vt 0.343750 0.812500
vt 0.343750 0.312500
vt 0.343750 0.750000
vt 0.343750 0.250000
vt 0.343750 0.687500
vt 0.343750 0.187500
vt 0.343750 0.625000
vt 0.343750 0.125000
vt 0.343750 0.562500
vt 0.312500 0.750000
vt 0.312500 0.687500
vt 0.312500 0.250000
vt 0.312500 0.187500
vt 0.312500 0.625000
vt 0.312500 0.125000
vt 0.312500 0.562500
vt 0.312500 0.062500
vt 0.312500 0.500000
vt 0.328125 1.000000
vt 0.312500 0.937500
vt 0.328125 0.000000
vt 0.312500 0.437500
vt 0.312500 0.875000
vt 0.312500 0.375000
vt 0.312500 0.812500
vt 0.312500 0.312500
vt 0.281250 0.500000
vt 0.281250 0.437500
vt 0.281250 0.937500
vt 0.281250 0.875000
vt 0.281250 0.375000
vt 0.281250 0.812500
vt 0.281250 0.312500
vt 0.281250 0.750000
vt 0.281250 0.250000
vt 0.281250 0.687500
vt 0.281250 0.187500
vt 0.281250 0.625000
vt 0.281250 0.125000
vt 0.281250 0.562500
vt 0.281250 0.062500
vt 0.296875 1.000000
vt 0.296875 0.000000
vt 0.250000 0.250000
vt 0.250000 0.187500
vt 0.250000 0.687500
vt 0.250000 0.625000
vt 0.250000 0.125000
vt 0.250000 0.562500
vt 0.250000 0.062500
vt 0.250000 0.500000
vt 0.265625 1.000000
vt 0.250000 0.937500
vt 0.265625 0.000000
vt 0.250000 0.437500
vt 0.250000 0.875000
vt 0.250000 0.375000
vt 0.250000 0.812500
vt 0.250000 0.312500
vt 0.250000 0.750000
vt 0.218750 0.937500
vt 0.218750 0.875000
vt 0.218750 0.437500
vt 0.218750 0.375000
vt 0.218750 0.812500
vt 0.218750 0.312500
vt 0.218750 0.750000
vt 0.218750 0.250000
vt 0.218750 0.687500
vt 0.218750 0.187500
vt 0.218750 0.625000
vt 0.218750 0.125000
vt 0.218750 0.562500
vt 0.218750 0.062500
vt 0.218750 0.500000
vt 0.234375 1.000000
vt 0.234375 0.000000
vt 0.187500 0.687500
vt 0.187500 0.625000
vt 0.187500 0.187500
vt 0.187500 0.125000
vt 0.187500 0.562500
vt 0.187500 0.062500
vt 0.187500 0.500000
vt 0.203125 1.000000
vt 0.187500 0.937500
vt 0.203125 0.000000
vt 0.187500 0.437500
vt 0.187500 0.875000
vt 0.187500 0.375000
vt 0.187500 0.812500
vt 0.187500 0.312500
vt 0.187500 0.750000
vt 0.187500 0.250000
vt 0.156250 0.437500
vt 0.156250 0.375000
vt 0.156250 0.875000
vt 0.156250 0.812500
vt 0.156250 0.312500
vt 0.156250 0.750000
vt 0.156250 0.250000
vt 0.156250 0.687500
vt 0.156250 0.187500
vt 0.156250 0.625000
vt 0.156250 0.125000
vt 0.156250 0.562500
vt 0.156250 0.062500
vt 0.156250 0.500000
vt 0.171875 1.000000
vt 0.156250 0.937500
vt 0.171875 0.000000
vt 0.125000 0.187500
vt 0.125000 0.125000
vt 0.125000 0.625000
vt 0.125000 0.562500
vt 0.125000 0.062500
vt 0.125000 0.500000
vt 0.140625 1.000000
vt 0.125000 0.937500
vt 0.140625 0.000000
vt 0.125000 0.437500
vt 0.125000 0.875000
vt 0.125000 0.375000
vt 0.125000 0.812500
vt 0.125000 0.312500
vt 0.125000 0.750000
vt 0.125000 0.250000
vt 0.125000 0.687500
vt 0.093750 0.375000
vt 0.093750 0.312500
vt 0.093750 0.812500
vt 0.093750 0.750000
vt 0.093750 0.250000
vt 0.093750 0.687500
vt 0.093750 0.187500
vt 0.093750 0.625000
vt 0.093750 0.125000
vt 0.093750 0.562500
vt 0.093750 0.062500
vt 0.093750 0.500000
vt 0.109375 1.000000
vt 0.093750 0.937500
vt 0.109375 0.000000
vt 0.093750 0.437500
vt 0.093750 0.875000
vt 0.062500 0.125000
vt 0.062500 0.062500
vt 0.062500 0.562500
vt 0.062500 0.500000
vt 0.078125 1.000000
vt 0.062500 0.937500
vt 0.078125 0.000000
vt 0.062500 0.437500
vt 0.062500 0.875000
vt 0.062500 0.375000
vt 0.062500 0.812500
vt 0.062500 0.312500
vt 0.062500 0.750000
vt 0.062500 0.250000
vt 0.062500 0.687500
vt 0.062500 0.187500
vt 0.062500 0.625000
vt 0.031250 0.812500
vt 0.031250 0.750000
vt 0.031250 0.312500
vt 0.031250 0.250000
vt 0.031250 0.687500
vt 0.031250 0.187500
vt 0.031250 0.625000
vt 0.031250 0.125000
vt 0.031250 0.562500
vt 0.031250 0.062500
vt 0.031250 0.500000
vt 0.046875 1.000000
vt 0.031250 0.937500
vt 0.046875 0.000000
vt 0.031250 0.437500
vt 0.031250 0.875000
vt 0.031250 0.375000
vt 0.000000 0.562500
vt 0.000000 0.500000
vt 0.015625 1.000000
vt 0.000000 0.937500
vt 0.015625 0.000000
vt 0.000000 0.062500
vt 0.000000 0.437500
vt 0.000000 0.875000
vt 0.000000 0.375000
vt 0.000000 0.812500
vt 0.000000 0.312500
vt 0.000000 0.750000
vt 0.000000 0.250000
vt 0.000000 0.687500
vt 0.000000 0.187500
vt 0.000000 0.625000
vt 0.000000 0.125000
vt 1.000000 0.250000
vt 1.000000 0.312500
vt 0.968750 0.312500
vt 0.968750 0.250000
vt 1.000000 0.687500
vt 1.000000 0.750000
vt 0.968750 0.750000
vt 0.968750 0.687500
vt 1.000000 0.187500
vt 0.968750 0.187500
vt 1.000000 0.625000
vt 0.968750 0.625000
vt 1.000000 0.125000
vt 0.968750 0.125000
vt 1.000000 0.562500
vt 0.968750 0.562500
vt 1.000000 0.062500
vt 0.968750 0.062500
vt 1.000000 0.500000
vt 0.968750 0.500000
vt 1.000000 0.937500
vt 0.984375 1.000000
vt 0.968750 0.937500
vt 0.984375 0.000000
vt 1.000000 0.437500
vt 0.968750 0.437500
vt 1.000000 0.875000
vt 0.968750 0.875000
vt 1.000000 0.375000
vt 0.968750 0.375000
vt 1.000000 0.812500
vt 0.968750 0.812500
vt 0.953125 1.000000
vt 0.937500 0.937500
vt 0.953125 0.000000
vt 0.937500 0.062500
vt 0.937500 0.500000
vt 0.937500 0.437500
vt 0.937500 0.875000
vt 0.937500 0.375000
vt 0.937500 0.812500
vt 0.937500 0.312500
vt 0.937500 0.750000
vt 0.937500 0.250000
vt 0.937500 0.687500
vt 0.937500 0.187500
vt 0.937500 0.625000
vt 0.937500 0.125000
vt 0.937500 0.562500
vt 0.906250 0.750000
vt 0.906250 0.687500
vt 0.906250 0.250000
vt 0.906250 0.187500
vt 0.906250 0.625000
vt 0.906250 0.125000
vt 0.906250 0.562500
vt 0.906250 0.062500
vt 0.906250 0.500000
vt 0.921875 1.000000
vt 0.906250 0.937500
vt 0.921875 0.000000
vt 0.906250 0.437500
vt 0.906250 0.875000
vt 0.906250 0.375000
vt 0.906250 0.812500
vt 0.906250 0.312500
vt 0.875000 0.500000
vt 0.875000 0.437500
vt 0.875000 0.937500
vt 0.875000 0.875000
vt 0.875000 0.375000
vt 0.875000 0.812500
vt 0.875000 0.312500
vt 0.875000 0.750000
vt 0.875000 0.250000
vt 0.875000 0.687500
vt 0.875000 0.187500
vt 0.875000 0.625000
vt 0.875000 0.125000
vt 0.875000 0.562500
vt 0.875000 0.062500
vt 0.890625 1.000000
vt 0.890625 0.000000
vt 0.843750 0.250000
vt 0.843750 0.187500
vt 0.843750 0.687500
vt 0.843750 0.625000
vt 0.843750 0.125000
vt 0.843750 0.562500
vt 0.843750 0.062500
vt 0.843750 0.500000
vt 0.859375 1.000000
vt 0.843750 0.937500
vt 0.859375 0.000000
vt 0.843750 0.437500
vt 0.843750 0.875000
vt 0.843750 0.375000
vt 0.843750 0.812500
vt 0.843750 0.312500
vt 0.843750 0.750000
vt 0.812500 0.437500
vt 0.812500 0.375000
vt 0.812500 0.875000
vt 0.812500 0.812500
vt 0.812500 0.312500
vt 0.812500 0.750000
vt 0.812500 0.250000
vt 0.812500 0.687500
vt 0.812500 0.187500
vt 0.812500 0.625000
vt 0.812500 0.125000
vt 0.812500 0.562500
vt 0.812500 0.062500
vt 0.812500 0.500000
vt 0.828125 1.000000
vt 0.812500 0.937500
vt 0.828125 0.000000
vt 0.781250 0.187500
vt 0.781250 0.125000
vt 0.781250 0.625000
vt 0.781250 0.562500
vt 0.781250 0.062500
vt 0.781250 0.500000
vt 0.796875 1.000000
vt 0.781250 0.937500
vt 0.796875 0.000000
vt 0.781250 0.437500
vt 0.781250 0.875000
vt 0.781250 0.375000
vt 0.781250 0.812500
vt 0.781250 0.312500
vt 0.781250 0.750000
vt 0.781250 0.250000
vt 0.781250 0.687500
vt 0.765625 1.000000
vt 0.765625 0.000000
s 0
usemtl Foliage
f 2972/3578/2263 2499/3579/2263 2509/3580/2263 2510/3581/2263
f 2495/3582/2264 2969/3583/2264 2502/3584/2264 2503/3585/2264
f 2500/3586/2265 2972/3578/2265 2510/3581/2265 2511/3587/2265
f 2970/3588/2266 2495/3582/2266 2503/3585/2266 2504/3589/2266
f 2973/3590/2267 2500/3586/2267 2511/3587/2267 2512/3591/2267
f 2496/3592/2268 2970/3588/2268 2504/3589/2268 2505/3593/2268
f 2974/3594/2269 2973/3590/2269 2512/3591/2269 2513/3595/2269
f 2971/3596/2270 2496/3592/2270 2505/3593/2270 2506/3597/2270
f 2975/3598/2271 2974/3594/2271 2513/3595/2271 2514/3599/2271
f 2497/3600/2272 2971/3596/2272 2506/3597/2272 2507/3601/2272
f 2976/3602/2273 2975/3598/2273 2514/3599/2273 2515/3603/2273
f 2498/3604/2274 2497/3600/2274 2507/3601/2274 2508/3605/2274
f 2968/3606/2275 2576/3607/2275 2501/3608/2275
f 2802/3609/2276 2976/3602/2276 2515/3603/2276
f 2499/3579/2277 2498/3604/2277 2508/3605/2277 2509/3580/2277
f 2969/3583/2278 2968/3606/2278 2501/3608/2278 2502/3584/2278
f 2802/3610/2279 2515/3603/2279 2530/3611/2279
f 2509/3580/2280 2508/3605/2280 2523/3612/2280 2524/3613/2280
f 2502/3584/2281 2501/3608/2281 2516/3614/2281 2517/3615/2281
f 2510/3581/2282 2509/3580/2282 2524/3613/2282 2525/3616/2282
f 2503/3585/2283 2502/3584/2283 2517/3615/2283 2518/3617/2283
f 2511/3587/2284 2510/3581/2284 2525/3616/2284 2526/3618/2284
f 2504/3589/2285 2503/3585/2285 2518/3617/2285 2519/3619/2285
f 2512/3591/2286 2511/3587/2286 2526/3618/2286 2527/3620/2286
f 2505/3593/2287 2504/3589/2287 2519/3619/2287 2520/3621/2287
f 2513/3595/2288 2512/3591/2288 2527/3620/2288 2528/3622/2288
f 2506/3597/2289 2505/3593/2289 2520/3621/2289 2521/3623/2289
f 2514/3599/2290 2513/3595/2290 2528/3622/2290 2529/3624/2290
f 2507/3601/2291 2506/3597/2291 2521/3623/2291 2522/3625/2291
f 2515/3603/2292 2514/3599/2292 2529/3624/2292 2530/3611/2292
f 2508/3605/2293 2507/3601/2293 2522/3625/2293 2523/3612/2293
f 2501/3608/2294 2576/3626/2294 2516/3614/2294
f 2528/3622/2295 2527/3620/2295 2542/3627/2295 2543/3628/2295
f 2521/3623/2296 2520/3621/2296 2535/3629/2296 2536/3630/2296
f 2529/3624/2297 2528/3622/2297 2543/3628/2297 2544/3631/2297
f 2522/3625/2298 2521/3623/2298 2536/3630/2298 2537/3632/2298
f 2530/3611/2299 2529/3624/2299 2544/3631/2299 2545/3633/2299
f 2523/3612/2300 2522/3625/2300 2537/3632/2300 2538/3634/2300
f 2516/3614/2301 2576/3635/2301 2531/3636/2301
f 2802/3637/2302 2530/3611/2302 2545/3633/2302
f 2524/3613/2303 2523/3612/2303 2538/3634/2303 2539/3638/2303
f 2517/3615/2304 2516/3614/2304 2531/3636/2304 2532/3639/2304
f 2525/3616/2305 2524/3613/2305 2539/3638/2305 2540/3640/2305
f 2518/3617/2306 2517/3615/2306 2532/3639/2306 2533/3641/2306
f 2526/3618/2307 2525/3616/2307 2540/3640/2307 2541/3642/2307
f 2519/3619/2308 2518/3617/2308 2533/3641/2308 2534/3643/2308
f 2527/3620/2309 2526/3618/2309 2541/3642/2309 2542/3627/2309
f 2520/3621/2310 2519/3619/2310 2534/3643/2310 2535/3629/2310
f 2532/3639/2311 2531/3636/2311 2546/3644/2311 2547/3645/2311
f 2540/3640/2312 2539/3638/2312 2554/3646/2312 2555/3647/2312
f 2533/3641/2313 2532/3639/2313 2547/3645/2313 2548/3648/2313
f 2541/3642/2314 2540/3640/2314 2555/3647/2314 2556/3649/2314
f 2534/3643/2315 2533/3641/2315 2548/3648/2315 2549/3650/2315
f 2542/3627/2316 2541/3642/2316 2556/3649/2316 2557/3651/2316
f 2535/3629/2317 2534/3643/2317 2549/3650/2317 2550/3652/2317
f 2543/3628/2318 2542/3627/2318 2557/3651/2318 2558/3653/2318
f 2536/3630/2319 2535/3629/2319 2550/3652/2319 2551/3654/2319
f 2544/3631/2320 2543/3628/2320 2558/3653/2320 2559/3655/2320
f 2537/3632/2321 2536/3630/2321 2551/3654/2321 2552/3656/2321
f 2545/3633/2322 2544/3631/2322 2559/3655/2322 2560/3657/2322
f 2538/3634/2323 2537/3632/2323 2552/3656/2323 2553/3658/2323
f 2531/3636/2324 2576/3659/2324 2546/3644/2324
f 2802/3660/2325 2545/3633/2325 2560/3657/2325
f 2539/3638/2326 2538/3634/2326 2553/3658/2326 2554/3646/2326
f 2551/3654/2327 2550/3652/2327 2565/3661/2327 2566/3662/2327
f 2559/3655/2328 2558/3653/2328 2573/3663/2328 2574/3664/2328
f 2552/3656/2329 2551/3654/2329 2566/3662/2329 2567/3665/2329
f 2560/3657/2330 2559/3655/2330 2574/3664/2330 2575/3666/2330
f 2553/3658/2331 2552/3656/2331 2567/3665/2331 2568/3667/2331
f 2546/3644/2332 2576/3668/2332 2561/3669/2332
f 2802/3670/2333 2560/3657/2333 2575/3666/2333
f 2554/3646/2334 2553/3658/2334 2568/3667/2334 2569/3671/2334
f 2547/3645/2335 2546/3644/2335 2561/3669/2335 2562/3672/2335
f 2555/3647/2336 2554/3646/2336 2569/3671/2336 2570/3673/2336
f 2548/3648/2337 2547/3645/2337 2562/3672/2337 2563/3674/2337
f 2556/3649/2338 2555/3647/2338 2570/3673/2338 2571/3675/2338
f 2549/3650/2339 2548/3648/2339 2563/3674/2339 2564/3676/2339
f 2557/3651/2340 2556/3649/2340 2571/3675/2340 2572/3677/2340
f 2550/3652/2341 2549/3650/2341 2564/3676/2341 2565/3661/2341
f 2558/3653/2342 2557/3651/2342 2572/3677/2342 2573/3663/2342
f 2570/3673/2343 2569/3671/2343 2585/3678/2343 2586/3679/2343
f 2563/3674/2344 2562/3672/2344 2578/3680/2344 2579/3681/2344
f 2571/3675/2345 2570/3673/2345 2586/3679/2345 2587/3682/2345
f 2564/3676/2346 2563/3674/2346 2579/3681/2346 2580/3683/2346
f 2572/3677/2347 2571/3675/2347 2587/3682/2347 2588/3684/2347
f 2565/3661/2348 2564/3676/2348 2580/3683/2348 2581/3685/2348
f 2573/3663/2349 2572/3677/2349 2588/3684/2349 2589/3686/2349
f 2566/3662/2350 2565/3661/2350 2581/3685/2350 2582/3687/2350
f 2574/3664/2351 2573/3663/2351 2589/3686/2351 2590/3688/2351
f 2567/3665/2352 2566/3662/2352 2582/3687/2352 2583/3689/2352
f 2575/3666/2353 2574/3664/2353 2590/3688/2353 2591/3690/2353
f 2568/3667/2354 2567/3665/2354 2583/3689/2354 2584/3691/2354
f 2561/3669/2355 2576/3692/2355 2577/3693/2355
f 2802/3694/2356 2575/3666/2356 2591/3690/2356
f 2569/3671/2357 2568/3667/2357 2584/3691/2357 2585/3678/2357
f 2562/3672/2358 2561/3669/2358 2577/3693/2358 2578/3680/2358
f 2590/3688/2359 2589/3686/2359 2604/3695/2359 2605/3696/2359
f 2583/3689/2360 2582/3687/2360 2597/3697/2360 2598/3698/2360
f 2591/3690/2361 2590/3688/2361 2605/3696/2361 2606/3699/2361
f 2584/3691/2362 2583/3689/2362 2598/3698/2362 2599/3700/2362
f 2577/3693/2363 2576/3701/2363 2592/3702/2363
f 2802/3703/2364 2591/3690/2364 2606/3699/2364
f 2585/3678/2365 2584/3691/2365 2599/3700/2365 2600/3704/2365
f 2578/3680/2366 2577/3693/2366 2592/3702/2366 2593/3705/2366
f 2586/3679/2367 2585/3678/2367 2600/3704/2367 2601/3706/2367
f 2579/3681/2368 2578/3680/2368 2593/3705/2368 2594/3707/2368
f 2587/3682/2369 2586/3679/2369 2601/3706/2369 2602/3708/2369
f 2580/3683/2370 2579/3681/2370 2594/3707/2370 2595/3709/2370
f 2588/3684/2371 2587/3682/2371 2602/3708/2371 2603/3710/2371
f 2581/3685/2372 2580/3683/2372 2595/3709/2372 2596/3711/2372
f 2589/3686/2373 2588/3684/2373 2603/3710/2373 2604/3695/2373
f 2582/3687/2374 2581/3685/2374 2596/3711/2374 2597/3697/2374
f 2594/3707/2375 2593/3705/2375 2608/3712/2375 2609/3713/2375
f 2602/3708/2376 2601/3706/2376 2616/3714/2376 2617/3715/2376
f 2595/3709/2377 2594/3707/2377 2609/3713/2377 2610/3716/2377
f 2603/3710/2378 2602/3708/2378 2617/3715/2378 2618/3717/2378
f 2596/3711/2379 2595/3709/2379 2610/3716/2379 2611/3718/2379
f 2604/3695/2380 2603/3710/2380 2618/3717/2380 2619/3719/2380
f 2597/3697/2381 2596/3711/2381 2611/3718/2381 2612/3720/2381
f 2605/3696/2382 2604/3695/2382 2619/3719/2382 2620/3721/2382
f 2598/3698/2383 2597/3697/2383 2612/3720/2383 2613/3722/2383
f 2606/3699/2384 2605/3696/2384 2620/3721/2384 2621/3723/2384
f 2599/3700/2385 2598/3698/2385 2613/3722/2385 2614/3724/2385
f 2592/3702/2386 2576/3725/2386 2607/3726/2386
f 2802/3727/2387 2606/3699/2387 2621/3723/2387
f 2600/3704/2388 2599/3700/2388 2614/3724/2388 2615/3728/2388
f 2593/3705/2389 2592/3702/2389 2607/3726/2389 2608/3712/2389
f 2601/3706/2390 2600/3704/2390 2615/3728/2390 2616/3714/2390
f 2613/3722/2391 2612/3720/2391 2627/3729/2391 2628/3730/2391
f 2621/3723/2392 2620/3721/2392 2635/3731/2392 2636/3732/2392
f 2614/3724/2393 2613/3722/2393 2628/3730/2393 2629/3733/2393
f 2607/3726/2394 2576/3734/2394 2622/3735/2394
f 2802/3736/2395 2621/3723/2395 2636/3732/2395
f 2615/3728/2396 2614/3724/2396 2629/3733/2396 2630/3737/2396
f 2608/3712/2397 2607/3726/2397 2622/3735/2397 2623/3738/2397
f 2616/3714/2398 2615/3728/2398 2630/3737/2398 2631/3739/2398
f 2609/3713/2399 2608/3712/2399 2623/3738/2399 2624/3740/2399
f 2617/3715/2400 2616/3714/2400 2631/3739/2400 2632/3741/2400
f 2610/3716/2401 2609/3713/2401 2624/3740/2401 2625/3742/2401
f 2618/3717/2402 2617/3715/2402 2632/3741/2402 2633/3743/2402
f 2611/3718/2403 2610/3716/2403 2625/3742/2403 2626/3744/2403
f 2619/3719/2404 2618/3717/2404 2633/3743/2404 2634/3745/2404
f 2612/3720/2405 2611/3718/2405 2626/3744/2405 2627/3729/2405
f 2620/3721/2406 2619/3719/2406 2634/3745/2406 2635/3731/2406
f 2632/3741/2407 2631/3739/2407 2646/3746/2407 2647/3747/2407
f 2625/3742/2408 2624/3740/2408 2639/3748/2408 2640/3749/2408
f 2633/3743/2409 2632/3741/2409 2647/3747/2409 2648/3750/2409
f 2626/3744/2410 2625/3742/2410 2640/3749/2410 2641/3751/2410
f 2634/3745/2411 2633/3743/2411 2648/3750/2411 2649/3752/2411
f 2627/3729/2412 2626/3744/2412 2641/3751/2412 2642/3753/2412
f 2635/3731/2413 2634/3745/2413 2649/3752/2413 2650/3754/2413
f 2628/3730/2414 2627/3729/2414 2642/3753/2414 2643/3755/2414
f 2636/3732/2415 2635/3731/2415 2650/3754/2415 2651/3756/2415
f 2629/3733/2416 2628/3730/2416 2643/3755/2416 2644/3757/2416
f 2622/3735/2417 2576/3758/2417 2637/3759/2417
f 2802/3760/2418 2636/3732/2418 2651/3756/2418
f 2630/3737/2419 2629/3733/2419 2644/3757/2419 2645/3761/2419
f 2623/3738/2420 2622/3735/2420 2637/3759/2420 2638/3762/2420
f 2631/3739/2421 2630/3737/2421 2645/3761/2421 2646/3746/2421
f 2624/3740/2422 2623/3738/2422 2638/3762/2422 2639/3748/2422
f 2651/3756/2423 2650/3754/2423 2665/3763/2423 2666/3764/2423
f 2644/3757/2424 2643/3755/2424 2658/3765/2424 2659/3766/2424
f 2637/3759/2425 2576/3767/2425 2652/3768/2425
f 2802/3769/2426 2651/3756/2426 2666/3764/2426
f 2645/3761/2427 2644/3757/2427 2659/3766/2427 2660/3770/2427
f 2638/3762/2428 2637/3759/2428 2652/3768/2428 2653/3771/2428
f 2646/3746/2429 2645/3761/2429 2660/3770/2429 2661/3772/2429
f 2639/3748/2430 2638/3762/2430 2653/3771/2430 2654/3773/2430
f 2647/3747/2431 2646/3746/2431 2661/3772/2431 2662/3774/2431
f 2640/3749/2432 2639/3748/2432 2654/3773/2432 2655/3775/2432
f 2648/3750/2433 2647/3747/2433 2662/3774/2433 2663/3776/2433
f 2641/3751/2434 2640/3749/2434 2655/3775/2434 2656/3777/2434
f 2649/3752/2435 2648/3750/2435 2663/3776/2435 2664/3778/2435
f 2642/3753/2436 2641/3751/2436 2656/3777/2436 2657/3779/2436
f 2650/3754/2437 2649/3752/2437 2664/3778/2437 2665/3763/2437
f 2643/3755/2438 2642/3753/2438 2657/3779/2438 2658/3765/2438
f 2663/3776/2439 2662/3774/2439 2677/3780/2439 2678/3781/2439
f 2656/3777/2440 2655/3775/2440 2670/3782/2440 2671/3783/2440
f 2664/3778/2441 2663/3776/2441 2678/3781/2441 2679/3784/2441
f 2657/3779/2442 2656/3777/2442 2671/3783/2442 2672/3785/2442
f 2665/3763/2443 2664/3778/2443 2679/3784/2443 2680/3786/2443
f 2658/3765/2444 2657/3779/2444 2672/3785/2444 2673/3787/2444
f 2666/3764/2445 2665/3763/2445 2680/3786/2445 2681/3788/2445
f 2659/3766/2446 2658/3765/2446 2673/3787/2446 2674/3789/2446
f 2652/3768/2447 2576/3790/2447 2667/3791/2447
f 2802/3792/2448 2666/3764/2448 2681/3788/2448
f 2660/3770/2449 2659/3766/2449 2674/3789/2449 2675/3793/2449
f 2653/3771/2450 2652/3768/2450 2667/3791/2450 2668/3794/2450
f 2661/3772/2451 2660/3770/2451 2675/3793/2451 2676/3795/2451
f 2654/3773/2452 2653/3771/2452 2668/3794/2452 2669/3796/2452
f 2662/3774/2453 2661/3772/2453 2676/3795/2453 2677/3780/2453
f 2655/3775/2454 2654/3773/2454 2669/3796/2454 2670/3782/2454
f 2667/3791/2455 2576/3797/2455 2682/3798/2455
f 2802/3799/2456 2681/3788/2456 2696/3800/2456
f 2675/3793/2457 2674/3789/2457 2689/3801/2457 2690/3802/2457
f 2668/3794/2458 2667/3791/2458 2682/3798/2458 2683/3803/2458
f 2676/3795/2459 2675/3793/2459 2690/3802/2459 2691/3804/2459
f 2669/3796/2460 2668/3794/2460 2683/3803/2460 2684/3805/2460
f 2677/3780/2461 2676/3795/2461 2691/3804/2461 2692/3806/2461
f 2670/3782/2462 2669/3796/2462 2684/3805/2462 2685/3807/2462
f 2678/3781/2463 2677/3780/2463 2692/3806/2463 2693/3808/2463
f 2671/3783/2464 2670/3782/2464 2685/3807/2464 2686/3809/2464
f 2679/3784/2465 2678/3781/2465 2693/3808/2465 2694/3810/2465
f 2672/3785/2466 2671/3783/2466 2686/3809/2466 2687/3811/2466
f 2680/3786/2467 2679/3784/2467 2694/3810/2467 2695/3812/2467
f 2673/3787/2468 2672/3785/2468 2687/3811/2468 2688/3813/2468
f 2681/3788/2469 2680/3786/2469 2695/3812/2469 2696/3800/2469
f 2674/3789/2470 2673/3787/2470 2688/3813/2470 2689/3801/2470
f 2686/3809/2471 2685/3807/2471 2700/3814/2471 2701/3815/2471
f 2694/3810/2472 2693/3808/2472 2708/3816/2472 2709/3817/2472
f 2687/3811/2473 2686/3809/2473 2701/3815/2473 2702/3818/2473
f 2695/3812/2474 2694/3810/2474 2709/3817/2474 2710/3819/2474
f 2688/3813/2475 2687/3811/2475 2702/3818/2475 2703/3820/2475
f 2696/3800/2476 2695/3812/2476 2710/3819/2476 2711/3821/2476
f 2689/3801/2477 2688/3813/2477 2703/3820/2477 2704/3822/2477
f 2682/3798/2478 2576/3823/2478 2697/3824/2478
f 2802/3825/2479 2696/3800/2479 2711/3821/2479
f 2690/3802/2480 2689/3801/2480 2704/3822/2480 2705/3826/2480
f 2683/3803/2481 2682/3798/2481 2697/3824/2481 2698/3827/2481
f 2691/3804/2482 2690/3802/2482 2705/3826/2482 2706/3828/2482
f 2684/3805/2483 2683/3803/2483 2698/3827/2483 2699/3829/2483
f 2692/3806/2484 2691/3804/2484 2706/3828/2484 2707/3830/2484
f 2685/3807/2485 2684/3805/2485 2699/3829/2485 2700/3814/2485
f 2693/3808/2486 2692/3806/2486 2707/3830/2486 2708/3816/2486
f 2705/3826/2487 2704/3822/2487 2719/3831/2487 2720/3832/2487
f 2698/3827/2488 2697/3824/2488 2712/3833/2488 2713/3834/2488
f 2706/3828/2489 2705/3826/2489 2720/3832/2489 2721/3835/2489
f 2699/3829/2490 2698/3827/2490 2713/3834/2490 2714/3836/2490
f 2707/3830/2491 2706/3828/2491 2721/3835/2491 2722/3837/2491
f 2700/3814/2492 2699/3829/2492 2714/3836/2492 2715/3838/2492
f 2708/3816/2493 2707/3830/2493 2722/3837/2493 2723/3839/2493
f 2701/3815/2494 2700/3814/2494 2715/3838/2494 2716/3840/2494
f 2709/3817/2495 2708/3816/2495 2723/3839/2495 2724/3841/2495
f 2702/3818/2496 2701/3815/2496 2716/3840/2496 2717/3842/2496
f 2710/3819/2497 2709/3817/2497 2724/3841/2497 2725/3843/2497
f 2703/3820/2498 2702/3818/2498 2717/3842/2498 2718/3844/2498
f 2711/3821/2499 2710/3819/2499 2725/3843/2499 2726/3845/2499
f 2704/3822/2500 2703/3820/2500 2718/3844/2500 2719/3831/2500
f 2697/3824/2501 2576/3846/2501 2712/3833/2501
f 2802/3847/2502 2711/3821/2502 2726/3845/2502
f 2724/3841/2503 2723/3839/2503 2738/3848/2503 2739/3849/2503
f 2717/3842/2504 2716/3840/2504 2731/3850/2504 2732/3851/2504
f 2725/3843/2505 2724/3841/2505 2739/3849/2505 2740/3852/2505
f 2718/3844/2506 2717/3842/2506 2732/3851/2506 2733/3853/2506
f 2726/3845/2507 2725/3843/2507 2740/3852/2507 2741/3854/2507
f 2719/3831/2508 2718/3844/2508 2733/3853/2508 2734/3855/2508
f 2712/3833/2509 2576/3856/2509 2727/3857/2509
f 2802/3858/2510 2726/3845/2510 2741/3854/2510
f 2720/3832/2511 2719/3831/2511 2734/3855/2511 2735/3859/2511
f 2713/3834/2512 2712/3833/2512 2727/3857/2512 2728/3860/2512
f 2721/3835/2513 2720/3832/2513 2735/3859/2513 2736/3861/2513
f 2714/3836/2514 2713/3834/2514 2728/3860/2514 2729/3862/2514
f 2722/3837/2515 2721/3835/2515 2736/3861/2515 2737/3863/2515
f 2715/3838/2516 2714/3836/2516 2729/3862/2516 2730/3864/2516
f 2723/3839/2517 2722/3837/2517 2737/3863/2517 2738/3848/2517
f 2716/3840/2518 2715/3838/2518 2730/3864/2518 2731/3850/2518
f 2728/3860/2519 2727/3857/2519 2742/3865/2519 2743/3866/2519
f 2736/3861/2520 2735/3859/2520 2750/3867/2520 2751/3868/2520
f 2729/3862/2521 2728/3860/2521 2743/3866/2521 2744/3869/2521
f 2737/3863/2522 2736/3861/2522 2751/3868/2522 2752/3870/2522
f 2730/3864/2523 2729/3862/2523 2744/3869/2523 2745/3871/2523
f 2738/3848/2524 2737/3863/2524 2752/3870/2524 2753/3872/2524
f 2731/3850/2525 2730/3864/2525 2745/3871/2525 2746/3873/2525
f 2739/3849/2526 2738/3848/2526 2753/3872/2526 2754/3874/2526
f 2732/3851/2527 2731/3850/2527 2746/3873/2527 2747/3875/2527
f 2740/3852/2528 2739/3849/2528 2754/3874/2528 2755/3876/2528
f 2733/3853/2529 2732/3851/2529 2747/3875/2529 2748/3877/2529
f 2741/3854/2530 2740/3852/2530 2755/3876/2530 2756/3878/2530
f 2734/3855/2531 2733/3853/2531 2748/3877/2531 2749/3879/2531
f 2727/3857/2532 2576/3880/2532 2742/3865/2532
f 2802/3881/2533 2741/3854/2533 2756/3878/2533
f 2735/3859/2534 2734/3855/2534 2749/3879/2534 2750/3867/2534
f 2747/3875/2535 2746/3873/2535 2761/3882/2535 2762/3883/2535
f 2755/3876/2536 2754/3874/2536 2769/3884/2536 2770/3885/2536
f 2748/3877/2537 2747/3875/2537 2762/3883/2537 2763/3886/2537
f 2756/3878/2538 2755/3876/2538 2770/3885/2538 2771/3887/2538
f 2749/3879/2539 2748/3877/2539 2763/3886/2539 2764/3888/2539
f 2742/3865/2540 2576/3889/2540 2757/3890/2540
f 2802/3891/2541 2756/3878/2541 2771/3887/2541
f 2750/3867/2542 2749/3879/2542 2764/3888/2542 2765/3892/2542
f 2743/3866/2543 2742/3865/2543 2757/3890/2543 2758/3893/2543
f 2751/3868/2544 2750/3867/2544 2765/3892/2544 2766/3894/2544
f 2744/3869/2545 2743/3866/2545 2758/3893/2545 2759/3895/2545
f 2752/3870/2546 2751/3868/2546 2766/3894/2546 2767/3896/2546
f 2745/3871/2547 2744/3869/2547 2759/3895/2547 2760/3897/2547
f 2753/3872/2548 2752/3870/2548 2767/3896/2548 2768/3898/2548
f 2746/3873/2549 2745/3871/2549 2760/3897/2549 2761/3882/2549
f 2754/3874/2550 2753/3872/2550 2768/3898/2550 2769/3884/2550
f 2766/3894/2551 2765/3892/2551 2780/3899/2551 2781/3900/2551
f 2759/3895/2552 2758/3893/2552 2773/3901/2552 2774/3902/2552
f 2767/3896/2553 2766/3894/2553 2781/3900/2553 2782/3903/2553
f 2760/3897/2554 2759/3895/2554 2774/3902/2554 2775/3904/2554
f 2768/3898/2555 2767/3896/2555 2782/3903/2555 2783/3905/2555
f 2761/3882/2556 2760/3897/2556 2775/3904/2556 2776/3906/2556
f 2769/3884/2557 2768/3898/2557 2783/3905/2557 2784/3907/2557
f 2762/3883/2558 2761/3882/2558 2776/3906/2558 2777/3908/2558
f 2770/3885/2559 2769/3884/2559 2784/3907/2559 2785/3909/2559
f 2763/3886/2560 2762/3883/2560 2777/3908/2560 2778/3910/2560
f 2771/3887/2561 2770/3885/2561 2785/3909/2561 2786/3911/2561
f 2764/3888/2562 2763/3886/2562 2778/3910/2562 2779/3912/2562
f 2757/3890/2563 2576/3913/2563 2772/3914/2563
f 2802/3915/2564 2771/3887/2564 2786/3911/2564
f 2765/3892/2565 2764/3888/2565 2779/3912/2565 2780/3899/2565
f 2758/3893/2566 2757/3890/2566 2772/3914/2566 2773/3901/2566
f 2785/3909/2567 2784/3907/2567 2799/3916/2567 2800/3917/2567
f 2778/3910/2568 2777/3908/2568 2792/3918/2568 2793/3919/2568
f 2786/3911/2569 2785/3909/2569 2800/3917/2569 2801/3920/2569
f 2779/3912/2570 2778/3910/2570 2793/3919/2570 2794/3921/2570
f 2772/3914/2571 2576/3922/2571 2787/3923/2571
f 2802/3924/2572 2786/3911/2572 2801/3920/2572
f 2780/3899/2573 2779/3912/2573 2794/3921/2573 2795/3925/2573
f 2773/3901/2574 2772/3914/2574 2787/3923/2574 2788/3926/2574
f 2781/3900/2575 2780/3899/2575 2795/3925/2575 2796/3927/2575
f 2774/3902/2576 2773/3901/2576 2788/3926/2576 2789/3928/2576
f 2782/3903/2577 2781/3900/2577 2796/3927/2577 2797/3929/2577
f 2775/3904/2578 2774/3902/2578 2789/3928/2578 2790/3930/2578
f 2783/3905/2579 2782/3903/2579 2797/3929/2579 2798/3931/2579
f 2776/3906/2580 2775/3904/2580 2790/3930/2580 2791/3932/2580
f 2784/3907/2581 2783/3905/2581 2798/3931/2581 2799/3916/2581
f 2777/3908/2582 2776/3906/2582 2791/3932/2582 2792/3918/2582
f 2797/3929/2583 2796/3927/2583 2812/3933/2583 2813/3934/2583
f 2790/3930/2584 2789/3928/2584 2805/3935/2584 2806/3936/2584
f 2798/3931/2585 2797/3929/2585 2813/3934/2585 2814/3937/2585
f 2791/3932/2586 2790/3930/2586 2806/3936/2586 2807/3938/2586
f 2799/3916/2587 2798/3931/2587 2814/3937/2587 2815/3939/2587
f 2792/3918/2588 2791/3932/2588 2807/3938/2588 2808/3940/2588
f 2800/3917/2589 2799/3916/2589 2815/3939/2589 2816/3941/2589
f 2793/3919/2590 2792/3918/2590 2808/3940/2590 2809/3942/2590
f 2801/3920/2591 2800/3917/2591 2816/3941/2591 2817/3943/2591
f 2794/3921/2592 2793/3919/2592 2809/3942/2592 2810/3944/2592
f 2787/3923/2593 2576/3945/2593 2803/3946/2593
f 2802/3947/2594 2801/3920/2594 2817/3943/2594
f 2795/3925/2595 2794/3921/2595 2810/3944/2595 2811/3948/2595
f 2788/3926/2596 2787/3923/2596 2803/3946/2596 2804/3949/2596
f 2796/3927/2597 2795/3925/2597 2811/3948/2597 2812/3933/2597
f 2789/3928/2598 2788/3926/2598 2804/3949/2598 2805/3935/2598
f 2817/3943/2599 2816/3941/2599 2831/3950/2599 2832/3951/2599
f 2810/3944/2600 2809/3942/2600 2824/3952/2600 2825/3953/2600
f 2803/3946/2601 2576/3954/2601 2818/3955/2601
f 2802/3956/2602 2817/3943/2602 2832/3951/2602
f 2811/3948/2603 2810/3944/2603 2825/3953/2603 2826/3957/2603
f 2804/3949/2604 2803/3946/2604 2818/3955/2604 2819/3958/2604
f 2812/3933/2605 2811/3948/2605 2826/3957/2605 2827/3959/2605
f 2805/3935/2606 2804/3949/2606 2819/3958/2606 2820/3960/2606
f 2813/3934/2607 2812/3933/2607 2827/3959/2607 2828/3961/2607
f 2806/3936/2608 2805/3935/2608 2820/3960/2608 2821/3962/2608
f 2814/3937/2609 2813/3934/2609 2828/3961/2609 2829/3963/2609
f 2807/3938/2610 2806/3936/2610 2821/3962/2610 2822/3964/2610
f 2815/3939/2611 2814/3937/2611 2829/3963/2611 2830/3965/2611
f 2808/3940/2612 2807/3938/2612 2822/3964/2612 2823/3966/2612
f 2816/3941/2613 2815/3939/2613 2830/3965/2613 2831/3950/2613
f 2809/3942/2614 2808/3940/2614 2823/3966/2614 2824/3952/2614
f 2821/3962/2615 2820/3960/2615 2835/3967/2615 2836/3968/2615
f 2829/3963/2616 2828/3961/2616 2843/3969/2616 2844/3970/2616
f 2822/3964/2617 2821/3962/2617 2836/3968/2617 2837/3971/2617
f 2830/3965/2618 2829/3963/2618 2844/3970/2618 2845/3972/2618
f 2823/3966/2619 2822/3964/2619 2837/3971/2619 2838/3973/2619
f 2831/3950/2620 2830/3965/2620 2845/3972/2620 2846/3974/2620
f 2824/3952/2621 2823/3966/2621 2838/3973/2621 2839/3975/2621
f 2832/3951/2622 2831/3950/2622 2846/3974/2622 2847/3976/2622
f 2825/3953/2623 2824/3952/2623 2839/3975/2623 2840/3977/2623
f 2818/3955/2624 2576/3978/2624 2833/3979/2624
f 2802/3980/2625 2832/3951/2625 2847/3976/2625
f 2826/3957/2626 2825/3953/2626 2840/3977/2626 2841/3981/2626
f 2819/3958/2627 2818/3955/2627 2833/3979/2627 2834/3982/2627
f 2827/3959/2628 2826/3957/2628 2841/3981/2628 2842/3983/2628
f 2820/3960/2629 2819/3958/2629 2834/3982/2629 2835/3967/2629
f 2828/3961/2630 2827/3959/2630 2842/3983/2630 2843/3969/2630
f 2840/3977/2631 2839/3975/2631 2854/3984/2631 2855/3985/2631
f 2833/3979/2632 2576/3986/2632 2848/3987/2632
f 2802/3988/2633 2847/3976/2633 2862/3989/2633
f 2841/3981/2634 2840/3977/2634 2855/3985/2634 2856/3990/2634
f 2834/3982/2635 2833/3979/2635 2848/3987/2635 2849/3991/2635
f 2842/3983/2636 2841/3981/2636 2856/3990/2636 2857/3992/2636
f 2835/3967/2637 2834/3982/2637 2849/3991/2637 2850/3993/2637
f 2843/3969/2638 2842/3983/2638 2857/3992/2638 2858/3994/2638
f 2836/3968/2639 2835/3967/2639 2850/3993/2639 2851/3995/2639
f 2844/3970/2640 2843/3969/2640 2858/3994/2640 2859/3996/2640
f 2837/3971/2641 2836/3968/2641 2851/3995/2641 2852/3997/2641
f 2845/3972/2642 2844/3970/2642 2859/3996/2642 2860/3998/2642
f 2838/3973/2643 2837/3971/2643 2852/3997/2643 2853/3999/2643
f 2846/3974/2644 2845/3972/2644 2860/3998/2644 2861/4000/2644
f 2839/3975/2645 2838/3973/2645 2853/3999/2645 2854/3984/2645
f 2847/3976/2646 2846/3974/2646 2861/4000/2646 2862/3989/2646
f 2859/4001/2647 2858/4002/2647 2873/4003/2647 2874/4004/2647
f 2852/4005/2648 2851/4006/2648 2866/4007/2648 2867/4008/2648
f 2860/4009/2649 2859/4001/2649 2874/4004/2649 2875/4010/2649
f 2853/4011/2650 2852/4005/2650 2867/4008/2650 2868/4012/2650
f 2861/4013/2651 2860/4009/2651 2875/4010/2651 2876/4014/2651
f 2854/4015/2652 2853/4011/2652 2868/4012/2652 2869/4016/2652
f 2862/4017/2653 2861/4013/2653 2876/4014/2653 2877/4018/2653
f 2855/4019/2654 2854/4015/2654 2869/4016/2654 2870/4020/2654
f 2848/4021/2655 2576/4022/2655 2863/4023/2655
f 2802/4024/2656 2862/4017/2656 2877/4018/2656
f 2856/4025/2657 2855/4019/2657 2870/4020/2657 2871/4026/2657
f 2849/4027/2658 2848/4021/2658 2863/4023/2658 2864/4028/2658
f 2857/4029/2659 2856/4025/2659 2871/4026/2659 2872/4030/2659
f 2850/4031/2660 2849/4027/2660 2864/4028/2660 2865/4032/2660
f 2858/4002/2661 2857/4029/2661 2872/4030/2661 2873/4003/2661
f 2851/4006/2662 2850/4031/2662 2865/4032/2662 2866/4007/2662
f 2863/4023/2663 2576/4033/2663 2878/4034/2663
f 2802/4035/2664 2877/4018/2664 2892/4036/2664
f 2871/4026/2665 2870/4020/2665 2885/4037/2665 2886/4038/2665
f 2864/4028/2666 2863/4023/2666 2878/4034/2666 2879/4039/2666
f 2872/4030/2667 2871/4026/2667 2886/4038/2667 2887/4040/2667
f 2865/4032/2668 2864/4028/2668 2879/4039/2668 2880/4041/2668
f 2873/4003/2669 2872/4030/2669 2887/4040/2669 2888/4042/2669
f 2866/4007/2670 2865/4032/2670 2880/4041/2670 2881/4043/2670
f 2874/4004/2671 2873/4003/2671 2888/4042/2671 2889/4044/2671
f 2867/4008/2672 2866/4007/2672 2881/4043/2672 2882/4045/2672
f 2875/4010/2673 2874/4004/2673 2889/4044/2673 2890/4046/2673
f 2868/4012/2674 2867/4008/2674 2882/4045/2674 2883/4047/2674
f 2876/4014/2675 2875/4010/2675 2890/4046/2675 2891/4048/2675
f 2869/4016/2676 2868/4012/2676 2883/4047/2676 2884/4049/2676
f 2877/4018/2677 2876/4014/2677 2891/4048/2677 2892/4036/2677
f 2870/4020/2678 2869/4016/2678 2884/4049/2678 2885/4037/2678
f 2882/4045/2679 2881/4043/2679 2896/4050/2679 2897/4051/2679
f 2890/4046/2680 2889/4044/2680 2904/4052/2680 2905/4053/2680
f 2883/4047/2681 2882/4045/2681 2897/4051/2681 2898/4054/2681
f 2891/4048/2682 2890/4046/2682 2905/4053/2682 2906/4055/2682
f 2884/4049/2683 2883/4047/2683 2898/4054/2683 2899/4056/2683
f 2892/4036/2684 2891/4048/2684 2906/4055/2684 2907/4057/2684
f 2885/4037/2685 2884/4049/2685 2899/4056/2685 2900/4058/2685
f 2878/4034/2686 2576/4059/2686 2893/4060/2686
f 2802/4061/2687 2892/4036/2687 2907/4057/2687
f 2886/4038/2688 2885/4037/2688 2900/4058/2688 2901/4062/2688
f 2879/4039/2689 2878/4034/2689 2893/4060/2689 2894/4063/2689
f 2887/4040/2690 2886/4038/2690 2901/4062/2690 2902/4064/2690
f 2880/4041/2691 2879/4039/2691 2894/4063/2691 2895/4065/2691
f 2888/4042/2692 2887/4040/2692 2902/4064/2692 2903/4066/2692
f 2881/4043/2693 2880/4041/2693 2895/4065/2693 2896/4050/2693
f 2889/4044/2694 2888/4042/2694 2903/4066/2694 2904/4052/2694
f 2901/4062/2695 2900/4058/2695 2915/4067/2695 2916/4068/2695
f 2894/4063/2696 2893/4060/2696 2908/4069/2696 2909/4070/2696
f 2902/4064/2697 2901/4062/2697 2916/4068/2697 2917/4071/2697
f 2895/4065/2698 2894/4063/2698 2909/4070/2698 2910/4072/2698
f 2903/4066/2699 2902/4064/2699 2917/4071/2699 2918/4073/2699
f 2896/4050/2700 2895/4065/2700 2910/4072/2700 2911/4074/2700
f 2904/4052/2701 2903/4066/2701 2918/4073/2701 2919/4075/2701
f 2897/4051/2702 2896/4050/2702 2911/4074/2702 2912/4076/2702
f 2905/4053/2703 2904/4052/2703 2919/4075/2703 2920/4077/2703
f 2898/4054/2704 2897/4051/2704 2912/4076/2704 2913/4078/2704
f 2906/4055/2705 2905/4053/2705 2920/4077/2705 2921/4079/2705
f 2899/4056/2706 2898/4054/2706 2913/4078/2706 2914/4080/2706
f 2907/4057/2707 2906/4055/2707 2921/4079/2707 2922/4081/2707
f 2900/4058/2708 2899/4056/2708 2914/4080/2708 2915/4067/2708
f 2893/4060/2709 2576/4082/2709 2908/4069/2709
f 2802/4083/2710 2907/4057/2710 2922/4081/2710
f 2920/4077/2711 2919/4075/2711 2934/4084/2711 2935/4085/2711
f 2913/4078/2712 2912/4076/2712 2927/4086/2712 2928/4087/2712
f 2921/4079/2713 2920/4077/2713 2935/4085/2713 2936/4088/2713
f 2914/4080/2714 2913/4078/2714 2928/4087/2714 2929/4089/2714
f 2922/4081/2715 2921/4079/2715 2936/4088/2715 2937/4090/2715
f 2915/4067/2716 2914/4080/2716 2929/4089/2716 2930/4091/2716
f 2908/4069/2717 2576/4092/2717 2923/4093/2717
f 2802/4094/2718 2922/4081/2718 2937/4090/2718
f 2916/4068/2719 2915/4067/2719 2930/4091/2719 2931/4095/2719
f 2909/4070/2720 2908/4069/2720 2923/4093/2720 2924/4096/2720
f 2917/4071/2721 2916/4068/2721 2931/4095/2721 2932/4097/2721
f 2910/4072/2722 2909/4070/2722 2924/4096/2722 2925/4098/2722
f 2918/4073/2723 2917/4071/2723 2932/4097/2723 2933/4099/2723
f 2911/4074/2724 2910/4072/2724 2925/4098/2724 2926/4100/2724
f 2919/4075/2725 2918/4073/2725 2933/4099/2725 2934/4084/2725
f 2912/4076/2726 2911/4074/2726 2926/4100/2726 2927/4086/2726
f 2932/4097/2727 2931/4095/2727 2946/4101/2727 2947/4102/2727
f 2925/4098/2728 2924/4096/2728 2939/4103/2728 2940/4104/2728
f 2933/4099/2729 2932/4097/2729 2947/4102/2729 2948/4105/2729
f 2926/4100/2730 2925/4098/2730 2940/4104/2730 2941/4106/2730
f 2934/4084/2731 2933/4099/2731 2948/4105/2731 2949/4107/2731
f 2927/4086/2732 2926/4100/2732 2941/4106/2732 2942/4108/2732
f 2935/4085/2733 2934/4084/2733 2949/4107/2733 2950/4109/2733
f 2928/4087/2734 2927/4086/2734 2942/4108/2734 2943/4110/2734
f 2936/4088/2735 2935/4085/2735 2950/4109/2735 2951/4111/2735
f 2929/4089/2736 2928/4087/2736 2943/4110/2736 2944/4112/2736
f 2937/4090/2737 2936/4088/2737 2951/4111/2737 2952/4113/2737
f 2930/4091/2738 2929/4089/2738 2944/4112/2738 2945/4114/2738
f 2923/4093/2739 2576/4115/2739 2938/4116/2739
f 2802/4117/2740 2937/4090/2740 2952/4113/2740
f 2931/4095/2741 2930/4091/2741 2945/4114/2741 2946/4101/2741
f 2924/4096/2742 2923/4093/2742 2938/4116/2742 2939/4103/2742
f 2951/4111/2743 2950/4109/2743 2965/4118/2743 2966/4119/2743
f 2944/4112/2744 2943/4110/2744 2958/4120/2744 2959/4121/2744
f 2952/4113/2745 2951/4111/2745 2966/4119/2745 2967/4122/2745
f 2945/4114/2746 2944/4112/2746 2959/4121/2746 2960/4123/2746
f 2938/4116/2747 2576/4124/2747 2953/4125/2747
f 2802/4126/2748 2952/4113/2748 2967/4122/2748
f 2946/4101/2749 2945/4114/2749 2960/4123/2749 2961/4127/2749
f 2939/4103/2750 2938/4116/2750 2953/4125/2750 2954/4128/2750
f 2947/4102/2751 2946/4101/2751 2961/4127/2751 2962/4129/2751
f 2940/4104/2752 2939/4103/2752 2954/4128/2752 2955/4130/2752
f 2948/4105/2753 2947/4102/2753 2962/4129/2753 2963/4131/2753
f 2941/4106/2754 2940/4104/2754 2955/4130/2754 2956/4132/2754
f 2949/4107/2755 2948/4105/2755 2963/4131/2755 2964/4133/2755
f 2942/4108/2756 2941/4106/2756 2956/4132/2756 2957/4134/2756
f 2950/4109/2757 2949/4107/2757 2964/4133/2757 2965/4118/2757
f 2943/4110/2758 2942/4108/2758 2957/4134/2758 2958/4120/2758
f 2955/4130/2759 2954/4128/2759 2969/3583/2759 2495/3582/2759
f 2963/4131/2760 2962/4129/2760 2972/3578/2760 2500/3586/2760
f 2956/4132/2761 2955/4130/2761 2495/3582/2761 2970/3588/2761
f 2964/4133/2762 2963/4131/2762 2500/3586/2762 2973/3590/2762
f 2957/4134/2763 2956/4132/2763 2970/3588/2763 2496/3592/2763
f 2965/4118/2764 2964/4133/2764 2973/3590/2764 2974/3594/2764
f 2958/4120/2765 2957/4134/2765 2496/3592/2765 2971/3596/2765
f 2966/4119/2766 2965/4118/2766 2974/3594/2766 2975/3598/2766
f 2959/4121/2767 2958/4120/2767 2971/3596/2767 2497/3600/2767
f 2967/4122/2768 2966/4119/2768 2975/3598/2768 2976/3602/2768
f 2960/4123/2769 2959/4121/2769 2497/3600/2769 2498/3604/2769
f 2953/4125/2770 2576/4135/2770 2968/3606/2770
f 2802/4136/2771 2967/4122/2771 2976/3602/2771
f 2961/4127/2772 2960/4123/2772 2498/3604/2772 2499/3579/2772
f 2954/4128/2773 2953/4125/2773 2968/3606/2773 2969/3583/2773
f 2962/4129/2774 2961/4127/2774 2499/3579/2774 2972/3578/2774
o PlantPot_2
v 6.000000 0.000000 2.250000
v 6.000000 0.600000 2.250000
v 6.048773 0.000000 2.254804
v 6.048773 0.600000 2.254804
v 6.095671 0.000000 2.269030
v 6.095671 0.600000 2.269030
v 6.138893 0.000000 2.292133
v 6.138893 0.600000 2.292133
v 6.176777 0.000000 2.323223
v 6.176777 0.600000 2.323223
v 6.207868 0.000000 2.361107
v 6.207868 0.600000 2.361107
v 6.230970 0.000000 2.404329
v 6.230970 0.600000 2.404329
v 6.245196 0.000000 2.451227
v 6.245196 0.600000 2.451227
v 6.250000 0.000000 2.500000
v 6.250000 0.600000 2.500000
v 6.245196 0.000000 2.548773
v 6.245196 0.600000 2.548773
v 6.230970 0.000000 2.595671
v 6.230970 0.600000 2.595671
v 6.207868 0.000000 2.638893
v 6.207868 0.600000 2.638893
v 6.176777 0.000000 2.676777
v 6.176777 0.600000 2.676777
v 6.138893 0.000000 2.707867
v 6.138893 0.600000 2.707867
v 6.095671 0.000000 2.730970
v 6.095671 0.600000 2.730970
v 6.048773 0.000000 2.745196
v 6.048773 0.600000 2.745196
v 6.000000 0.000000 2.750000
v 6.000000 0.600000 2.750000
v 5.951227 0.000000 2.745196
v 5.951227 0.600000 2.745196
v 5.904329 0.000000 2.730970
v 5.904329 0.600000 2.730970
v 5.861107 0.000000 2.707867
v 5.861107 0.600000 2.707867
v 5.823223 0.000000 2.676777
v 5.823223 0.600000 2.676777
v 5.792132 0.000000 2.638893
v 5.792132 0.600000 2.638893
v 5.769030 0.000000 2.595671
v 5.769030 0.600000 2.595671
v 5.754804 0.000000 2.548773
v 5.754804 0.600000 2.548773
v 5.750000 0.000000 2.500000
v 5.750000 0.600000 2.500000
v 5.754804 0.000000 2.451227
v 5.754804 0.600000 2.451227
v 5.769030 0.000000 2.404329
v 5.769030 0.600000 2.404329
v 5.792132 0.000000 2.361107
v 5.792132 0.600000 2.361107
v 5.823223 0.000000 2.323223
v 5.823223 0.600000 2.323223
v 5.861107 0.000000 2.292133
v 5.861107 0.600000 2.292133
v 5.904329 0.000000 2.269030
v 5.904329 0.600000 2.269030
v 5.951227 0.000000 2.254804
v 5.951227 0.600000 2.254804
vn 0.0980 -0.0000 -0.9952
vn 0.2903 -0.0000 -0.9569
vn 0.4714 -0.0000 -0.8819
vn 0.6344 -0.0000 -0.7730
vn 0.7730 -0.0000 -0.6344
vn 0.8819 -0.0000 -0.4714
vn 0.9569 -0.0000 -0.2903
vn 0.9952 -0.0000 -0.0980
vn 0.9952 -0.0000 0.0980
vn 0.9569 -0.0000 0.2903
vn 0.8819 -0.0000 0.4714
vn 0.7730 -0.0000 0.6344
vn 0.6344 -0.0000 0.7730
vn 0.4714 -0.0000 0.8819
vn 0.2903 -0.0000 0.9569
vn 0.0980 -0.0000 0.9952
vn -0.0980 -0.0000 0.9952
vn -0.2903 -0.0000 0.9569
vn -0.4714 -0.0000 0.8819
vn -0.6344 -0.0000 0.7730
vn -0.7730 -0.0000 0.6344
vn -0.8819 -0.0000 0.4714
vn -0.9569 -0.0000 0.2903
vn -0.9952 -0.0000 0.0980
vn -0.9952 -0.0000 -0.0980
vn -0.9569 -0.0000 -0.2903
vn -0.8819 -0.0000 -0.4714
vn -0.7730 -0.0000 -0.6344
vn -0.6344 -0.0000 -0.7730
vn -0.4714 -0.0000 -0.8819
vn -0.0000 1.0000 -0.0000
vn -0.2903 -0.0000 -0.9569
vn -0.0980 -0.0000 -0.9952
vn -0.0000 -1.0000 -0.0000
vt 1.000000 0.500000
vt 1.000000 1.000000
vt 0.968750 1.000000
vt 0.968750 0.500000
vt 0.937500 1.000000
vt 0.937500 0.500000
vt 0.906250 1.000000
vt 0.906250 0.500000
vt 0.875000 1.000000
vt 0.875000 0.500000
vt 0.843750 1.000000
vt 0.843750 0.500000
vt 0.812500 1.000000
vt 0.812500 0.500000
vt 0.781250 1.000000
vt 0.781250 0.500000
vt 0.750000 1.000000
vt 0.750000 0.500000
vt 0.718750 1.000000
vt 0.718750 0.500000
vt 0.687500 1.000000
vt 0.687500 0.500000
vt 0.656250 1.000000
vt 0.656250 0.500000
vt 0.625000 1.000000
vt 0.625000 0.500000
vt 0.593750 1.000000
vt 0.593750 0.500000
vt 0.562500 1.000000
vt 0.562500 0.500000
vt 0.531250 1.000000
vt 0.531250 0.500000
vt 0.500000 1.000000
vt 0.500000 0.500000
vt 0.468750 1.000000
vt 0.468750 0.500000
vt 0.437500 1.000000
vt 0.437500 0.500000
vt 0.406250 1.000000
vt 0.406250 0.500000
vt 0.375000 1.000000
vt 0.375000 0.500000
vt 0.343750 1.000000
vt 0.343750 0.500000
vt 0.312500 1.000000
vt 0.312500 0.500000
vt 0.281250 1.000000
vt 0.281250 0.500000
vt 0.250000 1.000000
vt 0.250000 0.500000
vt 0.218750 1.000000
vt 0.218750 0.500000
vt 0.187500 1.000000
vt 0.187500 0.500000
vt 0.156250 1.000000
vt 0.156250 0.500000
vt 0.125000 1.000000
vt 0.125000 0.500000
vt 0.093750 1.000000
vt 0.093750 0.500000
vt 0.062500 1.000000
vt 0.062500 0.500000
vt 0.296822 0.485388
vt 0.250000 0.490000
vt 0.203178 0.485388
vt 0.158156 0.471731
vt 0.116663 0.449553
vt 0.080294 0.419706
vt 0.050447 0.383337
vt 0.028269 0.341844
vt 0.014612 0.296822
vt 0.010000 0.250000
vt 0.014612 0.203178
vt 0.028269 0.158156
vt 0.050447 0.116663
vt 0.080294 0.080294
vt 0.116663 0.050447
vt 0.158156 0.028269
vt 0.203178 0.014612
vt 0.250000 0.010000
vt 0.296822 0.014612
vt 0.341844 0.028269
vt 0.383337 0.050447
vt 0.419706 0.080294
vt 0.449553 0.116663
vt 0.471731 0.158156
vt 0.485388 0.203178
vt 0.490000 0.250000
vt 0.485388 0.296822
vt 0.471731 0.341844
vt 0.449553 0.383337
vt 0.419706 0.419706
vt 0.383337 0.449553
vt 0.341844 0.471731
vt 0.031250 1.000000
vt 0.031250 0.500000
vt 0.000000 1.000000
vt 0.000000 0.500000
vt 0.750000 0.490000
vt 0.796822 0.485388
vt 0.841844 0.471731
vt 0.883337 0.449553
vt 0.919706 0.419706
vt 0.949553 0.383337
vt 0.971731 0.341844
vt 0.985388 0.296822
vt 0.990000 0.250000
vt 0.985388 0.203178
vt 0.971731 0.158156
vt 0.949553 0.116663
vt 0.919706 0.080294
vt 0.883337 0.050447
vt 0.841844 0.028269
vt 0.796822 0.014612
vt 0.750000 0.010000
vt 0.703178 0.014612
vt 0.658156 0.028269
vt 0.616663 0.050447
vt 0.580294 0.080294
vt 0.550447 0.116663
vt 0.528269 0.158156
vt 0.514612 0.203178
vt 0.510000 0.250000
vt 0.514612 0.296822
vt 0.528269 0.341844
vt 0.550447 0.383337
vt 0.580294 0.419706
vt 0.616663 0.449553
vt 0.658156 0.471731
vt 0.703178 0.485388
s 0
usemtl Terracotta
f 2977/4137/2775 2978/4138/2775 2980/4139/2775 2979/4140/2775
f 2979/4140/2776 2980/4139/2776 2982/4141/2776 2981/4142/2776
f 2981/4142/2777 2982/4141/2777 2984/4143/2777 2983/4144/2777
f 2983/4144/2778 2984/4143/2778 2986/4145/2778 2985/4146/2778
f 2985/4146/2779 2986/4145/2779 2988/4147/2779 2987/4148/2779
f 2987/4148/2780 2988/4147/2780 2990/4149/2780 2989/4150/2780
f 2989/4150/2781 2990/4149/2781 2992/4151/2781 2991/4152/2781
f 2991/4152/2782 2992/4151/2782 2994/4153/2782 2993/4154/2782
f 2993/4154/2783 2994/4153/2783 2996/4155/2783 2995/4156/2783
f 2995/4156/2784 2996/4155/2784 2998/4157/2784 2997/4158/2784
f 2997/4158/2785 2998/4157/2785 3000/4159/2785 2999/4160/2785
f 2999/4160/2786 3000/4159/2786 3002/4161/2786 3001/4162/2786
f 3001/4162/2787 3002/4161/2787 3004/4163/2787 3003/4164/2787
f 3003/4164/2788 3004/4163/2788 3006/4165/2788 3005/4166/2788
f 3005/4166/2789 3006/4165/2789 3008/4167/2789 3007/4168/2789
f 3007/4168/2790 3008/4167/2790 3010/4169/2790 3009/4170/2790
f 3009/4170/2791 3010/4169/2791 3012/4171/2791 3011/4172/2791
f 3011/4172/2792 3012/4171/2792 3014/4173/2792 3013/4174/2792
f 3013/4174/2793 3014/4173/2793 3016/4175/2793 3015/4176/2793
f 3015/4176/2794 3016/4175/2794 3018/4177/2794 3017/4178/2794
f 3017/4178/2795 3018/4177/2795 3020/4179/2795 3019/4180/2795
f 3019/4180/2796 3020/4179/2796 3022/4181/2796 3021/4182/2796
f 3021/4182/2797 3022/4181/2797 3024/4183/2797 3023/4184/2797
f 3023/4184/2798 3024/4183/2798 3026/4185/2798 3025/4186/2798
f 3025/4186/2799 3026/4185/2799 3028/4187/2799 3027/4188/2799
f 3027/4188/2800 3028/4187/2800 3030/4189/2800 3029/4190/2800
f 3029/4190/2801 3030/4189/2801 3032/4191/2801 3031/4192/2801
f 3031/4192/2802 3032/4191/2802 3034/4193/2802 3033/4194/2802
f 3033/4194/2803 3034/4193/2803 3036/4195/2803 3035/4196/2803
f 3035/4196/2804 3036/4195/2804 3038/4197/2804 3037/4198/2804
f 2980/4199/2805 2978/4200/2805 3040/4201/2805 3038/4202/2805 3036/4203/2805 3034/4204/2805 3032/4205/2805 3030/4206/2805 3028/4207/2805 3026/4208/2805 3024/4209/2805 3022/4210/2805 3020/4211/2805 3018/4212/2805 3016/4213/2805 3014/4214/2805 3012/4215/2805 3010/4216/2805 3008/4217/2805 3006/4218/2805 3004/4219/2805 3002/4220/2805 3000/4221/2805 2998/4222/2805 2996/4223/2805 2994/4224/2805 2992/4225/2805 2990/4226/2805 2988/4227/2805 2986/4228/2805 2984/4229/2805 2982/4230/2805
f 3037/4198/2806 3038/4197/2806 3040/4231/2806 3039/4232/2806
f 3039/4232/2807 3040/4231/2807 2978/4233/2807 2977/4234/2807
f 2977/4235/2808 2979/4236/2808 2981/4237/2808 2983/4238/2808 2985/4239/2808 2987/4240/2808 2989/4241/2808 2991/4242/2808 2993/4243/2808 2995/4244/2808 2997/4245/2808 2999/4246/2808 3001/4247/2808 3003/4248/2808 3005/4249/2808 3007/4250/2808 3009/4251/2808 3011/4252/2808 3013/4253/2808 3015/4254/2808 3017/4255/2808 3019/4256/2808 3021/4257/2808 3023/4258/2808 3025/4259/2808 3027/4260/2808 3029/4261/2808 3031/4262/2808 3033/4263/2808 3035/4264/2808 3037/4265/2808 3039/4266/2808
o PlantFoliage_2
v 6.000000 1.415735 2.222215
v 6.000000 1.277785 2.084265
v 6.000000 1.097545 2.009607
v 6.000000 1.000000 2.000000
v 6.000000 0.902455 2.009607
v 6.000000 0.722215 2.084265
v 6.019030 1.490393 2.404329
v 6.037329 1.461940 2.312335
v 6.054193 1.415735 2.227552
v 6.068975 1.353553 2.153240
v 6.081106 1.277785 2.092253
v 6.090120 1.191342 2.046936
v 6.095671 1.097545 2.019030
v 6.097545 1.000000 2.009607
v 6.095671 0.902455 2.019030
v 6.090120 0.808658 2.046936
v 6.081106 0.722215 2.092253
v 6.068975 0.646447 2.153240
v 6.054193 0.584265 2.227552
v 6.037329 0.538060 2.312335
v 6.019030 0.509607 2.404329
v 6.037329 1.490393 2.409880
v 6.073223 1.461940 2.323223
v 6.106304 1.415735 2.243360
v 6.135299 1.353553 2.173359
v 6.159095 1.277785 2.115911
v 6.176777 1.191342 2.073223
v 6.187665 1.097545 2.046936
v 6.191342 1.000000 2.038060
v 6.187665 0.902455 2.046936
v 6.176777 0.808658 2.073223
v 6.159095 0.722215 2.115911
v 6.135299 0.646447 2.173359
v 6.106304 0.584265 2.243360
v 6.073223 0.538060 2.323223
v 6.037329 0.509607 2.409880
v 6.054193 1.490393 2.418894
v 6.106304 1.461940 2.340905
v 6.154329 1.415735 2.269030
v 6.196424 1.353553 2.206031
v 6.230970 1.277785 2.154329
v 6.256640 1.191342 2.115911
v 6.272448 1.097545 2.092253
v 6.277785 1.000000 2.084265
v 6.272448 0.902455 2.092253
v 6.256640 0.808658 2.115911
v 6.230970 0.722215 2.154329
v 6.196424 0.646447 2.206031
v 6.154329 0.584265 2.269030
v 6.106304 0.538060 2.340905
v 6.054193 0.509607 2.418894
v 6.068975 1.490393 2.431025
v 6.135299 1.461940 2.364701
v 6.196424 1.415735 2.303576
v 6.250000 1.353553 2.250000
v 6.293969 1.277785 2.206031
v 6.326641 1.191342 2.173359
v 6.346760 1.097545 2.153240
v 6.353553 1.000000 2.146447
v 6.346760 0.902455 2.153240
v 6.326641 0.808658 2.173359
v 6.293969 0.722215 2.206031
v 6.250000 0.646447 2.250000
v 6.196424 0.584265 2.303576
v 6.135299 0.538060 2.364701
v 6.068975 0.509607 2.431025
v 6.081106 1.490393 2.445807
v 6.159095 1.461940 2.393696
v 6.230970 1.415735 2.345671
v 6.293969 1.353553 2.303576
v 6.345671 1.277785 2.269030
v 6.384089 1.191342 2.243360
v 6.407746 1.097545 2.227552
v 6.415735 1.000000 2.222215
v 6.407746 0.902455 2.227552
v 6.384089 0.808658 2.243360
v 6.345671 0.722215 2.269030
v 6.293969 0.646447 2.303576
v 6.230970 0.584265 2.345671
v 6.159095 0.538060 2.393696
v 6.081106 0.509607 2.445807
v 6.000000 1.500000 2.500000
v 6.090120 1.490393 2.462671
v 6.176777 1.461940 2.426777
v 6.256640 1.415735 2.393696
v 6.326641 1.353553 2.364701
v 6.384089 1.277785 2.340905
v 6.426777 1.191342 2.323223
v 6.453063 1.097545 2.312335
v 6.461940 1.000000 2.308658
v 6.453063 0.902455 2.312335
v 6.426777 0.808658 2.323223
v 6.384089 0.722215 2.340905
v 6.326641 0.646447 2.364701
v 6.256640 0.584265 2.393696
v 6.176777 0.538060 2.426777
v 6.090120 0.509607 2.462671
v 6.095671 1.490393 2.480970
v 6.187665 1.461940 2.462671
v 6.272448 1.415735 2.445807
v 6.346760 1.353553 2.431025
v 6.407746 1.277785 2.418894
v 6.453063 1.191342 2.409880
v 6.480970 1.097545 2.404329
v 6.490393 1.000000 2.402455
v 6.480970 0.902455 2.404329
v 6.453063 0.808658 2.409880
v 6.407746 0.722215 2.418894
v 6.346760 0.646447 2.431025
v 6.272448 0.584265 2.445807
v 6.187665 0.538060 2.462671
v 6.095671 0.509607 2.480970
v 6.097545 1.490393 2.500000
v 6.191342 1.461940 2.500000
v 6.277785 1.415735 2.500000
v 6.353553 1.353553 2.500000
v 6.415735 1.277785 2.500000
v 6.461940 1.191342 2.500000
v 6.490393 1.097545 2.500000
v 6.500000 1.000000 2.500000
v 6.490393 0.902455 2.500000
v 6.461940 0.808658 2.500000
v 6.415735 0.722215 2.500000
v 6.353553 0.646447 2.500000
v 6.277785 0.584265 2.500000
v 6.191342 0.538060 2.500000
v 6.097545 0.509607 2.500000
v 6.095671 1.490393 2.519030
v 6.187665 1.461940 2.537329
v 6.272448 1.415735 2.554193
v 6.346760 1.353553 2.568975
v 6.407746 1.277785 2.581106
v 6.453063 1.191342 2.590120
v 6.480970 1.097545 2.595671
v 6.490393 1.000000 2.597545
v 6.480970 0.902455 2.595671
v 6.453063 0.808658 2.590120
v 6.407746 0.722215 2.581106
v 6.346760 0.646447 2.568975
v 6.272448 0.584265 2.554193
v 6.187665 0.538060 2.537329
v 6.095671 0.509607 2.519030
v 6.090120 1.490393 2.537329
v 6.176777 1.461940 2.573223
v 6.256640 1.415735 2.606304
v 6.326641 1.353553 2.635299
v 6.384089 1.277785 2.659095
v 6.426777 1.191342 2.676777
v 6.453063 1.097545 2.687665
v 6.461939 1.000000 2.691342
v 6.453063 0.902455 2.687665
v 6.426777 0.808658 2.676777
v 6.384089 0.722215 2.659095
v 6.326641 0.646447 2.635299
v 6.256640 0.584265 2.606304
v 6.176777 0.538060 2.573223
v 6.090120 0.509607 2.537329
v 6.081106 1.490393 2.554193
v 6.159095 1.461940 2.606304
v 6.230970 1.415735 2.654329
v 6.293969 1.353553 2.696424
v 6.345671 1.277785 2.730970
v 6.384089 1.191342 2.756640
v 6.407746 1.097545 2.772448
v 6.415735 1.000000 2.777785
v 6.407746 0.902455 2.772448
v 6.384089 0.808658 2.756640
v 6.345671 0.722215 2.730970
v 6.293969 0.646447 2.696424
v 6.230970 0.584265 2.654329
v 6.159095 0.538060 2.606304
v 6.081106 0.509607 2.554193
v 6.068975 1.490393 2.568975
v 6.135299 1.461940 2.635299
v 6.196424 1.415735 2.696424
v 6.250000 1.353553 2.750000
v 6.293969 1.277785 2.793969
v 6.326641 1.191342 2.826641
v 6.346760 1.097545 2.846760
v 6.353553 1.000000 2.853553
v 6.346760 0.902455 2.846760
v 6.326641 0.808658 2.826641
v 6.293969 0.722215 2.793969
v 6.250000 0.646447 2.750000
v 6.196424 0.584265 2.696424
v 6.135299 0.538060 2.635299
v 6.068975 0.509607 2.568975
v 6.054193 1.490393 2.581106
v 6.106304 1.461940 2.659095
v 6.154329 1.415735 2.730970
v 6.196424 1.353553 2.793969
v 6.230970 1.277785 2.845671
v 6.256640 1.191342 2.884089
v 6.272448 1.097545 2.907747
v 6.277785 1.000000 2.915735
v 6.272448 0.902455 2.907747
v 6.256640 0.808658 2.884089
v 6.230970 0.722215 2.845671
v 6.196424 0.646447 2.793969
v 6.154329 0.584265 2.730970
v 6.106304 0.538060 2.659095
v 6.054193 0.509607 2.581106
v 6.037329 1.490393 2.590120
v 6.073223 1.461940 2.676777
v 6.106304 1.415735 2.756640
v 6.135299 1.353553 2.826641
v 6.159095 1.277785 2.884089
v 6.176777 1.191342 2.926777
v 6.187665 1.097545 2.953063
v 6.191341 1.000000 2.961940
v 6.187665 0.902455 2.953063
v 6.176777 0.808658 2.926777
v 6.159095 0.722215 2.884089
v 6.135299 0.646447 2.826641
v 6.106304 0.584265 2.756640
v 6.073223 0.538060 2.676777
v 6.037329 0.509607 2.590120
v 6.019030 1.490393 2.595671
v 6.037329 1.461940 2.687665
v 6.054193 1.415735 2.772447
v 6.068975 1.353553 2.846760
v 6.081106 1.277785 2.907746
v 6.090120 1.191342 2.953063
v 6.095671 1.097545 2.980970
v 6.097545 1.000000 2.990392
v 6.095671 0.902455 2.980970
v 6.090120 0.808658 2.953063
v 6.081106 0.722215 2.907746
v 6.068975 0.646447 2.846760
v 6.054193 0.584265 2.772447
v 6.037329 0.538060 2.687665
v 6.019030 0.509607 2.595671
v 6.000000 1.490393 2.597545
v 6.000000 1.461940 2.691342
v 6.000000 1.415735 2.777785
v 6.000000 1.353553 2.853553
v 6.000000 1.277785 2.915735
v 6.000000 1.191342 2.961940
v 6.000000 1.097545 2.990392
v 6.000000 1.000000 3.000000
v 6.000000 0.902455 2.990392
v 6.000000 0.808658 2.961940
v 6.000000 0.722215 2.915735
v 6.000000 0.646447 2.853553
v 6.000000 0.584265 2.777785
v 6.000000 0.538060 2.691342
v 6.000000 0.509607 2.597545
v 5.980970 1.490393 2.595671
v 5.962671 1.461940 2.687665
v 5.945807 1.415735 2.772447
v 5.931025 1.353553 2.846760
v 5.918894 1.277785 2.907746
v 5.909880 1.191342 2.953063
v 5.904329 1.097545 2.980970
v 5.902455 1.000000 2.990392
v 5.904329 0.902455 2.980970
v 5.909880 0.808658 2.953063
v 5.918894 0.722215 2.907746
v 5.931025 0.646447 2.846760
v 5.945807 0.584265 2.772447
v 5.962671 0.538060 2.687665
v 5.980970 0.509607 2.595671
v 5.962671 1.490393 2.590120
v 5.926777 1.461940 2.676777
v 5.893696 1.415735 2.756640
v 5.864701 1.353553 2.826641
v 5.840905 1.277785 2.884089
v 5.823224 1.191342 2.926777
v 5.812335 1.097545 2.953063
v 5.808658 1.000000 2.961939
v 5.812335 0.902455 2.953063
v 5.823224 0.808658 2.926777
v 5.840905 0.722215 2.884089
v 5.864701 0.646447 2.826641
v 5.893696 0.584265 2.756640
v 5.926777 0.538060 2.676777
v 5.962671 0.509607 2.590120
v 5.945807 1.490393 2.581106
v 5.893696 1.461940 2.659095
v 5.845671 1.415735 2.730970
v 5.803576 1.353553 2.793969
v 5.769030 1.277785 2.845671
v 5.743360 1.191342 2.884089
v 5.727552 1.097545 2.907746
v 5.722215 1.000000 2.915734
v 5.727552 0.902455 2.907746
v 5.743360 0.808658 2.884089
v 5.769030 0.722215 2.845671
v 5.803576 0.646447 2.793969
v 5.845671 0.584265 2.730970
v 5.893696 0.538060 2.659095
v 5.945807 0.509607 2.581106
v 5.931025 1.490393 2.568975
v 5.864701 1.461940 2.635299
v 5.803576 1.415735 2.696424
v 5.750000 1.353553 2.750000
v 5.706031 1.277785 2.793969
v 5.673359 1.191342 2.826641
v 5.653240 1.097545 2.846760
v 5.646447 1.000000 2.853553
v 5.653240 0.902455 2.846760
v 5.673359 0.808658 2.826641
v 5.706031 0.722215 2.793969
v 5.750000 0.646447 2.750000
v 5.803576 0.584265 2.696424
v 5.864701 0.538060 2.635299
v 5.931025 0.509607 2.568975
v 6.000000 0.500000 2.500000
v 5.918894 1.490393 2.554193
v 5.840905 1.461940 2.606304
v 5.769030 1.415735 2.654329
v 5.706031 1.353553 2.696424
v 5.654329 1.277785 2.730970
v 5.615911 1.191342 2.756640
v 5.592254 1.097545 2.772447
v 5.584265 1.000000 2.777785
v 5.592254 0.902455 2.772447
v 5.615911 0.808658 2.756640
v 5.654329 0.722215 2.730970
v 5.706031 0.646447 2.696424
v 5.769030 0.584265 2.654329
v 5.840905 0.538060 2.606304
v 5.918894 0.509607 2.554193
v 5.909880 1.490393 2.537329
v 5.823224 1.461940 2.573223
v 5.743360 1.415735 2.606304
v 5.673359 1.353553 2.635299
v 5.615911 1.277785 2.659095
v 5.573224 1.191342 2.676777
v 5.546937 1.097545 2.687665
v 5.538061 1.000000 2.691341
v 5.546937 0.902455 2.687665
v 5.573224 0.808658 2.676777
v 5.615911 0.722215 2.659095
v 5.673359 0.646447 2.635299
v 5.743360 0.584265 2.606304
v 5.823224 0.538060 2.573223
v 5.909880 0.509607 2.537329
v 5.904329 1.490393 2.519030
v 5.812335 1.461940 2.537329
v 5.727552 1.415735 2.554193
v 5.653240 1.353553 2.568975
v 5.592254 1.277785 2.581106
v 5.546937 1.191342 2.590120
v 5.519030 1.097545 2.595671
v 5.509608 1.000000 2.597545
v 5.519030 0.902455 2.595671
v 5.546937 0.808658 2.590120
v 5.592254 0.722215 2.581106
v 5.653240 0.646447 2.568975
v 5.727552 0.584265 2.554193
v 5.812335 0.538060 2.537329
v 5.904329 0.509607 2.519030
v 5.902455 1.490393 2.500000
v 5.808659 1.461940 2.500000
v 5.722215 1.415735 2.500000
v 5.646447 1.353553 2.500000
v 5.584265 1.277785 2.500000
v 5.538060 1.191342 2.500000
v 5.509608 1.097545 2.500000
v 5.500000 1.000000 2.500000
v 5.509608 0.902455 2.500000
v 5.538060 0.808658 2.500000
v 5.584265 0.722215 2.500000
v 5.646447 0.646447 2.500000
v 5.722215 0.584265 2.500000
v 5.808659 0.538060 2.500000
v 5.902455 0.509607 2.500000
v 5.904329 1.490393 2.480970
v 5.812335 1.461940 2.462671
v 5.727553 1.415735 2.445807
v 5.653240 1.353553 2.431025
v 5.592254 1.277785 2.418894
v 5.546937 1.191342 2.409880
v 5.519031 1.097545 2.404329
v 5.509608 1.000000 2.402455
v 5.519031 0.902455 2.404329
v 5.546937 0.808658 2.409880
v 5.592254 0.722215 2.418894
v 5.653240 0.646447 2.431025
v 5.727553 0.584265 2.445807
v 5.812335 0.538060 2.462671
v 5.904329 0.509607 2.480970
v 5.909880 1.490393 2.462671
v 5.823224 1.461940 2.426777
v 5.743361 1.415735 2.393696
v 5.673359 1.353553 2.364701
v 5.615911 1.277785 2.340905
v 5.573224 1.191342 2.323223
v 5.546937 1.097545 2.312335
v 5.538061 1.000000 2.308658
v 5.546937 0.902455 2.312335
v 5.573224 0.808658 2.323223
v 5.615911 0.722215 2.340905
v 5.673359 0.646447 2.364701
v 5.743361 0.584265 2.393696
v 5.823224 0.538060 2.426777
v 5.909880 0.509607 2.462671
v 5.918894 1.490393 2.445807
v 5.840905 1.461940 2.393696
v 5.769031 1.415735 2.345671
v 5.706031 1.353553 2.303576
v 5.654329 1.277785 2.269030
v 5.615911 1.191342 2.243360
v 5.592254 1.097545 2.227552
v 5.584266 1.000000 2.222215
v 5.592254 0.902455 2.227552
v 5.615911 0.808658 2.243360
v 5.654329 0.722215 2.269030
v 5.706031 0.646447 2.303576
v 5.769031 0.584265 2.345671
v 5.840905 0.538060 2.393696
v 5.918894 0.509607 2.445807
v 5.931025 1.490393 2.431025
v 5.864701 1.461940 2.364701
v 5.803576 1.415735 2.303576
v 5.750000 1.353553 2.250000
v 5.706031 1.277785 2.206031
v 5.673359 1.191342 2.173359
v 5.653240 1.097545 2.153240
v 5.646447 1.000000 2.146447
v 5.653240 0.902455 2.153240
v 5.673359 0.808658 2.173359
v 5.706031 0.722215 2.206031
v 5.750000 0.646447 2.250000
v 5.803576 0.584265 2.303576
v 5.864701 0.538060 2.364701
v 5.931025 0.509607 2.431025
v 5.945807 1.490393 2.418894
v 5.893696 1.461940 2.340905
v 5.845671 1.415735 2.269030
v 5.803576 1.353553 2.206031
v 5.769031 1.277785 2.154329
v 5.743360 1.191342 2.115911
v 5.727553 1.097545 2.092254
v 5.722215 1.000000 2.084265
v 5.727553 0.902455 2.092254
v 5.743360 0.808658 2.115911
v 5.769031 0.722215 2.154329
v 5.803576 0.646447 2.206031
v 5.845671 0.584265 2.269030
v 5.893696 0.538060 2.340905
v 5.945807 0.509607 2.418894
v 5.962671 1.490393 2.409880
v 5.926777 1.461940 2.323223
v 5.893696 1.415735 2.243360
v 5.864701 1.353553 2.173359
v 5.840905 1.277785 2.115911
v 5.823224 1.191342 2.073224
v 5.812335 1.097545 2.046937
v 5.808659 1.000000 2.038061
v 5.812335 0.902455 2.046937
v 5.823224 0.808658 2.073224
v 5.840905 0.722215 2.115911
v 5.864701 0.646447 2.173359
v 5.893696 0.584265 2.243360
v 5.926777 0.538060 2.323223
v 5.962671 0.509607 2.409880
v 5.980970 1.490393 2.404329
v 5.962671 1.461940 2.312335
v 5.945807 1.415735 2.227553
v 5.931025 1.353553 2.153240
v 5.918894 1.277785 2.092254
v 5.909880 1.191342 2.046937
v 5.904329 1.097545 2.019030
v 5.902455 1.000000 2.009608
v 5.904329 0.902455 2.019030
v 5.909880 0.808658 2.046937
v 5.918894 0.722215 2.092254
v 5.931025 0.646447 2.153240
v 5.945807 0.584265 2.227553
v 5.962671 0.538060 2.312335
v 5.980970 0.509607 2.404329
v 6.000000 1.490393 2.402455
v 6.000000 1.461940 2.308658
v 6.000000 1.353553 2.146447
v 6.000000 1.191342 2.038060
v 6.000000 0.808658 2.038060
v 6.000000 0.646447 2.146447
v 6.000000 0.584265 2.222215
v 6.000000 0.538060 2.308658
v 6.000000 0.509607 2.402455
vn 0.0624 -0.7715 -0.6332
vn 0.0865 0.4696 -0.8786
vn 0.0464 -0.8810 -0.4709
vn 0.0938 0.2890 -0.9527
vn 0.0286 -0.9565 -0.2902
vn 0.0975 0.0975 -0.9904
vn 0.0097 0.9951 -0.0980
vn 0.0097 -0.9951 -0.0980
vn 0.0975 -0.0975 -0.9904
vn 0.0286 0.9565 -0.2902
vn 0.0938 -0.2890 -0.9527
vn 0.0464 0.8810 -0.4709
vn 0.0865 -0.4696 -0.8786
vn 0.0624 0.7715 -0.6332
vn 0.0759 -0.6326 -0.7708
vn 0.0759 0.6326 -0.7708
vn 0.2248 -0.6326 -0.7412
vn 0.2248 0.6326 -0.7412
vn 0.1847 -0.7715 -0.6088
vn 0.2563 0.4696 -0.8448
vn 0.1374 -0.8810 -0.4528
vn 0.2779 0.2890 -0.9161
vn 0.0846 -0.9565 -0.2790
vn 0.2889 0.0976 -0.9524
vn 0.0286 0.9951 -0.0942
vn 0.0286 -0.9951 -0.0942
vn 0.2889 -0.0976 -0.9524
vn 0.0846 0.9565 -0.2790
vn 0.2779 -0.2890 -0.9161
vn 0.1374 0.8810 -0.4528
vn 0.2563 -0.4696 -0.8448
vn 0.1847 0.7715 -0.6088
vn 0.0464 0.9951 -0.0869
vn 0.0464 -0.9951 -0.0869
vn 0.4691 -0.0975 -0.8777
vn 0.1374 0.9565 -0.2571
vn 0.4513 -0.2890 -0.8443
vn 0.2230 0.8810 -0.4173
vn 0.4162 -0.4696 -0.7786
vn 0.2999 0.7715 -0.5611
vn 0.3651 -0.6326 -0.6831
vn 0.3651 0.6326 -0.6831
vn 0.2999 -0.7715 -0.5611
vn 0.4162 0.4696 -0.7786
vn 0.2230 -0.8810 -0.4173
vn 0.4513 0.2890 -0.8443
vn 0.1374 -0.9565 -0.2571
vn 0.4691 0.0975 -0.8777
vn 0.4913 0.6326 -0.5987
vn 0.4036 -0.7715 -0.4918
vn 0.5601 0.4696 -0.6825
vn 0.3002 -0.8810 -0.3658
vn 0.6073 0.2890 -0.7400
vn 0.1850 -0.9565 -0.2254
vn 0.6314 0.0975 -0.7693
vn 0.0625 0.9951 -0.0761
vn 0.0625 -0.9951 -0.0761
vn 0.6314 -0.0975 -0.7693
vn 0.1850 0.9565 -0.2254
vn 0.6073 -0.2890 -0.7400
vn 0.3002 0.8810 -0.3658
vn 0.5601 -0.4696 -0.6825
vn 0.4036 0.7715 -0.4918
vn 0.4913 -0.6326 -0.5987
vn 0.7693 -0.0975 -0.6314
vn 0.2254 0.9565 -0.1850
vn 0.7400 -0.2890 -0.6073
vn 0.3658 0.8810 -0.3002
vn 0.6825 -0.4696 -0.5601
vn 0.4918 0.7715 -0.4036
vn 0.5987 -0.6326 -0.4913
vn 0.5987 0.6326 -0.4913
vn 0.4918 -0.7715 -0.4036
vn 0.6825 0.4696 -0.5601
vn 0.3658 -0.8810 -0.3002
vn 0.7400 0.2890 -0.6073
vn 0.2254 -0.9565 -0.1850
vn 0.7693 0.0975 -0.6314
vn 0.0761 0.9951 -0.0625
vn 0.0761 -0.9951 -0.0625
vn 0.5611 -0.7715 -0.2999
vn 0.7786 0.4696 -0.4162
vn 0.4173 -0.8810 -0.2230
vn 0.8443 0.2890 -0.4513
vn 0.2571 -0.9565 -0.1374
vn 0.8777 0.0975 -0.4691
vn 0.0869 0.9951 -0.0464
vn 0.0869 -0.9951 -0.0464
vn 0.8777 -0.0975 -0.4691
vn 0.2571 0.9565 -0.1374
vn 0.8443 -0.2890 -0.4513
vn 0.4173 0.8810 -0.2230
vn 0.7786 -0.4696 -0.4162
vn 0.5611 0.7715 -0.2999
vn 0.6831 -0.6326 -0.3651
vn 0.6831 0.6326 -0.3651
vn 0.2790 0.9565 -0.0846
vn 0.9161 -0.2890 -0.2779
vn 0.4528 0.8810 -0.1374
vn 0.8448 -0.4696 -0.2563
vn 0.6088 0.7715 -0.1847
vn 0.7412 -0.6326 -0.2248
vn 0.7412 0.6326 -0.2248
vn 0.6088 -0.7715 -0.1847
vn 0.8448 0.4696 -0.2563
vn 0.4528 -0.8810 -0.1374
vn 0.9161 0.2890 -0.2779
vn 0.2790 -0.9565 -0.0846
vn 0.9524 0.0975 -0.2889
vn 0.0942 0.9951 -0.0286
vn 0.0942 -0.9951 -0.0286
vn 0.9524 -0.0975 -0.2889
vn 0.8786 0.4696 -0.0865
vn 0.4709 -0.8810 -0.0464
vn 0.9527 0.2890 -0.0938
vn 0.2902 -0.9565 -0.0286
vn 0.9904 0.0975 -0.0975
vn 0.0980 0.9951 -0.0097
vn 0.0980 -0.9951 -0.0097
vn 0.9904 -0.0975 -0.0975
vn 0.2902 0.9565 -0.0286
vn 0.9527 -0.2890 -0.0938
vn 0.4709 0.8810 -0.0464
vn 0.8786 -0.4696 -0.0865
vn 0.6332 0.7715 -0.0624
vn 0.7708 -0.6326 -0.0759
vn 0.7708 0.6326 -0.0759
vn 0.6332 -0.7715 -0.0624
vn 0.9527 -0.2890 0.0938
vn 0.4709 0.8810 0.0464
vn 0.8786 -0.4696 0.0865
vn 0.6332 0.7715 0.0624
vn 0.7708 -0.6326 0.0759
vn 0.7708 0.6326 0.0759
vn 0.6332 -0.7715 0.0624
vn 0.8786 0.4696 0.0865
vn 0.4709 -0.8810 0.0464
vn 0.9527 0.2890 0.0938
vn 0.2902 -0.9565 0.0286
vn 0.9904 0.0975 0.0976
vn 0.0980 0.9951 0.0097
vn 0.0980 -0.9951 0.0097
vn 0.9904 -0.0975 0.0976
vn 0.2902 0.9565 0.0286
vn 0.4528 -0.8810 0.1374
vn 0.9161 0.2890 0.2779
vn 0.2790 -0.9565 0.0846
vn 0.9524 0.0975 0.2889
vn 0.0942 0.9951 0.0286
vn 0.0942 -0.9951 0.0286
vn 0.9524 -0.0975 0.2889
vn 0.2790 0.9565 0.0846
vn 0.9161 -0.2890 0.2779
vn 0.4528 0.8810 0.1374
vn 0.8448 -0.4696 0.2563
vn 0.6088 0.7715 0.1847
vn 0.7412 -0.6326 0.2248
vn 0.7412 0.6326 0.2248
vn 0.6088 -0.7715 0.1847
vn 0.8448 0.4696 0.2563
vn 0.7786 -0.4696 0.4162
vn 0.5611 0.7715 0.2999
vn 0.6831 -0.6326 0.3651
vn 0.6831 0.6326 0.3651
vn 0.5611 -0.7715 0.2999
vn 0.7786 0.4696 0.4162
vn 0.4173 -0.8810 0.2230
vn 0.8443 0.2890 0.4513
vn 0.2571 -0.9565 0.1374
vn 0.8777 0.0975 0.4691
vn 0.0869 0.9951 0.0464
vn 0.0869 -0.9951 0.0464
vn 0.8777 -0.0975 0.4691
vn 0.2571 0.9565 0.1374
vn 0.8443 -0.2890 0.4513
vn 0.4173 0.8810 0.2230
vn 0.2254 -0.9565 0.1850
vn 0.7693 0.0975 0.6314
vn 0.0761 0.9951 0.0625
vn 0.0761 -0.9951 0.0625
vn 0.7693 -0.0975 0.6314
vn 0.2254 0.9565 0.1850
vn 0.7400 -0.2890 0.6073
vn 0.3658 0.8810 0.3002
vn 0.6825 -0.4696 0.5601
vn 0.4918 0.7715 0.4036
vn 0.5987 -0.6326 0.4913
vn 0.5987 0.6326 0.4913
vn 0.4918 -0.7715 0.4036
vn 0.6825 0.4696 0.5601
vn 0.3658 -0.8810 0.3002
vn 0.7400 0.2890 0.6073
vn 0.4036 0.7715 0.4918
vn 0.4913 -0.6326 0.5987
vn 0.4913 0.6326 0.5987
vn 0.4036 -0.7715 0.4918
vn 0.5601 0.4696 0.6825
vn 0.3002 -0.8810 0.3658
vn 0.6073 0.2890 0.7400
vn 0.1850 -0.9565 0.2254
vn 0.6314 0.0975 0.7693
vn 0.0625 0.9951 0.0761
vn 0.0625 -0.9951 0.0761
vn 0.6314 -0.0975 0.7693
vn 0.1850 0.9565 0.2254
vn 0.6073 -0.2890 0.7400
vn 0.3002 0.8810 0.3658
vn 0.5601 -0.4696 0.6825
vn 0.4691 0.0975 0.8777
vn 0.0464 0.9951 0.0869
vn 0.0464 -0.9951 0.0869
vn 0.4691 -0.0975 0.8777
vn 0.1374 0.9565 0.2571
vn 0.4513 -0.2890 0.8443
vn 0.2230 0.8810 0.4173
vn 0.4162 -0.4696 0.7786
vn 0.2999 0.7715 0.5611
vn 0.3651 -0.6326 0.6831
vn 0.3651 0.6326 0.6831
vn 0.2999 -0.7715 0.5611
vn 0.4162 0.4696 0.7786
vn 0.2230 -0.8810 0.4173
vn 0.4513 0.2890 0.8443
vn 0.1374 -0.9565 0.2571
vn 0.2248 -0.6326 0.7412
vn 0.2248 0.6326 0.7412
vn 0.1847 -0.7715 0.6088
vn 0.2563 0.4696 0.8448
vn 0.1374 -0.8810 0.4528
vn 0.2779 0.2890 0.9161
vn 0.0846 -0.9565 0.2790
vn 0.2889 0.0975 0.9524
vn 0.0286 0.9951 0.0942
vn 0.0286 -0.9951 0.0942
vn 0.2889 -0.0975 0.9524
vn 0.0846 0.9565 0.2790
vn 0.2779 -0.2890 0.9161
vn 0.1374 0.8810 0.4528
vn 0.2563 -0.4696 0.8448
vn 0.1847 0.7715 0.6088
vn 0.0097 0.9951 0.0980
vn 0.0097 -0.9951 0.0980
vn 0.0975 -0.0975 0.9904
vn 0.0286 0.9565 0.2902
vn 0.0938 -0.2890 0.9527
vn 0.0464 0.8810 0.4709
vn 0.0865 -0.4696 0.8786
vn 0.0624 0.7715 0.6332
vn 0.0759 -0.6326 0.7708
vn 0.0759 0.6326 0.7708
vn 0.0624 -0.7715 0.6332
vn 0.0865 0.4696 0.8786
vn 0.0464 -0.8810 0.4709
vn 0.0938 0.2890 0.9527
vn 0.0286 -0.9565 0.2902
vn 0.0975 0.0975 0.9904
vn -0.0759 0.6326 0.7708
vn -0.0624 -0.7715 0.6332
vn -0.0865 0.4696 0.8786
vn -0.0464 -0.8810 0.4709
vn -0.0938 0.2890 0.9527
vn -0.0286 -0.9565 0.2902
vn -0.0976 0.0975 0.9904
vn -0.0097 0.9951 0.0980
vn -0.0097 -0.9951 0.0980
vn -0.0976 -0.0975 0.9904
vn -0.0286 0.9565 0.2902
vn -0.0938 -0.2890 0.9527
vn -0.0464 0.8810 0.4709
vn -0.0865 -0.4696 0.8786
vn -0.0624 0.7715 0.6332
vn -0.0759 -0.6326 0.7708
vn -0.2889 -0.0975 0.9524
vn -0.0846 0.9565 0.2790
vn -0.2779 -0.2890 0.9161
vn -0.1374 0.8810 0.4528
vn -0.2563 -0.4696 0.8448
vn -0.1847 0.7715 0.6088
vn -0.2248 -0.6326 0.7412
vn -0.2248 0.6326 0.7412
vn -0.1847 -0.7715 0.6088
vn -0.2563 0.4696 0.8448
vn -0.1374 -0.8810 0.4528
vn -0.2779 0.2890 0.9161
vn -0.0846 -0.9565 0.2790
vn -0.2889 0.0975 0.9524
vn -0.0286 0.9951 0.0942
vn -0.0286 -0.9951 0.0942
vn -0.2999 -0.7715 0.5611
vn -0.4162 0.4696 0.7786
vn -0.2230 -0.8810 0.4173
vn -0.4513 0.2890 0.8443
vn -0.1374 -0.9565 0.2571
vn -0.4691 0.0975 0.8777
vn -0.0464 0.9951 0.0869
vn -0.0464 -0.9951 0.0869
vn -0.4691 -0.0975 0.8777
vn -0.1374 0.9565 0.2571
vn -0.4513 -0.2890 0.8443
vn -0.2230 0.8810 0.4173
vn -0.4162 -0.4696 0.7786
vn -0.2999 0.7715 0.5611
vn -0.3651 -0.6326 0.6831
vn -0.3651 0.6326 0.6831
vn -0.6073 -0.2890 0.7400
vn -0.3002 0.8810 0.3658
vn -0.5601 -0.4696 0.6825
vn -0.4036 0.7715 0.4918
vn -0.4913 -0.6326 0.5987
vn -0.4913 0.6326 0.5987
vn -0.4036 -0.7715 0.4918
vn -0.5601 0.4696 0.6825
vn -0.3002 -0.8810 0.3658
vn -0.6073 0.2890 0.7400
vn -0.1850 -0.9565 0.2254
vn -0.6314 0.0975 0.7693
vn -0.0625 0.9951 0.0761
vn -0.0625 -0.9951 0.0761
vn -0.6314 -0.0975 0.7693
vn -0.1850 0.9565 0.2254
vn -0.3658 -0.8810 0.3002
vn -0.7400 0.2890 0.6073
vn -0.2254 -0.9565 0.1850
vn -0.7693 0.0975 0.6314
vn -0.0761 0.9951 0.0625
vn -0.0761 -0.9951 0.0625
vn -0.7693 -0.0975 0.6314
vn -0.2254 0.9565 0.1850
vn -0.7400 -0.2890 0.6073
vn -0.3658 0.8810 0.3002
vn -0.6825 -0.4696 0.5601
vn -0.4918 0.7715 0.4036
vn -0.5987 -0.6326 0.4913
vn -0.5987 0.6326 0.4913
vn -0.4918 -0.7715 0.4036
vn -0.6825 0.4696 0.5601
vn -0.4173 0.8810 0.2230
vn -0.7786 -0.4696 0.4162
vn -0.5611 0.7715 0.2999
vn -0.6831 -0.6326 0.3651
vn -0.6831 0.6326 0.3651
vn -0.5611 -0.7715 0.2999
vn -0.7786 0.4696 0.4162
vn -0.4173 -0.8810 0.2230
vn -0.8443 0.2890 0.4513
vn -0.2571 -0.9565 0.1374
vn -0.8777 0.0975 0.4691
vn -0.0869 0.9951 0.0464
vn -0.0869 -0.9951 0.0464
vn -0.8777 -0.0975 0.4691
vn -0.2571 0.9565 0.1374
vn -0.8443 -0.2890 0.4513
vn -0.9161 0.2890 0.2779
vn -0.2790 -0.9565 0.0846
vn -0.9524 0.0975 0.2889
vn -0.0942 0.9951 0.0286
vn -0.0942 -0.9951 0.0286
vn -0.9524 -0.0975 0.2889
vn -0.2790 0.9565 0.0846
vn -0.9161 -0.2890 0.2779
vn -0.4528 0.8810 0.1374
vn -0.8448 -0.4696 0.2563
vn -0.6088 0.7715 0.1847
vn -0.7412 -0.6326 0.2248
vn -0.7412 0.6326 0.2248
vn -0.6088 -0.7715 0.1847
vn -0.8448 0.4696 0.2563
vn -0.4528 -0.8810 0.1374
vn -0.8786 -0.4696 0.0865
vn -0.6332 0.7715 0.0624
vn -0.7708 -0.6326 0.0759
vn -0.7708 0.6326 0.0759
vn -0.6332 -0.7715 0.0624
vn -0.8786 0.4696 0.0865
vn -0.4709 -0.8810 0.0464
vn -0.9527 0.2890 0.0938
vn -0.2902 -0.9565 0.0286
vn -0.9904 0.0975 0.0975
vn -0.0980 0.9951 0.0097
vn -0.0980 -0.9951 0.0097
vn -0.9904 -0.0975 0.0975
vn -0.2902 0.9565 0.0286
vn -0.9527 -0.2890 0.0938
vn -0.4709 0.8810 0.0464
vn -0.2902 -0.9565 -0.0286
vn -0.9904 0.0975 -0.0976
vn -0.0980 0.9951 -0.0097
vn -0.0980 -0.9951 -0.0097
vn -0.9904 -0.0975 -0.0976
vn -0.2902 0.9565 -0.0286
vn -0.9527 -0.2890 -0.0938
vn -0.4709 0.8810 -0.0464
vn -0.8786 -0.4696 -0.0865
vn -0.6332 0.7715 -0.0624
vn -0.7708 -0.6326 -0.0759
vn -0.7708 0.6326 -0.0759
vn -0.6332 -0.7715 -0.0624
vn -0.8786 0.4696 -0.0865
vn -0.4709 -0.8810 -0.0464
vn -0.9527 0.2890 -0.0938
vn -0.6088 0.7715 -0.1847
vn -0.7412 -0.6326 -0.2248
vn -0.7412 0.6326 -0.2248
vn -0.6088 -0.7715 -0.1847
vn -0.8448 0.4696 -0.2563
vn -0.4528 -0.8810 -0.1374
vn -0.9161 0.2890 -0.2779
vn -0.2790 -0.9565 -0.0846
vn -0.9524 0.0975 -0.2889
vn -0.0942 0.9951 -0.0286
vn -0.0942 -0.9951 -0.0286
vn -0.9524 -0.0975 -0.2889
vn -0.2790 0.9565 -0.0846
vn -0.9161 -0.2890 -0.2779
vn -0.4528 0.8810 -0.1374
vn -0.8448 -0.4696 -0.2563
vn -0.8777 0.0975 -0.4691
vn -0.0869 0.9951 -0.0464
vn -0.0869 -0.9951 -0.0464
vn -0.8777 -0.0975 -0.4691
vn -0.2571 0.9565 -0.1374
vn -0.8443 -0.2890 -0.4513
vn -0.4173 0.8810 -0.2231
vn -0.7786 -0.4696 -0.4162
vn -0.5611 0.7715 -0.2999
vn -0.6831 -0.6326 -0.3651
vn -0.6831 0.6326 -0.3651
vn -0.5611 -0.7715 -0.2999
vn -0.7786 0.4696 -0.4162
vn -0.4173 -0.8810 -0.2231
vn -0.8443 0.2890 -0.4513
vn -0.2571 -0.9565 -0.1374
vn -0.5987 -0.6326 -0.4913
vn -0.5987 0.6326 -0.4913
vn -0.4918 -0.7715 -0.4036
vn -0.6825 0.4696 -0.5601
vn -0.3658 -0.8810 -0.3002
vn -0.7400 0.2890 -0.6073
vn -0.2254 -0.9565 -0.1850
vn -0.7693 0.0975 -0.6314
vn -0.0761 0.9951 -0.0625
vn -0.0761 -0.9951 -0.0625
vn -0.7693 -0.0975 -0.6314
vn -0.2254 0.9565 -0.1850
vn -0.7400 -0.2890 -0.6073
vn -0.3658 0.8810 -0.3002
vn -0.6825 -0.4696 -0.5601
vn -0.4918 0.7715 -0.4036
vn -0.0625 -0.9951 -0.0761
vn -0.6314 -0.0975 -0.7693
vn -0.1850 0.9565 -0.2254
vn -0.6073 -0.2890 -0.7400
vn -0.3002 0.8810 -0.3658
vn -0.5601 -0.4696 -0.6825
vn -0.4036 0.7715 -0.4918
vn -0.4913 -0.6326 -0.5987
vn -0.4913 0.6326 -0.5987
vn -0.4036 -0.7715 -0.4918
vn -0.5601 0.4696 -0.6825
vn -0.3002 -0.8810 -0.3658
vn -0.6073 0.2890 -0.7400
vn -0.1850 -0.9565 -0.2254
vn -0.6314 0.0975 -0.7693
vn -0.0625 0.9951 -0.0761
vn -0.2999 -0.7715 -0.5611
vn -0.4162 0.4696 -0.7786
vn -0.2230 -0.8810 -0.4173
vn -0.4513 0.2890 -0.8443
vn -0.1374 -0.9565 -0.2571
vn -0.4691 0.0975 -0.8777
vn -0.0464 0.9951 -0.0869
vn -0.0464 -0.9951 -0.0869
vn -0.4691 -0.0975 -0.8777
vn -0.1374 0.9565 -0.2571
vn -0.4513 -0.2890 -0.8443
vn -0.2230 0.8810 -0.4173
vn -0.4162 -0.4696 -0.7786
vn -0.2999 0.7715 -0.5611
vn -0.3651 -0.6326 -0.6831
vn -0.3651 0.6326 -0.6831
vn -0.0846 0.9565 -0.2790
vn -0.2779 -0.2890 -0.9161
vn -0.1374 0.8810 -0.4528
vn -0.2563 -0.4696 -0.8448
vn -0.1847 0.7715 -0.6088
vn -0.2248 -0.6326 -0.7412
vn -0.2248 0.6326 -0.7412
vn -0.1847 -0.7715 -0.6088
vn -0.2563 0.4696 -0.8448
vn -0.1374 -0.8810 -0.4528
vn -0.2779 0.2890 -0.9161
vn -0.0846 -0.9565 -0.2790
vn -0.2889 0.0975 -0.9524
vn -0.0286 0.9951 -0.0942
vn -0.0286 -0.9951 -0.0942
vn -0.2889 -0.0975 -0.9524
vn -0.0865 0.4696 -0.8786
vn -0.0464 -0.8810 -0.4709
vn -0.0938 0.2890 -0.9527
vn -0.0286 -0.9565 -0.2902
vn -0.0976 0.0975 -0.9904
vn -0.0097 0.9951 -0.0980
vn -0.0097 -0.9951 -0.0980
vn -0.0976 -0.0975 -0.9904
vn -0.0286 0.9565 -0.2902
vn -0.0938 -0.2890 -0.9527
vn -0.0464 0.8810 -0.4709
vn -0.0865 -0.4696 -0.8786
vn -0.0624 0.7715 -0.6332
vn -0.0759 -0.6326 -0.7708
vn -0.0759 0.6326 -0.7708
vn -0.0624 -0.7715 -0.6332
vt 0.750000 0.187500
vt 0.750000 0.250000
vt 0.718750 0.250000
vt 0.718750 0.187500
vt 0.750000 0.625000
vt 0.750000 0.687500
vt 0.718750 0.687500
vt 0.718750 0.625000
vt 0.750000 0.125000
vt 0.718750 0.125000
vt 0.750000 0.562500
vt 0.718750 0.562500
vt 0.750000 0.062500
vt 0.718750 0.062500
vt 0.750000 0.500000
vt 0.718750 0.500000
vt 0.750000 0.937500
vt 0.734375 1.000000
vt 0.718750 0.937500
vt 0.734375 0.000000
vt 0.750000 0.437500
vt 0.718750 0.437500
vt 0.750000 0.875000
vt 0.718750 0.875000
vt 0.750000 0.375000
vt 0.718750 0.375000
vt 0.750000 0.812500
vt 0.718750 0.812500
vt 0.750000 0.312500
vt 0.718750 0.312500
vt 0.750000 0.750000
vt 0.718750 0.750000
vt 0.687500 0.312500
vt 0.687500 0.250000
vt 0.687500 0.750000
vt 0.687500 0.687500
vt 0.687500 0.187500
vt 0.687500 0.625000
vt 0.687500 0.125000
vt 0.687500 0.562500
vt 0.687500 0.062500
vt 0.687500 0.500000
vt 0.703125 1.000000
vt 0.687500 0.937500
vt 0.703125 0.000000
vt 0.687500 0.437500
vt 0.687500 0.875000
vt 0.687500 0.375000
vt 0.687500 0.812500
vt 0.671875 1.000000
vt 0.656250 0.937500
vt 0.671875 0.000000
vt 0.656250 0.062500
vt 0.656250 0.500000
vt 0.656250 0.437500
vt 0.656250 0.875000
vt 0.656250 0.375000
vt 0.656250 0.812500
vt 0.656250 0.312500
vt 0.656250 0.750000
vt 0.656250 0.250000
vt 0.656250 0.687500
vt 0.656250 0.187500
vt 0.656250 0.625000
vt 0.656250 0.125000
vt 0.656250 0.562500
vt 0.625000 0.750000
vt 0.625000 0.687500
vt 0.625000 0.250000
vt 0.625000 0.187500
vt 0.625000 0.625000
vt 0.625000 0.125000
vt 0.625000 0.562500
vt 0.625000 0.062500
vt 0.625000 0.500000
vt 0.640625 1.000000
vt 0.625000 0.937500
vt 0.640625 0.000000
vt 0.625000 0.437500
vt 0.625000 0.875000
vt 0.625000 0.375000
vt 0.625000 0.812500
vt 0.625000 0.312500
vt 0.593750 0.500000
vt 0.593750 0.437500
vt 0.593750 0.937500
vt 0.593750 0.875000
vt 0.593750 0.375000
vt 0.593750 0.812500
vt 0.593750 0.312500
vt 0.593750 0.750000
vt 0.593750 0.250000
vt 0.593750 0.687500
vt 0.593750 0.187500
vt 0.593750 0.625000
vt 0.593750 0.125000
vt 0.593750 0.562500
vt 0.593750 0.062500
vt 0.609375 1.000000
vt 0.609375 0.000000
vt 0.562500 0.250000
vt 0.562500 0.187500
vt 0.562500 0.687500
vt 0.562500 0.625000
vt 0.562500 0.125000
vt 0.562500 0.562500
vt 0.562500 0.062500
vt 0.562500 0.500000
vt 0.578125 1.000000
vt 0.562500 0.937500
vt 0.578125 0.000000
vt 0.562500 0.437500
vt 0.562500 0.875000
vt 0.562500 0.375000
vt 0.562500 0.812500
vt 0.562500 0.312500
vt 0.562500 0.750000
vt 0.531250 0.937500
vt 0.531250 0.875000
vt 0.531250 0.437500
vt 0.531250 0.375000
vt 0.531250 0.812500
vt 0.531250 0.312500
vt 0.531250 0.750000
vt 0.531250 0.250000
vt 0.531250 0.687500
vt 0.531250 0.187500
vt 0.531250 0.625000
vt 0.531250 0.125000
vt 0.531250 0.562500
vt 0.531250 0.062500
vt 0.531250 0.500000
vt 0.546875 1.000000
vt 0.546875 0.000000
vt 0.500000 0.687500
vt 0.500000 0.625000
vt 0.500000 0.187500
vt 0.500000 0.125000
vt 0.500000 0.562500
vt 0.500000 0.062500
vt 0.500000 0.500000
vt 0.515625 1.000000
vt 0.500000 0.937500
vt 0.515625 0.000000
vt 0.500000 0.437500
vt 0.500000 0.875000
vt 0.500000 0.375000
vt 0.500000 0.812500
vt 0.500000 0.312500
vt 0.500000 0.750000
vt 0.500000 0.250000
vt 0.468750 0.437500
vt 0.468750 0.375000
vt 0.468750 0.875000
vt 0.468750 0.812500
vt 0.468750 0.312500
vt 0.468750 0.750000
vt 0.468750 0.250000
vt 0.468750 0.687500
vt 0.468750 0.187500
vt 0.468750 0.625000
vt 0.468750 0.125000
vt 0.468750 0.562500
vt 0.468750 0.062500
vt 0.468750 0.500000
vt 0.484375 1.000000
vt 0.468750 0.937500
vt 0.484375 0.000000
vt 0.437500 0.187500
vt 0.437500 0.125000
vt 0.437500 0.625000
vt 0.437500 0.562500
vt 0.437500 0.062500
vt 0.437500 0.500000
vt 0.453125 1.000000
vt 0.437500 0.937500
vt 0.453125 0.000000
vt 0.437500 0.437500
vt 0.437500 0.875000
vt 0.437500 0.375000
vt 0.437500 0.812500
vt 0.437500 0.312500
vt 0.437500 0.750000
vt 0.437500 0.250000
vt 0.437500 0.687500
vt 0.406250 0.375000
vt 0.406250 0.312500
vt 0.406250 0.812500
vt 0.406250 0.750000
vt 0.406250 0.250000
vt 0.406250 0.687500
vt 0.406250 0.187500
vt 0.406250 0.625000
vt 0.406250 0.125000
vt 0.406250 0.562500
vt 0.406250 0.062500
vt 0.406250 0.500000
vt 0.421875 1.000000
vt 0.406250 0.937500
vt 0.421875 0.000000
vt 0.406250 0.437500
vt 0.406250 0.875000
vt 0.375000 0.125000
vt 0.375000 0.062500
vt 0.375000 0.562500
vt 0.375000 0.500000
vt 0.390625 1.000000
vt 0.375000 0.937500
vt 0.390625 0.000000
vt 0.375000 0.437500
vt 0.375000 0.875000
vt 0.375000 0.375000
vt 0.375000 0.812500
vt 0.375000 0.312500
vt 0.375000 0.750000
vt 0.375000 0.250000
vt 0.375000 0.687500
vt 0.375000 0.187500
vt 0.375000 0.625000
vt 0.343750 0.812500
vt 0.343750 0.750000
vt 0.343750 0.312500
vt 0.343750 0.250000
vt 0.343750 0.687500
vt 0.343750 0.187500
vt 0.343750 0.625000
vt 0.343750 0.125000
vt 0.343750 0.562500
vt 0.343750 0.062500
vt 0.343750 0.500000
vt 0.359375 1.000000
vt 0.343750 0.937500
vt 0.359375 0.000000
vt 0.343750 0.437500
vt 0.343750 0.875000
vt 0.343750 0.375000
vt 0.312500 0.562500
vt 0.312500 0.500000
vt 0.328125 1.000000
vt 0.312500 0.937500
vt 0.328125 0.000000
vt 0.312500 0.062500
vt 0.312500 0.437500
vt 0.312500 0.875000
vt 0.312500 0.375000
vt 0.312500 0.812500
vt 0.312500 0.312500
vt 0.312500 0.750000
vt 0.312500 0.250000
vt 0.312500 0.687500
vt 0.312500 0.187500
vt 0.312500 0.625000
vt 0.312500 0.125000
vt 0.281250 0.312500
vt 0.281250 0.250000
vt 0.281250 0.750000
vt 0.281250 0.687500
vt 0.281250 0.187500
vt 0.281250 0.625000
vt 0.281250 0.125000
vt 0.281250 0.562500
vt 0.281250 0.062500
vt 0.281250 0.500000
vt 0.296875 1.000000
vt 0.281250 0.937500
vt 0.296875 0.000000
vt 0.281250 0.437500
vt 0.281250 0.875000
vt 0.281250 0.375000
vt 0.281250 0.812500
vt 0.265625 1.000000
vt 0.250000 0.937500
vt 0.265625 0.000000
vt 0.250000 0.062500
vt 0.250000 0.500000
vt 0.250000 0.437500
vt 0.250000 0.875000
vt 0.250000 0.375000
vt 0.250000 0.812500
vt 0.250000 0.312500
vt 0.250000 0.750000
vt 0.250000 0.250000
vt 0.250000 0.687500
vt 0.250000 0.187500
vt 0.250000 0.625000
vt 0.250000 0.125000
vt 0.250000 0.562500
vt 0.218750 0.750000
vt 0.218750 0.687500
vt 0.218750 0.250000
vt 0.218750 0.187500
vt 0.218750 0.625000
vt 0.218750 0.125000
vt 0.218750 0.562500
vt 0.218750 0.062500
vt 0.218750 0.500000
vt 0.234375 1.000000
vt 0.218750 0.937500
vt 0.234375 0.000000
vt 0.218750 0.437500
vt 0.218750 0.875000
vt 0.218750 0.375000
vt 0.218750 0.812500
vt 0.218750 0.312500
vt 0.187500 0.500000
vt 0.187500 0.437500
vt 0.187500 0.937500
vt 0.187500 0.875000
vt 0.187500 0.375000
vt 0.187500 0.812500
vt 0.187500 0.312500
vt 0.187500 0.750000
vt 0.187500 0.250000
vt 0.187500 0.687500
vt 0.187500 0.187500
vt 0.187500 0.625000
vt 0.187500 0.125000
vt 0.187500 0.562500
vt 0.187500 0.062500
vt 0.203125 1.000000
vt 0.203125 0.000000
vt 0.156250 0.250000
vt 0.156250 0.187500
vt 0.156250 0.687500
vt 0.156250 0.625000
vt 0.156250 0.125000
vt 0.156250 0.562500
vt 0.156250 0.062500
vt 0.156250 0.500000
vt 0.171875 1.000000
vt 0.156250 0.937500
vt 0.171875 0.000000
vt 0.156250 0.437500
vt 0.156250 0.875000
vt 0.156250 0.375000
vt 0.156250 0.812500
vt 0.156250 0.312500
vt 0.156250 0.750000
vt 0.125000 0.437500
vt 0.125000 0.375000
vt 0.125000 0.875000
vt 0.125000 0.812500
vt 0.125000 0.312500
vt 0.125000 0.750000
vt 0.125000 0.250000
vt 0.125000 0.687500
vt 0.125000 0.187500
vt 0.125000 0.625000
vt 0.125000 0.125000
vt 0.125000 0.562500
vt 0.125000 0.062500
vt 0.125000 0.500000
vt 0.140625 1.000000
vt 0.125000 0.937500
vt 0.140625 0.000000
vt 0.093750 0.187500
vt 0.093750 0.125000
vt 0.093750 0.625000
vt 0.093750 0.562500
vt 0.093750 0.062500
vt 0.093750 0.500000
vt 0.109375 1.000000
vt 0.093750 0.937500
vt 0.109375 0.000000
vt 0.093750 0.437500
vt 0.093750 0.875000
vt 0.093750 0.375000
vt 0.093750 0.812500
vt 0.093750 0.312500
vt 0.093750 0.750000
vt 0.093750 0.250000
vt 0.093750 0.687500
vt 0.062500 0.875000
vt 0.062500 0.812500
vt 0.062500 0.375000
vt 0.062500 0.312500
vt 0.062500 0.750000
vt 0.062500 0.250000
vt 0.062500 0.687500
vt 0.062500 0.187500
vt 0.062500 0.625000
vt 0.062500 0.125000
vt 0.062500 0.562500
vt 0.062500 0.062500
vt 0.062500 0.500000
vt 0.078125 1.000000
vt 0.062500 0.937500
vt 0.078125 0.000000
vt 0.062500 0.437500
vt 0.031250 0.625000
vt 0.031250 0.562500
vt 0.031250 0.125000
vt 0.031250 0.062500
vt 0.031250 0.500000
vt 0.046875 1.000000
vt 0.031250 0.937500
vt 0.046875 0.000000
vt 0.031250 0.437500
vt 0.031250 0.875000
vt 0.031250 0.375000
vt 0.031250 0.812500
vt 0.031250 0.312500
vt 0.031250 0.750000
vt 0.031250 0.250000
vt 0.031250 0.687500
vt 0.031250 0.187500
vt 0.000000 0.375000
vt 0.000000 0.312500
vt 0.000000 0.812500
vt 0.000000 0.750000
vt 0.000000 0.250000
vt 0.000000 0.687500
vt 0.000000 0.187500
vt 0.000000 0.625000
vt 0.000000 0.125000
vt 0.000000 0.562500
vt 0.000000 0.062500
vt 0.000000 0.500000
vt 0.015625 1.000000
vt 0.000000 0.937500
vt 0.015625 0.000000
vt 0.000000 0.437500
vt 0.000000 0.875000
vt 1.000000 0.062500
vt 1.000000 0.125000
vt 0.968750 0.125000
vt 0.968750 0.062500
vt 1.000000 0.500000
vt 1.000000 0.562500
vt 0.968750 0.562500
vt 0.968750 0.500000
vt 1.000000 0.937500
vt 0.984375 1.000000
vt 0.968750 0.937500
vt 0.984375 0.000000
vt 1.000000 0.437500
vt 0.968750 0.437500
vt 1.000000 0.875000
vt 0.968750 0.875000
vt 1.000000 0.375000
vt 0.968750 0.375000
vt 1.000000 0.812500
vt 0.968750 0.812500
vt 1.000000 0.312500
vt 0.968750 0.312500
vt 1.000000 0.750000
vt 0.968750 0.750000
vt 1.000000 0.250000
vt 0.968750 0.250000
vt 1.000000 0.687500
vt 0.968750 0.687500
vt 1.000000 0.187500
vt 0.968750 0.187500
vt 1.000000 0.625000
vt 0.968750 0.625000
vt 0.937500 0.812500
vt 0.937500 0.750000
vt 0.937500 0.312500
vt 0.937500 0.250000
vt 0.937500 0.687500
vt 0.937500 0.187500
vt 0.937500 0.625000
vt 0.937500 0.125000
vt 0.937500 0.562500
vt 0.937500 0.062500
vt 0.937500 0.500000
vt 0.953125 1.000000
vt 0.937500 0.937500
vt 0.953125 0.000000
vt 0.937500 0.437500
vt 0.937500 0.875000
vt 0.937500 0.375000
vt 0.906250 0.562500
vt 0.906250 0.500000
vt 0.921875 1.000000
vt 0.906250 0.937500
vt 0.921875 0.000000
vt 0.906250 0.062500
vt 0.906250 0.437500
vt 0.906250 0.875000
vt 0.906250 0.375000
vt 0.906250 0.812500
vt 0.906250 0.312500
vt 0.906250 0.750000
vt 0.906250 0.250000
vt 0.906250 0.687500
vt 0.906250 0.187500
vt 0.906250 0.625000
vt 0.906250 0.125000
vt 0.875000 0.312500
vt 0.875000 0.250000
vt 0.875000 0.750000
vt 0.875000 0.687500
vt 0.875000 0.187500
vt 0.875000 0.625000
vt 0.875000 0.125000
vt 0.875000 0.562500
vt 0.875000 0.062500
vt 0.875000 0.500000
vt 0.890625 1.000000
vt 0.875000 0.937500
vt 0.890625 0.000000
vt 0.875000 0.437500
vt 0.875000 0.875000
vt 0.875000 0.375000
vt 0.875000 0.812500
vt 0.859375 0.000000
vt 0.843750 0.062500
vt 0.843750 0.500000
vt 0.843750 0.437500
vt 0.843750 0.937500
vt 0.843750 0.875000
vt 0.843750 0.375000
vt 0.843750 0.812500
vt 0.843750 0.312500
vt 0.843750 0.750000
vt 0.843750 0.250000
vt 0.843750 0.687500
vt 0.843750 0.187500
vt 0.843750 0.625000
vt 0.843750 0.125000
vt 0.843750 0.562500
vt 0.859375 1.000000
vt 0.812500 0.250000
vt 0.812500 0.187500
vt 0.812500 0.687500
vt 0.812500 0.625000
vt 0.812500 0.125000
vt 0.812500 0.562500
vt 0.812500 0.062500
vt 0.812500 0.500000
vt 0.828125 1.000000
vt 0.812500 0.937500
vt 0.828125 0.000000
vt 0.812500 0.437500
vt 0.812500 0.875000
vt 0.812500 0.375000
vt 0.812500 0.812500
vt 0.812500 0.312500
vt 0.812500 0.750000
vt 0.781250 0.937500
vt 0.781250 0.875000
vt 0.781250 0.437500
vt 0.781250 0.375000
vt 0.781250 0.812500
vt 0.781250 0.312500
vt 0.781250 0.750000
vt 0.781250 0.250000
vt 0.781250 0.687500
vt 0.781250 0.187500
vt 0.781250 0.625000
vt 0.781250 0.125000
vt 0.781250 0.562500
vt 0.781250 0.062500
vt 0.781250 0.500000
vt 0.796875 1.000000
vt 0.796875 0.000000
vt 0.765625 1.000000
vt 0.765625 0.000000
s 0
usemtl Foliage
f 3520/4267/2809 3519/4268/2809 3058/4269/2809 3059/4270/2809
f 3517/4271/2810 3042/4272/2810 3051/4273/2810 3052/4274/2810
f 3521/4275/2811 3520/4267/2811 3059/4270/2811 3060/4276/2811
f 3043/4277/2812 3517/4271/2812 3052/4274/2812 3053/4278/2812
f 3522/4279/2813 3521/4275/2813 3060/4276/2813 3061/4280/2813
f 3044/4281/2814 3043/4277/2814 3053/4278/2814 3054/4282/2814
f 3514/4283/2815 3122/4284/2815 3047/4285/2815
f 3348/4286/2816 3522/4279/2816 3061/4280/2816
f 3045/4287/2817 3044/4281/2817 3054/4282/2817 3055/4288/2817
f 3515/4289/2818 3514/4283/2818 3047/4285/2818 3048/4290/2818
f 3518/4291/2819 3045/4287/2819 3055/4288/2819 3056/4292/2819
f 3041/4293/2820 3515/4289/2820 3048/4290/2820 3049/4294/2820
f 3046/4295/2821 3518/4291/2821 3056/4292/2821 3057/4296/2821
f 3516/4297/2822 3041/4293/2822 3049/4294/2822 3050/4298/2822
f 3519/4268/2823 3046/4295/2823 3057/4296/2823 3058/4269/2823
f 3042/4272/2824 3516/4297/2824 3050/4298/2824 3051/4273/2824
f 3058/4269/2825 3057/4296/2825 3072/4299/2825 3073/4300/2825
f 3051/4273/2826 3050/4298/2826 3065/4301/2826 3066/4302/2826
f 3059/4270/2827 3058/4269/2827 3073/4300/2827 3074/4303/2827
f 3052/4274/2828 3051/4273/2828 3066/4302/2828 3067/4304/2828
f 3060/4276/2829 3059/4270/2829 3074/4303/2829 3075/4305/2829
f 3053/4278/2830 3052/4274/2830 3067/4304/2830 3068/4306/2830
f 3061/4280/2831 3060/4276/2831 3075/4305/2831 3076/4307/2831
f 3054/4282/2832 3053/4278/2832 3068/4306/2832 3069/4308/2832
f 3047/4285/2833 3122/4309/2833 3062/4310/2833
f 3348/4311/2834 3061/4280/2834 3076/4307/2834
f 3055/4288/2835 3054/4282/2835 3069/4308/2835 3070/4312/2835
f 3048/4290/2836 3047/4285/2836 3062/4310/2836 3063/4313/2836
f 3056/4292/2837 3055/4288/2837 3070/4312/2837 3071/4314/2837
f 3049/4294/2838 3048/4290/2838 3063/4313/2838 3064/4315/2838
f 3057/4296/2839 3056/4292/2839 3071/4314/2839 3072/4299/2839
f 3050/4298/2840 3049/4294/2840 3064/4315/2840 3065/4301/2840
f 3062/4310/2841 3122/4316/2841 3077/4317/2841
f 3348/4318/2842 3076/4307/2842 3091/4319/2842
f 3070/4312/2843 3069/4308/2843 3084/4320/2843 3085/4321/2843
f 3063/4313/2844 3062/4310/2844 3077/4317/2844 3078/4322/2844
f 3071/4314/2845 3070/4312/2845 3085/4321/2845 3086/4323/2845
f 3064/4315/2846 3063/4313/2846 3078/4322/2846 3079/4324/2846
f 3072/4299/2847 3071/4314/2847 3086/4323/2847 3087/4325/2847
f 3065/4301/2848 3064/4315/2848 3079/4324/2848 3080/4326/2848
f 3073/4300/2849 3072/4299/2849 3087/4325/2849 3088/4327/2849
f 3066/4302/2850 3065/4301/2850 3080/4326/2850 3081/4328/2850
f 3074/4303/2851 3073/4300/2851 3088/4327/2851 3089/4329/2851
f 3067/4304/2852 3066/4302/2852 3081/4328/2852 3082/4330/2852
f 3075/4305/2853 3074/4303/2853 3089/4329/2853 3090/4331/2853
f 3068/4306/2854 3067/4304/2854 3082/4330/2854 3083/4332/2854
f 3076/4307/2855 3075/4305/2855 3090/4331/2855 3091/4319/2855
f 3069/4308/2856 3068/4306/2856 3083/4332/2856 3084/4320/2856
f 3081/4328/2857 3080/4326/2857 3095/4333/2857 3096/4334/2857
f 3089/4329/2858 3088/4327/2858 3103/4335/2858 3104/4336/2858
f 3082/4330/2859 3081/4328/2859 3096/4334/2859 3097/4337/2859
f 3090/4331/2860 3089/4329/2860 3104/4336/2860 3105/4338/2860
f 3083/4332/2861 3082/4330/2861 3097/4337/2861 3098/4339/2861
f 3091/4319/2862 3090/4331/2862 3105/4338/2862 3106/4340/2862
f 3084/4320/2863 3083/4332/2863 3098/4339/2863 3099/4341/2863
f 3077/4317/2864 3122/4342/2864 3092/4343/2864
f 3348/4344/2865 3091/4319/2865 3106/4340/2865
f 3085/4321/2866 3084/4320/2866 3099/4341/2866 3100/4345/2866
f 3078/4322/2867 3077/4317/2867 3092/4343/2867 3093/4346/2867
f 3086/4323/2868 3085/4321/2868 3100/4345/2868 3101/4347/2868
f 3079/4324/2869 3078/4322/2869 3093/4346/2869 3094/4348/2869
f 3087/4325/2870 3086/4323/2870 3101/4347/2870 3102/4349/2870
f 3080/4326/2871 3079/4324/2871 3094/4348/2871 3095/4333/2871
f 3088/4327/2872 3087/4325/2872 3102/4349/2872 3103/4335/2872
f 3100/4345/2873 3099/4341/2873 3114/4350/2873 3115/4351/2873
f 3093/4346/2874 3092/4343/2874 3107/4352/2874 3108/4353/2874
f 3101/4347/2875 3100/4345/2875 3115/4351/2875 3116/4354/2875
f 3094/4348/2876 3093/4346/2876 3108/4353/2876 3109/4355/2876
f 3102/4349/2877 3101/4347/2877 3116/4354/2877 3117/4356/2877
f 3095/4333/2878 3094/4348/2878 3109/4355/2878 3110/4357/2878
f 3103/4335/2879 3102/4349/2879 3117/4356/2879 3118/4358/2879
f 3096/4334/2880 3095/4333/2880 3110/4357/2880 3111/4359/2880
f 3104/4336/2881 3103/4335/2881 3118/4358/2881 3119/4360/2881
f 3097/4337/2882 3096/4334/2882 3111/4359/2882 3112/4361/2882
f 3105/4338/2883 3104/4336/2883 3119/4360/2883 3120/4362/2883
f 3098/4339/2884 3097/4337/2884 3112/4361/2884 3113/4363/2884
f 3106/4340/2885 3105/4338/2885 3120/4362/2885 3121/4364/2885
f 3099/4341/2886 3098/4339/2886 3113/4363/2886 3114/4350/2886
f 3092/4343/2887 3122/4365/2887 3107/4352/2887
f 3348/4366/2888 3106/4340/2888 3121/4364/2888
f 3119/4360/2889 3118/4358/2889 3134/4367/2889 3135/4368/2889
f 3112/4361/2890 3111/4359/2890 3127/4369/2890 3128/4370/2890
f 3120/4362/2891 3119/4360/2891 3135/4368/2891 3136/4371/2891
f 3113/4363/2892 3112/4361/2892 3128/4370/2892 3129/4372/2892
f 3121/4364/2893 3120/4362/2893 3136/4371/2893 3137/4373/2893
f 3114/4350/2894 3113/4363/2894 3129/4372/2894 3130/4374/2894
f 3107/4352/2895 3122/4375/2895 3123/4376/2895
f 3348/4377/2896 3121/4364/2896 3137/4373/2896
f 3115/4351/2897 3114/4350/2897 3130/4374/2897 3131/4378/2897
f 3108/4353/2898 3107/4352/2898 3123/4376/2898 3124/4379/2898
f 3116/4354/2899 3115/4351/2899 3131/4378/2899 3132/4380/2899
f 3109/4355/2900 3108/4353/2900 3124/4379/2900 3125/4381/2900
f 3117/4356/2901 3116/4354/2901 3132/4380/2901 3133/4382/2901
f 3110/4357/2902 3109/4355/2902 3125/4381/2902 3126/4383/2902
f 3118/4358/2903 3117/4356/2903 3133/4382/2903 3134/4367/2903
f 3111/4359/2904 3110/4357/2904 3126/4383/2904 3127/4369/2904
f 3124/4379/2905 3123/4376/2905 3138/4384/2905 3139/4385/2905
f 3132/4380/2906 3131/4378/2906 3146/4386/2906 3147/4387/2906
f 3125/4381/2907 3124/4379/2907 3139/4385/2907 3140/4388/2907
f 3133/4382/2908 3132/4380/2908 3147/4387/2908 3148/4389/2908
f 3126/4383/2909 3125/4381/2909 3140/4388/2909 3141/4390/2909
f 3134/4367/2910 3133/4382/2910 3148/4389/2910 3149/4391/2910
f 3127/4369/2911 3126/4383/2911 3141/4390/2911 3142/4392/2911
f 3135/4368/2912 3134/4367/2912 3149/4391/2912 3150/4393/2912
f 3128/4370/2913 3127/4369/2913 3142/4392/2913 3143/4394/2913
f 3136/4371/2914 3135/4368/2914 3150/4393/2914 3151/4395/2914
f 3129/4372/2915 3128/4370/2915 3143/4394/2915 3144/4396/2915
f 3137/4373/2916 3136/4371/2916 3151/4395/2916 3152/4397/2916
f 3130/4374/2917 3129/4372/2917 3144/4396/2917 3145/4398/2917
f 3123/4376/2918 3122/4399/2918 3138/4384/2918
f 3348/4400/2919 3137/4373/2919 3152/4397/2919
f 3131/4378/2920 3130/4374/2920 3145/4398/2920 3146/4386/2920
f 3143/4394/2921 3142/4392/2921 3157/4401/2921 3158/4402/2921
f 3151/4395/2922 3150/4393/2922 3165/4403/2922 3166/4404/2922
f 3144/4396/2923 3143/4394/2923 3158/4402/2923 3159/4405/2923
f 3152/4397/2924 3151/4395/2924 3166/4404/2924 3167/4406/2924
f 3145/4398/2925 3144/4396/2925 3159/4405/2925 3160/4407/2925
f 3138/4384/2926 3122/4408/2926 3153/4409/2926
f 3348/4410/2927 3152/4397/2927 3167/4406/2927
f 3146/4386/2928 3145/4398/2928 3160/4407/2928 3161/4411/2928
f 3139/4385/2929 3138/4384/2929 3153/4409/2929 3154/4412/2929
f 3147/4387/2930 3146/4386/2930 3161/4411/2930 3162/4413/2930
f 3140/4388/2931 3139/4385/2931 3154/4412/2931 3155/4414/2931
f 3148/4389/2932 3147/4387/2932 3162/4413/2932 3163/4415/2932
f 3141/4390/2933 3140/4388/2933 3155/4414/2933 3156/4416/2933
f 3149/4391/2934 3148/4389/2934 3163/4415/2934 3164/4417/2934
f 3142/4392/2935 3141/4390/2935 3156/4416/2935 3157/4401/2935
f 3150/4393/2936 3149/4391/2936 3164/4417/2936 3165/4403/2936
f 3162/4413/2937 3161/4411/2937 3176/4418/2937 3177/4419/2937
f 3155/4414/2938 3154/4412/2938 3169/4420/2938 3170/4421/2938
f 3163/4415/2939 3162/4413/2939 3177/4419/2939 3178/4422/2939
f 3156/4416/2940 3155/4414/2940 3170/4421/2940 3171/4423/2940
f 3164/4417/2941 3163/4415/2941 3178/4422/2941 3179/4424/2941
f 3157/4401/2942 3156/4416/2942 3171/4423/2942 3172/4425/2942
f 3165/4403/2943 3164/4417/2943 3179/4424/2943 3180/4426/2943
f 3158/4402/2944 3157/4401/2944 3172/4425/2944 3173/4427/2944
f 3166/4404/2945 3165/4403/2945 3180/4426/2945 3181/4428/2945
f 3159/4405/2946 3158/4402/2946 3173/4427/2946 3174/4429/2946
f 3167/4406/2947 3166/4404/2947 3181/4428/2947 3182/4430/2947
f 3160/4407/2948 3159/4405/2948 3174/4429/2948 3175/4431/2948
f 3153/4409/2949 3122/4432/2949 3168/4433/2949
f 3348/4434/2950 3167/4406/2950 3182/4430/2950
f 3161/4411/2951 3160/4407/2951 3175/4431/2951 3176/4418/2951
f 3154/4412/2952 3153/4409/2952 3168/4433/2952 3169/4420/2952
f 3181/4428/2953 3180/4426/2953 3195/4435/2953 3196/4436/2953
f 3174/4429/2954 3173/4427/2954 3188/4437/2954 3189/4438/2954
f 3182/4430/2955 3181/4428/2955 3196/4436/2955 3197/4439/2955
f 3175/4431/2956 3174/4429/2956 3189/4438/2956 3190/4440/2956
f 3168/4433/2957 3122/4441/2957 3183/4442/2957
f 3348/4443/2958 3182/4430/2958 3197/4439/2958
f 3176/4418/2959 3175/4431/2959 3190/4440/2959 3191/4444/2959
f 3169/4420/2960 3168/4433/2960 3183/4442/2960 3184/4445/2960
f 3177/4419/2961 3176/4418/2961 3191/4444/2961 3192/4446/2961
f 3170/4421/2962 3169/4420/2962 3184/4445/2962 3185/4447/2962
f 3178/4422/2963 3177/4419/2963 3192/4446/2963 3193/4448/2963
f 3171/4423/2964 3170/4421/2964 3185/4447/2964 3186/4449/2964
f 3179/4424/2965 3178/4422/2965 3193/4448/2965 3194/4450/2965
f 3172/4425/2966 3171/4423/2966 3186/4449/2966 3187/4451/2966
f 3180/4426/2967 3179/4424/2967 3194/4450/2967 3195/4435/2967
f 3173/4427/2968 3172/4425/2968 3187/4451/2968 3188/4437/2968
f 3193/4448/2969 3192/4446/2969 3207/4452/2969 3208/4453/2969
f 3186/4449/2970 3185/4447/2970 3200/4454/2970 3201/4455/2970
f 3194/4450/2971 3193/4448/2971 3208/4453/2971 3209/4456/2971
f 3187/4451/2972 3186/4449/2972 3201/4455/2972 3202/4457/2972
f 3195/4435/2973 3194/4450/2973 3209/4456/2973 3210/4458/2973
f 3188/4437/2974 3187/4451/2974 3202/4457/2974 3203/4459/2974
f 3196/4436/2975 3195/4435/2975 3210/4458/2975 3211/4460/2975
f 3189/4438/2976 3188/4437/2976 3203/4459/2976 3204/4461/2976
f 3197/4439/2977 3196/4436/2977 3211/4460/2977 3212/4462/2977
f 3190/4440/2978 3189/4438/2978 3204/4461/2978 3205/4463/2978
f 3183/4442/2979 3122/4464/2979 3198/4465/2979
f 3348/4466/2980 3197/4439/2980 3212/4462/2980
f 3191/4444/2981 3190/4440/2981 3205/4463/2981 3206/4467/2981
f 3184/4445/2982 3183/4442/2982 3198/4465/2982 3199/4468/2982
f 3192/4446/2983 3191/4444/2983 3206/4467/2983 3207/4452/2983
f 3185/4447/2984 3184/4445/2984 3199/4468/2984 3200/4454/2984
f 3212/4462/2985 3211/4460/2985 3226/4469/2985 3227/4470/2985
f 3205/4463/2986 3204/4461/2986 3219/4471/2986 3220/4472/2986
f 3198/4465/2987 3122/4473/2987 3213/4474/2987
f 3348/4475/2988 3212/4462/2988 3227/4470/2988
f 3206/4467/2989 3205/4463/2989 3220/4472/2989 3221/4476/2989
f 3199/4468/2990 3198/4465/2990 3213/4474/2990 3214/4477/2990
f 3207/4452/2991 3206/4467/2991 3221/4476/2991 3222/4478/2991
f 3200/4454/2992 3199/4468/2992 3214/4477/2992 3215/4479/2992
f 3208/4453/2993 3207/4452/2993 3222/4478/2993 3223/4480/2993
f 3201/4455/2994 3200/4454/2994 3215/4479/2994 3216/4481/2994
f 3209/4456/2995 3208/4453/2995 3223/4480/2995 3224/4482/2995
f 3202/4457/2996 3201/4455/2996 3216/4481/2996 3217/4483/2996
f 3210/4458/2997 3209/4456/2997 3224/4482/2997 3225/4484/2997
f 3203/4459/2998 3202/4457/2998 3217/4483/2998 3218/4485/2998
f 3211/4460/2999 3210/4458/2999 3225/4484/2999 3226/4469/2999
f 3204/4461/3000 3203/4459/3000 3218/4485/3000 3219/4471/3000
f 3216/4481/3001 3215/4479/3001 3230/4486/3001 3231/4487/3001
f 3224/4482/3002 3223/4480/3002 3238/4488/3002 3239/4489/3002
f 3217/4483/3003 3216/4481/3003 3231/4487/3003 3232/4490/3003
f 3225/4484/3004 3224/4482/3004 3239/4489/3004 3240/4491/3004
f 3218/4485/3005 3217/4483/3005 3232/4490/3005 3233/4492/3005
f 3226/4469/3006 3225/4484/3006 3240/4491/3006 3241/4493/3006
f 3219/4471/3007 3218/4485/3007 3233/4492/3007 3234/4494/3007
f 3227/4470/3008 3226/4469/3008 3241/4493/3008 3242/4495/3008
f 3220/4472/3009 3219/4471/3009 3234/4494/3009 3235/4496/3009
f 3213/4474/3010 3122/4497/3010 3228/4498/3010
f 3348/4499/3011 3227/4470/3011 3242/4495/3011
f 3221/4476/3012 3220/4472/3012 3235/4496/3012 3236/4500/3012
f 3214/4477/3013 3213/4474/3013 3228/4498/3013 3229/4501/3013
f 3222/4478/3014 3221/4476/3014 3236/4500/3014 3237/4502/3014
f 3215/4479/3015 3214/4477/3015 3229/4501/3015 3230/4486/3015
f 3223/4480/3016 3222/4478/3016 3237/4502/3016 3238/4488/3016
f 3235/4496/3017 3234/4494/3017 3249/4503/3017 3250/4504/3017
f 3228/4498/3018 3122/4505/3018 3243/4506/3018
f 3348/4507/3019 3242/4495/3019 3257/4508/3019
f 3236/4500/3020 3235/4496/3020 3250/4504/3020 3251/4509/3020
f 3229/4501/3021 3228/4498/3021 3243/4506/3021 3244/4510/3021
f 3237/4502/3022 3236/4500/3022 3251/4509/3022 3252/4511/3022
f 3230/4486/3023 3229/4501/3023 3244/4510/3023 3245/4512/3023
f 3238/4488/3024 3237/4502/3024 3252/4511/3024 3253/4513/3024
f 3231/4487/3025 3230/4486/3025 3245/4512/3025 3246/4514/3025
f 3239/4489/3026 3238/4488/3026 3253/4513/3026 3254/4515/3026
f 3232/4490/3027 3231/4487/3027 3246/4514/3027 3247/4516/3027
f 3240/4491/3028 3239/4489/3028 3254/4515/3028 3255/4517/3028
f 3233/4492/3029 3232/4490/3029 3247/4516/3029 3248/4518/3029
f 3241/4493/3030 3240/4491/3030 3255/4517/3030 3256/4519/3030
f 3234/4494/3031 3233/4492/3031 3248/4518/3031 3249/4503/3031
f 3242/4495/3032 3241/4493/3032 3256/4519/3032 3257/4508/3032
f 3254/4515/3033 3253/4513/3033 3268/4520/3033 3269/4521/3033
f 3247/4516/3034 3246/4514/3034 3261/4522/3034 3262/4523/3034
f 3255/4517/3035 3254/4515/3035 3269/4521/3035 3270/4524/3035
f 3248/4518/3036 3247/4516/3036 3262/4523/3036 3263/4525/3036
f 3256/4519/3037 3255/4517/3037 3270/4524/3037 3271/4526/3037
f 3249/4503/3038 3248/4518/3038 3263/4525/3038 3264/4527/3038
f 3257/4508/3039 3256/4519/3039 3271/4526/3039 3272/4528/3039
f 3250/4504/3040 3249/4503/3040 3264/4527/3040 3265/4529/3040
f 3243/4506/3041 3122/4530/3041 3258/4531/3041
f 3348/4532/3042 3257/4508/3042 3272/4528/3042
f 3251/4509/3043 3250/4504/3043 3265/4529/3043 3266/4533/3043
f 3244/4510/3044 3243/4506/3044 3258/4531/3044 3259/4534/3044
f 3252/4511/3045 3251/4509/3045 3266/4533/3045 3267/4535/3045
f 3245/4512/3046 3244/4510/3046 3259/4534/3046 3260/4536/3046
f 3253/4513/3047 3252/4511/3047 3267/4535/3047 3268/4520/3047
f 3246/4514/3048 3245/4512/3048 3260/4536/3048 3261/4522/3048
f 3258/4531/3049 3122/4537/3049 3273/4538/3049
f 3348/4539/3050 3272/4528/3050 3287/4540/3050
f 3266/4533/3051 3265/4529/3051 3280/4541/3051 3281/4542/3051
f 3259/4534/3052 3258/4531/3052 3273/4538/3052 3274/4543/3052
f 3267/4535/3053 3266/4533/3053 3281/4542/3053 3282/4544/3053
f 3260/4536/3054 3259/4534/3054 3274/4543/3054 3275/4545/3054
f 3268/4520/3055 3267/4535/3055 3282/4544/3055 3283/4546/3055
f 3261/4522/3056 3260/4536/3056 3275/4545/3056 3276/4547/3056
f 3269/4521/3057 3268/4520/3057 3283/4546/3057 3284/4548/3057
f 3262/4523/3058 3261/4522/3058 3276/4547/3058 3277/4549/3058
f 3270/4524/3059 3269/4521/3059 3284/4548/3059 3285/4550/3059
f 3263/4525/3060 3262/4523/3060 3277/4549/3060 3278/4551/3060
f 3271/4526/3061 3270/4524/3061 3285/4550/3061 3286/4552/3061
f 3264/4527/3062 3263/4525/3062 3278/4551/3062 3279/4553/3062
f 3272/4528/3063 3271/4526/3063 3286/4552/3063 3287/4540/3063
f 3265/4529/3064 3264/4527/3064 3279/4553/3064 3280/4541/3064
f 3277/4549/3065 3276/4547/3065 3291/4554/3065 3292/4555/3065
f 3285/4550/3066 3284/4548/3066 3299/4556/3066 3300/4557/3066
f 3278/4551/3067 3277/4549/3067 3292/4555/3067 3293/4558/3067
f 3286/4552/3068 3285/4550/3068 3300/4557/3068 3301/4559/3068
f 3279/4553/3069 3278/4551/3069 3293/4558/3069 3294/4560/3069
f 3287/4540/3070 3286/4552/3070 3301/4559/3070 3302/4561/3070
f 3280/4541/3071 3279/4553/3071 3294/4560/3071 3295/4562/3071
f 3273/4538/3072 3122/4563/3072 3288/4564/3072
f 3348/4565/3073 3287/4540/3073 3302/4561/3073
f 3281/4542/3074 3280/4541/3074 3295/4562/3074 3296/4566/3074
f 3274/4543/3075 3273/4538/3075 3288/4564/3075 3289/4567/3075
f 3282/4544/3076 3281/4542/3076 3296/4566/3076 3297/4568/3076
f 3275/4545/3077 3274/4543/3077 3289/4567/3077 3290/4569/3077
f 3283/4546/3078 3282/4544/3078 3297/4568/3078 3298/4570/3078
f 3276/4547/3079 3275/4545/3079 3290/4569/3079 3291/4554/3079
f 3284/4548/3080 3283/4546/3080 3298/4570/3080 3299/4556/3080
f 3296/4566/3081 3295/4562/3081 3310/4571/3081 3311/4572/3081
f 3289/4567/3082 3288/4564/3082 3303/4573/3082 3304/4574/3082
f 3297/4568/3083 3296/4566/3083 3311/4572/3083 3312/4575/3083
f 3290/4569/3084 3289/4567/3084 3304/4574/3084 3305/4576/3084
f 3298/4570/3085 3297/4568/3085 3312/4575/3085 3313/4577/3085
f 3291/4554/3086 3290/4569/3086 3305/4576/3086 3306/4578/3086
f 3299/4556/3087 3298/4570/3087 3313/4577/3087 3314/4579/3087
f 3292/4555/3088 3291/4554/3088 3306/4578/3088 3307/4580/3088
f 3300/4557/3089 3299/4556/3089 3314/4579/3089 3315/4581/3089
f 3293/4558/3090 3292/4555/3090 3307/4580/3090 3308/4582/3090
f 3301/4559/3091 3300/4557/3091 3315/4581/3091 3316/4583/3091
f 3294/4560/3092 3293/4558/3092 3308/4582/3092 3309/4584/3092
f 3302/4561/3093 3301/4559/3093 3316/4583/3093 3317/4585/3093
f 3295/4562/3094 3294/4560/3094 3309/4584/3094 3310/4571/3094
f 3288/4564/3095 3122/4586/3095 3303/4573/3095
f 3348/4587/3096 3302/4561/3096 3317/4585/3096
f 3315/4581/3097 3314/4579/3097 3329/4588/3097 3330/4589/3097
f 3308/4582/3098 3307/4580/3098 3322/4590/3098 3323/4591/3098
f 3316/4583/3099 3315/4581/3099 3330/4589/3099 3331/4592/3099
f 3309/4584/3100 3308/4582/3100 3323/4591/3100 3324/4593/3100
f 3317/4585/3101 3316/4583/3101 3331/4592/3101 3332/4594/3101
f 3310/4571/3102 3309/4584/3102 3324/4593/3102 3325/4595/3102
f 3303/4573/3103 3122/4596/3103 3318/4597/3103
f 3348/4598/3104 3317/4585/3104 3332/4594/3104
f 3311/4572/3105 3310/4571/3105 3325/4595/3105 3326/4599/3105
f 3304/4574/3106 3303/4573/3106 3318/4597/3106 3319/4600/3106
f 3312/4575/3107 3311/4572/3107 3326/4599/3107 3327/4601/3107
f 3305/4576/3108 3304/4574/3108 3319/4600/3108 3320/4602/3108
f 3313/4577/3109 3312/4575/3109 3327/4601/3109 3328/4603/3109
f 3306/4578/3110 3305/4576/3110 3320/4602/3110 3321/4604/3110
f 3314/4579/3111 3313/4577/3111 3328/4603/3111 3329/4588/3111
f 3307/4580/3112 3306/4578/3112 3321/4604/3112 3322/4590/3112
f 3327/4601/3113 3326/4599/3113 3341/4605/3113 3342/4606/3113
f 3320/4602/3114 3319/4600/3114 3334/4607/3114 3335/4608/3114
f 3328/4603/3115 3327/4601/3115 3342/4606/3115 3343/4609/3115
f 3321/4604/3116 3320/4602/3116 3335/4608/3116 3336/4610/3116
f 3329/4588/3117 3328/4603/3117 3343/4609/3117 3344/4611/3117
f 3322/4590/3118 3321/4604/3118 3336/4610/3118 3337/4612/3118
f 3330/4589/3119 3329/4588/3119 3344/4611/3119 3345/4613/3119
f 3323/4591/3120 3322/4590/3120 3337/4612/3120 3338/4614/3120
f 3331/4592/3121 3330/4589/3121 3345/4613/3121 3346/4615/3121
f 3324/4593/3122 3323/4591/3122 3338/4614/3122 3339/4616/3122
f 3332/4594/3123 3331/4592/3123 3346/4615/3123 3347/4617/3123
f 3325/4595/3124 3324/4593/3124 3339/4616/3124 3340/4618/3124
f 3318/4597/3125 3122/4619/3125 3333/4620/3125
f 3348/4621/3126 3332/4594/3126 3347/4617/3126
f 3326/4599/3127 3325/4595/3127 3340/4618/3127 3341/4605/3127
f 3319/4600/3128 3318/4597/3128 3333/4620/3128 3334/4607/3128
f 3346/4615/3129 3345/4613/3129 3361/4622/3129 3362/4623/3129
f 3339/4616/3130 3338/4614/3130 3354/4624/3130 3355/4625/3130
f 3347/4617/3131 3346/4615/3131 3362/4623/3131 3363/4626/3131
f 3340/4618/3132 3339/4616/3132 3355/4625/3132 3356/4627/3132
f 3333/4620/3133 3122/4628/3133 3349/4629/3133
f 3348/4630/3134 3347/4617/3134 3363/4626/3134
f 3341/4605/3135 3340/4618/3135 3356/4627/3135 3357/4631/3135
f 3334/4607/3136 3333/4620/3136 3349/4629/3136 3350/4632/3136
f 3342/4606/3137 3341/4605/3137 3357/4631/3137 3358/4633/3137
f 3335/4608/3138 3334/4607/3138 3350/4632/3138 3351/4634/3138
f 3343/4609/3139 3342/4606/3139 3358/4633/3139 3359/4635/3139
f 3336/4610/3140 3335/4608/3140 3351/4634/3140 3352/4636/3140
f 3344/4611/3141 3343/4609/3141 3359/4635/3141 3360/4637/3141
f 3337/4612/3142 3336/4610/3142 3352/4636/3142 3353/4638/3142
f 3345/4613/3143 3344/4611/3143 3360/4637/3143 3361/4622/3143
f 3338/4614/3144 3337/4612/3144 3353/4638/3144 3354/4624/3144
f 3351/4634/3145 3350/4632/3145 3365/4639/3145 3366/4640/3145
f 3359/4635/3146 3358/4633/3146 3373/4641/3146 3374/4642/3146
f 3352/4636/3147 3351/4634/3147 3366/4640/3147 3367/4643/3147
f 3360/4637/3148 3359/4635/3148 3374/4642/3148 3375/4644/3148
f 3353/4638/3149 3352/4636/3149 3367/4643/3149 3368/4645/3149
f 3361/4622/3150 3360/4637/3150 3375/4644/3150 3376/4646/3150
f 3354/4624/3151 3353/4638/3151 3368/4645/3151 3369/4647/3151
f 3362/4623/3152 3361/4622/3152 3376/4646/3152 3377/4648/3152
f 3355/4625/3153 3354/4624/3153 3369/4647/3153 3370/4649/3153
f 3363/4626/3154 3362/4623/3154 3377/4648/3154 3378/4650/3154
f 3356/4627/3155 3355/4625/3155 3370/4649/3155 3371/4651/3155
f 3349/4629/3156 3122/4652/3156 3364/4653/3156
f 3348/4654/3157 3363/4626/3157 3378/4650/3157
f 3357/4631/3158 3356/4627/3158 3371/4651/3158 3372/4655/3158
f 3350/4632/3159 3349/4629/3159 3364/4653/3159 3365/4639/3159
f 3358/4633/3160 3357/4631/3160 3372/4655/3160 3373/4641/3160
f 3370/4649/3161 3369/4647/3161 3384/4656/3161 3385/4657/3161
f 3378/4650/3162 3377/4648/3162 3392/4658/3162 3393/4659/3162
f 3371/4651/3163 3370/4649/3163 3385/4657/3163 3386/4660/3163
f 3364/4653/3164 3122/4661/3164 3379/4662/3164
f 3348/4663/3165 3378/4650/3165 3393/4659/3165
f 3372/4655/3166 3371/4651/3166 3386/4660/3166 3387/4664/3166
f 3365/4639/3167 3364/4653/3167 3379/4662/3167 3380/4665/3167
f 3373/4641/3168 3372/4655/3168 3387/4664/3168 3388/4666/3168
f 3366/4640/3169 3365/4639/3169 3380/4665/3169 3381/4667/3169
f 3374/4642/3170 3373/4641/3170 3388/4666/3170 3389/4668/3170
f 3367/4643/3171 3366/4640/3171 3381/4667/3171 3382/4669/3171
f 3375/4644/3172 3374/4642/3172 3389/4668/3172 3390/4670/3172
f 3368/4645/3173 3367/4643/3173 3382/4669/3173 3383/4671/3173
f 3376/4646/3174 3375/4644/3174 3390/4670/3174 3391/4672/3174
f 3369/4647/3175 3368/4645/3175 3383/4671/3175 3384/4656/3175
f 3377/4648/3176 3376/4646/3176 3391/4672/3176 3392/4658/3176
f 3389/4668/3177 3388/4666/3177 3403/4673/3177 3404/4674/3177
f 3382/4669/3178 3381/4667/3178 3396/4675/3178 3397/4676/3178
f 3390/4670/3179 3389/4668/3179 3404/4674/3179 3405/4677/3179
f 3383/4671/3180 3382/4669/3180 3397/4676/3180 3398/4678/3180
f 3391/4672/3181 3390/4670/3181 3405/4677/3181 3406/4679/3181
f 3384/4656/3182 3383/4671/3182 3398/4678/3182 3399/4680/3182
f 3392/4658/3183 3391/4672/3183 3406/4679/3183 3407/4681/3183
f 3385/4657/3184 3384/4656/3184 3399/4680/3184 3400/4682/3184
f 3393/4659/3185 3392/4658/3185 3407/4681/3185 3408/4683/3185
f 3386/4660/3186 3385/4657/3186 3400/4682/3186 3401/4684/3186
f 3379/4662/3187 3122/4685/3187 3394/4686/3187
f 3348/4687/3188 3393/4659/3188 3408/4683/3188
f 3387/4664/3189 3386/4660/3189 3401/4684/3189 3402/4688/3189
f 3380/4665/3190 3379/4662/3190 3394/4686/3190 3395/4689/3190
f 3388/4666/3191 3387/4664/3191 3402/4688/3191 3403/4673/3191
f 3381/4667/3192 3380/4665/3192 3395/4689/3192 3396/4675/3192
f 3408/4690/3193 3407/4691/3193 3422/4692/3193 3423/4693/3193
f 3401/4694/3194 3400/4695/3194 3415/4696/3194 3416/4697/3194
f 3394/4698/3195 3122/4699/3195 3409/4700/3195
f 3348/4701/3196 3408/4690/3196 3423/4693/3196
f 3402/4702/3197 3401/4694/3197 3416/4697/3197 3417/4703/3197
f 3395/4704/3198 3394/4698/3198 3409/4700/3198 3410/4705/3198
f 3403/4706/3199 3402/4702/3199 3417/4703/3199 3418/4707/3199
f 3396/4708/3200 3395/4704/3200 3410/4705/3200 3411/4709/3200
f 3404/4710/3201 3403/4706/3201 3418/4707/3201 3419/4711/3201
f 3397/4712/3202 3396/4708/3202 3411/4709/3202 3412/4713/3202
f 3405/4714/3203 3404/4710/3203 3419/4711/3203 3420/4715/3203
f 3398/4716/3204 3397/4712/3204 3412/4713/3204 3413/4717/3204
f 3406/4718/3205 3405/4714/3205 3420/4715/3205 3421/4719/3205
f 3399/4720/3206 3398/4716/3206 3413/4717/3206 3414/4721/3206
f 3407/4691/3207 3406/4718/3207 3421/4719/3207 3422/4692/3207
f 3400/4695/3208 3399/4720/3208 3414/4721/3208 3415/4696/3208
f 3412/4713/3209 3411/4709/3209 3426/4722/3209 3427/4723/3209
f 3420/4715/3210 3419/4711/3210 3434/4724/3210 3435/4725/3210
f 3413/4717/3211 3412/4713/3211 3427/4723/3211 3428/4726/3211
f 3421/4719/3212 3420/4715/3212 3435/4725/3212 3436/4727/3212
f 3414/4721/3213 3413/4717/3213 3428/4726/3213 3429/4728/3213
f 3422/4692/3214 3421/4719/3214 3436/4727/3214 3437/4729/3214
f 3415/4696/3215 3414/4721/3215 3429/4728/3215 3430/4730/3215
f 3423/4693/3216 3422/4692/3216 3437/4729/3216 3438/4731/3216
f 3416/4697/3217 3415/4696/3217 3430/4730/3217 3431/4732/3217
f 3409/4700/3218 3122/4733/3218 3424/4734/3218
f 3348/4735/3219 3423/4693/3219 3438/4731/3219
f 3417/4703/3220 3416/4697/3220 3431/4732/3220 3432/4736/3220
f 3410/4705/3221 3409/4700/3221 3424/4734/3221 3425/4737/3221
f 3418/4707/3222 3417/4703/3222 3432/4736/3222 3433/4738/3222
f 3411/4709/3223 3410/4705/3223 3425/4737/3223 3426/4722/3223
f 3419/4711/3224 3418/4707/3224 3433/4738/3224 3434/4724/3224
f 3431/4732/3225 3430/4730/3225 3445/4739/3225 3446/4740/3225
f 3424/4734/3226 3122/4741/3226 3439/4742/3226
f 3348/4743/3227 3438/4731/3227 3453/4744/3227
f 3432/4736/3228 3431/4732/3228 3446/4740/3228 3447/4745/3228
f 3425/4737/3229 3424/4734/3229 3439/4742/3229 3440/4746/3229
f 3433/4738/3230 3432/4736/3230 3447/4745/3230 3448/4747/3230
f 3426/4722/3231 3425/4737/3231 3440/4746/3231 3441/4748/3231
f 3434/4724/3232 3433/4738/3232 3448/4747/3232 3449/4749/3232
f 3427/4723/3233 3426/4722/3233 3441/4748/3233 3442/4750/3233
f 3435/4725/3234 3434/4724/3234 3449/4749/3234 3450/4751/3234
f 3428/4726/3235 3427/4723/3235 3442/4750/3235 3443/4752/3235
f 3436/4727/3236 3435/4725/3236 3450/4751/3236 3451/4753/3236
f 3429/4728/3237 3428/4726/3237 3443/4752/3237 3444/4754/3237
f 3437/4729/3238 3436/4727/3238 3451/4753/3238 3452/4755/3238
f 3430/4730/3239 3429/4728/3239 3444/4754/3239 3445/4739/3239
f 3438/4731/3240 3437/4729/3240 3452/4755/3240 3453/4744/3240
f 3450/4751/3241 3449/4749/3241 3464/4756/3241 3465/4757/3241
f 3443/4752/3242 3442/4750/3242 3457/4758/3242 3458/4759/3242
f 3451/4753/3243 3450/4751/3243 3465/4757/3243 3466/4760/3243
f 3444/4754/3244 3443/4752/3244 3458/4759/3244 3459/4761/3244
f 3452/4755/3245 3451/4753/3245 3466/4760/3245 3467/4762/3245
f 3445/4739/3246 3444/4754/3246 3459/4761/3246 3460/4763/3246
f 3453/4744/3247 3452/4755/3247 3467/4762/3247 3468/4764/3247
f 3446/4740/3248 3445/4739/3248 3460/4763/3248 3461/4765/3248
f 3439/4742/3249 3122/4766/3249 3454/4767/3249
f 3348/4768/3250 3453/4744/3250 3468/4764/3250
f 3447/4745/3251 3446/4740/3251 3461/4765/3251 3462/4769/3251
f 3440/4746/3252 3439/4742/3252 3454/4767/3252 3455/4770/3252
f 3448/4747/3253 3447/4745/3253 3462/4769/3253 3463/4771/3253
f 3441/4748/3254 3440/4746/3254 3455/4770/3254 3456/4772/3254
f 3449/4749/3255 3448/4747/3255 3463/4771/3255 3464/4756/3255
f 3442/4750/3256 3441/4748/3256 3456/4772/3256 3457/4758/3256
f 3348/4773/3257 3468/4764/3257 3483/4774/3257
f 3462/4769/3258 3461/4765/3258 3476/4775/3258 3477/4776/3258
f 3455/4770/3259 3454/4767/3259 3469/4777/3259 3470/4778/3259
f 3463/4771/3260 3462/4769/3260 3477/4776/3260 3478/4779/3260
f 3456/4772/3261 3455/4770/3261 3470/4778/3261 3471/4780/3261
f 3464/4756/3262 3463/4771/3262 3478/4779/3262 3479/4781/3262
f 3457/4758/3263 3456/4772/3263 3471/4780/3263 3472/4782/3263
f 3465/4757/3264 3464/4756/3264 3479/4781/3264 3480/4783/3264
f 3458/4759/3265 3457/4758/3265 3472/4782/3265 3473/4784/3265
f 3466/4760/3266 3465/4757/3266 3480/4783/3266 3481/4785/3266
f 3459/4761/3267 3458/4759/3267 3473/4784/3267 3474/4786/3267
f 3467/4762/3268 3466/4760/3268 3481/4785/3268 3482/4787/3268
f 3460/4763/3269 3459/4761/3269 3474/4786/3269 3475/4788/3269
f 3468/4764/3270 3467/4762/3270 3482/4787/3270 3483/4774/3270
f 3461/4765/3271 3460/4763/3271 3475/4788/3271 3476/4775/3271
f 3454/4767/3272 3122/4789/3272 3469/4777/3272
f 3481/4785/3273 3480/4783/3273 3495/4790/3273 3496/4791/3273
f 3474/4786/3274 3473/4784/3274 3488/4792/3274 3489/4793/3274
f 3482/4787/3275 3481/4785/3275 3496/4791/3275 3497/4794/3275
f 3475/4788/3276 3474/4786/3276 3489/4793/3276 3490/4795/3276
f 3483/4774/3277 3482/4787/3277 3497/4794/3277 3498/4796/3277
f 3476/4775/3278 3475/4788/3278 3490/4795/3278 3491/4797/3278
f 3469/4777/3279 3122/4798/3279 3484/4799/3279
f 3348/4800/3280 3483/4774/3280 3498/4796/3280
f 3477/4776/3281 3476/4775/3281 3491/4797/3281 3492/4801/3281
f 3470/4778/3282 3469/4777/3282 3484/4799/3282 3485/4802/3282
f 3478/4779/3283 3477/4776/3283 3492/4801/3283 3493/4803/3283
f 3471/4780/3284 3470/4778/3284 3485/4802/3284 3486/4804/3284
f 3479/4781/3285 3478/4779/3285 3493/4803/3285 3494/4805/3285
f 3472/4782/3286 3471/4780/3286 3486/4804/3286 3487/4806/3286
f 3480/4783/3287 3479/4781/3287 3494/4805/3287 3495/4790/3287
f 3473/4784/3288 3472/4782/3288 3487/4806/3288 3488/4792/3288
f 3485/4802/3289 3484/4799/3289 3499/4807/3289 3500/4808/3289
f 3493/4803/3290 3492/4801/3290 3507/4809/3290 3508/4810/3290
f 3486/4804/3291 3485/4802/3291 3500/4808/3291 3501/4811/3291
f 3494/4805/3292 3493/4803/3292 3508/4810/3292 3509/4812/3292
f 3487/4806/3293 3486/4804/3293 3501/4811/3293 3502/4813/3293
f 3495/4790/3294 3494/4805/3294 3509/4812/3294 3510/4814/3294
f 3488/4792/3295 3487/4806/3295 3502/4813/3295 3503/4815/3295
f 3496/4791/3296 3495/4790/3296 3510/4814/3296 3511/4816/3296
f 3489/4793/3297 3488/4792/3297 3503/4815/3297 3504/4817/3297
f 3497/4794/3298 3496/4791/3298 3511/4816/3298 3512/4818/3298
f 3490/4795/3299 3489/4793/3299 3504/4817/3299 3505/4819/3299
f 3498/4796/3300 3497/4794/3300 3512/4818/3300 3513/4820/3300
f 3491/4797/3301 3490/4795/3301 3505/4819/3301 3506/4821/3301
f 3484/4799/3302 3122/4822/3302 3499/4807/3302
f 3348/4823/3303 3498/4796/3303 3513/4820/3303
f 3492/4801/3304 3491/4797/3304 3506/4821/3304 3507/4809/3304
f 3504/4817/3305 3503/4815/3305 3042/4272/3305 3517/4271/3305
f 3512/4818/3306 3511/4816/3306 3520/4267/3306 3521/4275/3306
f 3505/4819/3307 3504/4817/3307 3517/4271/3307 3043/4277/3307
f 3513/4820/3308 3512/4818/3308 3521/4275/3308 3522/4279/3308
f 3506/4821/3309 3505/4819/3309 3043/4277/3309 3044/4281/3309
f 3499/4807/3310 3122/4824/3310 3514/4283/3310
f 3348/4825/3311 3513/4820/3311 3522/4279/3311
f 3507/4809/3312 3506/4821/3312 3044/4281/3312 3045/4287/3312
f 3500/4808/3313 3499/4807/3313 3514/4283/3313 3515/4289/3313
f 3508/4810/3314 3507/4809/3314 3045/4287/3314 3518/4291/3314
f 3501/4811/3315 3500/4808/3315 3515/4289/3315 3041/4293/3315
f 3509/4812/3316 3508/4810/3316 3518/4291/3316 3046/4295/3316
f 3502/4813/3317 3501/4811/3317 3041/4293/3317 3516/4297/3317
f 3510/4814/3318 3509/4812/3318 3046/4295/3318 3519/4268/3318
f 3503/4815/3319 3502/4813/3319 3516/4297/3319 3042/4272/3319
f 3511/4816/3320 3510/4814/3320 3519/4268/3320 3520/4267/3320
o PlantPot_3
v 0.000000 0.000000 -4.750000
v 0.000000 0.600000 -4.750000
v 0.048773 0.000000 -4.745196
v 0.048773 0.600000 -4.745196
v 0.095671 0.000000 -4.730970
v 0.095671 0.600000 -4.730970
v 0.138893 0.000000 -4.707868
v 0.138893 0.600000 -4.707868
v 0.176777 0.000000 -4.676777
v 0.176777 0.600000 -4.676777
v 0.207867 0.000000 -4.638893
v 0.207867 0.600000 -4.638893
v 0.230970 0.000000 -4.595671
v 0.230970 0.600000 -4.595671
v 0.245196 0.000000 -4.548773
v 0.245196 0.600000 -4.548773
v 0.250000 0.000000 -4.500000
v 0.250000 0.600000 -4.500000
v 0.245196 0.000000 -4.451227
v 0.245196 0.600000 -4.451227
v 0.230970 0.000000 -4.404329
v 0.230970 0.600000 -4.404329
v 0.207867 0.000000 -4.361107
v 0.207867 0.600000 -4.361107
v 0.176777 0.000000 -4.323223
v 0.176777 0.600000 -4.323223
v 0.138893 0.000000 -4.292132
v 0.138893 0.600000 -4.292132
v 0.095671 0.000000 -4.269030
v 0.095671 0.600000 -4.269030
v 0.048773 0.000000 -4.254804
v 0.048773 0.600000 -4.254804
v 0.000000 0.000000 -4.250000
v 0.000000 0.600000 -4.250000
v -0.048773 0.000000 -4.254804
v -0.048773 0.600000 -4.254804
v -0.095671 0.000000 -4.269030
v -0.095671 0.600000 -4.269030
v -0.138893 0.000000 -4.292132
v -0.138893 0.600000 -4.292132
v -0.176777 0.000000 -4.323223
v -0.176777 0.600000 -4.323223
v -0.207867 0.000000 -4.361107
v -0.207867 0.600000 -4.361107
v -0.230970 0.000000 -4.404329
v -0.230970 0.600000 -4.404329
v -0.245196 0.000000 -4.451227
v -0.245196 0.600000 -4.451227
v -0.250000 0.000000 -4.500000
v -0.250000 0.600000 -4.500000
v -0.245196 0.000000 -4.548773
v -0.245196 0.600000 -4.548773
v -0.230970 0.000000 -4.595671
v -0.230970 0.600000 -4.595671
v -0.207867 0.000000 -4.638893
v -0.207867 0.600000 -4.638893
v -0.176777 0.000000 -4.676777
v -0.176777 0.600000 -4.676777
v -0.138893 0.000000 -4.707868
v -0.138893 0.600000 -4.707868
v -0.095671 0.000000 -4.730970
v -0.095671 0.600000 -4.730970
v -0.048773 0.000000 -4.745196
v -0.048773 0.600000 -4.745196
vn 0.0980 -0.0000 -0.9952
vn 0.2903 -0.0000 -0.9569
vn 0.4714 -0.0000 -0.8819
vn 0.6344 -0.0000 -0.7730
vn 0.7730 -0.0000 -0.6344
vn 0.8819 -0.0000 -0.4714
vn 0.9569 -0.0000 -0.2903
vn 0.9952 -0.0000 -0.0980
vn 0.9952 -0.0000 0.0980
vn 0.9569 -0.0000 0.2903
vn 0.8819 -0.0000 0.4714
vn 0.7730 -0.0000 0.6344
vn 0.6344 -0.0000 0.7730
vn 0.4714 -0.0000 0.8819
vn 0.2903 -0.0000 0.9569
vn 0.0980 -0.0000 0.9952
vn -0.0980 -0.0000 0.9952
vn -0.2903 -0.0000 0.9569
vn -0.4714 -0.0000 0.8819
vn -0.6344 -0.0000 0.7730
vn -0.7730 -0.0000 0.6344
vn -0.8819 -0.0000 0.4714
vn -0.9569 -0.0000 0.2903
vn -0.9952 -0.0000 0.0980
vn -0.9952 -0.0000 -0.0980
vn -0.9569 -0.0000 -0.2903
vn -0.8819 -0.0000 -0.4714
vn -0.7730 -0.0000 -0.6344
vn -0.6344 -0.0000 -0.7730
vn -0.4714 -0.0000 -0.8819
vn -0.0000 1.0000 -0.0000
vn -0.2903 -0.0000 -0.9569
vn -0.0980 -0.0000 -0.9952
vn -0.0000 -1.0000 -0.0000
vt 1.000000 0.500000
vt 1.000000 1.000000
vt 0.968750 1.000000
vt 0.968750 0.500000
vt 0.937500 1.000000
vt 0.937500 0.500000
vt 0.906250 1.000000
vt 0.906250 0.500000
vt 0.875000 1.000000
vt 0.875000 0.500000
vt 0.843750 1.000000
vt 0.843750 0.500000
vt 0.812500 1.000000
vt 0.812500 0.500000
vt 0.781250 1.000000
vt 0.781250 0.500000
vt 0.750000 1.000000
vt 0.750000 0.500000
vt 0.718750 1.000000
vt 0.718750 0.500000
vt 0.687500 1.000000
vt 0.687500 0.500000
vt 0.656250 1.000000
vt 0.656250 0.500000
vt 0.625000 1.000000
vt 0.625000 0.500000
vt 0.593750 1.000000
vt 0.593750 0.500000
vt 0.562500 1.000000
vt 0.562500 0.500000
vt 0.531250 1.000000
vt 0.531250 0.500000
vt 0.500000 1.000000
vt 0.500000 0.500000
vt 0.468750 1.000000
vt 0.468750 0.500000
vt 0.437500 1.000000
vt 0.437500 0.500000
vt 0.406250 1.000000
vt 0.406250 0.500000
vt 0.375000 1.000000
vt 0.375000 0.500000
vt 0.343750 1.000000
vt 0.343750 0.500000
vt 0.312500 1.000000
vt 0.312500 0.500000
vt 0.281250 1.000000
vt 0.281250 0.500000
vt 0.250000 1.000000
vt 0.250000 0.500000
vt 0.218750 1.000000
vt 0.218750 0.500000
vt 0.187500 1.000000
vt 0.187500 0.500000
vt 0.156250 1.000000
vt 0.156250 0.500000
vt 0.125000 1.000000
vt 0.125000 0.500000
vt 0.093750 1.000000
vt 0.093750 0.500000
vt 0.062500 1.000000
vt 0.062500 0.500000
vt 0.296822 0.485388
vt 0.250000 0.490000
vt 0.203178 0.485388
vt 0.158156 0.471731
vt 0.116663 0.449553
vt 0.080294 0.419706
vt 0.050447 0.383337
vt 0.028269 0.341844
vt 0.014612 0.296822
vt 0.010000 0.250000
vt 0.014612 0.203178
vt 0.028269 0.158156
vt 0.050447 0.116663
vt 0.080294 0.080294
vt 0.116663 0.050447
vt 0.158156 0.028269
vt 0.203178 0.014612
vt 0.250000 0.010000
vt 0.296822 0.014612
vt 0.341844 0.028269
vt 0.383337 0.050447
vt 0.419706 0.080294
vt 0.449553 0.116663
vt 0.471731 0.158156
vt 0.485388 0.203178
vt 0.490000 0.250000
vt 0.485388 0.296822
vt 0.471731 0.341844
vt 0.449553 0.383337
vt 0.419706 0.419706
vt 0.383337 0.449553
vt 0.341844 0.471731
vt 0.031250 1.000000
vt 0.031250 0.500000
vt 0.000000 1.000000
vt 0.000000 0.500000
vt 0.750000 0.490000
vt 0.796822 0.485388
vt 0.841844 0.471731
vt 0.883337 0.449553
vt 0.919706 0.419706
vt 0.949553 0.383337
vt 0.971731 0.341844
vt 0.985388 0.296822
vt 0.990000 0.250000
vt 0.985388 0.203178
vt 0.971731 0.158156
vt 0.949553 0.116663
vt 0.919706 0.080294
vt 0.883337 0.050447
vt 0.841844 0.028269
vt 0.796822 0.014612
vt 0.750000 0.010000
vt 0.703178 0.014612
vt 0.658156 0.028269
vt 0.616663 0.050447
vt 0.580294 0.080294
vt 0.550447 0.116663
vt 0.528269 0.158156
vt 0.514612 0.203178
vt 0.510000 0.250000
vt 0.514612 0.296822
vt 0.528269 0.341844
vt 0.550447 0.383337
vt 0.580294 0.419706
vt 0.616663 0.449553
vt 0.658156 0.471731
vt 0.703178 0.485388
s 0
usemtl Terracotta
f 3523/4826/3321 3524/4827/3321 3526/4828/3321 3525/4829/3321
f 3525/4829/3322 3526/4828/3322 3528/4830/3322 3527/4831/3322
f 3527/4831/3323 3528/4830/3323 3530/4832/3323 3529/4833/3323
f 3529/4833/3324 3530/4832/3324 3532/4834/3324 3531/4835/3324
f 3531/4835/3325 3532/4834/3325 3534/4836/3325 3533/4837/3325
f 3533/4837/3326 3534/4836/3326 3536/4838/3326 3535/4839/3326
f 3535/4839/3327 3536/4838/3327 3538/4840/3327 3537/4841/3327
f 3537/4841/3328 3538/4840/3328 3540/4842/3328 3539/4843/3328
f 3539/4843/3329 3540/4842/3329 3542/4844/3329 3541/4845/3329
f 3541/4845/3330 3542/4844/3330 3544/4846/3330 3543/4847/3330
f 3543/4847/3331 3544/4846/3331 3546/4848/3331 3545/4849/3331
f 3545/4849/3332 3546/4848/3332 3548/4850/3332 3547/4851/3332
f 3547/4851/3333 3548/4850/3333 3550/4852/3333 3549/4853/3333
f 3549/4853/3334 3550/4852/3334 3552/4854/3334 3551/4855/3334
f 3551/4855/3335 3552/4854/3335 3554/4856/3335 3553/4857/3335
f 3553/4857/3336 3554/4856/3336 3556/4858/3336 3555/4859/3336
f 3555/4859/3337 3556/4858/3337 3558/4860/3337 3557/4861/3337
f 3557/4861/3338 3558/4860/3338 3560/4862/3338 3559/4863/3338
f 3559/4863/3339 3560/4862/3339 3562/4864/3339 3561/4865/3339
f 3561/4865/3340 3562/4864/3340 3564/4866/3340 3563/4867/3340
f 3563/4867/3341 3564/4866/3341 3566/4868/3341 3565/4869/3341
f 3565/4869/3342 3566/4868/3342 3568/4870/3342 3567/4871/3342
f 3567/4871/3343 3568/4870/3343 3570/4872/3343 3569/4873/3343
f 3569/4873/3344 3570/4872/3344 3572/4874/3344 3571/4875/3344
f 3571/4875/3345 3572/4874/3345 3574/4876/3345 3573/4877/3345
f 3573/4877/3346 3574/4876/3346 3576/4878/3346 3575/4879/3346
f 3575/4879/3347 3576/4878/3347 3578/4880/3347 3577/4881/3347
f 3577/4881/3348 3578/4880/3348 3580/4882/3348 3579/4883/3348
f 3579/4883/3349 3580/4882/3349 3582/4884/3349 3581/4885/3349
f 3581/4885/3350 3582/4884/3350 3584/4886/3350 3583/4887/3350
f 3526/4888/3351 3524/4889/3351 3586/4890/3351 3584/4891/3351 3582/4892/3351 3580/4893/3351 3578/4894/3351 3576/4895/3351 3574/4896/3351 3572/4897/3351 3570/4898/3351 3568/4899/3351 3566/4900/3351 3564/4901/3351 3562/4902/3351 3560/4903/3351 3558/4904/3351 3556/4905/3351 3554/4906/3351 3552/4907/3351 3550/4908/3351 3548/4909/3351 3546/4910/3351 3544/4911/3351 3542/4912/3351 3540/4913/3351 3538/4914/3351 3536/4915/3351 3534/4916/3351 3532/4917/3351 3530/4918/3351 3528/4919/3351
f 3583/4887/3352 3584/4886/3352 3586/4920/3352 3585/4921/3352
f 3585/4921/3353 3586/4920/3353 3524/4922/3353 3523/4923/3353
f 3523/4924/3354 3525/4925/3354 3527/4926/3354 3529/4927/3354 3531/4928/3354 3533/4929/3354 3535/4930/3354 3537/4931/3354 3539/4932/3354 3541/4933/3354 3543/4934/3354 3545/4935/3354 3547/4936/3354 3549/4937/3354 3551/4938/3354 3553/4939/3354 3555/4940/3354 3557/4941/3354 3559/4942/3354 3561/4943/3354 3563/4944/3354 3565/4945/3354 3567/4946/3354 3569/4947/3354 3571/4948/3354 3573/4949/3354 3575/4950/3354 3577/4951/3354 3579/4952/3354 3581/4953/3354 3583/4954/3354 3585/4955/3354
o PlantFoliage_3
v 0.000000 1.415735 -4.777785
v 0.000000 1.277785 -4.915735
v 0.000000 1.097545 -4.990393
v 0.000000 1.000000 -5.000000
v 0.000000 0.902455 -4.990393
v 0.000000 0.722215 -4.915735
v 0.019030 1.490393 -4.595671
v 0.037329 1.461940 -4.687665
v 0.054193 1.415735 -4.772448
v 0.068975 1.353553 -4.846760
v 0.081106 1.277785 -4.907746
v 0.090120 1.191342 -4.953063
v 0.095671 1.097545 -4.980970
v 0.097545 1.000000 -4.990393
v 0.095671 0.902455 -4.980970
v 0.090120 0.808658 -4.953063
v 0.081106 0.722215 -4.907746
v 0.068975 0.646447 -4.846760
v 0.054193 0.584265 -4.772448
v 0.037329 0.538060 -4.687665
v 0.019030 0.509607 -4.595671
v 0.037329 1.490393 -4.590120
v 0.073223 1.461940 -4.676777
v 0.106304 1.415735 -4.756640
v 0.135299 1.353553 -4.826641
v 0.159095 1.277785 -4.884089
v 0.176777 1.191342 -4.926777
v 0.187665 1.097545 -4.953063
v 0.191342 1.000000 -4.961940
v 0.187665 0.902455 -4.953063
v 0.176777 0.808658 -4.926777
v 0.159095 0.722215 -4.884089
v 0.135299 0.646447 -4.826641
v 0.106304 0.584265 -4.756640
v 0.073223 0.538060 -4.676777
v 0.037329 0.509607 -4.590120
v 0.054193 1.490393 -4.581106
v 0.106304 1.461940 -4.659095
v 0.154329 1.415735 -4.730970
v 0.196424 1.353553 -4.793969
v 0.230970 1.277785 -4.845671
v 0.256640 1.191342 -4.884089
v 0.272448 1.097545 -4.907746
v 0.277785 1.000000 -4.915735
v 0.272448 0.902455 -4.907746
v 0.256640 0.808658 -4.884089
v 0.230970 0.722215 -4.845671
v 0.196424 0.646447 -4.793969
v 0.154329 0.584265 -4.730970
v 0.106304 0.538060 -4.659095
v 0.054193 0.509607 -4.581106
v 0.068975 1.490393 -4.568975
v 0.135299 1.461940 -4.635299
v 0.196424 1.415735 -4.696424
v 0.250000 1.353553 -4.750000
v 0.293969 1.277785 -4.793969
v 0.326641 1.191342 -4.826641
v 0.346760 1.097545 -4.846760
v 0.353553 1.000000 -4.853553
v 0.346760 0.902455 -4.846760
v 0.326641 0.808658 -4.826641
v 0.293969 0.722215 -4.793969
v 0.250000 0.646447 -4.750000
v 0.196424 0.584265 -4.696424
v 0.135299 0.538060 -4.635299
v 0.068975 0.509607 -4.568975
v 0.081106 1.490393 -4.554193
v 0.159095 1.461940 -4.606304
v 0.230970 1.415735 -4.654329
v 0.293969 1.353553 -4.696424
v 0.345671 1.277785 -4.730970
v 0.384089 1.191342 -4.756640
v 0.407747 1.097545 -4.772448
v 0.415735 1.000000 -4.777785
v 0.407747 0.902455 -4.772448
v 0.384089 0.808658 -4.756640
v 0.345671 0.722215 -4.730970
v 0.293969 0.646447 -4.696424
v 0.230970 0.584265 -4.654329
v 0.159095 0.538060 -4.606304
v 0.081106 0.509607 -4.554193
v 0.000000 1.500000 -4.500000
v 0.090120 1.490393 -4.537329
v 0.176777 1.461940 -4.573223
v 0.256640 1.415735 -4.606304
v 0.326641 1.353553 -4.635299
v 0.384089 1.277785 -4.659095
v 0.426777 1.191342 -4.676777
v 0.453064 1.097545 -4.687665
v 0.461940 1.000000 -4.691341
v 0.453064 0.902455 -4.687665
v 0.426777 0.808658 -4.676777
v 0.384089 0.722215 -4.659095
v 0.326641 0.646447 -4.635299
v 0.256640 0.584265 -4.606304
v 0.176777 0.538060 -4.573223
v 0.090120 0.509607 -4.537329
v 0.095671 1.490393 -4.519030
v 0.187665 1.461940 -4.537329
v 0.272448 1.415735 -4.554193
v 0.346760 1.353553 -4.568975
v 0.407746 1.277785 -4.581106
v 0.453064 1.191342 -4.590120
v 0.480970 1.097545 -4.595671
v 0.490393 1.000000 -4.597545
v 0.480970 0.902455 -4.595671
v 0.453064 0.808658 -4.590120
v 0.407746 0.722215 -4.581106
v 0.346760 0.646447 -4.568975
v 0.272448 0.584265 -4.554193
v 0.187665 0.538060 -4.537329
v 0.095671 0.509607 -4.519030
v 0.097545 1.490393 -4.500000
v 0.191342 1.461940 -4.500000
v 0.277785 1.415735 -4.500000
v 0.353553 1.353553 -4.500000
v 0.415735 1.277785 -4.500000
v 0.461940 1.191342 -4.500000
v 0.490393 1.097545 -4.500000
v 0.500000 1.000000 -4.500000
v 0.490393 0.902455 -4.500000
v 0.461940 0.808658 -4.500000
v 0.415735 0.722215 -4.500000
v 0.353553 0.646447 -4.500000
v 0.277785 0.584265 -4.500000
v 0.191342 0.538060 -4.500000
v 0.097545 0.509607 -4.500000
v 0.095671 1.490393 -4.480970
v 0.187665 1.461940 -4.462671
v 0.272447 1.415735 -4.445807
v 0.346760 1.353553 -4.431025
v 0.407746 1.277785 -4.418894
v 0.453064 1.191342 -4.409880
v 0.480970 1.097545 -4.404329
v 0.490392 1.000000 -4.402455
v 0.480970 0.902455 -4.404329
v 0.453064 0.808658 -4.409880
v 0.407746 0.722215 -4.418894
v 0.346760 0.646447 -4.431025
v 0.272447 0.584265 -4.445807
v 0.187665 0.538060 -4.462671
v 0.095671 0.509607 -4.480970
v 0.090120 1.490393 -4.462671
v 0.176777 1.461940 -4.426777
v 0.256640 1.415735 -4.393696
v 0.326641 1.353553 -4.364701
v 0.384089 1.277785 -4.340905
v 0.426777 1.191342 -4.323223
v 0.453064 1.097545 -4.312335
v 0.461940 1.000000 -4.308658
v 0.453064 0.902455 -4.312335
v 0.426777 0.808658 -4.323223
v 0.384089 0.722215 -4.340905
v 0.326641 0.646447 -4.364701
v 0.256640 0.584265 -4.393696
v 0.176777 0.538060 -4.426777
v 0.090120 0.509607 -4.462671
v 0.081106 1.490393 -4.445807
v 0.159095 1.461940 -4.393696
v 0.230970 1.415735 -4.345671
v 0.293969 1.353553 -4.303576
v 0.345671 1.277785 -4.269030
v 0.384089 1.191342 -4.243360
v 0.407746 1.097545 -4.227552
v 0.415735 1.000000 -4.222215
v 0.407746 0.902455 -4.227552
v 0.384089 0.808658 -4.243360
v 0.345671 0.722215 -4.269030
v 0.293969 0.646447 -4.303576
v 0.230970 0.584265 -4.345671
v 0.159095 0.538060 -4.393696
v 0.081106 0.509607 -4.445807
v 0.068975 1.490393 -4.431025
v 0.135299 1.461940 -4.364701
v 0.196424 1.415735 -4.303576
v 0.250000 1.353553 -4.250000
v 0.293969 1.277785 -4.206031
v 0.326641 1.191342 -4.173359
v 0.346760 1.097545 -4.153240
v 0.353553 1.000000 -4.146447
v 0.346760 0.902455 -4.153240
v 0.326641 0.808658 -4.173359
v 0.293969 0.722215 -4.206031
v 0.250000 0.646447 -4.250000
v 0.196424 0.584265 -4.303576
v 0.135299 0.538060 -4.364701
v 0.068975 0.509607 -4.431025
v 0.054193 1.490393 -4.418894
v 0.106304 1.461940 -4.340905
v 0.154329 1.415735 -4.269030
v 0.196424 1.353553 -4.206031
v 0.230970 1.277785 -4.154329
v 0.256640 1.191342 -4.115911
v 0.272447 1.097545 -4.092254
v 0.277785 1.000000 -4.084265
v 0.272447 0.902455 -4.092254
v 0.256640 0.808658 -4.115911
v 0.230970 0.722215 -4.154329
v 0.196424 0.646447 -4.206031
v 0.154329 0.584265 -4.269030
v 0.106304 0.538060 -4.340905
v 0.054193 0.509607 -4.418894
v 0.037329 1.490393 -4.409880
v 0.073223 1.461940 -4.323223
v 0.106304 1.415735 -4.243360
v 0.135299 1.353553 -4.173359
v 0.159095 1.277785 -4.115911
v 0.176777 1.191342 -4.073224
v 0.187665 1.097545 -4.046937
v 0.191341 1.000000 -4.038060
v 0.187665 0.902455 -4.046937
v 0.176777 0.808658 -4.073224
v 0.159095 0.722215 -4.115911
v 0.135299 0.646447 -4.173359
v 0.106304 0.584265 -4.243360
v 0.073223 0.538060 -4.323223
v 0.037329 0.509607 -4.409880
v 0.019030 1.490393 -4.404329
v 0.037329 1.461940 -4.312335
v 0.054193 1.415735 -4.227552
v 0.068975 1.353553 -4.153240
v 0.081106 1.277785 -4.092254
v 0.090120 1.191342 -4.046937
v 0.095671 1.097545 -4.019030
v 0.097545 1.000000 -4.009608
v 0.095671 0.902455 -4.019030
v 0.090120 0.808658 -4.046937
v 0.081106 0.722215 -4.092254
v 0.068975 0.646447 -4.153240
v 0.054193 0.584265 -4.227552
v 0.037329 0.538060 -4.312335
v 0.019030 0.509607 -4.404329
v -0.000000 1.490393 -4.402455
v -0.000000 1.461940 -4.308658
v -0.000000 1.415735 -4.222215
v -0.000000 1.353553 -4.146447
v -0.000000 1.277785 -4.084265
v 0.000000 1.191342 -4.038060
v -0.000000 1.097545 -4.009607
v -0.000000 1.000000 -4.000000
v -0.000000 0.902455 -4.009607
v 0.000000 0.808658 -4.038060
v -0.000000 0.722215 -4.084265
v -0.000000 0.646447 -4.146447
v -0.000000 0.584265 -4.222215
v -0.000000 0.538060 -4.308658
v -0.000000 0.509607 -4.402455
v -0.019030 1.490393 -4.404329
v -0.037329 1.461940 -4.312335
v -0.054193 1.415735 -4.227552
v -0.068975 1.353553 -4.153240
v -0.081106 1.277785 -4.092254
v -0.090120 1.191342 -4.046937
v -0.095671 1.097545 -4.019030
v -0.097545 1.000000 -4.009608
v -0.095671 0.902455 -4.019030
v -0.090120 0.808658 -4.046937
v -0.081106 0.722215 -4.092254
v -0.068975 0.646447 -4.153240
v -0.054193 0.584265 -4.227552
v -0.037329 0.538060 -4.312335
v -0.019030 0.509607 -4.404329
v -0.037329 1.490393 -4.409880
v -0.073223 1.461940 -4.323223
v -0.106304 1.415735 -4.243360
v -0.135299 1.353553 -4.173359
v -0.159095 1.277785 -4.115911
v -0.176777 1.191342 -4.073224
v -0.187665 1.097545 -4.046937
v -0.191342 1.000000 -4.038061
v -0.187665 0.902455 -4.046937
v -0.176777 0.808658 -4.073224
v -0.159095 0.722215 -4.115911
v -0.135299 0.646447 -4.173359
v -0.106304 0.584265 -4.243360
v -0.073223 0.538060 -4.323223
v -0.037329 0.509607 -4.409880
v -0.054193 1.490393 -4.418894
v -0.106304 1.461940 -4.340905
v -0.154329 1.415735 -4.269030
v -0.196424 1.353553 -4.206031
v -0.230970 1.277785 -4.154329
v -0.256640 1.191342 -4.115911
v -0.272448 1.097545 -4.092254
v -0.277785 1.000000 -4.084266
v -0.272448 0.902455 -4.092254
v -0.256640 0.808658 -4.115911
v -0.230970 0.722215 -4.154329
v -0.196424 0.646447 -4.206031
v -0.154329 0.584265 -4.269030
v -0.106304 0.538060 -4.340905
v -0.054193 0.509607 -4.418894
v -0.068975 1.490393 -4.431025
v -0.135299 1.461940 -4.364701
v -0.196424 1.415735 -4.303576
v -0.250000 1.353553 -4.250000
v -0.293969 1.277785 -4.206031
v -0.326641 1.191342 -4.173359
v -0.346760 1.097545 -4.153240
v -0.353553 1.000000 -4.146447
v -0.346760 0.902455 -4.153240
v -0.326641 0.808658 -4.173359
v -0.293969 0.722215 -4.206031
v -0.250000 0.646447 -4.250000
v -0.196424 0.584265 -4.303576
v -0.135299 0.538060 -4.364701
v -0.068975 0.509607 -4.431025
v 0.000000 0.500000 -4.500000
v -0.081106 1.490393 -4.445807
v -0.159095 1.461940 -4.393696
v -0.230970 1.415735 -4.345671
v -0.293969 1.353553 -4.303576
v -0.345671 1.277785 -4.269030
v -0.384089 1.191342 -4.243360
v -0.407746 1.097545 -4.227552
v -0.415735 1.000000 -4.222215
v -0.407746 0.902455 -4.227552
v -0.384089 0.808658 -4.243360
v -0.345671 0.722215 -4.269030
v -0.293969 0.646447 -4.303576
v -0.230970 0.584265 -4.345671
v -0.159095 0.538060 -4.393696
v -0.081106 0.509607 -4.445807
v -0.090120 1.490393 -4.462671
v -0.176777 1.461940 -4.426777
v -0.256640 1.415735 -4.393696
v -0.326641 1.353553 -4.364701
v -0.384089 1.277785 -4.340905
v -0.426777 1.191342 -4.323224
v -0.453064 1.097545 -4.312335
v -0.461939 1.000000 -4.308659
v -0.453064 0.902455 -4.312335
v -0.426777 0.808658 -4.323224
v -0.384089 0.722215 -4.340905
v -0.326641 0.646447 -4.364701
v -0.256640 0.584265 -4.393696
v -0.176777 0.538060 -4.426777
v -0.090120 0.509607 -4.462671
v -0.095671 1.490393 -4.480970
v -0.187665 1.461940 -4.462671
v -0.272447 1.415735 -4.445807
v -0.346760 1.353553 -4.431025
v -0.407746 1.277785 -4.418894
v -0.453064 1.191342 -4.409880
v -0.480970 1.097545 -4.404329
v -0.490392 1.000000 -4.402455
v -0.480970 0.902455 -4.404329
v -0.453064 0.808658 -4.409880
v -0.407746 0.722215 -4.418894
v -0.346760 0.646447 -4.431025
v -0.272447 0.584265 -4.445807
v -0.187665 0.538060 -4.462671
v -0.095671 0.509607 -4.480970
v -0.097545 1.490393 -4.500000
v -0.191342 1.461940 -4.500000
v -0.277785 1.415735 -4.500000
v -0.353553 1.353553 -4.500000
v -0.415735 1.277785 -4.500000
v -0.461940 1.191342 -4.500000
v -0.490392 1.097545 -4.500000
v -0.500000 1.000000 -4.500000
v -0.490392 0.902455 -4.500000
v -0.461940 0.808658 -4.500000
v -0.415735 0.722215 -4.500000
v -0.353553 0.646447 -4.500000
v -0.277785 0.584265 -4.500000
v -0.191342 0.538060 -4.500000
v -0.097545 0.509607 -4.500000
v -0.095671 1.490393 -4.519030
v -0.187665 1.461940 -4.537329
v -0.272447 1.415735 -4.554193
v -0.346760 1.353553 -4.568975
v -0.407746 1.277785 -4.581106
v -0.453064 1.191342 -4.590120
v -0.480970 1.097545 -4.595671
v -0.490392 1.000000 -4.597545
v -0.480970 0.902455 -4.595671
v -0.453064 0.808658 -4.590120
v -0.407746 0.722215 -4.581106
v -0.346760 0.646447 -4.568975
v -0.272447 0.584265 -4.554193
v -0.187665 0.538060 -4.537329
v -0.095671 0.509607 -4.519030
v -0.090120 1.490393 -4.537329
v -0.176777 1.461940 -4.573223
v -0.256640 1.415735 -4.606304
v -0.326641 1.353553 -4.635299
v -0.384089 1.277785 -4.659095
v -0.426776 1.191342 -4.676776
v -0.453063 1.097545 -4.687665
v -0.461939 1.000000 -4.691342
v -0.453063 0.902455 -4.687665
v -0.426776 0.808658 -4.676776
v -0.384089 0.722215 -4.659095
v -0.326641 0.646447 -4.635299
v -0.256640 0.584265 -4.606304
v -0.176777 0.538060 -4.573223
v -0.090120 0.509607 -4.537329
v -0.081106 1.490393 -4.554193
v -0.159095 1.461940 -4.606304
v -0.230970 1.415735 -4.654329
v -0.293969 1.353553 -4.696424
v -0.345671 1.277785 -4.730970
v -0.384089 1.191342 -4.756640
v -0.407746 1.097545 -4.772448
v -0.415734 1.000000 -4.777785
v -0.407746 0.902455 -4.772448
v -0.384089 0.808658 -4.756640
v -0.345671 0.722215 -4.730970
v -0.293969 0.646447 -4.696424
v -0.230970 0.584265 -4.654329
v -0.159095 0.538060 -4.606304
v -0.081106 0.509607 -4.554193
v -0.068975 1.490393 -4.568975
v -0.135299 1.461940 -4.635299
v -0.196423 1.415735 -4.696424
v -0.250000 1.353553 -4.750000
v -0.293969 1.277785 -4.793969
v -0.326641 1.191342 -4.826641
v -0.346760 1.097545 -4.846760
v -0.353553 1.000000 -4.853553
v -0.346760 0.902455 -4.846760
v -0.326641 0.808658 -4.826641
v -0.293969 0.722215 -4.793969
v -0.250000 0.646447 -4.750000
v -0.196423 0.584265 -4.696424
v -0.135299 0.538060 -4.635299
v -0.068975 0.509607 -4.568975
v -0.054193 1.490393 -4.581106
v -0.106304 1.461940 -4.659095
v -0.154329 1.415735 -4.730970
v -0.196424 1.353553 -4.793969
v -0.230970 1.277785 -4.845671
v -0.256640 1.191342 -4.884089
v -0.272447 1.097545 -4.907746
v -0.277785 1.000000 -4.915734
v -0.272447 0.902455 -4.907746
v -0.256640 0.808658 -4.884089
v -0.230970 0.722215 -4.845671
v -0.196424 0.646447 -4.793969
v -0.154329 0.584265 -4.730970
v -0.106304 0.538060 -4.659095
v -0.054193 0.509607 -4.581106
v -0.037329 1.490393 -4.590120
v -0.073223 1.461940 -4.676776
v -0.106304 1.415735 -4.756640
v -0.135299 1.353553 -4.826641
v -0.159095 1.277785 -4.884089
v -0.176777 1.191342 -4.926776
v -0.187665 1.097545 -4.953063
v -0.191341 1.000000 -4.961939
v -0.187665 0.902455 -4.953063
v -0.176777 0.808658 -4.926776
v -0.159095 0.722215 -4.884089
v -0.135299 0.646447 -4.826641
v -0.106304 0.584265 -4.756640
v -0.073223 0.538060 -4.676776
v -0.037329 0.509607 -4.590120
v -0.019030 1.490393 -4.595671
v -0.037329 1.461940 -4.687665
v -0.054193 1.415735 -4.772447
v -0.068975 1.353553 -4.846760
v -0.081106 1.277785 -4.907746
v -0.090120 1.191342 -4.953063
v -0.095671 1.097545 -4.980969
v -0.097545 1.000000 -4.990392
v -0.095671 0.902455 -4.980969
v -0.090120 0.808658 -4.953063
v -0.081106 0.722215 -4.907746
v -0.068975 0.646447 -4.846760
v -0.054193 0.584265 -4.772447
v -0.037329 0.538060 -4.687665
v -0.019030 0.509607 -4.595671
v 0.000000 1.490393 -4.597545
v 0.000000 1.461940 -4.691341
v 0.000000 1.353553 -4.853553
v 0.000000 1.191342 -4.961939
v 0.000000 0.808658 -4.961939
v 0.000000 0.646447 -4.853553
v 0.000000 0.584265 -4.777785
v 0.000000 0.538060 -4.691341
v 0.000000 0.509607 -4.597545
vn 0.0938 0.2890 -0.9527
vn 0.0286 -0.9565 -0.2902
vn 0.0975 0.0975 -0.9904
vn 0.0097 0.9951 -0.0980
vn 0.0097 -0.9951 -0.0980
vn 0.0975 -0.0975 -0.9904
vn 0.0286 0.9565 -0.2902
vn 0.0938 -0.2890 -0.9527
vn 0.0464 0.8810 -0.4709
vn 0.0865 -0.4696 -0.8786
vn 0.0624 0.7715 -0.6332
vn 0.0759 -0.6326 -0.7708
vn 0.0759 0.6326 -0.7708
vn 0.0624 -0.7715 -0.6332
vn 0.0865 0.4696 -0.8786
vn 0.0464 -0.8810 -0.4709
vn 0.2563 0.4696 -0.8448
vn 0.1374 -0.8810 -0.4528
vn 0.2779 0.2890 -0.9161
vn 0.0846 -0.9565 -0.2790
vn 0.2889 0.0976 -0.9524
vn 0.0286 0.9951 -0.0942
vn 0.0286 -0.9951 -0.0942
vn 0.2889 -0.0976 -0.9524
vn 0.0846 0.9565 -0.2790
vn 0.2779 -0.2890 -0.9161
vn 0.1374 0.8810 -0.4528
vn 0.2563 -0.4696 -0.8448
vn 0.1847 0.7715 -0.6088
vn 0.2248 -0.6326 -0.7412
vn 0.2248 0.6326 -0.7412
vn 0.1847 -0.7715 -0.6088
vn 0.4513 -0.2890 -0.8443
vn 0.2230 0.8810 -0.4173
vn 0.4162 -0.4696 -0.7786
vn 0.2999 0.7715 -0.5611
vn 0.3651 -0.6326 -0.6831
vn 0.3651 0.6326 -0.6831
vn 0.2999 -0.7715 -0.5611
vn 0.4162 0.4696 -0.7786
vn 0.2230 -0.8810 -0.4173
vn 0.4513 0.2890 -0.8443
vn 0.1374 -0.9565 -0.2571
vn 0.4691 0.0975 -0.8777
vn 0.0464 0.9951 -0.0869
vn 0.0464 -0.9951 -0.0869
vn 0.4691 -0.0975 -0.8777
vn 0.1374 0.9565 -0.2571
vn 0.3002 -0.8810 -0.3658
vn 0.6073 0.2890 -0.7400
vn 0.1850 -0.9565 -0.2254
vn 0.6314 0.0975 -0.7693
vn 0.0625 0.9951 -0.0761
vn 0.0625 -0.9951 -0.0761
vn 0.6314 -0.0975 -0.7693
vn 0.1850 0.9565 -0.2254
vn 0.6073 -0.2890 -0.7400
vn 0.3002 0.8810 -0.3658
vn 0.5601 -0.4696 -0.6825
vn 0.4036 0.7715 -0.4918
vn 0.4913 -0.6326 -0.5987
vn 0.4913 0.6326 -0.5987
vn 0.4036 -0.7715 -0.4918
vn 0.5601 0.4696 -0.6825
vn 0.3658 0.8810 -0.3002
vn 0.6825 -0.4696 -0.5601
vn 0.4918 0.7715 -0.4036
vn 0.5987 -0.6326 -0.4913
vn 0.5987 0.6326 -0.4913
vn 0.4918 -0.7715 -0.4036
vn 0.6825 0.4696 -0.5601
vn 0.3658 -0.8810 -0.3002
vn 0.7400 0.2890 -0.6073
vn 0.2254 -0.9565 -0.1850
vn 0.7693 0.0975 -0.6314
vn 0.0761 0.9951 -0.0625
vn 0.0761 -0.9951 -0.0625
vn 0.7693 -0.0975 -0.6314
vn 0.2254 0.9565 -0.1850
vn 0.7400 -0.2890 -0.6073
vn 0.8443 0.2890 -0.4513
vn 0.2571 -0.9565 -0.1374
vn 0.8777 0.0975 -0.4691
vn 0.0869 0.9951 -0.0464
vn 0.0869 -0.9951 -0.0464
vn 0.8777 -0.0975 -0.4691
vn 0.2571 0.9565 -0.1374
vn 0.8443 -0.2890 -0.4513
vn 0.4173 0.8810 -0.2230
vn 0.7786 -0.4696 -0.4162
vn 0.5611 0.7715 -0.2999
vn 0.6831 -0.6326 -0.3651
vn 0.6831 0.6326 -0.3651
vn 0.5611 -0.7715 -0.2999
vn 0.7786 0.4696 -0.4162
vn 0.4173 -0.8810 -0.2230
vn 0.8448 -0.4696 -0.2563
vn 0.6088 0.7715 -0.1847
vn 0.7412 -0.6326 -0.2248
vn 0.7412 0.6326 -0.2248
vn 0.6088 -0.7715 -0.1847
vn 0.8448 0.4696 -0.2563
vn 0.4528 -0.8810 -0.1374
vn 0.9161 0.2890 -0.2779
vn 0.2790 -0.9565 -0.0846
vn 0.9524 0.0975 -0.2889
vn 0.0942 0.9951 -0.0286
vn 0.0942 -0.9951 -0.0286
vn 0.9524 -0.0975 -0.2889
vn 0.2790 0.9565 -0.0846
vn 0.9161 -0.2890 -0.2779
vn 0.4528 0.8810 -0.1374
vn 0.2902 -0.9565 -0.0286
vn 0.9904 0.0975 -0.0975
vn 0.0980 0.9951 -0.0097
vn 0.0980 -0.9951 -0.0097
vn 0.9904 -0.0975 -0.0975
vn 0.2902 0.9565 -0.0286
vn 0.9527 -0.2890 -0.0938
vn 0.4709 0.8810 -0.0464
vn 0.8786 -0.4696 -0.0865
vn 0.6332 0.7715 -0.0624
vn 0.7708 -0.6326 -0.0759
vn 0.7708 0.6326 -0.0759
vn 0.6332 -0.7715 -0.0624
vn 0.8786 0.4696 -0.0865
vn 0.4709 -0.8810 -0.0464
vn 0.9527 0.2890 -0.0938
vn 0.7708 -0.6326 0.0759
vn 0.7708 0.6326 0.0759
vn 0.6332 -0.7715 0.0624
vn 0.8786 0.4696 0.0865
vn 0.4709 -0.8810 0.0464
vn 0.9527 0.2890 0.0938
vn 0.2902 -0.9565 0.0286
vn 0.9904 0.0975 0.0976
vn 0.0980 0.9951 0.0097
vn 0.0980 -0.9951 0.0097
vn 0.9904 -0.0975 0.0976
vn 0.2902 0.9565 0.0286
vn 0.9527 -0.2890 0.0938
vn 0.4709 0.8810 0.0464
vn 0.8786 -0.4696 0.0865
vn 0.6332 0.7715 0.0624
vn 0.0942 0.9951 0.0286
vn 0.0942 -0.9951 0.0286
vn 0.9524 -0.0975 0.2889
vn 0.2790 0.9565 0.0846
vn 0.9161 -0.2890 0.2779
vn 0.4528 0.8810 0.1374
vn 0.8448 -0.4696 0.2563
vn 0.6088 0.7715 0.1847
vn 0.7412 -0.6326 0.2248
vn 0.7412 0.6326 0.2248
vn 0.6088 -0.7715 0.1847
vn 0.8448 0.4696 0.2563
vn 0.4528 -0.8810 0.1374
vn 0.9161 0.2890 0.2779
vn 0.2790 -0.9565 0.0846
vn 0.9524 0.0975 0.2889
vn 0.6831 0.6326 0.3651
vn 0.5611 -0.7715 0.2999
vn 0.7786 0.4696 0.4162
vn 0.4173 -0.8810 0.2230
vn 0.8443 0.2890 0.4513
vn 0.2571 -0.9565 0.1374
vn 0.8777 0.0975 0.4691
vn 0.0869 0.9951 0.0464
vn 0.0869 -0.9951 0.0464
vn 0.8777 -0.0975 0.4691
vn 0.2571 0.9565 0.1374
vn 0.8443 -0.2890 0.4513
vn 0.4173 0.8810 0.2230
vn 0.7786 -0.4696 0.4162
vn 0.5611 0.7715 0.2999
vn 0.6831 -0.6326 0.3651
vn 0.7693 -0.0975 0.6314
vn 0.2254 0.9565 0.1850
vn 0.7400 -0.2890 0.6073
vn 0.3658 0.8810 0.3002
vn 0.6825 -0.4696 0.5601
vn 0.4918 0.7715 0.4036
vn 0.5987 -0.6326 0.4913
vn 0.5987 0.6326 0.4913
vn 0.4918 -0.7715 0.4036
vn 0.6825 0.4696 0.5601
vn 0.3658 -0.8810 0.3002
vn 0.7400 0.2890 0.6073
vn 0.2254 -0.9565 0.1850
vn 0.7693 0.0975 0.6314
vn 0.0761 0.9951 0.0625
vn 0.0761 -0.9951 0.0625
vn 0.4036 -0.7715 0.4918
vn 0.5601 0.4696 0.6825
vn 0.3002 -0.8810 0.3658
vn 0.6073 0.2890 0.7400
vn 0.1850 -0.9565 0.2254
vn 0.6314 0.0975 0.7693
vn 0.0625 0.9951 0.0761
vn 0.0625 -0.9951 0.0761
vn 0.6314 -0.0975 0.7693
vn 0.1850 0.9565 0.2254
vn 0.6073 -0.2890 0.7400
vn 0.3002 0.8810 0.3658
vn 0.5601 -0.4696 0.6825
vn 0.4036 0.7715 0.4918
vn 0.4913 -0.6326 0.5987
vn 0.4913 0.6326 0.5987
vn 0.1374 0.9565 0.2571
vn 0.4513 -0.2890 0.8443
vn 0.2230 0.8810 0.4173
vn 0.4162 -0.4696 0.7786
vn 0.2999 0.7715 0.5611
vn 0.3651 -0.6326 0.6831
vn 0.3651 0.6326 0.6831
vn 0.2999 -0.7715 0.5611
vn 0.4162 0.4696 0.7786
vn 0.2230 -0.8810 0.4173
vn 0.4513 0.2890 0.8443
vn 0.1374 -0.9565 0.2571
vn 0.4691 0.0975 0.8777
vn 0.0464 0.9951 0.0869
vn 0.0464 -0.9951 0.0869
vn 0.4691 -0.0975 0.8777
vn 0.2563 0.4696 0.8448
vn 0.1374 -0.8810 0.4528
vn 0.2779 0.2890 0.9161
vn 0.0846 -0.9565 0.2790
vn 0.2889 0.0975 0.9524
vn 0.0286 0.9951 0.0942
vn 0.0286 -0.9951 0.0942
vn 0.2889 -0.0975 0.9524
vn 0.0846 0.9565 0.2790
vn 0.2779 -0.2890 0.9161
vn 0.1374 0.8810 0.4528
vn 0.2563 -0.4696 0.8448
vn 0.1847 0.7715 0.6088
vn 0.2248 -0.6326 0.7412
vn 0.2248 0.6326 0.7412
vn 0.1847 -0.7715 0.6088
vn 0.0938 -0.2890 0.9527
vn 0.0464 0.8810 0.4709
vn 0.0865 -0.4696 0.8786
vn 0.0624 0.7715 0.6332
vn 0.0759 -0.6326 0.7708
vn 0.0759 0.6326 0.7708
vn 0.0624 -0.7715 0.6332
vn 0.0865 0.4696 0.8786
vn 0.0464 -0.8810 0.4709
vn 0.0938 0.2890 0.9527
vn 0.0286 -0.9565 0.2902
vn 0.0975 0.0975 0.9904
vn 0.0097 0.9951 0.0980
vn 0.0097 -0.9951 0.0980
vn 0.0975 -0.0975 0.9904
vn 0.0286 0.9565 0.2902
vn -0.0464 -0.8810 0.4709
vn -0.0938 0.2890 0.9527
vn -0.0286 -0.9565 0.2902
vn -0.0976 0.0975 0.9904
vn -0.0097 0.9951 0.0980
vn -0.0097 -0.9951 0.0980
vn -0.0976 -0.0975 0.9904
vn -0.0286 0.9565 0.2902
vn -0.0938 -0.2890 0.9527
vn -0.0464 0.8810 0.4709
vn -0.0865 -0.4696 0.8786
vn -0.0624 0.7715 0.6332
vn -0.0759 -0.6326 0.7708
vn -0.0759 0.6326 0.7708
vn -0.0624 -0.7715 0.6332
vn -0.0865 0.4696 0.8786
vn -0.2563 -0.4696 0.8448
vn -0.1847 0.7715 0.6088
vn -0.2248 -0.6326 0.7412
vn -0.2248 0.6326 0.7412
vn -0.1847 -0.7715 0.6088
vn -0.2563 0.4696 0.8448
vn -0.1374 -0.8810 0.4528
vn -0.2779 0.2890 0.9161
vn -0.0846 -0.9565 0.2790
vn -0.2889 0.0975 0.9524
vn -0.0286 0.9951 0.0942
vn -0.0286 -0.9951 0.0942
vn -0.2889 -0.0975 0.9524
vn -0.0846 0.9565 0.2790
vn -0.2779 -0.2890 0.9161
vn -0.1374 0.8810 0.4528
vn -0.1374 -0.9565 0.2571
vn -0.4691 0.0975 0.8777
vn -0.0464 0.9951 0.0869
vn -0.0464 -0.9951 0.0869
vn -0.4691 -0.0975 0.8777
vn -0.1374 0.9565 0.2571
vn -0.4513 -0.2890 0.8443
vn -0.2230 0.8810 0.4173
vn -0.4162 -0.4696 0.7786
vn -0.2999 0.7715 0.5611
vn -0.3651 -0.6326 0.6831
vn -0.3651 0.6326 0.6831
vn -0.2999 -0.7715 0.5611
vn -0.4162 0.4696 0.7786
vn -0.2230 -0.8810 0.4173
vn -0.4513 0.2890 0.8443
vn -0.4036 0.7715 0.4918
vn -0.4913 -0.6326 0.5987
vn -0.4913 0.6326 0.5987
vn -0.4036 -0.7715 0.4918
vn -0.5601 0.4696 0.6825
vn -0.3002 -0.8810 0.3658
vn -0.6073 0.2890 0.7400
vn -0.1850 -0.9565 0.2254
vn -0.6314 0.0975 0.7693
vn -0.0625 0.9951 0.0761
vn -0.0625 -0.9951 0.0761
vn -0.6314 -0.0975 0.7693
vn -0.1850 0.9565 0.2254
vn -0.6073 -0.2890 0.7400
vn -0.3002 0.8810 0.3658
vn -0.5601 -0.4696 0.6825
vn -0.7693 0.0975 0.6314
vn -0.0761 0.9951 0.0625
vn -0.0761 -0.9951 0.0625
vn -0.7693 -0.0975 0.6314
vn -0.2254 0.9565 0.1850
vn -0.7400 -0.2890 0.6073
vn -0.3658 0.8810 0.3002
vn -0.6825 -0.4696 0.5601
vn -0.4918 0.7715 0.4036
vn -0.5987 -0.6326 0.4913
vn -0.5987 0.6326 0.4913
vn -0.4918 -0.7715 0.4036
vn -0.6825 0.4696 0.5601
vn -0.3658 -0.8810 0.3002
vn -0.7400 0.2890 0.6073
vn -0.2254 -0.9565 0.1850
vn -0.6831 -0.6326 0.3651
vn -0.6831 0.6326 0.3651
vn -0.5611 -0.7715 0.2999
vn -0.7786 0.4696 0.4162
vn -0.4173 -0.8810 0.2230
vn -0.8443 0.2890 0.4513
vn -0.2571 -0.9565 0.1374
vn -0.8777 0.0975 0.4691
vn -0.0869 0.9951 0.0464
vn -0.0869 -0.9951 0.0464
vn -0.8777 -0.0975 0.4691
vn -0.2571 0.9565 0.1374
vn -0.8443 -0.2890 0.4513
vn -0.4173 0.8810 0.2230
vn -0.7786 -0.4696 0.4162
vn -0.5611 0.7715 0.2999
vn -0.0942 0.9951 0.0286
vn -0.0942 -0.9951 0.0286
vn -0.9524 -0.0975 0.2889
vn -0.2790 0.9565 0.0846
vn -0.9161 -0.2890 0.2779
vn -0.4528 0.8810 0.1374
vn -0.8448 -0.4696 0.2563
vn -0.6088 0.7715 0.1847
vn -0.7412 -0.6326 0.2248
vn -0.7412 0.6326 0.2248
vn -0.6088 -0.7715 0.1847
vn -0.8448 0.4696 0.2563
vn -0.4528 -0.8810 0.1374
vn -0.9161 0.2890 0.2779
vn -0.2790 -0.9565 0.0846
vn -0.9524 0.0975 0.2889
vn -0.7708 0.6326 0.0759
vn -0.6332 -0.7715 0.0624
vn -0.8786 0.4696 0.0865
vn -0.4709 -0.8810 0.0464
vn -0.9527 0.2890 0.0938
vn -0.2902 -0.9565 0.0286
vn -0.9904 0.0975 0.0975
vn -0.0980 0.9951 0.0097
vn -0.0980 -0.9951 0.0097
vn -0.9904 -0.0975 0.0975
vn -0.2902 0.9565 0.0286
vn -0.9527 -0.2890 0.0938
vn -0.4709 0.8810 0.0464
vn -0.8786 -0.4696 0.0865
vn -0.6332 0.7715 0.0624
vn -0.7708 -0.6326 0.0759
vn -0.9904 -0.0975 -0.0976
vn -0.2902 0.9565 -0.0286
vn -0.9527 -0.2890 -0.0938
vn -0.4709 0.8810 -0.0464
vn -0.8786 -0.4696 -0.0865
vn -0.6332 0.7715 -0.0624
vn -0.7708 -0.6326 -0.0759
vn -0.7708 0.6326 -0.0759
vn -0.6332 -0.7715 -0.0624
vn -0.8786 0.4696 -0.0865
vn -0.4709 -0.8810 -0.0464
vn -0.9527 0.2890 -0.0938
vn -0.2902 -0.9565 -0.0286
vn -0.9904 0.0975 -0.0976
vn -0.0980 0.9951 -0.0097
vn -0.0980 -0.9951 -0.0097
vn -0.6088 -0.7715 -0.1847
vn -0.8448 0.4696 -0.2563
vn -0.4528 -0.8810 -0.1374
vn -0.9161 0.2890 -0.2779
vn -0.2790 -0.9565 -0.0846
vn -0.9524 0.0975 -0.2889
vn -0.0942 0.9951 -0.0286
vn -0.0942 -0.9951 -0.0286
vn -0.9524 -0.0975 -0.2889
vn -0.2790 0.9565 -0.0846
vn -0.9161 -0.2890 -0.2779
vn -0.4528 0.8810 -0.1374
vn -0.8448 -0.4696 -0.2563
vn -0.6088 0.7715 -0.1847
vn -0.7412 -0.6326 -0.2248
vn -0.7412 0.6326 -0.2248
vn -0.8443 -0.2890 -0.4513
vn -0.4173 0.8810 -0.2231
vn -0.7786 -0.4696 -0.4162
vn -0.5611 0.7715 -0.2999
vn -0.6831 -0.6326 -0.3651
vn -0.6831 0.6326 -0.3651
vn -0.5611 -0.7715 -0.2999
vn -0.7786 0.4696 -0.4162
vn -0.4173 -0.8810 -0.2231
vn -0.8443 0.2890 -0.4513
vn -0.2571 -0.9565 -0.1374
vn -0.8777 0.0975 -0.4691
vn -0.0869 0.9951 -0.0464
vn -0.0869 -0.9951 -0.0464
vn -0.8777 -0.0975 -0.4691
vn -0.2571 0.9565 -0.1374
vn -0.3658 -0.8810 -0.3002
vn -0.7400 0.2890 -0.6073
vn -0.2254 -0.9565 -0.1850
vn -0.7693 0.0975 -0.6314
vn -0.0761 0.9951 -0.0625
vn -0.0761 -0.9951 -0.0625
vn -0.7693 -0.0975 -0.6314
vn -0.2254 0.9565 -0.1850
vn -0.7400 -0.2890 -0.6073
vn -0.3658 0.8810 -0.3002
vn -0.6825 -0.4696 -0.5601
vn -0.4918 0.7715 -0.4036
vn -0.5987 -0.6326 -0.4913
vn -0.5987 0.6326 -0.4913
vn -0.4918 -0.7715 -0.4036
vn -0.6825 0.4696 -0.5601
vn -0.3002 0.8810 -0.3658
vn -0.5601 -0.4696 -0.6825
vn -0.4036 0.7715 -0.4918
vn -0.4913 -0.6326 -0.5987
vn -0.4913 0.6326 -0.5987
vn -0.4036 -0.7715 -0.4918
vn -0.5601 0.4696 -0.6825
vn -0.3002 -0.8810 -0.3658
vn -0.6073 0.2890 -0.7400
vn -0.1850 -0.9565 -0.2254
vn -0.6314 0.0975 -0.7693
vn -0.0625 0.9951 -0.0761
vn -0.0625 -0.9951 -0.0761
vn -0.6314 -0.0975 -0.7693
vn -0.1850 0.9565 -0.2254
vn -0.6073 -0.2890 -0.7400
vn -0.4513 0.2890 -0.8443
vn -0.1374 -0.9565 -0.2571
vn -0.4691 0.0975 -0.8777
vn -0.0464 0.9951 -0.0869
vn -0.0464 -0.9951 -0.0869
vn -0.4691 -0.0975 -0.8777
vn -0.1374 0.9565 -0.2571
vn -0.4513 -0.2890 -0.8443
vn -0.2230 0.8810 -0.4173
vn -0.4162 -0.4696 -0.7786
vn -0.2999 0.7715 -0.5611
vn -0.3651 -0.6326 -0.6831
vn -0.3651 0.6326 -0.6831
vn -0.2999 -0.7715 -0.5611
vn -0.4162 0.4696 -0.7786
vn -0.2230 -0.8810 -0.4173
vn -0.2563 -0.4696 -0.8448
vn -0.1847 0.7715 -0.6088
vn -0.2248 -0.6326 -0.7412
vn -0.2248 0.6326 -0.7412
vn -0.1847 -0.7715 -0.6088
vn -0.2563 0.4696 -0.8448
vn -0.1374 -0.8810 -0.4528
vn -0.2779 0.2890 -0.9161
vn -0.0846 -0.9565 -0.2790
vn -0.2889 0.0975 -0.9524
vn -0.0286 0.9951 -0.0942
vn -0.0286 -0.9951 -0.0942
vn -0.2889 -0.0975 -0.9524
vn -0.0846 0.9565 -0.2790
vn -0.2779 -0.2890 -0.9161
vn -0.1374 0.8810 -0.4528
vn -0.0286 -0.9565 -0.2902
vn -0.0976 0.0975 -0.9904
vn -0.0097 0.9951 -0.0980
vn -0.0097 -0.9951 -0.0980
vn -0.0976 -0.0975 -0.9904
vn -0.0286 0.9565 -0.2902
vn -0.0938 -0.2890 -0.9527
vn -0.0464 0.8810 -0.4709
vn -0.0865 -0.4696 -0.8786
vn -0.0624 0.7715 -0.6332
vn -0.0759 -0.6326 -0.7708
vn -0.0759 0.6326 -0.7708
vn -0.0624 -0.7715 -0.6332
vn -0.0865 0.4696 -0.8786
vn -0.0464 -0.8810 -0.4709
vn -0.0938 0.2890 -0.9527
vt 0.750000 0.562500
vt 0.750000 0.625000
vt 0.718750 0.625000
vt 0.718750 0.562500
vt 0.750000 0.062500
vt 0.750000 0.125000
vt 0.718750 0.125000
vt 0.718750 0.062500
vt 0.750000 0.500000
vt 0.718750 0.500000
vt 0.750000 0.937500
vt 0.734375 1.000000
vt 0.718750 0.937500
vt 0.734375 0.000000
vt 0.750000 0.437500
vt 0.718750 0.437500
vt 0.750000 0.875000
vt 0.718750 0.875000
vt 0.750000 0.375000
vt 0.718750 0.375000
vt 0.750000 0.812500
vt 0.718750 0.812500
vt 0.750000 0.312500
vt 0.718750 0.312500
vt 0.750000 0.750000
vt 0.718750 0.750000
vt 0.750000 0.250000
vt 0.718750 0.250000
vt 0.750000 0.687500
vt 0.718750 0.687500
vt 0.750000 0.187500
vt 0.718750 0.187500
vt 0.687500 0.687500
vt 0.687500 0.625000
vt 0.687500 0.187500
vt 0.687500 0.125000
vt 0.687500 0.562500
vt 0.687500 0.062500
vt 0.687500 0.500000
vt 0.703125 1.000000
vt 0.687500 0.937500
vt 0.703125 0.000000
vt 0.687500 0.437500
vt 0.687500 0.875000
vt 0.687500 0.375000
vt 0.687500 0.812500
vt 0.687500 0.312500
vt 0.687500 0.750000
vt 0.687500 0.250000
vt 0.656250 0.437500
vt 0.656250 0.375000
vt 0.656250 0.875000
vt 0.656250 0.812500
vt 0.656250 0.312500
vt 0.656250 0.750000
vt 0.656250 0.250000
vt 0.656250 0.687500
vt 0.656250 0.187500
vt 0.656250 0.625000
vt 0.656250 0.125000
vt 0.656250 0.562500
vt 0.656250 0.062500
vt 0.656250 0.500000
vt 0.671875 1.000000
vt 0.656250 0.937500
vt 0.671875 0.000000
vt 0.625000 0.187500
vt 0.625000 0.125000
vt 0.625000 0.625000
vt 0.625000 0.562500
vt 0.625000 0.062500
vt 0.625000 0.500000
vt 0.640625 1.000000
vt 0.625000 0.937500
vt 0.640625 0.000000
vt 0.625000 0.437500
vt 0.625000 0.875000
vt 0.625000 0.375000
vt 0.625000 0.812500
vt 0.625000 0.312500
vt 0.625000 0.750000
vt 0.625000 0.250000
vt 0.625000 0.687500
vt 0.593750 0.875000
vt 0.593750 0.812500
vt 0.593750 0.375000
vt 0.593750 0.312500
vt 0.593750 0.750000
vt 0.593750 0.250000
vt 0.593750 0.687500
vt 0.593750 0.187500
vt 0.593750 0.625000
vt 0.593750 0.125000
vt 0.593750 0.562500
vt 0.593750 0.062500
vt 0.593750 0.500000
vt 0.609375 1.000000
vt 0.593750 0.937500
vt 0.609375 0.000000
vt 0.593750 0.437500
vt 0.562500 0.625000
vt 0.562500 0.562500
vt 0.562500 0.125000
vt 0.562500 0.062500
vt 0.562500 0.500000
vt 0.578125 1.000000
vt 0.562500 0.937500
vt 0.578125 0.000000
vt 0.562500 0.437500
vt 0.562500 0.875000
vt 0.562500 0.375000
vt 0.562500 0.812500
vt 0.562500 0.312500
vt 0.562500 0.750000
vt 0.562500 0.250000
vt 0.562500 0.687500
vt 0.562500 0.187500
vt 0.531250 0.375000
vt 0.531250 0.312500
vt 0.531250 0.812500
vt 0.531250 0.750000
vt 0.531250 0.250000
vt 0.531250 0.687500
vt 0.531250 0.187500
vt 0.531250 0.625000
vt 0.531250 0.125000
vt 0.531250 0.562500
vt 0.531250 0.062500
vt 0.531250 0.500000
vt 0.546875 1.000000
vt 0.531250 0.937500
vt 0.546875 0.000000
vt 0.531250 0.437500
vt 0.531250 0.875000
vt 0.500000 0.125000
vt 0.500000 0.062500
vt 0.500000 0.562500
vt 0.500000 0.500000
vt 0.515625 1.000000
vt 0.500000 0.937500
vt 0.515625 0.000000
vt 0.500000 0.437500
vt 0.500000 0.875000
vt 0.500000 0.375000
vt 0.500000 0.812500
vt 0.500000 0.312500
vt 0.500000 0.750000
vt 0.500000 0.250000
vt 0.500000 0.687500
vt 0.500000 0.187500
vt 0.500000 0.625000
vt 0.468750 0.312500
vt 0.468750 0.250000
vt 0.468750 0.750000
vt 0.468750 0.687500
vt 0.468750 0.187500
vt 0.468750 0.625000
vt 0.468750 0.125000
vt 0.468750 0.562500
vt 0.468750 0.062500
vt 0.468750 0.500000
vt 0.484375 1.000000
vt 0.468750 0.937500
vt 0.484375 0.000000
vt 0.468750 0.437500
vt 0.468750 0.875000
vt 0.468750 0.375000
vt 0.468750 0.812500
vt 0.453125 1.000000
vt 0.437500 0.937500
vt 0.453125 0.000000
vt 0.437500 0.062500
vt 0.437500 0.500000
vt 0.437500 0.437500
vt 0.437500 0.875000
vt 0.437500 0.375000
vt 0.437500 0.812500
vt 0.437500 0.312500
vt 0.437500 0.750000
vt 0.437500 0.250000
vt 0.437500 0.687500
vt 0.437500 0.187500
vt 0.437500 0.625000
vt 0.437500 0.125000
vt 0.437500 0.562500
vt 0.406250 0.750000
vt 0.406250 0.687500
vt 0.406250 0.250000
vt 0.406250 0.187500
vt 0.406250 0.625000
vt 0.406250 0.125000
vt 0.406250 0.562500
vt 0.406250 0.062500
vt 0.406250 0.500000
vt 0.421875 1.000000
vt 0.406250 0.937500
vt 0.421875 0.000000
vt 0.406250 0.437500
vt 0.406250 0.875000
vt 0.406250 0.375000
vt 0.406250 0.812500
vt 0.406250 0.312500
vt 0.375000 0.500000
vt 0.375000 0.437500
vt 0.375000 0.937500
vt 0.375000 0.875000
vt 0.375000 0.375000
vt 0.375000 0.812500
vt 0.375000 0.312500
vt 0.375000 0.750000
vt 0.375000 0.250000
vt 0.375000 0.687500
vt 0.375000 0.187500
vt 0.375000 0.625000
vt 0.375000 0.125000
vt 0.375000 0.562500
vt 0.375000 0.062500
vt 0.390625 1.000000
vt 0.390625 0.000000
vt 0.343750 0.250000
vt 0.343750 0.187500
vt 0.343750 0.687500
vt 0.343750 0.625000
vt 0.343750 0.125000
vt 0.343750 0.562500
vt 0.343750 0.062500
vt 0.343750 0.500000
vt 0.359375 1.000000
vt 0.343750 0.937500
vt 0.359375 0.000000
vt 0.343750 0.437500
vt 0.343750 0.875000
vt 0.343750 0.375000
vt 0.343750 0.812500
vt 0.343750 0.312500
vt 0.343750 0.750000
vt 0.312500 0.937500
vt 0.312500 0.875000
vt 0.312500 0.437500
vt 0.312500 0.375000
vt 0.312500 0.812500
vt 0.312500 0.312500
vt 0.312500 0.750000
vt 0.312500 0.250000
vt 0.312500 0.687500
vt 0.312500 0.187500
vt 0.312500 0.625000
vt 0.312500 0.125000
vt 0.312500 0.562500
vt 0.312500 0.062500
vt 0.312500 0.500000
vt 0.328125 1.000000
vt 0.328125 0.000000
vt 0.281250 0.687500
vt 0.281250 0.625000
vt 0.281250 0.187500
vt 0.281250 0.125000
vt 0.281250 0.562500
vt 0.281250 0.062500
vt 0.281250 0.500000
vt 0.296875 1.000000
vt 0.281250 0.937500
vt 0.296875 0.000000
vt 0.281250 0.437500
vt 0.281250 0.875000
vt 0.281250 0.375000
vt 0.281250 0.812500
vt 0.281250 0.312500
vt 0.281250 0.750000
vt 0.281250 0.250000
vt 0.250000 0.437500
vt 0.250000 0.375000
vt 0.250000 0.875000
vt 0.250000 0.812500
vt 0.250000 0.312500
vt 0.250000 0.750000
vt 0.250000 0.250000
vt 0.250000 0.687500
vt 0.250000 0.187500
vt 0.250000 0.625000
vt 0.250000 0.125000
vt 0.250000 0.562500
vt 0.250000 0.062500
vt 0.250000 0.500000
vt 0.265625 1.000000
vt 0.250000 0.937500
vt 0.265625 0.000000
vt 0.218750 0.187500
vt 0.218750 0.125000
vt 0.218750 0.625000
vt 0.218750 0.562500
vt 0.218750 0.062500
vt 0.218750 0.500000
vt 0.234375 1.000000
vt 0.218750 0.937500
vt 0.234375 0.000000
vt 0.218750 0.437500
vt 0.218750 0.875000
vt 0.218750 0.375000
vt 0.218750 0.812500
vt 0.218750 0.312500
vt 0.218750 0.750000
vt 0.218750 0.250000
vt 0.218750 0.687500
vt 0.187500 0.375000
vt 0.187500 0.312500
vt 0.187500 0.812500
vt 0.187500 0.750000
vt 0.187500 0.250000
vt 0.187500 0.687500
vt 0.187500 0.187500
vt 0.187500 0.625000
vt 0.187500 0.125000
vt 0.187500 0.562500
vt 0.187500 0.062500
vt 0.187500 0.500000
vt 0.203125 1.000000
vt 0.187500 0.937500
vt 0.203125 0.000000
vt 0.187500 0.437500
vt 0.187500 0.875000
vt 0.156250 0.125000
vt 0.156250 0.062500
vt 0.156250 0.562500
vt 0.156250 0.500000
vt 0.171875 1.000000
vt 0.156250 0.937500
vt 0.171875 0.000000
vt 0.156250 0.437500
vt 0.156250 0.875000
vt 0.156250 0.375000
vt 0.156250 0.812500
vt 0.156250 0.312500
vt 0.156250 0.750000
vt 0.156250 0.250000
vt 0.156250 0.687500
vt 0.156250 0.187500
vt 0.156250 0.625000
vt 0.125000 0.812500
vt 0.125000 0.750000
vt 0.125000 0.312500
vt 0.125000 0.250000
vt 0.125000 0.687500
vt 0.125000 0.187500
vt 0.125000 0.625000
vt 0.125000 0.125000
vt 0.125000 0.562500
vt 0.125000 0.062500
vt 0.125000 0.500000
vt 0.140625 1.000000
vt 0.125000 0.937500
vt 0.140625 0.000000
vt 0.125000 0.437500
vt 0.125000 0.875000
vt 0.125000 0.375000
vt 0.093750 0.562500
vt 0.093750 0.500000
vt 0.109375 1.000000
vt 0.093750 0.937500
vt 0.109375 0.000000
vt 0.093750 0.062500
vt 0.093750 0.437500
vt 0.093750 0.875000
vt 0.093750 0.375000
vt 0.093750 0.812500
vt 0.093750 0.312500
vt 0.093750 0.750000
vt 0.093750 0.250000
vt 0.093750 0.687500
vt 0.093750 0.187500
vt 0.093750 0.625000
vt 0.093750 0.125000
vt 0.062500 0.312500
vt 0.062500 0.250000
vt 0.062500 0.750000
vt 0.062500 0.687500
vt 0.062500 0.187500
vt 0.062500 0.625000
vt 0.062500 0.125000
vt 0.062500 0.562500
vt 0.062500 0.062500
vt 0.062500 0.500000
vt 0.078125 1.000000
vt 0.062500 0.937500
vt 0.078125 0.000000
vt 0.062500 0.437500
vt 0.062500 0.875000
vt 0.062500 0.375000
vt 0.062500 0.812500
vt 0.046875 1.000000
vt 0.031250 0.937500
vt 0.046875 0.000000
vt 0.031250 0.062500
vt 0.031250 0.500000
vt 0.031250 0.437500
vt 0.031250 0.875000
vt 0.031250 0.375000
vt 0.031250 0.812500
vt 0.031250 0.312500
vt 0.031250 0.750000
vt 0.031250 0.250000
vt 0.031250 0.687500
vt 0.031250 0.187500
vt 0.031250 0.625000
vt 0.031250 0.125000
vt 0.031250 0.562500
vt 0.000000 0.750000
vt 0.000000 0.687500
vt 0.000000 0.250000
vt 0.000000 0.187500
vt 0.000000 0.625000
vt 0.000000 0.125000
vt 0.000000 0.562500
vt 0.000000 0.062500
vt 0.000000 0.500000
vt 0.015625 1.000000
vt 0.000000 0.937500
vt 0.015625 0.000000
vt 0.000000 0.437500
vt 0.000000 0.875000
vt 0.000000 0.375000
vt 0.000000 0.812500
vt 0.000000 0.312500
vt 1.000000 0.437500
vt 1.000000 0.500000
vt 0.968750 0.500000
vt 0.968750 0.437500
vt 1.000000 0.875000
vt 1.000000 0.937500
vt 0.968750 0.937500
vt 0.968750 0.875000
vt 1.000000 0.375000
vt 0.968750 0.375000
vt 1.000000 0.812500
vt 0.968750 0.812500
vt 1.000000 0.312500
vt 0.968750 0.312500
vt 1.000000 0.750000
vt 0.968750 0.750000
vt 1.000000 0.250000
vt 0.968750 0.250000
vt 1.000000 0.687500
vt 0.968750 0.687500
vt 1.000000 0.187500
vt 0.968750 0.187500
vt 1.000000 0.625000
vt 0.968750 0.625000
vt 1.000000 0.125000
vt 0.968750 0.125000
vt 1.000000 0.562500
vt 0.968750 0.562500
vt 1.000000 0.062500
vt 0.968750 0.062500
vt 0.984375 1.000000
vt 0.984375 0.000000
vt 0.937500 0.250000
vt 0.937500 0.187500
vt 0.937500 0.687500
vt 0.937500 0.625000
vt 0.937500 0.125000
vt 0.937500 0.562500
vt 0.937500 0.062500
vt 0.937500 0.500000
vt 0.953125 1.000000
vt 0.937500 0.937500
vt 0.953125 0.000000
vt 0.937500 0.437500
vt 0.937500 0.875000
vt 0.937500 0.375000
vt 0.937500 0.812500
vt 0.937500 0.312500
vt 0.937500 0.750000
vt 0.906250 0.437500
vt 0.906250 0.375000
vt 0.906250 0.875000
vt 0.906250 0.812500
vt 0.906250 0.312500
vt 0.906250 0.750000
vt 0.906250 0.250000
vt 0.906250 0.687500
vt 0.906250 0.187500
vt 0.906250 0.625000
vt 0.906250 0.125000
vt 0.906250 0.562500
vt 0.906250 0.062500
vt 0.906250 0.500000
vt 0.921875 1.000000
vt 0.906250 0.937500
vt 0.921875 0.000000
vt 0.875000 0.187500
vt 0.875000 0.125000
vt 0.875000 0.625000
vt 0.875000 0.562500
vt 0.875000 0.062500
vt 0.875000 0.500000
vt 0.890625 1.000000
vt 0.875000 0.937500
vt 0.890625 0.000000
vt 0.875000 0.437500
vt 0.875000 0.875000
vt 0.875000 0.375000
vt 0.875000 0.812500
vt 0.875000 0.312500
vt 0.875000 0.750000
vt 0.875000 0.250000
vt 0.875000 0.687500
vt 0.843750 0.875000
vt 0.843750 0.812500
vt 0.843750 0.375000
vt 0.843750 0.312500
vt 0.843750 0.750000
vt 0.843750 0.250000
vt 0.843750 0.687500
vt 0.843750 0.187500
vt 0.843750 0.625000
vt 0.843750 0.125000
vt 0.843750 0.562500
vt 0.843750 0.062500
vt 0.843750 0.500000
vt 0.859375 1.000000
vt 0.843750 0.937500
vt 0.859375 0.000000
vt 0.843750 0.437500
vt 0.812500 0.625000
vt 0.812500 0.562500
vt 0.812500 0.125000
vt 0.812500 0.062500
vt 0.812500 0.500000
vt 0.828125 1.000000
vt 0.812500 0.937500
vt 0.828125 0.000000
vt 0.812500 0.437500
vt 0.812500 0.875000
vt 0.812500 0.375000
vt 0.812500 0.812500
vt 0.812500 0.312500
vt 0.812500 0.750000
vt 0.812500 0.250000
vt 0.812500 0.687500
vt 0.812500 0.187500
vt 0.781250 0.375000
vt 0.781250 0.312500
vt 0.781250 0.812500
vt 0.781250 0.750000
vt 0.781250 0.250000
vt 0.781250 0.687500
vt 0.781250 0.187500
vt 0.781250 0.625000
vt 0.781250 0.125000
vt 0.781250 0.562500
vt 0.781250 0.062500
vt 0.781250 0.500000
vt 0.796875 1.000000
vt 0.781250 0.937500
vt 0.796875 0.000000
vt 0.781250 0.437500
vt 0.781250 0.875000
vt 0.765625 1.000000
vt 0.765625 0.000000
s 0
usemtl Foliage
f 3589/4956/3355 4063/4957/3355 3598/4958/3355 3599/4959/3355
f 4068/4960/3356 4067/4961/3356 3606/4962/3356 3607/4963/3356
f 3590/4964/3357 3589/4956/3357 3599/4959/3357 3600/4965/3357
f 4060/4966/3358 3668/4967/3358 3593/4968/3358
f 3894/4969/3359 4068/4960/3359 3607/4963/3359
f 3591/4970/3360 3590/4964/3360 3600/4965/3360 3601/4971/3360
f 4061/4972/3361 4060/4966/3361 3593/4968/3361 3594/4973/3361
f 4064/4974/3362 3591/4970/3362 3601/4971/3362 3602/4975/3362
f 3587/4976/3363 4061/4972/3363 3594/4973/3363 3595/4977/3363
f 3592/4978/3364 4064/4974/3364 3602/4975/3364 3603/4979/3364
f 4062/4980/3365 3587/4976/3365 3595/4977/3365 3596/4981/3365
f 4065/4982/3366 3592/4978/3366 3603/4979/3366 3604/4983/3366
f 3588/4984/3367 4062/4980/3367 3596/4981/3367 3597/4985/3367
f 4066/4986/3368 4065/4982/3368 3604/4983/3368 3605/4987/3368
f 4063/4957/3369 3588/4984/3369 3597/4985/3369 3598/4958/3369
f 4067/4961/3370 4066/4986/3370 3605/4987/3370 3606/4962/3370
f 3598/4958/3371 3597/4985/3371 3612/4988/3371 3613/4989/3371
f 3606/4962/3372 3605/4987/3372 3620/4990/3372 3621/4991/3372
f 3599/4959/3373 3598/4958/3373 3613/4989/3373 3614/4992/3373
f 3607/4963/3374 3606/4962/3374 3621/4991/3374 3622/4993/3374
f 3600/4965/3375 3599/4959/3375 3614/4992/3375 3615/4994/3375
f 3593/4968/3376 3668/4995/3376 3608/4996/3376
f 3894/4997/3377 3607/4963/3377 3622/4993/3377
f 3601/4971/3378 3600/4965/3378 3615/4994/3378 3616/4998/3378
f 3594/4973/3379 3593/4968/3379 3608/4996/3379 3609/4999/3379
f 3602/4975/3380 3601/4971/3380 3616/4998/3380 3617/5000/3380
f 3595/4977/3381 3594/4973/3381 3609/4999/3381 3610/5001/3381
f 3603/4979/3382 3602/4975/3382 3617/5000/3382 3618/5002/3382
f 3596/4981/3383 3595/4977/3383 3610/5001/3383 3611/5003/3383
f 3604/4983/3384 3603/4979/3384 3618/5002/3384 3619/5004/3384
f 3597/4985/3385 3596/4981/3385 3611/5003/3385 3612/4988/3385
f 3605/4987/3386 3604/4983/3386 3619/5004/3386 3620/4990/3386
f 3617/5000/3387 3616/4998/3387 3631/5005/3387 3632/5006/3387
f 3610/5001/3388 3609/4999/3388 3624/5007/3388 3625/5008/3388
f 3618/5002/3389 3617/5000/3389 3632/5006/3389 3633/5009/3389
f 3611/5003/3390 3610/5001/3390 3625/5008/3390 3626/5010/3390
f 3619/5004/3391 3618/5002/3391 3633/5009/3391 3634/5011/3391
f 3612/4988/3392 3611/5003/3392 3626/5010/3392 3627/5012/3392
f 3620/4990/3393 3619/5004/3393 3634/5011/3393 3635/5013/3393
f 3613/4989/3394 3612/4988/3394 3627/5012/3394 3628/5014/3394
f 3621/4991/3395 3620/4990/3395 3635/5013/3395 3636/5015/3395
f 3614/4992/3396 3613/4989/3396 3628/5014/3396 3629/5016/3396
f 3622/4993/3397 3621/4991/3397 3636/5015/3397 3637/5017/3397
f 3615/4994/3398 3614/4992/3398 3629/5016/3398 3630/5018/3398
f 3608/4996/3399 3668/5019/3399 3623/5020/3399
f 3894/5021/3400 3622/4993/3400 3637/5017/3400
f 3616/4998/3401 3615/4994/3401 3630/5018/3401 3631/5005/3401
f 3609/4999/3402 3608/4996/3402 3623/5020/3402 3624/5007/3402
f 3636/5015/3403 3635/5013/3403 3650/5022/3403 3651/5023/3403
f 3629/5016/3404 3628/5014/3404 3643/5024/3404 3644/5025/3404
f 3637/5017/3405 3636/5015/3405 3651/5023/3405 3652/5026/3405
f 3630/5018/3406 3629/5016/3406 3644/5025/3406 3645/5027/3406
f 3623/5020/3407 3668/5028/3407 3638/5029/3407
f 3894/5030/3408 3637/5017/3408 3652/5026/3408
f 3631/5005/3409 3630/5018/3409 3645/5027/3409 3646/5031/3409
f 3624/5007/3410 3623/5020/3410 3638/5029/3410 3639/5032/3410
f 3632/5006/3411 3631/5005/3411 3646/5031/3411 3647/5033/3411
f 3625/5008/3412 3624/5007/3412 3639/5032/3412 3640/5034/3412
f 3633/5009/3413 3632/5006/3413 3647/5033/3413 3648/5035/3413
f 3626/5010/3414 3625/5008/3414 3640/5034/3414 3641/5036/3414
f 3634/5011/3415 3633/5009/3415 3648/5035/3415 3649/5037/3415
f 3627/5012/3416 3626/5010/3416 3641/5036/3416 3642/5038/3416
f 3635/5013/3417 3634/5011/3417 3649/5037/3417 3650/5022/3417
f 3628/5014/3418 3627/5012/3418 3642/5038/3418 3643/5024/3418
f 3640/5034/3419 3639/5032/3419 3654/5039/3419 3655/5040/3419
f 3648/5035/3420 3647/5033/3420 3662/5041/3420 3663/5042/3420
f 3641/5036/3421 3640/5034/3421 3655/5040/3421 3656/5043/3421
f 3649/5037/3422 3648/5035/3422 3663/5042/3422 3664/5044/3422
f 3642/5038/3423 3641/5036/3423 3656/5043/3423 3657/5045/3423
f 3650/5022/3424 3649/5037/3424 3664/5044/3424 3665/5046/3424
f 3643/5024/3425 3642/5038/3425 3657/5045/3425 3658/5047/3425
f 3651/5023/3426 3650/5022/3426 3665/5046/3426 3666/5048/3426
f 3644/5025/3427 3643/5024/3427 3658/5047/3427 3659/5049/3427
f 3652/5026/3428 3651/5023/3428 3666/5048/3428 3667/5050/3428
f 3645/5027/3429 3644/5025/3429 3659/5049/3429 3660/5051/3429
f 3638/5029/3430 3668/5052/3430 3653/5053/3430
f 3894/5054/3431 3652/5026/3431 3667/5050/3431
f 3646/5031/3432 3645/5027/3432 3660/5051/3432 3661/5055/3432
f 3639/5032/3433 3638/5029/3433 3653/5053/3433 3654/5039/3433
f 3647/5033/3434 3646/5031/3434 3661/5055/3434 3662/5041/3434
f 3659/5049/3435 3658/5047/3435 3674/5056/3435 3675/5057/3435
f 3667/5050/3436 3666/5048/3436 3682/5058/3436 3683/5059/3436
f 3660/5051/3437 3659/5049/3437 3675/5057/3437 3676/5060/3437
f 3653/5053/3438 3668/5061/3438 3669/5062/3438
f 3894/5063/3439 3667/5050/3439 3683/5059/3439
f 3661/5055/3440 3660/5051/3440 3676/5060/3440 3677/5064/3440
f 3654/5039/3441 3653/5053/3441 3669/5062/3441 3670/5065/3441
f 3662/5041/3442 3661/5055/3442 3677/5064/3442 3678/5066/3442
f 3655/5040/3443 3654/5039/3443 3670/5065/3443 3671/5067/3443
f 3663/5042/3444 3662/5041/3444 3678/5066/3444 3679/5068/3444
f 3656/5043/3445 3655/5040/3445 3671/5067/3445 3672/5069/3445
f 3664/5044/3446 3663/5042/3446 3679/5068/3446 3680/5070/3446
f 3657/5045/3447 3656/5043/3447 3672/5069/3447 3673/5071/3447
f 3665/5046/3448 3664/5044/3448 3680/5070/3448 3681/5072/3448
f 3658/5047/3449 3657/5045/3449 3673/5071/3449 3674/5056/3449
f 3666/5048/3450 3665/5046/3450 3681/5072/3450 3682/5058/3450
f 3679/5068/3451 3678/5066/3451 3693/5073/3451 3694/5074/3451
f 3672/5069/3452 3671/5067/3452 3686/5075/3452 3687/5076/3452
f 3680/5070/3453 3679/5068/3453 3694/5074/3453 3695/5077/3453
f 3673/5071/3454 3672/5069/3454 3687/5076/3454 3688/5078/3454
f 3681/5072/3455 3680/5070/3455 3695/5077/3455 3696/5079/3455
f 3674/5056/3456 3673/5071/3456 3688/5078/3456 3689/5080/3456
f 3682/5058/3457 3681/5072/3457 3696/5079/3457 3697/5081/3457
f 3675/5057/3458 3674/5056/3458 3689/5080/3458 3690/5082/3458
f 3683/5059/3459 3682/5058/3459 3697/5081/3459 3698/5083/3459
f 3676/5060/3460 3675/5057/3460 3690/5082/3460 3691/5084/3460
f 3669/5062/3461 3668/5085/3461 3684/5086/3461
f 3894/5087/3462 3683/5059/3462 3698/5083/3462
f 3677/5064/3463 3676/5060/3463 3691/5084/3463 3692/5088/3463
f 3670/5065/3464 3669/5062/3464 3684/5086/3464 3685/5089/3464
f 3678/5066/3465 3677/5064/3465 3692/5088/3465 3693/5073/3465
f 3671/5067/3466 3670/5065/3466 3685/5089/3466 3686/5075/3466
f 3698/5083/3467 3697/5081/3467 3712/5090/3467 3713/5091/3467
f 3691/5084/3468 3690/5082/3468 3705/5092/3468 3706/5093/3468
f 3684/5086/3469 3668/5094/3469 3699/5095/3469
f 3894/5096/3470 3698/5083/3470 3713/5091/3470
f 3692/5088/3471 3691/5084/3471 3706/5093/3471 3707/5097/3471
f 3685/5089/3472 3684/5086/3472 3699/5095/3472 3700/5098/3472
f 3693/5073/3473 3692/5088/3473 3707/5097/3473 3708/5099/3473
f 3686/5075/3474 3685/5089/3474 3700/5098/3474 3701/5100/3474
f 3694/5074/3475 3693/5073/3475 3708/5099/3475 3709/5101/3475
f 3687/5076/3476 3686/5075/3476 3701/5100/3476 3702/5102/3476
f 3695/5077/3477 3694/5074/3477 3709/5101/3477 3710/5103/3477
f 3688/5078/3478 3687/5076/3478 3702/5102/3478 3703/5104/3478
f 3696/5079/3479 3695/5077/3479 3710/5103/3479 3711/5105/3479
f 3689/5080/3480 3688/5078/3480 3703/5104/3480 3704/5106/3480
f 3697/5081/3481 3696/5079/3481 3711/5105/3481 3712/5090/3481
f 3690/5082/3482 3689/5080/3482 3704/5106/3482 3705/5092/3482
f 3710/5103/3483 3709/5101/3483 3724/5107/3483 3725/5108/3483
f 3703/5104/3484 3702/5102/3484 3717/5109/3484 3718/5110/3484
f 3711/5105/3485 3710/5103/3485 3725/5108/3485 3726/5111/3485
f 3704/5106/3486 3703/5104/3486 3718/5110/3486 3719/5112/3486
f 3712/5090/3487 3711/5105/3487 3726/5111/3487 3727/5113/3487
f 3705/5092/3488 3704/5106/3488 3719/5112/3488 3720/5114/3488
f 3713/5091/3489 3712/5090/3489 3727/5113/3489 3728/5115/3489
f 3706/5093/3490 3705/5092/3490 3720/5114/3490 3721/5116/3490
f 3699/5095/3491 3668/5117/3491 3714/5118/3491
f 3894/5119/3492 3713/5091/3492 3728/5115/3492
f 3707/5097/3493 3706/5093/3493 3721/5116/3493 3722/5120/3493
f 3700/5098/3494 3699/5095/3494 3714/5118/3494 3715/5121/3494
f 3708/5099/3495 3707/5097/3495 3722/5120/3495 3723/5122/3495
f 3701/5100/3496 3700/5098/3496 3715/5121/3496 3716/5123/3496
f 3709/5101/3497 3708/5099/3497 3723/5122/3497 3724/5107/3497
f 3702/5102/3498 3701/5100/3498 3716/5123/3498 3717/5109/3498
f 3714/5118/3499 3668/5124/3499 3729/5125/3499
f 3894/5126/3500 3728/5115/3500 3743/5127/3500
f 3722/5120/3501 3721/5116/3501 3736/5128/3501 3737/5129/3501
f 3715/5121/3502 3714/5118/3502 3729/5125/3502 3730/5130/3502
f 3723/5122/3503 3722/5120/3503 3737/5129/3503 3738/5131/3503
f 3716/5123/3504 3715/5121/3504 3730/5130/3504 3731/5132/3504
f 3724/5107/3505 3723/5122/3505 3738/5131/3505 3739/5133/3505
f 3717/5109/3506 3716/5123/3506 3731/5132/3506 3732/5134/3506
f 3725/5108/3507 3724/5107/3507 3739/5133/3507 3740/5135/3507
f 3718/5110/3508 3717/5109/3508 3732/5134/3508 3733/5136/3508
f 3726/5111/3509 3725/5108/3509 3740/5135/3509 3741/5137/3509
f 3719/5112/3510 3718/5110/3510 3733/5136/3510 3734/5138/3510
f 3727/5113/3511 3726/5111/3511 3741/5137/3511 3742/5139/3511
f 3720/5114/3512 3719/5112/3512 3734/5138/3512 3735/5140/3512
f 3728/5115/3513 3727/5113/3513 3742/5139/3513 3743/5127/3513
f 3721/5116/3514 3720/5114/3514 3735/5140/3514 3736/5128/3514
f 3733/5136/3515 3732/5134/3515 3747/5141/3515 3748/5142/3515
f 3741/5137/3516 3740/5135/3516 3755/5143/3516 3756/5144/3516
f 3734/5138/3517 3733/5136/3517 3748/5142/3517 3749/5145/3517
f 3742/5139/3518 3741/5137/3518 3756/5144/3518 3757/5146/3518
f 3735/5140/3519 3734/5138/3519 3749/5145/3519 3750/5147/3519
f 3743/5127/3520 3742/5139/3520 3757/5146/3520 3758/5148/3520
f 3736/5128/3521 3735/5140/3521 3750/5147/3521 3751/5149/3521
f 3729/5125/3522 3668/5150/3522 3744/5151/3522
f 3894/5152/3523 3743/5127/3523 3758/5148/3523
f 3737/5129/3524 3736/5128/3524 3751/5149/3524 3752/5153/3524
f 3730/5130/3525 3729/5125/3525 3744/5151/3525 3745/5154/3525
f 3738/5131/3526 3737/5129/3526 3752/5153/3526 3753/5155/3526
f 3731/5132/3527 3730/5130/3527 3745/5154/3527 3746/5156/3527
f 3739/5133/3528 3738/5131/3528 3753/5155/3528 3754/5157/3528
f 3732/5134/3529 3731/5132/3529 3746/5156/3529 3747/5141/3529
f 3740/5135/3530 3739/5133/3530 3754/5157/3530 3755/5143/3530
f 3752/5153/3531 3751/5149/3531 3766/5158/3531 3767/5159/3531
f 3745/5154/3532 3744/5151/3532 3759/5160/3532 3760/5161/3532
f 3753/5155/3533 3752/5153/3533 3767/5159/3533 3768/5162/3533
f 3746/5156/3534 3745/5154/3534 3760/5161/3534 3761/5163/3534
f 3754/5157/3535 3753/5155/3535 3768/5162/3535 3769/5164/3535
f 3747/5141/3536 3746/5156/3536 3761/5163/3536 3762/5165/3536
f 3755/5143/3537 3754/5157/3537 3769/5164/3537 3770/5166/3537
f 3748/5142/3538 3747/5141/3538 3762/5165/3538 3763/5167/3538
f 3756/5144/3539 3755/5143/3539 3770/5166/3539 3771/5168/3539
f 3749/5145/3540 3748/5142/3540 3763/5167/3540 3764/5169/3540
f 3757/5146/3541 3756/5144/3541 3771/5168/3541 3772/5170/3541
f 3750/5147/3542 3749/5145/3542 3764/5169/3542 3765/5171/3542
f 3758/5148/3543 3757/5146/3543 3772/5170/3543 3773/5172/3543
f 3751/5149/3544 3750/5147/3544 3765/5171/3544 3766/5158/3544
f 3744/5151/3545 3668/5173/3545 3759/5160/3545
f 3894/5174/3546 3758/5148/3546 3773/5172/3546
f 3771/5168/3547 3770/5166/3547 3785/5175/3547 3786/5176/3547
f 3764/5169/3548 3763/5167/3548 3778/5177/3548 3779/5178/3548
f 3772/5170/3549 3771/5168/3549 3786/5176/3549 3787/5179/3549
f 3765/5171/3550 3764/5169/3550 3779/5178/3550 3780/5180/3550
f 3773/5172/3551 3772/5170/3551 3787/5179/3551 3788/5181/3551
f 3766/5158/3552 3765/5171/3552 3780/5180/3552 3781/5182/3552
f 3759/5160/3553 3668/5183/3553 3774/5184/3553
f 3894/5185/3554 3773/5172/3554 3788/5181/3554
f 3767/5159/3555 3766/5158/3555 3781/5182/3555 3782/5186/3555
f 3760/5161/3556 3759/5160/3556 3774/5184/3556 3775/5187/3556
f 3768/5162/3557 3767/5159/3557 3782/5186/3557 3783/5188/3557
f 3761/5163/3558 3760/5161/3558 3775/5187/3558 3776/5189/3558
f 3769/5164/3559 3768/5162/3559 3783/5188/3559 3784/5190/3559
f 3762/5165/3560 3761/5163/3560 3776/5189/3560 3777/5191/3560
f 3770/5166/3561 3769/5164/3561 3784/5190/3561 3785/5175/3561
f 3763/5167/3562 3762/5165/3562 3777/5191/3562 3778/5177/3562
f 3775/5187/3563 3774/5184/3563 3789/5192/3563 3790/5193/3563
f 3783/5188/3564 3782/5186/3564 3797/5194/3564 3798/5195/3564
f 3776/5189/3565 3775/5187/3565 3790/5193/3565 3791/5196/3565
f 3784/5190/3566 3783/5188/3566 3798/5195/3566 3799/5197/3566
f 3777/5191/3567 3776/5189/3567 3791/5196/3567 3792/5198/3567
f 3785/5175/3568 3784/5190/3568 3799/5197/3568 3800/5199/3568
f 3778/5177/3569 3777/5191/3569 3792/5198/3569 3793/5200/3569
f 3786/5176/3570 3785/5175/3570 3800/5199/3570 3801/5201/3570
f 3779/5178/3571 3778/5177/3571 3793/5200/3571 3794/5202/3571
f 3787/5179/3572 3786/5176/3572 3801/5201/3572 3802/5203/3572
f 3780/5180/3573 3779/5178/3573 3794/5202/3573 3795/5204/3573
f 3788/5181/3574 3787/5179/3574 3802/5203/3574 3803/5205/3574
f 3781/5182/3575 3780/5180/3575 3795/5204/3575 3796/5206/3575
f 3774/5184/3576 3668/5207/3576 3789/5192/3576
f 3894/5208/3577 3788/5181/3577 3803/5205/3577
f 3782/5186/3578 3781/5182/3578 3796/5206/3578 3797/5194/3578
f 3794/5202/3579 3793/5200/3579 3808/5209/3579 3809/5210/3579
f 3802/5203/3580 3801/5201/3580 3816/5211/3580 3817/5212/3580
f 3795/5204/3581 3794/5202/3581 3809/5210/3581 3810/5213/3581
f 3803/5205/3582 3802/5203/3582 3817/5212/3582 3818/5214/3582
f 3796/5206/3583 3795/5204/3583 3810/5213/3583 3811/5215/3583
f 3789/5192/3584 3668/5216/3584 3804/5217/3584
f 3894/5218/3585 3803/5205/3585 3818/5214/3585
f 3797/5194/3586 3796/5206/3586 3811/5215/3586 3812/5219/3586
f 3790/5193/3587 3789/5192/3587 3804/5217/3587 3805/5220/3587
f 3798/5195/3588 3797/5194/3588 3812/5219/3588 3813/5221/3588
f 3791/5196/3589 3790/5193/3589 3805/5220/3589 3806/5222/3589
f 3799/5197/3590 3798/5195/3590 3813/5221/3590 3814/5223/3590
f 3792/5198/3591 3791/5196/3591 3806/5222/3591 3807/5224/3591
f 3800/5199/3592 3799/5197/3592 3814/5223/3592 3815/5225/3592
f 3793/5200/3593 3792/5198/3593 3807/5224/3593 3808/5209/3593
f 3801/5201/3594 3800/5199/3594 3815/5225/3594 3816/5211/3594
f 3813/5221/3595 3812/5219/3595 3827/5226/3595 3828/5227/3595
f 3806/5222/3596 3805/5220/3596 3820/5228/3596 3821/5229/3596
f 3814/5223/3597 3813/5221/3597 3828/5227/3597 3829/5230/3597
f 3807/5224/3598 3806/5222/3598 3821/5229/3598 3822/5231/3598
f 3815/5225/3599 3814/5223/3599 3829/5230/3599 3830/5232/3599
f 3808/5209/3600 3807/5224/3600 3822/5231/3600 3823/5233/3600
f 3816/5211/3601 3815/5225/3601 3830/5232/3601 3831/5234/3601
f 3809/5210/3602 3808/5209/3602 3823/5233/3602 3824/5235/3602
f 3817/5212/3603 3816/5211/3603 3831/5234/3603 3832/5236/3603
f 3810/5213/3604 3809/5210/3604 3824/5235/3604 3825/5237/3604
f 3818/5214/3605 3817/5212/3605 3832/5236/3605 3833/5238/3605
f 3811/5215/3606 3810/5213/3606 3825/5237/3606 3826/5239/3606
f 3804/5217/3607 3668/5240/3607 3819/5241/3607
f 3894/5242/3608 3818/5214/3608 3833/5238/3608
f 3812/5219/3609 3811/5215/3609 3826/5239/3609 3827/5226/3609
f 3805/5220/3610 3804/5217/3610 3819/5241/3610 3820/5228/3610
f 3832/5236/3611 3831/5234/3611 3846/5243/3611 3847/5244/3611
f 3825/5237/3612 3824/5235/3612 3839/5245/3612 3840/5246/3612
f 3833/5238/3613 3832/5236/3613 3847/5244/3613 3848/5247/3613
f 3826/5239/3614 3825/5237/3614 3840/5246/3614 3841/5248/3614
f 3819/5241/3615 3668/5249/3615 3834/5250/3615
f 3894/5251/3616 3833/5238/3616 3848/5247/3616
f 3827/5226/3617 3826/5239/3617 3841/5248/3617 3842/5252/3617
f 3820/5228/3618 3819/5241/3618 3834/5250/3618 3835/5253/3618
f 3828/5227/3619 3827/5226/3619 3842/5252/3619 3843/5254/3619
f 3821/5229/3620 3820/5228/3620 3835/5253/3620 3836/5255/3620
f 3829/5230/3621 3828/5227/3621 3843/5254/3621 3844/5256/3621
f 3822/5231/3622 3821/5229/3622 3836/5255/3622 3837/5257/3622
f 3830/5232/3623 3829/5230/3623 3844/5256/3623 3845/5258/3623
f 3823/5233/3624 3822/5231/3624 3837/5257/3624 3838/5259/3624
f 3831/5234/3625 3830/5232/3625 3845/5258/3625 3846/5243/3625
f 3824/5235/3626 3823/5233/3626 3838/5259/3626 3839/5245/3626
f 3844/5256/3627 3843/5254/3627 3858/5260/3627 3859/5261/3627
f 3837/5257/3628 3836/5255/3628 3851/5262/3628 3852/5263/3628
f 3845/5258/3629 3844/5256/3629 3859/5261/3629 3860/5264/3629
f 3838/5259/3630 3837/5257/3630 3852/5263/3630 3853/5265/3630
f 3846/5243/3631 3845/5258/3631 3860/5264/3631 3861/5266/3631
f 3839/5245/3632 3838/5259/3632 3853/5265/3632 3854/5267/3632
f 3847/5244/3633 3846/5243/3633 3861/5266/3633 3862/5268/3633
f 3840/5246/3634 3839/5245/3634 3854/5267/3634 3855/5269/3634
f 3848/5247/3635 3847/5244/3635 3862/5268/3635 3863/5270/3635
f 3841/5248/3636 3840/5246/3636 3855/5269/3636 3856/5271/3636
f 3834/5250/3637 3668/5272/3637 3849/5273/3637
f 3894/5274/3638 3848/5247/3638 3863/5270/3638
f 3842/5252/3639 3841/5248/3639 3856/5271/3639 3857/5275/3639
f 3835/5253/3640 3834/5250/3640 3849/5273/3640 3850/5276/3640
f 3843/5254/3641 3842/5252/3641 3857/5275/3641 3858/5260/3641
f 3836/5255/3642 3835/5253/3642 3850/5276/3642 3851/5262/3642
f 3863/5270/3643 3862/5268/3643 3877/5277/3643 3878/5278/3643
f 3856/5271/3644 3855/5269/3644 3870/5279/3644 3871/5280/3644
f 3849/5273/3645 3668/5281/3645 3864/5282/3645
f 3894/5283/3646 3863/5270/3646 3878/5278/3646
f 3857/5275/3647 3856/5271/3647 3871/5280/3647 3872/5284/3647
f 3850/5276/3648 3849/5273/3648 3864/5282/3648 3865/5285/3648
f 3858/5260/3649 3857/5275/3649 3872/5284/3649 3873/5286/3649
f 3851/5262/3650 3850/5276/3650 3865/5285/3650 3866/5287/3650
f 3859/5261/3651 3858/5260/3651 3873/5286/3651 3874/5288/3651
f 3852/5263/3652 3851/5262/3652 3866/5287/3652 3867/5289/3652
f 3860/5264/3653 3859/5261/3653 3874/5288/3653 3875/5290/3653
f 3853/5265/3654 3852/5263/3654 3867/5289/3654 3868/5291/3654
f 3861/5266/3655 3860/5264/3655 3875/5290/3655 3876/5292/3655
f 3854/5267/3656 3853/5265/3656 3868/5291/3656 3869/5293/3656
f 3862/5268/3657 3861/5266/3657 3876/5292/3657 3877/5277/3657
f 3855/5269/3658 3854/5267/3658 3869/5293/3658 3870/5279/3658
f 3867/5289/3659 3866/5287/3659 3881/5294/3659 3882/5295/3659
f 3875/5290/3660 3874/5288/3660 3889/5296/3660 3890/5297/3660
f 3868/5291/3661 3867/5289/3661 3882/5295/3661 3883/5298/3661
f 3876/5292/3662 3875/5290/3662 3890/5297/3662 3891/5299/3662
f 3869/5293/3663 3868/5291/3663 3883/5298/3663 3884/5300/3663
f 3877/5277/3664 3876/5292/3664 3891/5299/3664 3892/5301/3664
f 3870/5279/3665 3869/5293/3665 3884/5300/3665 3885/5302/3665
f 3878/5278/3666 3877/5277/3666 3892/5301/3666 3893/5303/3666
f 3871/5280/3667 3870/5279/3667 3885/5302/3667 3886/5304/3667
f 3864/5282/3668 3668/5305/3668 3879/5306/3668
f 3894/5307/3669 3878/5278/3669 3893/5303/3669
f 3872/5284/3670 3871/5280/3670 3886/5304/3670 3887/5308/3670
f 3865/5285/3671 3864/5282/3671 3879/5306/3671 3880/5309/3671
f 3873/5286/3672 3872/5284/3672 3887/5308/3672 3888/5310/3672
f 3866/5287/3673 3865/5285/3673 3880/5309/3673 3881/5294/3673
f 3874/5288/3674 3873/5286/3674 3888/5310/3674 3889/5296/3674
f 3886/5304/3675 3885/5302/3675 3901/5311/3675 3902/5312/3675
f 3879/5306/3676 3668/5313/3676 3895/5314/3676
f 3894/5315/3677 3893/5303/3677 3909/5316/3677
f 3887/5308/3678 3886/5304/3678 3902/5312/3678 3903/5317/3678
f 3880/5309/3679 3879/5306/3679 3895/5314/3679 3896/5318/3679
f 3888/5310/3680 3887/5308/3680 3903/5317/3680 3904/5319/3680
f 3881/5294/3681 3880/5309/3681 3896/5318/3681 3897/5320/3681
f 3889/5296/3682 3888/5310/3682 3904/5319/3682 3905/5321/3682
f 3882/5295/3683 3881/5294/3683 3897/5320/3683 3898/5322/3683
f 3890/5297/3684 3889/5296/3684 3905/5321/3684 3906/5323/3684
f 3883/5298/3685 3882/5295/3685 3898/5322/3685 3899/5324/3685
f 3891/5299/3686 3890/5297/3686 3906/5323/3686 3907/5325/3686
f 3884/5300/3687 3883/5298/3687 3899/5324/3687 3900/5326/3687
f 3892/5301/3688 3891/5299/3688 3907/5325/3688 3908/5327/3688
f 3885/5302/3689 3884/5300/3689 3900/5326/3689 3901/5311/3689
f 3893/5303/3690 3892/5301/3690 3908/5327/3690 3909/5316/3690
f 3906/5323/3691 3905/5321/3691 3920/5328/3691 3921/5329/3691
f 3899/5324/3692 3898/5322/3692 3913/5330/3692 3914/5331/3692
f 3907/5325/3693 3906/5323/3693 3921/5329/3693 3922/5332/3693
f 3900/5326/3694 3899/5324/3694 3914/5331/3694 3915/5333/3694
f 3908/5327/3695 3907/5325/3695 3922/5332/3695 3923/5334/3695
f 3901/5311/3696 3900/5326/3696 3915/5333/3696 3916/5335/3696
f 3909/5316/3697 3908/5327/3697 3923/5334/3697 3924/5336/3697
f 3902/5312/3698 3901/5311/3698 3916/5335/3698 3917/5337/3698
f 3895/5314/3699 3668/5338/3699 3910/5339/3699
f 3894/5340/3700 3909/5316/3700 3924/5336/3700
f 3903/5317/3701 3902/5312/3701 3917/5337/3701 3918/5341/3701
f 3896/5318/3702 3895/5314/3702 3910/5339/3702 3911/5342/3702
f 3904/5319/3703 3903/5317/3703 3918/5341/3703 3919/5343/3703
f 3897/5320/3704 3896/5318/3704 3911/5342/3704 3912/5344/3704
f 3905/5321/3705 3904/5319/3705 3919/5343/3705 3920/5328/3705
f 3898/5322/3706 3897/5320/3706 3912/5344/3706 3913/5330/3706
f 3910/5339/3707 3668/5345/3707 3925/5346/3707
f 3894/5347/3708 3924/5336/3708 3939/5348/3708
f 3918/5341/3709 3917/5337/3709 3932/5349/3709 3933/5350/3709
f 3911/5342/3710 3910/5339/3710 3925/5346/3710 3926/5351/3710
f 3919/5343/3711 3918/5341/3711 3933/5350/3711 3934/5352/3711
f 3912/5344/3712 3911/5342/3712 3926/5351/3712 3927/5353/3712
f 3920/5328/3713 3919/5343/3713 3934/5352/3713 3935/5354/3713
f 3913/5330/3714 3912/5344/3714 3927/5353/3714 3928/5355/3714
f 3921/5329/3715 3920/5328/3715 3935/5354/3715 3936/5356/3715
f 3914/5331/3716 3913/5330/3716 3928/5355/3716 3929/5357/3716
f 3922/5332/3717 3921/5329/3717 3936/5356/3717 3937/5358/3717
f 3915/5333/3718 3914/5331/3718 3929/5357/3718 3930/5359/3718
f 3923/5334/3719 3922/5332/3719 3937/5358/3719 3938/5360/3719
f 3916/5335/3720 3915/5333/3720 3930/5359/3720 3931/5361/3720
f 3924/5336/3721 3923/5334/3721 3938/5360/3721 3939/5348/3721
f 3917/5337/3722 3916/5335/3722 3931/5361/3722 3932/5349/3722
f 3929/5357/3723 3928/5355/3723 3943/5362/3723 3944/5363/3723
f 3937/5358/3724 3936/5356/3724 3951/5364/3724 3952/5365/3724
f 3930/5359/3725 3929/5357/3725 3944/5363/3725 3945/5366/3725
f 3938/5360/3726 3937/5358/3726 3952/5365/3726 3953/5367/3726
f 3931/5361/3727 3930/5359/3727 3945/5366/3727 3946/5368/3727
f 3939/5348/3728 3938/5360/3728 3953/5367/3728 3954/5369/3728
f 3932/5349/3729 3931/5361/3729 3946/5368/3729 3947/5370/3729
f 3925/5346/3730 3668/5371/3730 3940/5372/3730
f 3894/5373/3731 3939/5348/3731 3954/5369/3731
f 3933/5350/3732 3932/5349/3732 3947/5370/3732 3948/5374/3732
f 3926/5351/3733 3925/5346/3733 3940/5372/3733 3941/5375/3733
f 3934/5352/3734 3933/5350/3734 3948/5374/3734 3949/5376/3734
f 3927/5353/3735 3926/5351/3735 3941/5375/3735 3942/5377/3735
f 3935/5354/3736 3934/5352/3736 3949/5376/3736 3950/5378/3736
f 3928/5355/3737 3927/5353/3737 3942/5377/3737 3943/5362/3737
f 3936/5356/3738 3935/5354/3738 3950/5378/3738 3951/5364/3738
f 3948/5379/3739 3947/5380/3739 3962/5381/3739 3963/5382/3739
f 3941/5383/3740 3940/5384/3740 3955/5385/3740 3956/5386/3740
f 3949/5387/3741 3948/5379/3741 3963/5382/3741 3964/5388/3741
f 3942/5389/3742 3941/5383/3742 3956/5386/3742 3957/5390/3742
f 3950/5391/3743 3949/5387/3743 3964/5388/3743 3965/5392/3743
f 3943/5393/3744 3942/5389/3744 3957/5390/3744 3958/5394/3744
f 3951/5395/3745 3950/5391/3745 3965/5392/3745 3966/5396/3745
f 3944/5397/3746 3943/5393/3746 3958/5394/3746 3959/5398/3746
f 3952/5399/3747 3951/5395/3747 3966/5396/3747 3967/5400/3747
f 3945/5401/3748 3944/5397/3748 3959/5398/3748 3960/5402/3748
f 3953/5403/3749 3952/5399/3749 3967/5400/3749 3968/5404/3749
f 3946/5405/3750 3945/5401/3750 3960/5402/3750 3961/5406/3750
f 3954/5407/3751 3953/5403/3751 3968/5404/3751 3969/5408/3751
f 3947/5380/3752 3946/5405/3752 3961/5406/3752 3962/5381/3752
f 3940/5384/3753 3668/5409/3753 3955/5385/3753
f 3894/5410/3754 3954/5407/3754 3969/5408/3754
f 3967/5400/3755 3966/5396/3755 3981/5411/3755 3982/5412/3755
f 3960/5402/3756 3959/5398/3756 3974/5413/3756 3975/5414/3756
f 3968/5404/3757 3967/5400/3757 3982/5412/3757 3983/5415/3757
f 3961/5406/3758 3960/5402/3758 3975/5414/3758 3976/5416/3758
f 3969/5408/3759 3968/5404/3759 3983/5415/3759 3984/5417/3759
f 3962/5381/3760 3961/5406/3760 3976/5416/3760 3977/5418/3760
f 3955/5385/3761 3668/5419/3761 3970/5420/3761
f 3894/5421/3762 3969/5408/3762 3984/5417/3762
f 3963/5382/3763 3962/5381/3763 3977/5418/3763 3978/5422/3763
f 3956/5386/3764 3955/5385/3764 3970/5420/3764 3971/5423/3764
f 3964/5388/3765 3963/5382/3765 3978/5422/3765 3979/5424/3765
f 3957/5390/3766 3956/5386/3766 3971/5423/3766 3972/5425/3766
f 3965/5392/3767 3964/5388/3767 3979/5424/3767 3980/5426/3767
f 3958/5394/3768 3957/5390/3768 3972/5425/3768 3973/5427/3768
f 3966/5396/3769 3965/5392/3769 3980/5426/3769 3981/5411/3769
f 3959/5398/3770 3958/5394/3770 3973/5427/3770 3974/5413/3770
f 3979/5424/3771 3978/5422/3771 3993/5428/3771 3994/5429/3771
f 3972/5425/3772 3971/5423/3772 3986/5430/3772 3987/5431/3772
f 3980/5426/3773 3979/5424/3773 3994/5429/3773 3995/5432/3773
f 3973/5427/3774 3972/5425/3774 3987/5431/3774 3988/5433/3774
f 3981/5411/3775 3980/5426/3775 3995/5432/3775 3996/5434/3775
f 3974/5413/3776 3973/5427/3776 3988/5433/3776 3989/5435/3776
f 3982/5412/3777 3981/5411/3777 3996/5434/3777 3997/5436/3777
f 3975/5414/3778 3974/5413/3778 3989/5435/3778 3990/5437/3778
f 3983/5415/3779 3982/5412/3779 3997/5436/3779 3998/5438/3779
f 3976/5416/3780 3975/5414/3780 3990/5437/3780 3991/5439/3780
f 3984/5417/3781 3983/5415/3781 3998/5438/3781 3999/5440/3781
f 3977/5418/3782 3976/5416/3782 3991/5439/3782 3992/5441/3782
f 3970/5420/3783 3668/5442/3783 3985/5443/3783
f 3894/5444/3784 3984/5417/3784 3999/5440/3784
f 3978/5422/3785 3977/5418/3785 3992/5441/3785 3993/5428/3785
f 3971/5423/3786 3970/5420/3786 3985/5443/3786 3986/5430/3786
f 3998/5438/3787 3997/5436/3787 4012/5445/3787 4013/5446/3787
f 3991/5439/3788 3990/5437/3788 4005/5447/3788 4006/5448/3788
f 3999/5440/3789 3998/5438/3789 4013/5446/3789 4014/5449/3789
f 3992/5441/3790 3991/5439/3790 4006/5448/3790 4007/5450/3790
f 3985/5443/3791 3668/5451/3791 4000/5452/3791
f 3894/5453/3792 3999/5440/3792 4014/5449/3792
f 3993/5428/3793 3992/5441/3793 4007/5450/3793 4008/5454/3793
f 3986/5430/3794 3985/5443/3794 4000/5452/3794 4001/5455/3794
f 3994/5429/3795 3993/5428/3795 4008/5454/3795 4009/5456/3795
f 3987/5431/3796 3986/5430/3796 4001/5455/3796 4002/5457/3796
f 3995/5432/3797 3994/5429/3797 4009/5456/3797 4010/5458/3797
f 3988/5433/3798 3987/5431/3798 4002/5457/3798 4003/5459/3798
f 3996/5434/3799 3995/5432/3799 4010/5458/3799 4011/5460/3799
f 3989/5435/3800 3988/5433/3800 4003/5459/3800 4004/5461/3800
f 3997/5436/3801 3996/5434/3801 4011/5460/3801 4012/5445/3801
f 3990/5437/3802 3989/5435/3802 4004/5461/3802 4005/5447/3802
f 4002/5457/3803 4001/5455/3803 4016/5462/3803 4017/5463/3803
f 4010/5458/3804 4009/5456/3804 4024/5464/3804 4025/5465/3804
f 4003/5459/3805 4002/5457/3805 4017/5463/3805 4018/5466/3805
f 4011/5460/3806 4010/5458/3806 4025/5465/3806 4026/5467/3806
f 4004/5461/3807 4003/5459/3807 4018/5466/3807 4019/5468/3807
f 4012/5445/3808 4011/5460/3808 4026/5467/3808 4027/5469/3808
f 4005/5447/3809 4004/5461/3809 4019/5468/3809 4020/5470/3809
f 4013/5446/3810 4012/5445/3810 4027/5469/3810 4028/5471/3810
f 4006/5448/3811 4005/5447/3811 4020/5470/3811 4021/5472/3811
f 4014/5449/3812 4013/5446/3812 4028/5471/3812 4029/5473/3812
f 4007/5450/3813 4006/5448/3813 4021/5472/3813 4022/5474/3813
f 4000/5452/3814 3668/5475/3814 4015/5476/3814
f 3894/5477/3815 4014/5449/3815 4029/5473/3815
f 4008/5454/3816 4007/5450/3816 4022/5474/3816 4023/5478/3816
f 4001/5455/3817 4000/5452/3817 4015/5476/3817 4016/5462/3817
f 4009/5456/3818 4008/5454/3818 4023/5478/3818 4024/5464/3818
f 4021/5472/3819 4020/5470/3819 4035/5479/3819 4036/5480/3819
f 4029/5473/3820 4028/5471/3820 4043/5481/3820 4044/5482/3820
f 4022/5474/3821 4021/5472/3821 4036/5480/3821 4037/5483/3821
f 4015/5476/3822 3668/5484/3822 4030/5485/3822
f 3894/5486/3823 4029/5473/3823 4044/5482/3823
f 4023/5478/3824 4022/5474/3824 4037/5483/3824 4038/5487/3824
f 4016/5462/3825 4015/5476/3825 4030/5485/3825 4031/5488/3825
f 4024/5464/3826 4023/5478/3826 4038/5487/3826 4039/5489/3826
f 4017/5463/3827 4016/5462/3827 4031/5488/3827 4032/5490/3827
f 4025/5465/3828 4024/5464/3828 4039/5489/3828 4040/5491/3828
f 4018/5466/3829 4017/5463/3829 4032/5490/3829 4033/5492/3829
f 4026/5467/3830 4025/5465/3830 4040/5491/3830 4041/5493/3830
f 4019/5468/3831 4018/5466/3831 4033/5492/3831 4034/5494/3831
f 4027/5469/3832 4026/5467/3832 4041/5493/3832 4042/5495/3832
f 4020/5470/3833 4019/5468/3833 4034/5494/3833 4035/5479/3833
f 4028/5471/3834 4027/5469/3834 4042/5495/3834 4043/5481/3834
f 4040/5491/3835 4039/5489/3835 4054/5496/3835 4055/5497/3835
f 4033/5492/3836 4032/5490/3836 4047/5498/3836 4048/5499/3836
f 4041/5493/3837 4040/5491/3837 4055/5497/3837 4056/5500/3837
f 4034/5494/3838 4033/5492/3838 4048/5499/3838 4049/5501/3838
f 4042/5495/3839 4041/5493/3839 4056/5500/3839 4057/5502/3839
f 4035/5479/3840 4034/5494/3840 4049/5501/3840 4050/5503/3840
f 4043/5481/3841 4042/5495/3841 4057/5502/3841 4058/5504/3841
f 4036/5480/3842 4035/5479/3842 4050/5503/3842 4051/5505/3842
f 4044/5482/3843 4043/5481/3843 4058/5504/3843 4059/5506/3843
f 4037/5483/3844 4036/5480/3844 4051/5505/3844 4052/5507/3844
f 4030/5485/3845 3668/5508/3845 4045/5509/3845
f 3894/5510/3846 4044/5482/3846 4059/5506/3846
f 4038/5487/3847 4037/5483/3847 4052/5507/3847 4053/5511/3847
f 4031/5488/3848 4030/5485/3848 4045/5509/3848 4046/5512/3848
f 4039/5489/3849 4038/5487/3849 4053/5511/3849 4054/5496/3849
f 4032/5490/3850 4031/5488/3850 4046/5512/3850 4047/5498/3850
f 4059/5506/3851 4058/5504/3851 4067/4961/3851 4068/4960/3851
f 4052/5507/3852 4051/5505/3852 3589/4956/3852 3590/4964/3852
f 4045/5509/3853 3668/5513/3853 4060/4966/3853
f 3894/5514/3854 4059/5506/3854 4068/4960/3854
f 4053/5511/3855 4052/5507/3855 3590/4964/3855 3591/4970/3855
f 4046/5512/3856 4045/5509/3856 4060/4966/3856 4061/4972/3856
f 4054/5496/3857 4053/5511/3857 3591/4970/3857 4064/4974/3857
f 4047/5498/3858 4046/5512/3858 4061/4972/3858 3587/4976/3858
f 4055/5497/3859 4054/5496/3859 4064/4974/3859 3592/4978/3859
f 4048/5499/3860 4047/5498/3860 3587/4976/3860 4062/4980/3860
f 4056/5500/3861 4055/5497/3861 3592/4978/3861 4065/4982/3861
f 4049/5501/3862 4048/5499/3862 4062/4980/3862 3588/4984/3862
f 4057/5502/3863 4056/5500/3863 4065/4982/3863 4066/4986/3863
f 4050/5503/3864 4049/5501/3864 3588/4984/3864 4063/4957/3864
f 4058/5504/3865 4057/5502/3865 4066/4986/3865 4067/4961/3865
f 4051/5505/3866 4050/5503/3866 4063/4957/3866 3589/4956/3866
o PlantPot_4
v -0.500000 0.000000 3.750000
v -0.500000 0.600000 3.750000
v -0.451227 0.000000 3.754804
v -0.451227 0.600000 3.754804
v -0.404329 0.000000 3.769030
v -0.404329 0.600000 3.769030
v -0.361107 0.000000 3.792133
v -0.361107 0.600000 3.792133
v -0.323223 0.000000 3.823223
v -0.323223 0.600000 3.823223
v -0.292133 0.000000 3.861107
v -0.292133 0.600000 3.861107
v -0.269030 0.000000 3.904329
v -0.269030 0.600000 3.904329
v -0.254804 0.000000 3.951227
v -0.254804 0.600000 3.951227
v -0.250000 0.000000 4.000000
v -0.250000 0.600000 4.000000
v -0.254804 0.000000 4.048773
v -0.254804 0.600000 4.048773
v -0.269030 0.000000 4.095671
v -0.269030 0.600000 4.095671
v -0.292133 0.000000 4.138893
v -0.292133 0.600000 4.138893
v -0.323223 0.000000 4.176777
v -0.323223 0.600000 4.176777
v -0.361107 0.000000 4.207868
v -0.361107 0.600000 4.207868
v -0.404329 0.000000 4.230970
v -0.404329 0.600000 4.230970
v -0.451227 0.000000 4.245196
v -0.451227 0.600000 4.245196
v -0.500000 0.000000 4.250000
v -0.500000 0.600000 4.250000
v -0.548773 0.000000 4.245196
v -0.548773 0.600000 4.245196
v -0.595671 0.000000 4.230970
v -0.595671 0.600000 4.230970
v -0.638893 0.000000 4.207868
v -0.638893 0.600000 4.207868
v -0.676777 0.000000 4.176777
v -0.676777 0.600000 4.176777
v -0.707867 0.000000 4.138893
v -0.707867 0.600000 4.138893
v -0.730970 0.000000 4.095671
v -0.730970 0.600000 4.095671
v -0.745196 0.000000 4.048773
v -0.745196 0.600000 4.048773
v -0.750000 0.000000 4.000000
v -0.750000 0.600000 4.000000
v -0.745196 0.000000 3.951227
v -0.745196 0.600000 3.951227
v -0.730970 0.000000 3.904329
v -0.730970 0.600000 3.904329
v -0.707867 0.000000 3.861107
v -0.707867 0.600000 3.861107
v -0.676777 0.000000 3.823223
v -0.676777 0.600000 3.823223
v -0.638893 0.000000 3.792133
v -0.638893 0.600000 3.792133
v -0.595671 0.000000 3.769030
v -0.595671 0.600000 3.769030
v -0.548773 0.000000 3.754804
v -0.548773 0.600000 3.754804
vn 0.0980 -0.0000 -0.9952
vn 0.2903 -0.0000 -0.9569
vn 0.4714 -0.0000 -0.8819
vn 0.6344 -0.0000 -0.7730
vn 0.7730 -0.0000 -0.6344
vn 0.8819 -0.0000 -0.4714
vn 0.9569 -0.0000 -0.2903
vn 0.9952 -0.0000 -0.0980
vn 0.9952 -0.0000 0.0980
vn 0.9569 -0.0000 0.2903
vn 0.8819 -0.0000 0.4714
vn 0.7730 -0.0000 0.6344
vn 0.6344 -0.0000 0.7730
vn 0.4714 -0.0000 0.8819
vn 0.2903 -0.0000 0.9569
vn 0.0980 -0.0000 0.9952
vn -0.0980 -0.0000 0.9952
vn -0.2903 -0.0000 0.9569
vn -0.4714 -0.0000 0.8819
vn -0.6344 -0.0000 0.7730
vn -0.7730 -0.0000 0.6344
vn -0.8819 -0.0000 0.4714
vn -0.9569 -0.0000 0.2903
vn -0.9952 -0.0000 0.0980
vn -0.9952 -0.0000 -0.0980
vn -0.9569 -0.0000 -0.2903
vn -0.8819 -0.0000 -0.4714
vn -0.7730 -0.0000 -0.6344
vn -0.6344 -0.0000 -0.7730
vn -0.4714 -0.0000 -0.8819
vn -0.0000 1.0000 -0.0000
vn -0.2903 -0.0000 -0.9569
vn -0.0980 -0.0000 -0.9952
vn -0.0000 -1.0000 -0.0000
vt 1.000000 0.500000
vt 1.000000 1.000000
vt 0.968750 1.000000
vt 0.968750 0.500000
vt 0.937500 1.000000
vt 0.937500 0.500000
vt 0.906250 1.000000
vt 0.906250 0.500000
vt 0.875000 1.000000
vt 0.875000 0.500000
vt 0.843750 1.000000
vt 0.843750 0.500000
vt 0.812500 1.000000
vt 0.812500 0.500000
vt 0.781250 1.000000
vt 0.781250 0.500000
vt 0.750000 1.000000
vt 0.750000 0.500000
vt 0.718750 1.000000
vt 0.718750 0.500000
vt 0.687500 1.000000
vt 0.687500 0.500000
vt 0.656250 1.000000
vt 0.656250 0.500000
vt 0.625000 1.000000
vt 0.625000 0.500000
vt 0.593750 1.000000
vt 0.593750 0.500000
vt 0.562500 1.000000
vt 0.562500 0.500000
vt 0.531250 1.000000
vt 0.531250 0.500000
vt 0.500000 1.000000
vt 0.500000 0.500000
vt 0.468750 1.000000
vt 0.468750 0.500000
vt 0.437500 1.000000
vt 0.437500 0.500000
vt 0.406250 1.000000
vt 0.406250 0.500000
vt 0.375000 1.000000
vt 0.375000 0.500000
vt 0.343750 1.000000
vt 0.343750 0.500000
vt 0.312500 1.000000
vt 0.312500 0.500000
vt 0.281250 1.000000
vt 0.281250 0.500000
vt 0.250000 1.000000
vt 0.250000 0.500000
vt 0.218750 1.000000
vt 0.218750 0.500000
vt 0.187500 1.000000
vt 0.187500 0.500000
vt 0.156250 1.000000
vt 0.156250 0.500000
vt 0.125000 1.000000
vt 0.125000 0.500000
vt 0.093750 1.000000
vt 0.093750 0.500000
vt 0.062500 1.000000
vt 0.062500 0.500000
vt 0.296822 0.485388
vt 0.250000 0.490000
vt 0.203178 0.485388
vt 0.158156 0.471731
vt 0.116663 0.449553
vt 0.080294 0.419706
vt 0.050447 0.383337
vt 0.028269 0.341844
vt 0.014612 0.296822
vt 0.010000 0.250000
vt 0.014612 0.203178
vt 0.028269 0.158156
vt 0.050447 0.116663
vt 0.080294 0.080294
vt 0.116663 0.050447
vt 0.158156 0.028269
vt 0.203178 0.014612
vt 0.250000 0.010000
vt 0.296822 0.014612
vt 0.341844 0.028269
vt 0.383337 0.050447
vt 0.419706 0.080294
vt 0.449553 0.116663
vt 0.471731 0.158156
vt 0.485388 0.203178
vt 0.490000 0.250000
vt 0.485388 0.296822
vt 0.471731 0.341844
vt 0.449553 0.383337
vt 0.419706 0.419706
vt 0.383337 0.449553
vt 0.341844 0.471731
vt 0.031250 1.000000
vt 0.031250 0.500000
vt 0.000000 1.000000
vt 0.000000 0.500000
vt 0.750000 0.490000
vt 0.796822 0.485388
vt 0.841844 0.471731
vt 0.883337 0.449553
vt 0.919706 0.419706
vt 0.949553 0.383337
vt 0.971731 0.341844
vt 0.985388 0.296822
vt 0.990000 0.250000
vt 0.985388 0.203178
vt 0.971731 0.158156
vt 0.949553 0.116663
vt 0.919706 0.080294
vt 0.883337 0.050447
vt 0.841844 0.028269
vt 0.796822 0.014612
vt 0.750000 0.010000
vt 0.703178 0.014612
vt 0.658156 0.028269
vt 0.616663 0.050447
vt 0.580294 0.080294
vt 0.550447 0.116663
vt 0.528269 0.158156
vt 0.514612 0.203178
vt 0.510000 0.250000
vt 0.514612 0.296822
vt 0.528269 0.341844
vt 0.550447 0.383337
vt 0.580294 0.419706
vt 0.616663 0.449553
vt 0.658156 0.471731
vt 0.703178 0.485388
s 0
usemtl Terracotta
f 4069/5515/3867 4070/5516/3867 4072/5517/3867 4071/5518/3867
f 4071/5518/3868 4072/5517/3868 4074/5519/3868 4073/5520/3868
f 4073/5520/3869 4074/5519/3869 4076/5521/3869 4075/5522/3869
f 4075/5522/3870 4076/5521/3870 4078/5523/3870 4077/5524/3870
f 4077/5524/3871 4078/5523/3871 4080/5525/3871 4079/5526/3871
f 4079/5526/3872 4080/5525/3872 4082/5527/3872 4081/5528/3872
f 4081/5528/3873 4082/5527/3873 4084/5529/3873 4083/5530/3873
f 4083/5530/3874 4084/5529/3874 4086/5531/3874 4085/5532/3874
f 4085/5532/3875 4086/5531/3875 4088/5533/3875 4087/5534/3875
f 4087/5534/3876 4088/5533/3876 4090/5535/3876 4089/5536/3876
f 4089/5536/3877 4090/5535/3877 4092/5537/3877 4091/5538/3877
f 4091/5538/3878 4092/5537/3878 4094/5539/3878 4093/5540/3878
f 4093/5540/3879 4094/5539/3879 4096/5541/3879 4095/5542/3879
f 4095/5542/3880 4096/5541/3880 4098/5543/3880 4097/5544/3880
f 4097/5544/3881 4098/5543/3881 4100/5545/3881 4099/5546/3881
f 4099/5546/3882 4100/5545/3882 4102/5547/3882 4101/5548/3882
f 4101/5548/3883 4102/5547/3883 4104/5549/3883 4103/5550/3883
f 4103/5550/3884 4104/5549/3884 4106/5551/3884 4105/5552/3884
f 4105/5552/3885 4106/5551/3885 4108/5553/3885 4107/5554/3885
f 4107/5554/3886 4108/5553/3886 4110/5555/3886 4109/5556/3886
f 4109/5556/3887 4110/5555/3887 4112/5557/3887 4111/5558/3887
f 4111/5558/3888 4112/5557/3888 4114/5559/3888 4113/5560/3888
f 4113/5560/3889 4114/5559/3889 4116/5561/3889 4115/5562/3889
f 4115/5562/3890 4116/5561/3890 4118/5563/3890 4117/5564/3890
f 4117/5564/3891 4118/5563/3891 4120/5565/3891 4119/5566/3891
f 4119/5566/3892 4120/5565/3892 4122/5567/3892 4121/5568/3892
f 4121/5568/3893 4122/5567/3893 4124/5569/3893 4123/5570/3893
f 4123/5570/3894 4124/5569/3894 4126/5571/3894 4125/5572/3894
f 4125/5572/3895 4126/5571/3895 4128/5573/3895 4127/5574/3895
f 4127/5574/3896 4128/5573/3896 4130/5575/3896 4129/5576/3896
f 4072/5577/3897 4070/5578/3897 4132/5579/3897 4130/5580/3897 4128/5581/3897 4126/5582/3897 4124/5583/3897 4122/5584/3897 4120/5585/3897 4118/5586/3897 4116/5587/3897 4114/5588/3897 4112/5589/3897 4110/5590/3897 4108/5591/3897 4106/5592/3897 4104/5593/3897 4102/5594/3897 4100/5595/3897 4098/5596/3897 4096/5597/3897 4094/5598/3897 4092/5599/3897 4090/5600/3897 4088/5601/3897 4086/5602/3897 4084/5603/3897 4082/5604/3897 4080/5605/3897 4078/5606/3897 4076/5607/3897 4074/5608/3897
f 4129/5576/3898 4130/5575/3898 4132/5609/3898 4131/5610/3898
f 4131/5610/3899 4132/5609/3899 4070/5611/3899 4069/5612/3899
f 4069/5613/3900 4071/5614/3900 4073/5615/3900 4075/5616/3900 4077/5617/3900 4079/5618/3900 4081/5619/3900 4083/5620/3900 4085/5621/3900 4087/5622/3900 4089/5623/3900 4091/5624/3900 4093/5625/3900 4095/5626/3900 4097/5627/3900 4099/5628/3900 4101/5629/3900 4103/5630/3900 4105/5631/3900 4107/5632/3900 4109/5633/3900 4111/5634/3900 4113/5635/3900 4115/5636/3900 4117/5637/3900 4119/5638/3900 4121/5639/3900 4123/5640/3900 4125/5641/3900 4127/5642/3900 4129/5643/3900 4131/5644/3900
o PlantFoliage_4
v -0.500000 1.415735 3.722215
v -0.500000 1.277785 3.584265
v -0.500000 1.097545 3.509607
v -0.500000 1.000000 3.500000
v -0.500000 0.902455 3.509607
v -0.500000 0.722215 3.584265
v -0.480970 1.490393 3.904329
v -0.462671 1.461940 3.812335
v -0.445807 1.415735 3.727552
v -0.431025 1.353553 3.653240
v -0.418894 1.277785 3.592253
v -0.409880 1.191342 3.546936
v -0.404329 1.097545 3.519030
v -0.402455 1.000000 3.509607
v -0.404329 0.902455 3.519030
v -0.409880 0.808658 3.546936
v -0.418894 0.722215 3.592253
v -0.431025 0.646447 3.653240
v -0.445807 0.584265 3.727552
v -0.462671 0.538060 3.812335
v -0.480970 0.509607 3.904329
v -0.462671 1.490393 3.909880
v -0.426777 1.461940 3.823223
v -0.393696 1.415735 3.743360
v -0.364701 1.353553 3.673359
v -0.340905 1.277785 3.615911
v -0.323223 1.191342 3.573223
v -0.312335 1.097545 3.546936
v -0.308658 1.000000 3.538060
v -0.312335 0.902455 3.546936
v -0.323223 0.808658 3.573223
v -0.340905 0.722215 3.615911
v -0.364701 0.646447 3.673359
v -0.393696 0.584265 3.743360
v -0.426777 0.538060 3.823223
v -0.462671 0.509607 3.909880
v -0.445807 1.490393 3.918894
v -0.393696 1.461940 3.840905
v -0.345671 1.415735 3.769030
v -0.303576 1.353553 3.706031
v -0.269030 1.277785 3.654329
v -0.243360 1.191342 3.615911
v -0.227552 1.097545 3.592253
v -0.222215 1.000000 3.584265
v -0.227552 0.902455 3.592253
v -0.243360 0.808658 3.615911
v -0.269030 0.722215 3.654329
v -0.303576 0.646447 3.706031
v -0.345671 0.584265 3.769030
v -0.393696 0.538060 3.840905
v -0.445807 0.509607 3.918894
v -0.431025 1.490393 3.931025
v -0.364701 1.461940 3.864701
v -0.303576 1.415735 3.803576
v -0.250000 1.353553 3.750000
v -0.206031 1.277785 3.706031
v -0.173359 1.191342 3.673359
v -0.153240 1.097545 3.653240
v -0.146447 1.000000 3.646447
v -0.153240 0.902455 3.653240
v -0.173359 0.808658 3.673359
v -0.206031 0.722215 3.706031
v -0.250000 0.646447 3.750000
v -0.303576 0.584265 3.803576
v -0.364701 0.538060 3.864701
v -0.431025 0.509607 3.931025
v -0.418894 1.490393 3.945807
v -0.340905 1.461940 3.893696
v -0.269030 1.415735 3.845671
v -0.206031 1.353553 3.803576
v -0.154329 1.277785 3.769030
v -0.115911 1.191342 3.743360
v -0.092253 1.097545 3.727552
v -0.084265 1.000000 3.722215
v -0.092253 0.902455 3.727552
v -0.115911 0.808658 3.743360
v -0.154329 0.722215 3.769030
v -0.206031 0.646447 3.803576
v -0.269030 0.584265 3.845671
v -0.340905 0.538060 3.893696
v -0.418894 0.509607 3.945807
v -0.500000 1.500000 4.000000
v -0.409880 1.490393 3.962671
v -0.323223 1.461940 3.926777
v -0.243360 1.415735 3.893696
v -0.173359 1.353553 3.864701
v -0.115911 1.277785 3.840905
v -0.073223 1.191342 3.823223
v -0.046936 1.097545 3.812335
v -0.038060 1.000000 3.808658
v -0.046936 0.902455 3.812335
v -0.073223 0.808658 3.823223
v -0.115911 0.722215 3.840905
v -0.173359 0.646447 3.864701
v -0.243360 0.584265 3.893696
v -0.323223 0.538060 3.926777
v -0.409880 0.509607 3.962671
v -0.404329 1.490393 3.980970
v -0.312335 1.461940 3.962671
v -0.227552 1.415735 3.945807
v -0.153240 1.353553 3.931025
v -0.092254 1.277785 3.918894
v -0.046936 1.191342 3.909880
v -0.019030 1.097545 3.904329
v -0.009607 1.000000 3.902455
v -0.019030 0.902455 3.904329
v -0.046936 0.808658 3.909880
v -0.092254 0.722215 3.918894
v -0.153240 0.646447 3.931025
v -0.227552 0.584265 3.945807
v -0.312335 0.538060 3.962671
v -0.404329 0.509607 3.980970
v -0.402455 1.490393 4.000000
v -0.308658 1.461940 4.000000
v -0.222215 1.415735 4.000000
v -0.146447 1.353553 4.000000
v -0.084265 1.277785 4.000000
v -0.038060 1.191342 4.000000
v -0.009607 1.097545 4.000000
v -0.000000 1.000000 4.000000
v -0.009607 0.902455 4.000000
v -0.038060 0.808658 4.000000
v -0.084265 0.722215 4.000000
v -0.146447 0.646447 4.000000
v -0.222215 0.584265 4.000000
v -0.308658 0.538060 4.000000
v -0.402455 0.509607 4.000000
v -0.404329 1.490393 4.019030
v -0.312335 1.461940 4.037329
v -0.227553 1.415735 4.054193
v -0.153240 1.353553 4.068975
v -0.092254 1.277785 4.081106
v -0.046936 1.191342 4.090120
v -0.019030 1.097545 4.095671
v -0.009608 1.000000 4.097545
v -0.019030 0.902455 4.095671
v -0.046936 0.808658 4.090120
v -0.092254 0.722215 4.081106
v -0.153240 0.646447 4.068975
v -0.227553 0.584265 4.054193
v -0.312335 0.538060 4.037329
v -0.404329 0.509607 4.019030
v -0.409880 1.490393 4.037329
v -0.323223 1.461940 4.073223
v -0.243360 1.415735 4.106304
v -0.173359 1.353553 4.135299
v -0.115911 1.277785 4.159095
v -0.073223 1.191342 4.176777
v -0.046936 1.097545 4.187665
v -0.038060 1.000000 4.191342
v -0.046936 0.902455 4.187665
v -0.073223 0.808658 4.176777
v -0.115911 0.722215 4.159095
v -0.173359 0.646447 4.135299
v -0.243360 0.584265 4.106304
v -0.323223 0.538060 4.073223
v -0.409880 0.509607 4.037329
v -0.418894 1.490393 4.054193
v -0.340905 1.461940 4.106304
v -0.269030 1.415735 4.154329
v -0.206031 1.353553 4.196424
v -0.154329 1.277785 4.230970
v -0.115911 1.191342 4.256640
v -0.092254 1.097545 4.272448
v -0.084265 1.000000 4.277785
v -0.092254 0.902455 4.272448
v -0.115911 0.808658 4.256640
v -0.154329 0.722215 4.230970
v -0.206031 0.646447 4.196424
v -0.269030 0.584265 4.154329
v -0.340905 0.538060 4.106304
v -0.418894 0.509607 4.054193
v -0.431025 1.490393 4.068975
v -0.364701 1.461940 4.135299
v -0.303576 1.415735 4.196424
v -0.250000 1.353553 4.250000
v -0.206031 1.277785 4.293969
v -0.173359 1.191342 4.326641
v -0.153240 1.097545 4.346760
v -0.146447 1.000000 4.353553
v -0.153240 0.902455 4.346760
v -0.173359 0.808658 4.326641
v -0.206031 0.722215 4.293969
v -0.250000 0.646447 4.250000
v -0.303576 0.584265 4.196424
v -0.364701 0.538060 4.135299
v -0.431025 0.509607 4.068975
v -0.445807 1.490393 4.081106
v -0.393696 1.461940 4.159095
v -0.345671 1.415735 4.230970
v -0.303576 1.353553 4.293969
v -0.269030 1.277785 4.345671
v -0.243360 1.191342 4.384089
v -0.227553 1.097545 4.407746
v -0.222215 1.000000 4.415735
v -0.227553 0.902455 4.407746
v -0.243360 0.808658 4.384089
v -0.269030 0.722215 4.345671
v -0.303576 0.646447 4.293969
v -0.345671 0.584265 4.230970
v -0.393696 0.538060 4.159095
v -0.445807 0.509607 4.081106
v -0.462671 1.490393 4.090120
v -0.426777 1.461940 4.176777
v -0.393696 1.415735 4.256640
v -0.364701 1.353553 4.326641
v -0.340905 1.277785 4.384089
v -0.323223 1.191342 4.426776
v -0.312335 1.097545 4.453063
v -0.308659 1.000000 4.461940
v -0.312335 0.902455 4.453063
v -0.323223 0.808658 4.426776
v -0.340905 0.722215 4.384089
v -0.364701 0.646447 4.326641
v -0.393696 0.584265 4.256640
v -0.426777 0.538060 4.176777
v -0.462671 0.509607 4.090120
v -0.480970 1.490393 4.095671
v -0.462671 1.461940 4.187665
v -0.445807 1.415735 4.272448
v -0.431025 1.353553 4.346760
v -0.418894 1.277785 4.407746
v -0.409880 1.191342 4.453063
v -0.404329 1.097545 4.480970
v -0.402455 1.000000 4.490392
v -0.404329 0.902455 4.480970
v -0.409880 0.808658 4.453063
v -0.418894 0.722215 4.407746
v -0.431025 0.646447 4.346760
v -0.445807 0.584265 4.272448
v -0.462671 0.538060 4.187665
v -0.480970 0.509607 4.095671
v -0.500000 1.490393 4.097545
v -0.500000 1.461940 4.191342
v -0.500000 1.415735 4.277785
v -0.500000 1.353553 4.353553
v -0.500000 1.277785 4.415735
v -0.500000 1.191342 4.461940
v -0.500000 1.097545 4.490393
v -0.500000 1.000000 4.500000
v -0.500000 0.902455 4.490393
v -0.500000 0.808658 4.461940
v -0.500000 0.722215 4.415735
v -0.500000 0.646447 4.353553
v -0.500000 0.584265 4.277785
v -0.500000 0.538060 4.191342
v -0.500000 0.509607 4.097545
v -0.519030 1.490393 4.095671
v -0.537329 1.461940 4.187665
v -0.554193 1.415735 4.272448
v -0.568975 1.353553 4.346760
v -0.581106 1.277785 4.407746
v -0.590120 1.191342 4.453063
v -0.595671 1.097545 4.480970
v -0.597545 1.000000 4.490392
v -0.595671 0.902455 4.480970
v -0.590120 0.808658 4.453063
v -0.581106 0.722215 4.407746
v -0.568975 0.646447 4.346760
v -0.554193 0.584265 4.272448
v -0.537329 0.538060 4.187665
v -0.519030 0.509607 4.095671
v -0.537329 1.490393 4.090120
v -0.573223 1.461940 4.176777
v -0.606304 1.415735 4.256640
v -0.635299 1.353553 4.326641
v -0.659095 1.277785 4.384089
v -0.676777 1.191342 4.426776
v -0.687665 1.097545 4.453063
v -0.691342 1.000000 4.461939
v -0.687665 0.902455 4.453063
v -0.676777 0.808658 4.426776
v -0.659095 0.722215 4.384089
v -0.635299 0.646447 4.326641
v -0.606304 0.584265 4.256640
v -0.573223 0.538060 4.176777
v -0.537329 0.509607 4.090120
v -0.554193 1.490393 4.081106
v -0.606304 1.461940 4.159095
v -0.654329 1.415735 4.230970
v -0.696424 1.353553 4.293969
v -0.730970 1.277785 4.345671
v -0.756640 1.191342 4.384089
v -0.772448 1.097545 4.407746
v -0.777785 1.000000 4.415734
v -0.772448 0.902455 4.407746
v -0.756640 0.808658 4.384089
v -0.730970 0.722215 4.345671
v -0.696424 0.646447 4.293969
v -0.654329 0.584265 4.230970
v -0.606304 0.538060 4.159095
v -0.554193 0.509607 4.081106
v -0.568975 1.490393 4.068975
v -0.635299 1.461940 4.135299
v -0.696424 1.415735 4.196424
v -0.750000 1.353553 4.250000
v -0.793969 1.277785 4.293969
v -0.826641 1.191342 4.326641
v -0.846760 1.097545 4.346760
v -0.853553 1.000000 4.353553
v -0.846760 0.902455 4.346760
v -0.826641 0.808658 4.326641
v -0.793969 0.722215 4.293969
v -0.750000 0.646447 4.250000
v -0.696424 0.584265 4.196424
v -0.635299 0.538060 4.135299
v -0.568975 0.509607 4.068975
v -0.500000 0.500000 4.000000
v -0.581106 1.490393 4.054193
v -0.659095 1.461940 4.106304
v -0.730970 1.415735 4.154329
v -0.793969 1.353553 4.196424
v -0.845671 1.277785 4.230970
v -0.884089 1.191342 4.256640
v -0.907746 1.097545 4.272448
v -0.915735 1.000000 4.277785
v -0.907746 0.902455 4.272448
v -0.884089 0.808658 4.256640
v -0.845671 0.722215 4.230970
v -0.793969 0.646447 4.196424
v -0.730970 0.584265 4.154329
v -0.659095 0.538060 4.106304
v -0.581106 0.509607 4.054193
v -0.590120 1.490393 4.037329
v -0.676777 1.461940 4.073223
v -0.756640 1.415735 4.106304
v -0.826641 1.353553 4.135299
v -0.884089 1.277785 4.159095
v -0.926777 1.191342 4.176776
v -0.953064 1.097545 4.187665
v -0.961939 1.000000 4.191341
v -0.953064 0.902455 4.187665
v -0.926777 0.808658 4.176776
v -0.884089 0.722215 4.159095
v -0.826641 0.646447 4.135299
v -0.756640 0.584265 4.106304
v -0.676777 0.538060 4.073223
v -0.590120 0.509607 4.037329
v -0.595671 1.490393 4.019030
v -0.687665 1.461940 4.037329
v -0.772447 1.415735 4.054193
v -0.846760 1.353553 4.068975
v -0.907746 1.277785 4.081106
v -0.953064 1.191342 4.090120
v -0.980970 1.097545 4.095671
v -0.990392 1.000000 4.097545
v -0.980970 0.902455 4.095671
v -0.953064 0.808658 4.090120
v -0.907746 0.722215 4.081106
v -0.846760 0.646447 4.068975
v -0.772447 0.584265 4.054193
v -0.687665 0.538060 4.037329
v -0.595671 0.509607 4.019030
v -0.597545 1.490393 4.000000
v -0.691342 1.461940 4.000000
v -0.777785 1.415735 4.000000
v -0.853553 1.353553 4.000000
v -0.915735 1.277785 4.000000
v -0.961940 1.191342 4.000000
v -0.990392 1.097545 4.000000
v -1.000000 1.000000 4.000000
v -0.990392 0.902455 4.000000
v -0.961940 0.808658 4.000000
v -0.915735 0.722215 4.000000
v -0.853553 0.646447 4.000000
v -0.777785 0.584265 4.000000
v -0.691342 0.538060 4.000000
v -0.597545 0.509607 4.000000
v -0.595671 1.490393 3.980970
v -0.687665 1.461940 3.962671
v -0.772447 1.415735 3.945807
v -0.846760 1.353553 3.931025
v -0.907746 1.277785 3.918894
v -0.953063 1.191342 3.909880
v -0.980970 1.097545 3.904329
v -0.990392 1.000000 3.902455
v -0.980970 0.902455 3.904329
v -0.953063 0.808658 3.909880
v -0.907746 0.722215 3.918894
v -0.846760 0.646447 3.931025
v -0.772447 0.584265 3.945807
v -0.687665 0.538060 3.962671
v -0.595671 0.509607 3.980970
v -0.590120 1.490393 3.962671
v -0.676777 1.461940 3.926777
v -0.756640 1.415735 3.893696
v -0.826641 1.353553 3.864701
v -0.884089 1.277785 3.840905
v -0.926777 1.191342 3.823223
v -0.953063 1.097545 3.812335
v -0.961939 1.000000 3.808658
v -0.953063 0.902455 3.812335
v -0.926777 0.808658 3.823223
v -0.884089 0.722215 3.840905
v -0.826641 0.646447 3.864701
v -0.756640 0.584265 3.893696
v -0.676777 0.538060 3.926777
v -0.590120 0.509607 3.962671
v -0.581106 1.490393 3.945807
v -0.659095 1.461940 3.893696
v -0.730970 1.415735 3.845671
v -0.793969 1.353553 3.803576
v -0.845671 1.277785 3.769030
v -0.884089 1.191342 3.743360
v -0.907746 1.097545 3.727552
v -0.915734 1.000000 3.722215
v -0.907746 0.902455 3.727552
v -0.884089 0.808658 3.743360
v -0.845671 0.722215 3.769030
v -0.793969 0.646447 3.803576
v -0.730970 0.584265 3.845671
v -0.659095 0.538060 3.893696
v -0.581106 0.509607 3.945807
v -0.568975 1.490393 3.931025
v -0.635299 1.461940 3.864701
v -0.696423 1.415735 3.803576
v -0.750000 1.353553 3.750000
v -0.793969 1.277785 3.706031
v -0.826641 1.191342 3.673359
v -0.846760 1.097545 3.653240
v -0.853553 1.000000 3.646447
v -0.846760 0.902455 3.653240
v -0.826641 0.808658 3.673359
v -0.793969 0.722215 3.706031
v -0.750000 0.646447 3.750000
v -0.696423 0.584265 3.803576
v -0.635299 0.538060 3.864701
v -0.568975 0.509607 3.931025
v -0.554193 1.490393 3.918894
v -0.606304 1.461940 3.840905
v -0.654329 1.415735 3.769030
v -0.696424 1.353553 3.706031
v -0.730970 1.277785 3.654329
v -0.756640 1.191342 3.615911
v -0.772447 1.097545 3.592254
v -0.777785 1.000000 3.584265
v -0.772447 0.902455 3.592254
v -0.756640 0.808658 3.615911
v -0.730970 0.722215 3.654329
v -0.696424 0.646447 3.706031
v -0.654329 0.584265 3.769030
v -0.606304 0.538060 3.840905
v -0.554193 0.509607 3.918894
v -0.537329 1.490393 3.909880
v -0.573223 1.461940 3.823223
v -0.606304 1.415735 3.743360
v -0.635299 1.353553 3.673359
v -0.659095 1.277785 3.615911
v -0.676777 1.191342 3.573224
v -0.687665 1.097545 3.546937
v -0.691341 1.000000 3.538061
v -0.687665 0.902455 3.546937
v -0.676777 0.808658 3.573224
v -0.659095 0.722215 3.615911
v -0.635299 0.646447 3.673359
v -0.606304 0.584265 3.743360
v -0.573223 0.538060 3.823223
v -0.537329 0.509607 3.909880
v -0.519030 1.490393 3.904329
v -0.537329 1.461940 3.812335
v -0.554193 1.415735 3.727553
v -0.568975 1.353553 3.653240
v -0.581106 1.277785 3.592254
v -0.590120 1.191342 3.546937
v -0.595671 1.097545 3.519030
v -0.597545 1.000000 3.509608
v -0.595671 0.902455 3.519030
v -0.590120 0.808658 3.546937
v -0.581106 0.722215 3.592254
v -0.568975 0.646447 3.653240
v -0.554193 0.584265 3.727553
v -0.537329 0.538060 3.812335
v -0.519030 0.509607 3.904329
v -0.500000 1.490393 3.902455
v -0.500000 1.461940 3.808658
v -0.500000 1.353553 3.646447
v -0.500000 1.191342 3.538060
v -0.500000 0.808658 3.538060
v -0.500000 0.646447 3.646447
v -0.500000 0.584265 3.722215
v -0.500000 0.538060 3.808658
v -0.500000 0.509607 3.902455
vn 0.0286 -0.9565 -0.2902
vn 0.0975 0.0975 -0.9904
vn 0.0097 0.9951 -0.0980
vn 0.0097 -0.9951 -0.0980
vn 0.0975 -0.0975 -0.9904
vn 0.0286 0.9565 -0.2902
vn 0.0938 -0.2890 -0.9527
vn 0.0464 0.8810 -0.4709
vn 0.0865 -0.4696 -0.8786
vn 0.0624 0.7715 -0.6332
vn 0.0759 -0.6326 -0.7708
vn 0.0759 0.6326 -0.7708
vn 0.0624 -0.7715 -0.6332
vn 0.0865 0.4696 -0.8786
vn 0.0464 -0.8810 -0.4709
vn 0.0938 0.2890 -0.9527
vn 0.1374 -0.8810 -0.4528
vn 0.2779 0.2890 -0.9161
vn 0.0846 -0.9565 -0.2790
vn 0.2889 0.0976 -0.9524
vn 0.0286 0.9951 -0.0942
vn 0.0286 -0.9951 -0.0942
vn 0.2889 -0.0976 -0.9524
vn 0.0846 0.9565 -0.2790
vn 0.2779 -0.2890 -0.9161
vn 0.1374 0.8810 -0.4528
vn 0.2563 -0.4696 -0.8448
vn 0.1847 0.7715 -0.6088
vn 0.2248 -0.6326 -0.7412
vn 0.2248 0.6326 -0.7412
vn 0.1847 -0.7715 -0.6088
vn 0.2563 0.4696 -0.8448
vn 0.2230 0.8810 -0.4173
vn 0.4162 -0.4696 -0.7786
vn 0.2999 0.7715 -0.5611
vn 0.3651 -0.6326 -0.6831
vn 0.3651 0.6326 -0.6831
vn 0.2999 -0.7715 -0.5611
vn 0.4162 0.4696 -0.7786
vn 0.2230 -0.8810 -0.4173
vn 0.4513 0.2890 -0.8443
vn 0.1374 -0.9565 -0.2571
vn 0.4691 0.0975 -0.8777
vn 0.0464 0.9951 -0.0869
vn 0.0464 -0.9951 -0.0869
vn 0.4691 -0.0975 -0.8777
vn 0.1374 0.9565 -0.2571
vn 0.4513 -0.2890 -0.8443
vn 0.6073 0.2890 -0.7400
vn 0.1850 -0.9565 -0.2254
vn 0.6314 0.0975 -0.7693
vn 0.0625 0.9951 -0.0761
vn 0.0625 -0.9951 -0.0761
vn 0.6314 -0.0975 -0.7693
vn 0.1850 0.9565 -0.2254
vn 0.6073 -0.2890 -0.7400
vn 0.3002 0.8810 -0.3658
vn 0.5601 -0.4696 -0.6825
vn 0.4036 0.7715 -0.4918
vn 0.4913 -0.6326 -0.5987
vn 0.4913 0.6326 -0.5987
vn 0.4036 -0.7715 -0.4918
vn 0.5601 0.4696 -0.6825
vn 0.3002 -0.8810 -0.3658
vn 0.6825 -0.4696 -0.5601
vn 0.4918 0.7715 -0.4036
vn 0.5987 -0.6326 -0.4913
vn 0.5987 0.6326 -0.4913
vn 0.4918 -0.7715 -0.4036
vn 0.6825 0.4696 -0.5601
vn 0.3658 -0.8810 -0.3002
vn 0.7400 0.2890 -0.6073
vn 0.2254 -0.9565 -0.1850
vn 0.7693 0.0975 -0.6314
vn 0.0761 0.9951 -0.0625
vn 0.0761 -0.9951 -0.0625
vn 0.7693 -0.0975 -0.6314
vn 0.2254 0.9565 -0.1850
vn 0.7400 -0.2890 -0.6073
vn 0.3658 0.8810 -0.3002
vn 0.2571 -0.9565 -0.1374
vn 0.8777 0.0975 -0.4691
vn 0.0869 0.9951 -0.0464
vn 0.0869 -0.9951 -0.0464
vn 0.8777 -0.0975 -0.4691
vn 0.2571 0.9565 -0.1374
vn 0.8443 -0.2890 -0.4513
vn 0.4173 0.8810 -0.2230
vn 0.7786 -0.4696 -0.4162
vn 0.5611 0.7715 -0.2999
vn 0.6831 -0.6326 -0.3651
vn 0.6831 0.6326 -0.3651
vn 0.5611 -0.7715 -0.2999
vn 0.7786 0.4696 -0.4162
vn 0.4173 -0.8810 -0.2230
vn 0.8443 0.2890 -0.4513
vn 0.7412 -0.6326 -0.2248
vn 0.7412 0.6326 -0.2248
vn 0.6088 -0.7715 -0.1847
vn 0.8448 0.4696 -0.2563
vn 0.4528 -0.8810 -0.1374
vn 0.9161 0.2890 -0.2779
vn 0.2790 -0.9565 -0.0846
vn 0.9524 0.0975 -0.2889
vn 0.0942 0.9951 -0.0286
vn 0.0942 -0.9951 -0.0286
vn 0.9524 -0.0975 -0.2889
vn 0.2790 0.9565 -0.0846
vn 0.9161 -0.2890 -0.2779
vn 0.4528 0.8810 -0.1374
vn 0.8448 -0.4696 -0.2563
vn 0.6088 0.7715 -0.1847
vn 0.0980 0.9951 -0.0097
vn 0.0980 -0.9951 -0.0097
vn 0.9904 -0.0975 -0.0975
vn 0.2902 0.9565 -0.0286
vn 0.9527 -0.2890 -0.0938
vn 0.4709 0.8810 -0.0464
vn 0.8786 -0.4696 -0.0865
vn 0.6332 0.7715 -0.0624
vn 0.7708 -0.6326 -0.0759
vn 0.7708 0.6326 -0.0759
vn 0.6332 -0.7715 -0.0624
vn 0.8786 0.4696 -0.0865
vn 0.4709 -0.8810 -0.0464
vn 0.9527 0.2890 -0.0938
vn 0.2902 -0.9565 -0.0286
vn 0.9904 0.0975 -0.0975
vn 0.7708 0.6326 0.0759
vn 0.6332 -0.7715 0.0624
vn 0.8786 0.4696 0.0865
vn 0.4709 -0.8810 0.0464
vn 0.9527 0.2890 0.0938
vn 0.2902 -0.9565 0.0286
vn 0.9904 0.0975 0.0976
vn 0.0980 0.9951 0.0097
vn 0.0980 -0.9951 0.0097
vn 0.9904 -0.0975 0.0976
vn 0.2902 0.9565 0.0286
vn 0.9527 -0.2890 0.0938
vn 0.4709 0.8810 0.0464
vn 0.8786 -0.4696 0.0865
vn 0.6332 0.7715 0.0624
vn 0.7708 -0.6326 0.0759
vn 0.9524 -0.0975 0.2889
vn 0.2790 0.9565 0.0846
vn 0.9161 -0.2890 0.2779
vn 0.4528 0.8810 0.1374
vn 0.8448 -0.4696 0.2563
vn 0.6088 0.7715 0.1847
vn 0.7412 -0.6326 0.2248
vn 0.7412 0.6326 0.2248
vn 0.6088 -0.7715 0.1847
vn 0.8448 0.4696 0.2563
vn 0.4528 -0.8810 0.1374
vn 0.9161 0.2890 0.2779
vn 0.2790 -0.9565 0.0846
vn 0.9524 0.0975 0.2889
vn 0.0942 0.9951 0.0286
vn 0.0942 -0.9951 0.0286
vn 0.5611 -0.7715 0.2999
vn 0.7786 0.4696 0.4162
vn 0.4173 -0.8810 0.2230
vn 0.8443 0.2890 0.4513
vn 0.2571 -0.9565 0.1374
vn 0.8777 0.0975 0.4691
vn 0.0869 0.9951 0.0464
vn 0.0869 -0.9951 0.0464
vn 0.8777 -0.0975 0.4691
vn 0.2571 0.9565 0.1374
vn 0.8443 -0.2890 0.4513
vn 0.4173 0.8810 0.2230
vn 0.7786 -0.4696 0.4162
vn 0.5611 0.7715 0.2999
vn 0.6831 -0.6326 0.3651
vn 0.6831 0.6326 0.3651
vn 0.2254 0.9565 0.1850
vn 0.7400 -0.2890 0.6073
vn 0.3658 0.8810 0.3002
vn 0.6825 -0.4696 0.5601
vn 0.4918 0.7715 0.4036
vn 0.5987 -0.6326 0.4913
vn 0.5987 0.6326 0.4913
vn 0.4918 -0.7715 0.4036
vn 0.6825 0.4696 0.5601
vn 0.3658 -0.8810 0.3002
vn 0.7400 0.2890 0.6073
vn 0.2254 -0.9565 0.1850
vn 0.7693 0.0975 0.6314
vn 0.0761 0.9951 0.0625
vn 0.0761 -0.9951 0.0625
vn 0.7693 -0.0975 0.6314
vn 0.5601 0.4696 0.6825
vn 0.3002 -0.8810 0.3658
vn 0.6073 0.2890 0.7400
vn 0.1850 -0.9565 0.2254
vn 0.6314 0.0975 0.7693
vn 0.0625 0.9951 0.0761
vn 0.0625 -0.9951 0.0761
vn 0.6314 -0.0975 0.7693
vn 0.1850 0.9565 0.2254
vn 0.6073 -0.2890 0.7400
vn 0.3002 0.8810 0.3658
vn 0.5601 -0.4696 0.6825
vn 0.4036 0.7715 0.4918
vn 0.4913 -0.6326 0.5987
vn 0.4913 0.6326 0.5987
vn 0.4036 -0.7715 0.4918
vn 0.4513 -0.2890 0.8443
vn 0.2230 0.8810 0.4173
vn 0.4162 -0.4696 0.7786
vn 0.2999 0.7715 0.5611
vn 0.3651 -0.6326 0.6831
vn 0.3651 0.6326 0.6831
vn 0.2999 -0.7715 0.5611
vn 0.4162 0.4696 0.7786
vn 0.2230 -0.8810 0.4173
vn 0.4513 0.2890 0.8443
vn 0.1374 -0.9565 0.2571
vn 0.4691 0.0975 0.8777
vn 0.0464 0.9951 0.0869
vn 0.0464 -0.9951 0.0869
vn 0.4691 -0.0975 0.8777
vn 0.1374 0.9565 0.2571
vn 0.1374 -0.8810 0.4528
vn 0.2779 0.2890 0.9161
vn 0.0846 -0.9565 0.2790
vn 0.2889 0.0975 0.9524
vn 0.0286 0.9951 0.0942
vn 0.0286 -0.9951 0.0942
vn 0.2889 -0.0975 0.9524
vn 0.0846 0.9565 0.2790
vn 0.2779 -0.2890 0.9161
vn 0.1374 0.8810 0.4528
vn 0.2563 -0.4696 0.8448
vn 0.1847 0.7715 0.6088
vn 0.2248 -0.6326 0.7412
vn 0.2248 0.6326 0.7412
vn 0.1847 -0.7715 0.6088
vn 0.2563 0.4696 0.8448
vn 0.0865 -0.4696 0.8786
vn 0.0624 0.7715 0.6332
vn 0.0759 -0.6326 0.7708
vn 0.0759 0.6326 0.7708
vn 0.0624 -0.7715 0.6332
vn 0.0865 0.4696 0.8786
vn 0.0464 -0.8810 0.4709
vn 0.0938 0.2890 0.9527
vn 0.0286 -0.9565 0.2902
vn 0.0975 0.0975 0.9904
vn 0.0097 0.9951 0.0980
vn 0.0097 -0.9951 0.0980
vn 0.0975 -0.0975 0.9904
vn 0.0286 0.9565 0.2902
vn 0.0938 -0.2890 0.9527
vn 0.0464 0.8810 0.4709
vn -0.0286 -0.9565 0.2902
vn -0.0976 0.0975 0.9904
vn -0.0097 0.9951 0.0980
vn -0.0097 -0.9951 0.0980
vn -0.0976 -0.0975 0.9904
vn -0.0286 0.9565 0.2902
vn -0.0938 -0.2890 0.9527
vn -0.0464 0.8810 0.4709
vn -0.0865 -0.4696 0.8786
vn -0.0624 0.7715 0.6332
vn -0.0759 -0.6326 0.7708
vn -0.0759 0.6326 0.7708
vn -0.0624 -0.7715 0.6332
vn -0.0865 0.4696 0.8786
vn -0.0464 -0.8810 0.4709
vn -0.0938 0.2890 0.9527
vn -0.1847 0.7715 0.6088
vn -0.2248 -0.6326 0.7412
vn -0.2248 0.6326 0.7412
vn -0.1847 -0.7715 0.6088
vn -0.2563 0.4696 0.8448
vn -0.1374 -0.8810 0.4528
vn -0.2779 0.2890 0.9161
vn -0.0846 -0.9565 0.2790
vn -0.2889 0.0975 0.9524
vn -0.0286 0.9951 0.0942
vn -0.0286 -0.9951 0.0942
vn -0.2889 -0.0975 0.9524
vn -0.0846 0.9565 0.2790
vn -0.2779 -0.2890 0.9161
vn -0.1374 0.8810 0.4528
vn -0.2563 -0.4696 0.8448
vn -0.4691 0.0975 0.8777
vn -0.0464 0.9951 0.0869
vn -0.0464 -0.9951 0.0869
vn -0.4691 -0.0975 0.8777
vn -0.1374 0.9565 0.2571
vn -0.4513 -0.2890 0.8443
vn -0.2230 0.8810 0.4173
vn -0.4162 -0.4696 0.7786
vn -0.2999 0.7715 0.5611
vn -0.3651 -0.6326 0.6831
vn -0.3651 0.6326 0.6831
vn -0.2999 -0.7715 0.5611
vn -0.4162 0.4696 0.7786
vn -0.2230 -0.8810 0.4173
vn -0.4513 0.2890 0.8443
vn -0.1374 -0.9565 0.2571
vn -0.4913 -0.6326 0.5987
vn -0.4913 0.6326 0.5987
vn -0.4036 -0.7715 0.4918
vn -0.5601 0.4696 0.6825
vn -0.3002 -0.8810 0.3658
vn -0.6073 0.2890 0.7400
vn -0.1850 -0.9565 0.2254
vn -0.6314 0.0975 0.7693
vn -0.0625 0.9951 0.0761
vn -0.0625 -0.9951 0.0761
vn -0.6314 -0.0975 0.7693
vn -0.1850 0.9565 0.2254
vn -0.6073 -0.2890 0.7400
vn -0.3002 0.8810 0.3658
vn -0.5601 -0.4696 0.6825
vn -0.4036 0.7715 0.4918
vn -0.0761 0.9951 0.0625
vn -0.0761 -0.9951 0.0625
vn -0.7693 -0.0975 0.6314
vn -0.2254 0.9565 0.1850
vn -0.7400 -0.2890 0.6073
vn -0.3658 0.8810 0.3002
vn -0.6825 -0.4696 0.5601
vn -0.4918 0.7715 0.4036
vn -0.5987 -0.6326 0.4913
vn -0.5987 0.6326 0.4913
vn -0.4918 -0.7715 0.4036
vn -0.6825 0.4696 0.5601
vn -0.3658 -0.8810 0.3002
vn -0.7400 0.2890 0.6073
vn -0.2254 -0.9565 0.1850
vn -0.7693 0.0975 0.6314
vn -0.6831 0.6326 0.3651
vn -0.5611 -0.7715 0.2999
vn -0.7786 0.4696 0.4162
vn -0.4173 -0.8810 0.2230
vn -0.8443 0.2890 0.4513
vn -0.2571 -0.9565 0.1374
vn -0.8777 0.0975 0.4691
vn -0.0869 0.9951 0.0464
vn -0.0869 -0.9951 0.0464
vn -0.8777 -0.0975 0.4691
vn -0.2571 0.9565 0.1374
vn -0.8443 -0.2890 0.4513
vn -0.4173 0.8810 0.2230
vn -0.7786 -0.4696 0.4162
vn -0.5611 0.7715 0.2999
vn -0.6831 -0.6326 0.3651
vn -0.9524 -0.0975 0.2889
vn -0.2790 0.9565 0.0846
vn -0.9161 -0.2890 0.2779
vn -0.4528 0.8810 0.1374
vn -0.8448 -0.4696 0.2563
vn -0.6088 0.7715 0.1847
vn -0.7412 -0.6326 0.2248
vn -0.7412 0.6326 0.2248
vn -0.6088 -0.7715 0.1847
vn -0.8448 0.4696 0.2563
vn -0.4528 -0.8810 0.1374
vn -0.9161 0.2890 0.2779
vn -0.2790 -0.9565 0.0846
vn -0.9524 0.0975 0.2889
vn -0.0942 0.9951 0.0286
vn -0.0942 -0.9951 0.0286
vn -0.6332 -0.7715 0.0624
vn -0.8786 0.4696 0.0865
vn -0.4709 -0.8810 0.0464
vn -0.9527 0.2890 0.0938
vn -0.2902 -0.9565 0.0286
vn -0.9904 0.0975 0.0975
vn -0.0980 0.9951 0.0097
vn -0.0980 -0.9951 0.0097
vn -0.9904 -0.0975 0.0975
vn -0.2902 0.9565 0.0286
vn -0.9527 -0.2890 0.0938
vn -0.4709 0.8810 0.0464
vn -0.8786 -0.4696 0.0865
vn -0.6332 0.7715 0.0624
vn -0.7708 -0.6326 0.0759
vn -0.7708 0.6326 0.0759
vn -0.9527 -0.2890 -0.0938
vn -0.4709 0.8810 -0.0464
vn -0.8786 -0.4696 -0.0865
vn -0.6332 0.7715 -0.0624
vn -0.7708 -0.6326 -0.0759
vn -0.7708 0.6326 -0.0759
vn -0.6332 -0.7715 -0.0624
vn -0.8786 0.4696 -0.0865
vn -0.4709 -0.8810 -0.0464
vn -0.9527 0.2890 -0.0938
vn -0.2902 -0.9565 -0.0286
vn -0.9904 0.0975 -0.0976
vn -0.0980 0.9951 -0.0097
vn -0.0980 -0.9951 -0.0097
vn -0.9904 -0.0975 -0.0976
vn -0.2902 0.9565 -0.0286
vn -0.4528 -0.8810 -0.1374
vn -0.9161 0.2890 -0.2779
vn -0.2790 -0.9565 -0.0846
vn -0.9524 0.0975 -0.2889
vn -0.0942 0.9951 -0.0286
vn -0.0942 -0.9951 -0.0286
vn -0.9524 -0.0975 -0.2889
vn -0.2790 0.9565 -0.0846
vn -0.9161 -0.2890 -0.2779
vn -0.4528 0.8810 -0.1374
vn -0.8448 -0.4696 -0.2563
vn -0.6088 0.7715 -0.1847
vn -0.7412 -0.6326 -0.2248
vn -0.7412 0.6326 -0.2248
vn -0.6088 -0.7715 -0.1847
vn -0.8448 0.4696 -0.2563
vn -0.4173 0.8810 -0.2231
vn -0.7786 -0.4696 -0.4162
vn -0.5611 0.7715 -0.2999
vn -0.6831 -0.6326 -0.3651
vn -0.6831 0.6326 -0.3651
vn -0.5611 -0.7715 -0.2999
vn -0.7786 0.4696 -0.4162
vn -0.4173 -0.8810 -0.2231
vn -0.8443 0.2890 -0.4513
vn -0.2571 -0.9565 -0.1374
vn -0.8777 0.0975 -0.4691
vn -0.0869 0.9951 -0.0464
vn -0.0869 -0.9951 -0.0464
vn -0.8777 -0.0975 -0.4691
vn -0.2571 0.9565 -0.1374
vn -0.8443 -0.2890 -0.4513
vn -0.7400 0.2890 -0.6073
vn -0.2254 -0.9565 -0.1850
vn -0.7693 0.0975 -0.6314
vn -0.0761 0.9951 -0.0625
vn -0.0761 -0.9951 -0.0625
vn -0.7693 -0.0975 -0.6314
vn -0.2254 0.9565 -0.1850
vn -0.7400 -0.2890 -0.6073
vn -0.3658 0.8810 -0.3002
vn -0.6825 -0.4696 -0.5601
vn -0.4918 0.7715 -0.4036
vn -0.5987 -0.6326 -0.4913
vn -0.5987 0.6326 -0.4913
vn -0.4918 -0.7715 -0.4036
vn -0.6825 0.4696 -0.5601
vn -0.3658 -0.8810 -0.3002
vn -0.5601 -0.4696 -0.6825
vn -0.4036 0.7715 -0.4918
vn -0.4913 -0.6326 -0.5987
vn -0.4913 0.6326 -0.5987
vn -0.4036 -0.7715 -0.4918
vn -0.5601 0.4696 -0.6825
vn -0.3002 -0.8810 -0.3658
vn -0.6073 0.2890 -0.7400
vn -0.1850 -0.9565 -0.2254
vn -0.6314 0.0975 -0.7693
vn -0.0625 0.9951 -0.0761
vn -0.0625 -0.9951 -0.0761
vn -0.6314 -0.0975 -0.7693
vn -0.1850 0.9565 -0.2254
vn -0.6073 -0.2890 -0.7400
vn -0.3002 0.8810 -0.3658
vn -0.1374 -0.9565 -0.2571
vn -0.4691 0.0975 -0.8777
vn -0.0464 0.9951 -0.0869
vn -0.0464 -0.9951 -0.0869
vn -0.4691 -0.0975 -0.8777
vn -0.1374 0.9565 -0.2571
vn -0.4513 -0.2890 -0.8443
vn -0.2230 0.8810 -0.4173
vn -0.4162 -0.4696 -0.7786
vn -0.2999 0.7715 -0.5611
vn -0.3651 -0.6326 -0.6831
vn -0.3651 0.6326 -0.6831
vn -0.2999 -0.7715 -0.5611
vn -0.4162 0.4696 -0.7786
vn -0.2230 -0.8810 -0.4173
vn -0.4513 0.2890 -0.8443
vn -0.1847 0.7715 -0.6088
vn -0.2248 -0.6326 -0.7412
vn -0.2248 0.6326 -0.7412
vn -0.1847 -0.7715 -0.6088
vn -0.2563 0.4696 -0.8448
vn -0.1374 -0.8810 -0.4528
vn -0.2779 0.2890 -0.9161
vn -0.0846 -0.9565 -0.2790
vn -0.2889 0.0975 -0.9524
vn -0.0286 0.9951 -0.0942
vn -0.0286 -0.9951 -0.0942
vn -0.2889 -0.0975 -0.9524
vn -0.0846 0.9565 -0.2790
vn -0.2779 -0.2890 -0.9161
vn -0.1374 0.8810 -0.4528
vn -0.2563 -0.4696 -0.8448
vn -0.0976 0.0975 -0.9904
vn -0.0097 0.9951 -0.0980
vn -0.0097 -0.9951 -0.0980
vn -0.0976 -0.0975 -0.9904
vn -0.0286 0.9565 -0.2902
vn -0.0938 -0.2890 -0.9527
vn -0.0464 0.8810 -0.4709
vn -0.0865 -0.4696 -0.8786
vn -0.0624 0.7715 -0.6332
vn -0.0759 -0.6326 -0.7708
vn -0.0759 0.6326 -0.7708
vn -0.0624 -0.7715 -0.6332
vn -0.0865 0.4696 -0.8786
vn -0.0464 -0.8810 -0.4709
vn -0.0938 0.2890 -0.9527
vn -0.0286 -0.9565 -0.2902
vt 0.750000 0.062500
vt 0.750000 0.125000
vt 0.718750 0.125000
vt 0.718750 0.062500
vt 0.750000 0.500000
vt 0.750000 0.562500
vt 0.718750 0.562500
vt 0.718750 0.500000
vt 0.750000 0.937500
vt 0.734375 1.000000
vt 0.718750 0.937500
vt 0.734375 0.000000
vt 0.750000 0.437500
vt 0.718750 0.437500
vt 0.750000 0.875000
vt 0.718750 0.875000
vt 0.750000 0.375000
vt 0.718750 0.375000
vt 0.750000 0.812500
vt 0.718750 0.812500
vt 0.750000 0.312500
vt 0.718750 0.312500
vt 0.750000 0.750000
vt 0.718750 0.750000
vt 0.750000 0.250000
vt 0.718750 0.250000
vt 0.750000 0.687500
vt 0.718750 0.687500
vt 0.750000 0.187500
vt 0.718750 0.187500
vt 0.750000 0.625000
vt 0.718750 0.625000
vt 0.687500 0.187500
vt 0.687500 0.125000
vt 0.687500 0.625000
vt 0.687500 0.562500
vt 0.687500 0.062500
vt 0.687500 0.500000
vt 0.703125 1.000000
vt 0.687500 0.937500
vt 0.703125 0.000000
vt 0.687500 0.437500
vt 0.687500 0.875000
vt 0.687500 0.375000
vt 0.687500 0.812500
vt 0.687500 0.312500
vt 0.687500 0.750000
vt 0.687500 0.250000
vt 0.687500 0.687500
vt 0.656250 0.875000
vt 0.656250 0.812500
vt 0.656250 0.375000
vt 0.656250 0.312500
vt 0.656250 0.750000
vt 0.656250 0.250000
vt 0.656250 0.687500
vt 0.656250 0.187500
vt 0.656250 0.625000
vt 0.656250 0.125000
vt 0.656250 0.562500
vt 0.656250 0.062500
vt 0.656250 0.500000
vt 0.671875 1.000000
vt 0.656250 0.937500
vt 0.671875 0.000000
vt 0.656250 0.437500
vt 0.625000 0.625000
vt 0.625000 0.562500
vt 0.625000 0.125000
vt 0.625000 0.062500
vt 0.625000 0.500000
vt 0.640625 1.000000
vt 0.625000 0.937500
vt 0.640625 0.000000
vt 0.625000 0.437500
vt 0.625000 0.875000
vt 0.625000 0.375000
vt 0.625000 0.812500
vt 0.625000 0.312500
vt 0.625000 0.750000
vt 0.625000 0.250000
vt 0.625000 0.687500
vt 0.625000 0.187500
vt 0.593750 0.375000
vt 0.593750 0.312500
vt 0.593750 0.812500
vt 0.593750 0.750000
vt 0.593750 0.250000
vt 0.593750 0.687500
vt 0.593750 0.187500
vt 0.593750 0.625000
vt 0.593750 0.125000
vt 0.593750 0.562500
vt 0.593750 0.062500
vt 0.593750 0.500000
vt 0.609375 1.000000
vt 0.593750 0.937500
vt 0.609375 0.000000
vt 0.593750 0.437500
vt 0.593750 0.875000
vt 0.562500 0.125000
vt 0.562500 0.062500
vt 0.562500 0.562500
vt 0.562500 0.500000
vt 0.578125 1.000000
vt 0.562500 0.937500
vt 0.578125 0.000000
vt 0.562500 0.437500
vt 0.562500 0.875000
vt 0.562500 0.375000
vt 0.562500 0.812500
vt 0.562500 0.312500
vt 0.562500 0.750000
vt 0.562500 0.250000
vt 0.562500 0.687500
vt 0.562500 0.187500
vt 0.562500 0.625000
vt 0.531250 0.312500
vt 0.531250 0.250000
vt 0.531250 0.750000
vt 0.531250 0.687500
vt 0.531250 0.187500
vt 0.531250 0.625000
vt 0.531250 0.125000
vt 0.531250 0.562500
vt 0.531250 0.062500
vt 0.531250 0.500000
vt 0.546875 1.000000
vt 0.531250 0.937500
vt 0.546875 0.000000
vt 0.531250 0.437500
vt 0.531250 0.875000
vt 0.531250 0.375000
vt 0.531250 0.812500
vt 0.515625 1.000000
vt 0.500000 0.937500
vt 0.515625 0.000000
vt 0.500000 0.062500
vt 0.500000 0.500000
vt 0.500000 0.437500
vt 0.500000 0.875000
vt 0.500000 0.375000
vt 0.500000 0.812500
vt 0.500000 0.312500
vt 0.500000 0.750000
vt 0.500000 0.250000
vt 0.500000 0.687500
vt 0.500000 0.187500
vt 0.500000 0.625000
vt 0.500000 0.125000
vt 0.500000 0.562500
vt 0.468750 0.750000
vt 0.468750 0.687500
vt 0.468750 0.250000
vt 0.468750 0.187500
vt 0.468750 0.625000
vt 0.468750 0.125000
vt 0.468750 0.562500
vt 0.468750 0.062500
vt 0.468750 0.500000
vt 0.484375 1.000000
vt 0.468750 0.937500
vt 0.484375 0.000000
vt 0.468750 0.437500
vt 0.468750 0.875000
vt 0.468750 0.375000
vt 0.468750 0.812500
vt 0.468750 0.312500
vt 0.437500 0.500000
vt 0.437500 0.437500
vt 0.437500 0.937500
vt 0.437500 0.875000
vt 0.437500 0.375000
vt 0.437500 0.812500
vt 0.437500 0.312500
vt 0.437500 0.750000
vt 0.437500 0.250000
vt 0.437500 0.687500
vt 0.437500 0.187500
vt 0.437500 0.625000
vt 0.437500 0.125000
vt 0.437500 0.562500
vt 0.437500 0.062500
vt 0.453125 1.000000
vt 0.453125 0.000000
vt 0.406250 0.250000
vt 0.406250 0.187500
vt 0.406250 0.687500
vt 0.406250 0.625000
vt 0.406250 0.125000
vt 0.406250 0.562500
vt 0.406250 0.062500
vt 0.406250 0.500000
vt 0.421875 1.000000
vt 0.406250 0.937500
vt 0.421875 0.000000
vt 0.406250 0.437500
vt 0.406250 0.875000
vt 0.406250 0.375000
vt 0.406250 0.812500
vt 0.406250 0.312500
vt 0.406250 0.750000
vt 0.375000 0.937500
vt 0.375000 0.875000
vt 0.375000 0.437500
vt 0.375000 0.375000
vt 0.375000 0.812500
vt 0.375000 0.312500
vt 0.375000 0.750000
vt 0.375000 0.250000
vt 0.375000 0.687500
vt 0.375000 0.187500
vt 0.375000 0.625000
vt 0.375000 0.125000
vt 0.375000 0.562500
vt 0.375000 0.062500
vt 0.375000 0.500000
vt 0.390625 1.000000
vt 0.390625 0.000000
vt 0.343750 0.687500
vt 0.343750 0.625000
vt 0.343750 0.187500
vt 0.343750 0.125000
vt 0.343750 0.562500
vt 0.343750 0.062500
vt 0.343750 0.500000
vt 0.359375 1.000000
vt 0.343750 0.937500
vt 0.359375 0.000000
vt 0.343750 0.437500
vt 0.343750 0.875000
vt 0.343750 0.375000
vt 0.343750 0.812500
vt 0.343750 0.312500
vt 0.343750 0.750000
vt 0.343750 0.250000
vt 0.312500 0.437500
vt 0.312500 0.375000
vt 0.312500 0.875000
vt 0.312500 0.812500
vt 0.312500 0.312500
vt 0.312500 0.750000
vt 0.312500 0.250000
vt 0.312500 0.687500
vt 0.312500 0.187500
vt 0.312500 0.625000
vt 0.312500 0.125000
vt 0.312500 0.562500
vt 0.312500 0.062500
vt 0.312500 0.500000
vt 0.328125 1.000000
vt 0.312500 0.937500
vt 0.328125 0.000000
vt 0.281250 0.187500
vt 0.281250 0.125000
vt 0.281250 0.625000
vt 0.281250 0.562500
vt 0.281250 0.062500
vt 0.281250 0.500000
vt 0.296875 1.000000
vt 0.281250 0.937500
vt 0.296875 0.000000
vt 0.281250 0.437500
vt 0.281250 0.875000
vt 0.281250 0.375000
vt 0.281250 0.812500
vt 0.281250 0.312500
vt 0.281250 0.750000
vt 0.281250 0.250000
vt 0.281250 0.687500
vt 0.250000 0.375000
vt 0.250000 0.312500
vt 0.250000 0.812500
vt 0.250000 0.750000
vt 0.250000 0.250000
vt 0.250000 0.687500
vt 0.250000 0.187500
vt 0.250000 0.625000
vt 0.250000 0.125000
vt 0.250000 0.562500
vt 0.250000 0.062500
vt 0.250000 0.500000
vt 0.265625 1.000000
vt 0.250000 0.937500
vt 0.265625 0.000000
vt 0.250000 0.437500
vt 0.250000 0.875000
vt 0.218750 0.125000
vt 0.218750 0.062500
vt 0.218750 0.562500
vt 0.218750 0.500000
vt 0.234375 1.000000
vt 0.218750 0.937500
vt 0.234375 0.000000
vt 0.218750 0.437500
vt 0.218750 0.875000
vt 0.218750 0.375000
vt 0.218750 0.812500
vt 0.218750 0.312500
vt 0.218750 0.750000
vt 0.218750 0.250000
vt 0.218750 0.687500
vt 0.218750 0.187500
vt 0.218750 0.625000
vt 0.187500 0.812500
vt 0.187500 0.750000
vt 0.187500 0.312500
vt 0.187500 0.250000
vt 0.187500 0.687500
vt 0.187500 0.187500
vt 0.187500 0.625000
vt 0.187500 0.125000
vt 0.187500 0.562500
vt 0.187500 0.062500
vt 0.187500 0.500000
vt 0.203125 1.000000
vt 0.187500 0.937500
vt 0.203125 0.000000
vt 0.187500 0.437500
vt 0.187500 0.875000
vt 0.187500 0.375000
vt 0.156250 0.562500
vt 0.156250 0.500000
vt 0.171875 1.000000
vt 0.156250 0.937500
vt 0.171875 0.000000
vt 0.156250 0.062500
vt 0.156250 0.437500
vt 0.156250 0.875000
vt 0.156250 0.375000
vt 0.156250 0.812500
vt 0.156250 0.312500
vt 0.156250 0.750000
vt 0.156250 0.250000
vt 0.156250 0.687500
vt 0.156250 0.187500
vt 0.156250 0.625000
vt 0.156250 0.125000
vt 0.125000 0.312500
vt 0.125000 0.250000
vt 0.125000 0.750000
vt 0.125000 0.687500
vt 0.125000 0.187500
vt 0.125000 0.625000
vt 0.125000 0.125000
vt 0.125000 0.562500
vt 0.125000 0.062500
vt 0.125000 0.500000
vt 0.140625 1.000000
vt 0.125000 0.937500
vt 0.140625 0.000000
vt 0.125000 0.437500
vt 0.125000 0.875000
vt 0.125000 0.375000
vt 0.125000 0.812500
vt 0.109375 1.000000
vt 0.093750 0.937500
vt 0.109375 0.000000
vt 0.093750 0.062500
vt 0.093750 0.500000
vt 0.093750 0.437500
vt 0.093750 0.875000
vt 0.093750 0.375000
vt 0.093750 0.812500
vt 0.093750 0.312500
vt 0.093750 0.750000
vt 0.093750 0.250000
vt 0.093750 0.687500
vt 0.093750 0.187500
vt 0.093750 0.625000
vt 0.093750 0.125000
vt 0.093750 0.562500
vt 0.062500 0.750000
vt 0.062500 0.687500
vt 0.062500 0.250000
vt 0.062500 0.187500
vt 0.062500 0.625000
vt 0.062500 0.125000
vt 0.062500 0.562500
vt 0.062500 0.062500
vt 0.062500 0.500000
vt 0.078125 1.000000
vt 0.062500 0.937500
vt 0.078125 0.000000
vt 0.062500 0.437500
vt 0.062500 0.875000
vt 0.062500 0.375000
vt 0.062500 0.812500
vt 0.062500 0.312500
vt 0.031250 0.500000
vt 0.031250 0.437500
vt 0.031250 0.937500
vt 0.031250 0.875000
vt 0.031250 0.375000
vt 0.031250 0.812500
vt 0.031250 0.312500
vt 0.031250 0.750000
vt 0.031250 0.250000
vt 0.031250 0.687500
vt 0.031250 0.187500
vt 0.031250 0.625000
vt 0.031250 0.125000
vt 0.031250 0.562500
vt 0.031250 0.062500
vt 0.046875 1.000000
vt 0.046875 0.000000
vt 0.000000 0.250000
vt 0.000000 0.187500
vt 0.000000 0.687500
vt 0.000000 0.625000
vt 0.000000 0.125000
vt 0.000000 0.562500
vt 0.000000 0.062500
vt 0.000000 0.500000
vt 0.015625 1.000000
vt 0.000000 0.937500
vt 0.015625 0.000000
vt 0.000000 0.437500
vt 0.000000 0.875000
vt 0.000000 0.375000
vt 0.000000 0.812500
vt 0.000000 0.312500
vt 0.000000 0.750000
vt 1.000000 0.375000
vt 1.000000 0.437500
vt 0.968750 0.437500
vt 0.968750 0.375000
vt 1.000000 0.812500
vt 1.000000 0.875000
vt 0.968750 0.875000
vt 0.968750 0.812500
vt 1.000000 0.312500
vt 0.968750 0.312500
vt 1.000000 0.750000
vt 0.968750 0.750000
vt 1.000000 0.250000
vt 0.968750 0.250000
vt 1.000000 0.687500
vt 0.968750 0.687500
vt 1.000000 0.187500
vt 0.968750 0.187500
vt 1.000000 0.625000
vt 0.968750 0.625000
vt 1.000000 0.125000
vt 0.968750 0.125000
vt 1.000000 0.562500
vt 0.968750 0.562500
vt 1.000000 0.062500
vt 0.968750 0.062500
vt 1.000000 0.500000
vt 0.968750 0.500000
vt 1.000000 0.937500
vt 0.984375 1.000000
vt 0.968750 0.937500
vt 0.984375 0.000000
vt 0.937500 0.187500
vt 0.937500 0.125000
vt 0.937500 0.625000
vt 0.937500 0.562500
vt 0.937500 0.062500
vt 0.937500 0.500000
vt 0.953125 1.000000
vt 0.937500 0.937500
vt 0.953125 0.000000
vt 0.937500 0.437500
vt 0.937500 0.875000
vt 0.937500 0.375000
vt 0.937500 0.812500
vt 0.937500 0.312500
vt 0.937500 0.750000
vt 0.937500 0.250000
vt 0.937500 0.687500
vt 0.906250 0.875000
vt 0.906250 0.812500
vt 0.906250 0.375000
vt 0.906250 0.312500
vt 0.906250 0.750000
vt 0.906250 0.250000
vt 0.906250 0.687500
vt 0.906250 0.187500
vt 0.906250 0.625000
vt 0.906250 0.125000
vt 0.906250 0.562500
vt 0.906250 0.062500
vt 0.906250 0.500000
vt 0.921875 1.000000
vt 0.906250 0.937500
vt 0.921875 0.000000
vt 0.906250 0.437500
vt 0.875000 0.625000
vt 0.875000 0.562500
vt 0.875000 0.125000
vt 0.875000 0.062500
vt 0.875000 0.500000
vt 0.890625 1.000000
vt 0.875000 0.937500
vt 0.890625 0.000000
vt 0.875000 0.437500
vt 0.875000 0.875000
vt 0.875000 0.375000
vt 0.875000 0.812500
vt 0.875000 0.312500
vt 0.875000 0.750000
vt 0.875000 0.250000
vt 0.875000 0.687500
vt 0.875000 0.187500
vt 0.843750 0.375000
vt 0.843750 0.312500
vt 0.843750 0.812500
vt 0.843750 0.750000
vt 0.843750 0.250000
vt 0.843750 0.687500
vt 0.843750 0.187500
vt 0.843750 0.625000
vt 0.843750 0.125000
vt 0.843750 0.562500
vt 0.843750 0.062500
vt 0.843750 0.500000
vt 0.859375 1.000000
vt 0.843750 0.937500
vt 0.859375 0.000000
vt 0.843750 0.437500
vt 0.843750 0.875000
vt 0.812500 0.125000
vt 0.812500 0.062500
vt 0.812500 0.562500
vt 0.812500 0.500000
vt 0.828125 1.000000
vt 0.812500 0.937500
vt 0.828125 0.000000
vt 0.812500 0.437500
vt 0.812500 0.875000
vt 0.812500 0.375000
vt 0.812500 0.812500
vt 0.812500 0.312500
vt 0.812500 0.750000
vt 0.812500 0.250000
vt 0.812500 0.687500
vt 0.812500 0.187500
vt 0.812500 0.625000
vt 0.781250 0.812500
vt 0.781250 0.750000
vt 0.781250 0.312500
vt 0.781250 0.250000
vt 0.781250 0.687500
vt 0.781250 0.187500
vt 0.781250 0.625000
vt 0.781250 0.125000
vt 0.781250 0.562500
vt 0.781250 0.062500
vt 0.781250 0.500000
vt 0.796875 1.000000
vt 0.781250 0.937500
vt 0.796875 0.000000
vt 0.781250 0.437500
vt 0.781250 0.875000
vt 0.781250 0.375000
vt 0.765625 1.000000
vt 0.765625 0.000000
s 0
usemtl Foliage
f 4614/5645/3901 4613/5646/3901 4152/5647/3901 4153/5648/3901
f 4136/5649/3902 4135/5650/3902 4145/5651/3902 4146/5652/3902
f 4606/5653/3903 4214/5654/3903 4139/5655/3903
f 4440/5656/3904 4614/5645/3904 4153/5648/3904
f 4137/5657/3905 4136/5649/3905 4146/5652/3905 4147/5658/3905
f 4607/5659/3906 4606/5653/3906 4139/5655/3906 4140/5660/3906
f 4610/5661/3907 4137/5657/3907 4147/5658/3907 4148/5662/3907
f 4133/5663/3908 4607/5659/3908 4140/5660/3908 4141/5664/3908
f 4138/5665/3909 4610/5661/3909 4148/5662/3909 4149/5666/3909
f 4608/5667/3910 4133/5663/3910 4141/5664/3910 4142/5668/3910
f 4611/5669/3911 4138/5665/3911 4149/5666/3911 4150/5670/3911
f 4134/5671/3912 4608/5667/3912 4142/5668/3912 4143/5672/3912
f 4612/5673/3913 4611/5669/3913 4150/5670/3913 4151/5674/3913
f 4609/5675/3914 4134/5671/3914 4143/5672/3914 4144/5676/3914
f 4613/5646/3915 4612/5673/3915 4151/5674/3915 4152/5647/3915
f 4135/5650/3916 4609/5675/3916 4144/5676/3916 4145/5651/3916
f 4152/5647/3917 4151/5674/3917 4166/5677/3917 4167/5678/3917
f 4145/5651/3918 4144/5676/3918 4159/5679/3918 4160/5680/3918
f 4153/5648/3919 4152/5647/3919 4167/5678/3919 4168/5681/3919
f 4146/5652/3920 4145/5651/3920 4160/5680/3920 4161/5682/3920
f 4139/5655/3921 4214/5683/3921 4154/5684/3921
f 4440/5685/3922 4153/5648/3922 4168/5681/3922
f 4147/5658/3923 4146/5652/3923 4161/5682/3923 4162/5686/3923
f 4140/5660/3924 4139/5655/3924 4154/5684/3924 4155/5687/3924
f 4148/5662/3925 4147/5658/3925 4162/5686/3925 4163/5688/3925
f 4141/5664/3926 4140/5660/3926 4155/5687/3926 4156/5689/3926
f 4149/5666/3927 4148/5662/3927 4163/5688/3927 4164/5690/3927
f 4142/5668/3928 4141/5664/3928 4156/5689/3928 4157/5691/3928
f 4150/5670/3929 4149/5666/3929 4164/5690/3929 4165/5692/3929
f 4143/5672/3930 4142/5668/3930 4157/5691/3930 4158/5693/3930
f 4151/5674/3931 4150/5670/3931 4165/5692/3931 4166/5677/3931
f 4144/5676/3932 4143/5672/3932 4158/5693/3932 4159/5679/3932
f 4156/5689/3933 4155/5687/3933 4170/5694/3933 4171/5695/3933
f 4164/5690/3934 4163/5688/3934 4178/5696/3934 4179/5697/3934
f 4157/5691/3935 4156/5689/3935 4171/5695/3935 4172/5698/3935
f 4165/5692/3936 4164/5690/3936 4179/5697/3936 4180/5699/3936
f 4158/5693/3937 4157/5691/3937 4172/5698/3937 4173/5700/3937
f 4166/5677/3938 4165/5692/3938 4180/5699/3938 4181/5701/3938
f 4159/5679/3939 4158/5693/3939 4173/5700/3939 4174/5702/3939
f 4167/5678/3940 4166/5677/3940 4181/5701/3940 4182/5703/3940
f 4160/5680/3941 4159/5679/3941 4174/5702/3941 4175/5704/3941
f 4168/5681/3942 4167/5678/3942 4182/5703/3942 4183/5705/3942
f 4161/5682/3943 4160/5680/3943 4175/5704/3943 4176/5706/3943
f 4154/5684/3944 4214/5707/3944 4169/5708/3944
f 4440/5709/3945 4168/5681/3945 4183/5705/3945
f 4162/5686/3946 4161/5682/3946 4176/5706/3946 4177/5710/3946
f 4155/5687/3947 4154/5684/3947 4169/5708/3947 4170/5694/3947
f 4163/5688/3948 4162/5686/3948 4177/5710/3948 4178/5696/3948
f 4175/5704/3949 4174/5702/3949 4189/5711/3949 4190/5712/3949
f 4183/5705/3950 4182/5703/3950 4197/5713/3950 4198/5714/3950
f 4176/5706/3951 4175/5704/3951 4190/5712/3951 4191/5715/3951
f 4169/5708/3952 4214/5716/3952 4184/5717/3952
f 4440/5718/3953 4183/5705/3953 4198/5714/3953
f 4177/5710/3954 4176/5706/3954 4191/5715/3954 4192/5719/3954
f 4170/5694/3955 4169/5708/3955 4184/5717/3955 4185/5720/3955
f 4178/5696/3956 4177/5710/3956 4192/5719/3956 4193/5721/3956
f 4171/5695/3957 4170/5694/3957 4185/5720/3957 4186/5722/3957
f 4179/5697/3958 4178/5696/3958 4193/5721/3958 4194/5723/3958
f 4172/5698/3959 4171/5695/3959 4186/5722/3959 4187/5724/3959
f 4180/5699/3960 4179/5697/3960 4194/5723/3960 4195/5725/3960
f 4173/5700/3961 4172/5698/3961 4187/5724/3961 4188/5726/3961
f 4181/5701/3962 4180/5699/3962 4195/5725/3962 4196/5727/3962
f 4174/5702/3963 4173/5700/3963 4188/5726/3963 4189/5711/3963
f 4182/5703/3964 4181/5701/3964 4196/5727/3964 4197/5713/3964
f 4194/5723/3965 4193/5721/3965 4208/5728/3965 4209/5729/3965
f 4187/5724/3966 4186/5722/3966 4201/5730/3966 4202/5731/3966
f 4195/5725/3967 4194/5723/3967 4209/5729/3967 4210/5732/3967
f 4188/5726/3968 4187/5724/3968 4202/5731/3968 4203/5733/3968
f 4196/5727/3969 4195/5725/3969 4210/5732/3969 4211/5734/3969
f 4189/5711/3970 4188/5726/3970 4203/5733/3970 4204/5735/3970
f 4197/5713/3971 4196/5727/3971 4211/5734/3971 4212/5736/3971
f 4190/5712/3972 4189/5711/3972 4204/5735/3972 4205/5737/3972
f 4198/5714/3973 4197/5713/3973 4212/5736/3973 4213/5738/3973
f 4191/5715/3974 4190/5712/3974 4205/5737/3974 4206/5739/3974
f 4184/5717/3975 4214/5740/3975 4199/5741/3975
f 4440/5742/3976 4198/5714/3976 4213/5738/3976
f 4192/5719/3977 4191/5715/3977 4206/5739/3977 4207/5743/3977
f 4185/5720/3978 4184/5717/3978 4199/5741/3978 4200/5744/3978
f 4193/5721/3979 4192/5719/3979 4207/5743/3979 4208/5728/3979
f 4186/5722/3980 4185/5720/3980 4200/5744/3980 4201/5730/3980
f 4213/5738/3981 4212/5736/3981 4228/5745/3981 4229/5746/3981
f 4206/5739/3982 4205/5737/3982 4221/5747/3982 4222/5748/3982
f 4199/5741/3983 4214/5749/3983 4215/5750/3983
f 4440/5751/3984 4213/5738/3984 4229/5746/3984
f 4207/5743/3985 4206/5739/3985 4222/5748/3985 4223/5752/3985
f 4200/5744/3986 4199/5741/3986 4215/5750/3986 4216/5753/3986
f 4208/5728/3987 4207/5743/3987 4223/5752/3987 4224/5754/3987
f 4201/5730/3988 4200/5744/3988 4216/5753/3988 4217/5755/3988
f 4209/5729/3989 4208/5728/3989 4224/5754/3989 4225/5756/3989
f 4202/5731/3990 4201/5730/3990 4217/5755/3990 4218/5757/3990
f 4210/5732/3991 4209/5729/3991 4225/5756/3991 4226/5758/3991
f 4203/5733/3992 4202/5731/3992 4218/5757/3992 4219/5759/3992
f 4211/5734/3993 4210/5732/3993 4226/5758/3993 4227/5760/3993
f 4204/5735/3994 4203/5733/3994 4219/5759/3994 4220/5761/3994
f 4212/5736/3995 4211/5734/3995 4227/5760/3995 4228/5745/3995
f 4205/5737/3996 4204/5735/3996 4220/5761/3996 4221/5747/3996
f 4226/5758/3997 4225/5756/3997 4240/5762/3997 4241/5763/3997
f 4219/5759/3998 4218/5757/3998 4233/5764/3998 4234/5765/3998
f 4227/5760/3999 4226/5758/3999 4241/5763/3999 4242/5766/3999
f 4220/5761/4000 4219/5759/4000 4234/5765/4000 4235/5767/4000
f 4228/5745/4001 4227/5760/4001 4242/5766/4001 4243/5768/4001
f 4221/5747/4002 4220/5761/4002 4235/5767/4002 4236/5769/4002
f 4229/5746/4003 4228/5745/4003 4243/5768/4003 4244/5770/4003
f 4222/5748/4004 4221/5747/4004 4236/5769/4004 4237/5771/4004
f 4215/5750/4005 4214/5772/4005 4230/5773/4005
f 4440/5774/4006 4229/5746/4006 4244/5770/4006
f 4223/5752/4007 4222/5748/4007 4237/5771/4007 4238/5775/4007
f 4216/5753/4008 4215/5750/4008 4230/5773/4008 4231/5776/4008
f 4224/5754/4009 4223/5752/4009 4238/5775/4009 4239/5777/4009
f 4217/5755/4010 4216/5753/4010 4231/5776/4010 4232/5778/4010
f 4225/5756/4011 4224/5754/4011 4239/5777/4011 4240/5762/4011
f 4218/5757/4012 4217/5755/4012 4232/5778/4012 4233/5764/4012
f 4230/5773/4013 4214/5779/4013 4245/5780/4013
f 4440/5781/4014 4244/5770/4014 4259/5782/4014
f 4238/5775/4015 4237/5771/4015 4252/5783/4015 4253/5784/4015
f 4231/5776/4016 4230/5773/4016 4245/5780/4016 4246/5785/4016
f 4239/5777/4017 4238/5775/4017 4253/5784/4017 4254/5786/4017
f 4232/5778/4018 4231/5776/4018 4246/5785/4018 4247/5787/4018
f 4240/5762/4019 4239/5777/4019 4254/5786/4019 4255/5788/4019
f 4233/5764/4020 4232/5778/4020 4247/5787/4020 4248/5789/4020
f 4241/5763/4021 4240/5762/4021 4255/5788/4021 4256/5790/4021
f 4234/5765/4022 4233/5764/4022 4248/5789/4022 4249/5791/4022
f 4242/5766/4023 4241/5763/4023 4256/5790/4023 4257/5792/4023
f 4235/5767/4024 4234/5765/4024 4249/5791/4024 4250/5793/4024
f 4243/5768/4025 4242/5766/4025 4257/5792/4025 4258/5794/4025
f 4236/5769/4026 4235/5767/4026 4250/5793/4026 4251/5795/4026
f 4244/5770/4027 4243/5768/4027 4258/5794/4027 4259/5782/4027
f 4237/5771/4028 4236/5769/4028 4251/5795/4028 4252/5783/4028
f 4249/5791/4029 4248/5789/4029 4263/5796/4029 4264/5797/4029
f 4257/5792/4030 4256/5790/4030 4271/5798/4030 4272/5799/4030
f 4250/5793/4031 4249/5791/4031 4264/5797/4031 4265/5800/4031
f 4258/5794/4032 4257/5792/4032 4272/5799/4032 4273/5801/4032
f 4251/5795/4033 4250/5793/4033 4265/5800/4033 4266/5802/4033
f 4259/5782/4034 4258/5794/4034 4273/5801/4034 4274/5803/4034
f 4252/5783/4035 4251/5795/4035 4266/5802/4035 4267/5804/4035
f 4245/5780/4036 4214/5805/4036 4260/5806/4036
f 4440/5807/4037 4259/5782/4037 4274/5803/4037
f 4253/5784/4038 4252/5783/4038 4267/5804/4038 4268/5808/4038
f 4246/5785/4039 4245/5780/4039 4260/5806/4039 4261/5809/4039
f 4254/5786/4040 4253/5784/4040 4268/5808/4040 4269/5810/4040
f 4247/5787/4041 4246/5785/4041 4261/5809/4041 4262/5811/4041
f 4255/5788/4042 4254/5786/4042 4269/5810/4042 4270/5812/4042
f 4248/5789/4043 4247/5787/4043 4262/5811/4043 4263/5796/4043
f 4256/5790/4044 4255/5788/4044 4270/5812/4044 4271/5798/4044
f 4268/5808/4045 4267/5804/4045 4282/5813/4045 4283/5814/4045
f 4261/5809/4046 4260/5806/4046 4275/5815/4046 4276/5816/4046
f 4269/5810/4047 4268/5808/4047 4283/5814/4047 4284/5817/4047
f 4262/5811/4048 4261/5809/4048 4276/5816/4048 4277/5818/4048
f 4270/5812/4049 4269/5810/4049 4284/5817/4049 4285/5819/4049
f 4263/5796/4050 4262/5811/4050 4277/5818/4050 4278/5820/4050
f 4271/5798/4051 4270/5812/4051 4285/5819/4051 4286/5821/4051
f 4264/5797/4052 4263/5796/4052 4278/5820/4052 4279/5822/4052
f 4272/5799/4053 4271/5798/4053 4286/5821/4053 4287/5823/4053
f 4265/5800/4054 4264/5797/4054 4279/5822/4054 4280/5824/4054
f 4273/5801/4055 4272/5799/4055 4287/5823/4055 4288/5825/4055
f 4266/5802/4056 4265/5800/4056 4280/5824/4056 4281/5826/4056
f 4274/5803/4057 4273/5801/4057 4288/5825/4057 4289/5827/4057
f 4267/5804/4058 4266/5802/4058 4281/5826/4058 4282/5813/4058
f 4260/5806/4059 4214/5828/4059 4275/5815/4059
f 4440/5829/4060 4274/5803/4060 4289/5827/4060
f 4287/5823/4061 4286/5821/4061 4301/5830/4061 4302/5831/4061
f 4280/5824/4062 4279/5822/4062 4294/5832/4062 4295/5833/4062
f 4288/5825/4063 4287/5823/4063 4302/5831/4063 4303/5834/4063
f 4281/5826/4064 4280/5824/4064 4295/5833/4064 4296/5835/4064
f 4289/5827/4065 4288/5825/4065 4303/5834/4065 4304/5836/4065
f 4282/5813/4066 4281/5826/4066 4296/5835/4066 4297/5837/4066
f 4275/5815/4067 4214/5838/4067 4290/5839/4067
f 4440/5840/4068 4289/5827/4068 4304/5836/4068
f 4283/5814/4069 4282/5813/4069 4297/5837/4069 4298/5841/4069
f 4276/5816/4070 4275/5815/4070 4290/5839/4070 4291/5842/4070
f 4284/5817/4071 4283/5814/4071 4298/5841/4071 4299/5843/4071
f 4277/5818/4072 4276/5816/4072 4291/5842/4072 4292/5844/4072
f 4285/5819/4073 4284/5817/4073 4299/5843/4073 4300/5845/4073
f 4278/5820/4074 4277/5818/4074 4292/5844/4074 4293/5846/4074
f 4286/5821/4075 4285/5819/4075 4300/5845/4075 4301/5830/4075
f 4279/5822/4076 4278/5820/4076 4293/5846/4076 4294/5832/4076
f 4291/5842/4077 4290/5839/4077 4305/5847/4077 4306/5848/4077
f 4299/5843/4078 4298/5841/4078 4313/5849/4078 4314/5850/4078
f 4292/5844/4079 4291/5842/4079 4306/5848/4079 4307/5851/4079
f 4300/5845/4080 4299/5843/4080 4314/5850/4080 4315/5852/4080
f 4293/5846/4081 4292/5844/4081 4307/5851/4081 4308/5853/4081
f 4301/5830/4082 4300/5845/4082 4315/5852/4082 4316/5854/4082
f 4294/5832/4083 4293/5846/4083 4308/5853/4083 4309/5855/4083
f 4302/5831/4084 4301/5830/4084 4316/5854/4084 4317/5856/4084
f 4295/5833/4085 4294/5832/4085 4309/5855/4085 4310/5857/4085
f 4303/5834/4086 4302/5831/4086 4317/5856/4086 4318/5858/4086
f 4296/5835/4087 4295/5833/4087 4310/5857/4087 4311/5859/4087
f 4304/5836/4088 4303/5834/4088 4318/5858/4088 4319/5860/4088
f 4297/5837/4089 4296/5835/4089 4311/5859/4089 4312/5861/4089
f 4290/5839/4090 4214/5862/4090 4305/5847/4090
f 4440/5863/4091 4304/5836/4091 4319/5860/4091
f 4298/5841/4092 4297/5837/4092 4312/5861/4092 4313/5849/4092
f 4310/5857/4093 4309/5855/4093 4324/5864/4093 4325/5865/4093
f 4318/5858/4094 4317/5856/4094 4332/5866/4094 4333/5867/4094
f 4311/5859/4095 4310/5857/4095 4325/5865/4095 4326/5868/4095
f 4319/5860/4096 4318/5858/4096 4333/5867/4096 4334/5869/4096
f 4312/5861/4097 4311/5859/4097 4326/5868/4097 4327/5870/4097
f 4305/5847/4098 4214/5871/4098 4320/5872/4098
f 4440/5873/4099 4319/5860/4099 4334/5869/4099
f 4313/5849/4100 4312/5861/4100 4327/5870/4100 4328/5874/4100
f 4306/5848/4101 4305/5847/4101 4320/5872/4101 4321/5875/4101
f 4314/5850/4102 4313/5849/4102 4328/5874/4102 4329/5876/4102
f 4307/5851/4103 4306/5848/4103 4321/5875/4103 4322/5877/4103
f 4315/5852/4104 4314/5850/4104 4329/5876/4104 4330/5878/4104
f 4308/5853/4105 4307/5851/4105 4322/5877/4105 4323/5879/4105
f 4316/5854/4106 4315/5852/4106 4330/5878/4106 4331/5880/4106
f 4309/5855/4107 4308/5853/4107 4323/5879/4107 4324/5864/4107
f 4317/5856/4108 4316/5854/4108 4331/5880/4108 4332/5866/4108
f 4329/5876/4109 4328/5874/4109 4343/5881/4109 4344/5882/4109
f 4322/5877/4110 4321/5875/4110 4336/5883/4110 4337/5884/4110
f 4330/5878/4111 4329/5876/4111 4344/5882/4111 4345/5885/4111
f 4323/5879/4112 4322/5877/4112 4337/5884/4112 4338/5886/4112
f 4331/5880/4113 4330/5878/4113 4345/5885/4113 4346/5887/4113
f 4324/5864/4114 4323/5879/4114 4338/5886/4114 4339/5888/4114
f 4332/5866/4115 4331/5880/4115 4346/5887/4115 4347/5889/4115
f 4325/5865/4116 4324/5864/4116 4339/5888/4116 4340/5890/4116
f 4333/5867/4117 4332/5866/4117 4347/5889/4117 4348/5891/4117
f 4326/5868/4118 4325/5865/4118 4340/5890/4118 4341/5892/4118
f 4334/5869/4119 4333/5867/4119 4348/5891/4119 4349/5893/4119
f 4327/5870/4120 4326/5868/4120 4341/5892/4120 4342/5894/4120
f 4320/5872/4121 4214/5895/4121 4335/5896/4121
f 4440/5897/4122 4334/5869/4122 4349/5893/4122
f 4328/5874/4123 4327/5870/4123 4342/5894/4123 4343/5881/4123
f 4321/5875/4124 4320/5872/4124 4335/5896/4124 4336/5883/4124
f 4348/5891/4125 4347/5889/4125 4362/5898/4125 4363/5899/4125
f 4341/5892/4126 4340/5890/4126 4355/5900/4126 4356/5901/4126
f 4349/5893/4127 4348/5891/4127 4363/5899/4127 4364/5902/4127
f 4342/5894/4128 4341/5892/4128 4356/5901/4128 4357/5903/4128
f 4335/5896/4129 4214/5904/4129 4350/5905/4129
f 4440/5906/4130 4349/5893/4130 4364/5902/4130
f 4343/5881/4131 4342/5894/4131 4357/5903/4131 4358/5907/4131
f 4336/5883/4132 4335/5896/4132 4350/5905/4132 4351/5908/4132
f 4344/5882/4133 4343/5881/4133 4358/5907/4133 4359/5909/4133
f 4337/5884/4134 4336/5883/4134 4351/5908/4134 4352/5910/4134
f 4345/5885/4135 4344/5882/4135 4359/5909/4135 4360/5911/4135
f 4338/5886/4136 4337/5884/4136 4352/5910/4136 4353/5912/4136
f 4346/5887/4137 4345/5885/4137 4360/5911/4137 4361/5913/4137
f 4339/5888/4138 4338/5886/4138 4353/5912/4138 4354/5914/4138
f 4347/5889/4139 4346/5887/4139 4361/5913/4139 4362/5898/4139
f 4340/5890/4140 4339/5888/4140 4354/5914/4140 4355/5900/4140
f 4360/5911/4141 4359/5909/4141 4374/5915/4141 4375/5916/4141
f 4353/5912/4142 4352/5910/4142 4367/5917/4142 4368/5918/4142
f 4361/5913/4143 4360/5911/4143 4375/5916/4143 4376/5919/4143
f 4354/5914/4144 4353/5912/4144 4368/5918/4144 4369/5920/4144
f 4362/5898/4145 4361/5913/4145 4376/5919/4145 4377/5921/4145
f 4355/5900/4146 4354/5914/4146 4369/5920/4146 4370/5922/4146
f 4363/5899/4147 4362/5898/4147 4377/5921/4147 4378/5923/4147
f 4356/5901/4148 4355/5900/4148 4370/5922/4148 4371/5924/4148
f 4364/5902/4149 4363/5899/4149 4378/5923/4149 4379/5925/4149
f 4357/5903/4150 4356/5901/4150 4371/5924/4150 4372/5926/4150
f 4350/5905/4151 4214/5927/4151 4365/5928/4151
f 4440/5929/4152 4364/5902/4152 4379/5925/4152
f 4358/5907/4153 4357/5903/4153 4372/5926/4153 4373/5930/4153
f 4351/5908/4154 4350/5905/4154 4365/5928/4154 4366/5931/4154
f 4359/5909/4155 4358/5907/4155 4373/5930/4155 4374/5915/4155
f 4352/5910/4156 4351/5908/4156 4366/5931/4156 4367/5917/4156
f 4379/5925/4157 4378/5923/4157 4393/5932/4157 4394/5933/4157
f 4372/5926/4158 4371/5924/4158 4386/5934/4158 4387/5935/4158
f 4365/5928/4159 4214/5936/4159 4380/5937/4159
f 4440/5938/4160 4379/5925/4160 4394/5933/4160
f 4373/5930/4161 4372/5926/4161 4387/5935/4161 4388/5939/4161
f 4366/5931/4162 4365/5928/4162 4380/5937/4162 4381/5940/4162
f 4374/5915/4163 4373/5930/4163 4388/5939/4163 4389/5941/4163
f 4367/5917/4164 4366/5931/4164 4381/5940/4164 4382/5942/4164
f 4375/5916/4165 4374/5915/4165 4389/5941/4165 4390/5943/4165
f 4368/5918/4166 4367/5917/4166 4382/5942/4166 4383/5944/4166
f 4376/5919/4167 4375/5916/4167 4390/5943/4167 4391/5945/4167
f 4369/5920/4168 4368/5918/4168 4383/5944/4168 4384/5946/4168
f 4377/5921/4169 4376/5919/4169 4391/5945/4169 4392/5947/4169
f 4370/5922/4170 4369/5920/4170 4384/5946/4170 4385/5948/4170
f 4378/5923/4171 4377/5921/4171 4392/5947/4171 4393/5932/4171
f 4371/5924/4172 4370/5922/4172 4385/5948/4172 4386/5934/4172
f 4383/5944/4173 4382/5942/4173 4397/5949/4173 4398/5950/4173
f 4391/5945/4174 4390/5943/4174 4405/5951/4174 4406/5952/4174
f 4384/5946/4175 4383/5944/4175 4398/5950/4175 4399/5953/4175
f 4392/5947/4176 4391/5945/4176 4406/5952/4176 4407/5954/4176
f 4385/5948/4177 4384/5946/4177 4399/5953/4177 4400/5955/4177
f 4393/5932/4178 4392/5947/4178 4407/5954/4178 4408/5956/4178
f 4386/5934/4179 4385/5948/4179 4400/5955/4179 4401/5957/4179
f 4394/5933/4180 4393/5932/4180 4408/5956/4180 4409/5958/4180
f 4387/5935/4181 4386/5934/4181 4401/5957/4181 4402/5959/4181
f 4380/5937/4182 4214/5960/4182 4395/5961/4182
f 4440/5962/4183 4394/5933/4183 4409/5958/4183
f 4388/5939/4184 4387/5935/4184 4402/5959/4184 4403/5963/4184
f 4381/5940/4185 4380/5937/4185 4395/5961/4185 4396/5964/4185
f 4389/5941/4186 4388/5939/4186 4403/5963/4186 4404/5965/4186
f 4382/5942/4187 4381/5940/4187 4396/5964/4187 4397/5949/4187
f 4390/5943/4188 4389/5941/4188 4404/5965/4188 4405/5951/4188
f 4402/5959/4189 4401/5957/4189 4416/5966/4189 4417/5967/4189
f 4395/5961/4190 4214/5968/4190 4410/5969/4190
f 4440/5970/4191 4409/5958/4191 4424/5971/4191
f 4403/5963/4192 4402/5959/4192 4417/5967/4192 4418/5972/4192
f 4396/5964/4193 4395/5961/4193 4410/5969/4193 4411/5973/4193
f 4404/5965/4194 4403/5963/4194 4418/5972/4194 4419/5974/4194
f 4397/5949/4195 4396/5964/4195 4411/5973/4195 4412/5975/4195
f 4405/5951/4196 4404/5965/4196 4419/5974/4196 4420/5976/4196
f 4398/5950/4197 4397/5949/4197 4412/5975/4197 4413/5977/4197
f 4406/5952/4198 4405/5951/4198 4420/5976/4198 4421/5978/4198
f 4399/5953/4199 4398/5950/4199 4413/5977/4199 4414/5979/4199
f 4407/5954/4200 4406/5952/4200 4421/5978/4200 4422/5980/4200
f 4400/5955/4201 4399/5953/4201 4414/5979/4201 4415/5981/4201
f 4408/5956/4202 4407/5954/4202 4422/5980/4202 4423/5982/4202
f 4401/5957/4203 4400/5955/4203 4415/5981/4203 4416/5966/4203
f 4409/5958/4204 4408/5956/4204 4423/5982/4204 4424/5971/4204
f 4421/5978/4205 4420/5976/4205 4435/5983/4205 4436/5984/4205
f 4414/5979/4206 4413/5977/4206 4428/5985/4206 4429/5986/4206
f 4422/5980/4207 4421/5978/4207 4436/5984/4207 4437/5987/4207
f 4415/5981/4208 4414/5979/4208 4429/5986/4208 4430/5988/4208
f 4423/5982/4209 4422/5980/4209 4437/5987/4209 4438/5989/4209
f 4416/5966/4210 4415/5981/4210 4430/5988/4210 4431/5990/4210
f 4424/5971/4211 4423/5982/4211 4438/5989/4211 4439/5991/4211
f 4417/5967/4212 4416/5966/4212 4431/5990/4212 4432/5992/4212
f 4410/5969/4213 4214/5993/4213 4425/5994/4213
f 4440/5995/4214 4424/5971/4214 4439/5991/4214
f 4418/5972/4215 4417/5967/4215 4432/5992/4215 4433/5996/4215
f 4411/5973/4216 4410/5969/4216 4425/5994/4216 4426/5997/4216
f 4419/5974/4217 4418/5972/4217 4433/5996/4217 4434/5998/4217
f 4412/5975/4218 4411/5973/4218 4426/5997/4218 4427/5999/4218
f 4420/5976/4219 4419/5974/4219 4434/5998/4219 4435/5983/4219
f 4413/5977/4220 4412/5975/4220 4427/5999/4220 4428/5985/4220
f 4425/5994/4221 4214/6000/4221 4441/6001/4221
f 4440/6002/4222 4439/5991/4222 4455/6003/4222
f 4433/5996/4223 4432/5992/4223 4448/6004/4223 4449/6005/4223
f 4426/5997/4224 4425/5994/4224 4441/6001/4224 4442/6006/4224
f 4434/5998/4225 4433/5996/4225 4449/6005/4225 4450/6007/4225
f 4427/5999/4226 4426/5997/4226 4442/6006/4226 4443/6008/4226
f 4435/5983/4227 4434/5998/4227 4450/6007/4227 4451/6009/4227
f 4428/5985/4228 4427/5999/4228 4443/6008/4228 4444/6010/4228
f 4436/5984/4229 4435/5983/4229 4451/6009/4229 4452/6011/4229
f 4429/5986/4230 4428/5985/4230 4444/6010/4230 4445/6012/4230
f 4437/5987/4231 4436/5984/4231 4452/6011/4231 4453/6013/4231
f 4430/5988/4232 4429/5986/4232 4445/6012/4232 4446/6014/4232
f 4438/5989/4233 4437/5987/4233 4453/6013/4233 4454/6015/4233
f 4431/5990/4234 4430/5988/4234 4446/6014/4234 4447/6016/4234
f 4439/5991/4235 4438/5989/4235 4454/6015/4235 4455/6003/4235
f 4432/5992/4236 4431/5990/4236 4447/6016/4236 4448/6004/4236
f 4445/6012/4237 4444/6010/4237 4459/6017/4237 4460/6018/4237
f 4453/6013/4238 4452/6011/4238 4467/6019/4238 4468/6020/4238
f 4446/6014/4239 4445/6012/4239 4460/6018/4239 4461/6021/4239
f 4454/6015/4240 4453/6013/4240 4468/6020/4240 4469/6022/4240
f 4447/6016/4241 4446/6014/4241 4461/6021/4241 4462/6023/4241
f 4455/6003/4242 4454/6015/4242 4469/6022/4242 4470/6024/4242
f 4448/6004/4243 4447/6016/4243 4462/6023/4243 4463/6025/4243
f 4441/6001/4244 4214/6026/4244 4456/6027/4244
f 4440/6028/4245 4455/6003/4245 4470/6024/4245
f 4449/6005/4246 4448/6004/4246 4463/6025/4246 4464/6029/4246
f 4442/6006/4247 4441/6001/4247 4456/6027/4247 4457/6030/4247
f 4450/6007/4248 4449/6005/4248 4464/6029/4248 4465/6031/4248
f 4443/6008/4249 4442/6006/4249 4457/6030/4249 4458/6032/4249
f 4451/6009/4250 4450/6007/4250 4465/6031/4250 4466/6033/4250
f 4444/6010/4251 4443/6008/4251 4458/6032/4251 4459/6017/4251
f 4452/6011/4252 4451/6009/4252 4466/6033/4252 4467/6019/4252
f 4464/6029/4253 4463/6025/4253 4478/6034/4253 4479/6035/4253
f 4457/6030/4254 4456/6027/4254 4471/6036/4254 4472/6037/4254
f 4465/6031/4255 4464/6029/4255 4479/6035/4255 4480/6038/4255
f 4458/6032/4256 4457/6030/4256 4472/6037/4256 4473/6039/4256
f 4466/6033/4257 4465/6031/4257 4480/6038/4257 4481/6040/4257
f 4459/6017/4258 4458/6032/4258 4473/6039/4258 4474/6041/4258
f 4467/6019/4259 4466/6033/4259 4481/6040/4259 4482/6042/4259
f 4460/6018/4260 4459/6017/4260 4474/6041/4260 4475/6043/4260
f 4468/6020/4261 4467/6019/4261 4482/6042/4261 4483/6044/4261
f 4461/6021/4262 4460/6018/4262 4475/6043/4262 4476/6045/4262
f 4469/6022/4263 4468/6020/4263 4483/6044/4263 4484/6046/4263
f 4462/6023/4264 4461/6021/4264 4476/6045/4264 4477/6047/4264
f 4470/6024/4265 4469/6022/4265 4484/6046/4265 4485/6048/4265
f 4463/6025/4266 4462/6023/4266 4477/6047/4266 4478/6034/4266
f 4456/6027/4267 4214/6049/4267 4471/6036/4267
f 4440/6050/4268 4470/6024/4268 4485/6048/4268
f 4483/6044/4269 4482/6042/4269 4497/6051/4269 4498/6052/4269
f 4476/6045/4270 4475/6043/4270 4490/6053/4270 4491/6054/4270
f 4484/6046/4271 4483/6044/4271 4498/6052/4271 4499/6055/4271
f 4477/6047/4272 4476/6045/4272 4491/6054/4272 4492/6056/4272
f 4485/6048/4273 4484/6046/4273 4499/6055/4273 4500/6057/4273
f 4478/6034/4274 4477/6047/4274 4492/6056/4274 4493/6058/4274
f 4471/6036/4275 4214/6059/4275 4486/6060/4275
f 4440/6061/4276 4485/6048/4276 4500/6057/4276
f 4479/6035/4277 4478/6034/4277 4493/6058/4277 4494/6062/4277
f 4472/6037/4278 4471/6036/4278 4486/6060/4278 4487/6063/4278
f 4480/6038/4279 4479/6035/4279 4494/6062/4279 4495/6064/4279
f 4473/6039/4280 4472/6037/4280 4487/6063/4280 4488/6065/4280
f 4481/6040/4281 4480/6038/4281 4495/6064/4281 4496/6066/4281
f 4474/6041/4282 4473/6039/4282 4488/6065/4282 4489/6067/4282
f 4482/6042/4283 4481/6040/4283 4496/6066/4283 4497/6051/4283
f 4475/6043/4284 4474/6041/4284 4489/6067/4284 4490/6053/4284
f 4495/6068/4285 4494/6069/4285 4509/6070/4285 4510/6071/4285
f 4488/6072/4286 4487/6073/4286 4502/6074/4286 4503/6075/4286
f 4496/6076/4287 4495/6068/4287 4510/6071/4287 4511/6077/4287
f 4489/6078/4288 4488/6072/4288 4503/6075/4288 4504/6079/4288
f 4497/6080/4289 4496/6076/4289 4511/6077/4289 4512/6081/4289
f 4490/6082/4290 4489/6078/4290 4504/6079/4290 4505/6083/4290
f 4498/6084/4291 4497/6080/4291 4512/6081/4291 4513/6085/4291
f 4491/6086/4292 4490/6082/4292 4505/6083/4292 4506/6087/4292
f 4499/6088/4293 4498/6084/4293 4513/6085/4293 4514/6089/4293
f 4492/6090/4294 4491/6086/4294 4506/6087/4294 4507/6091/4294
f 4500/6092/4295 4499/6088/4295 4514/6089/4295 4515/6093/4295
f 4493/6094/4296 4492/6090/4296 4507/6091/4296 4508/6095/4296
f 4486/6096/4297 4214/6097/4297 4501/6098/4297
f 4440/6099/4298 4500/6092/4298 4515/6093/4298
f 4494/6069/4299 4493/6094/4299 4508/6095/4299 4509/6070/4299
f 4487/6073/4300 4486/6096/4300 4501/6098/4300 4502/6074/4300
f 4514/6089/4301 4513/6085/4301 4528/6100/4301 4529/6101/4301
f 4507/6091/4302 4506/6087/4302 4521/6102/4302 4522/6103/4302
f 4515/6093/4303 4514/6089/4303 4529/6101/4303 4530/6104/4303
f 4508/6095/4304 4507/6091/4304 4522/6103/4304 4523/6105/4304
f 4501/6098/4305 4214/6106/4305 4516/6107/4305
f 4440/6108/4306 4515/6093/4306 4530/6104/4306
f 4509/6070/4307 4508/6095/4307 4523/6105/4307 4524/6109/4307
f 4502/6074/4308 4501/6098/4308 4516/6107/4308 4517/6110/4308
f 4510/6071/4309 4509/6070/4309 4524/6109/4309 4525/6111/4309
f 4503/6075/4310 4502/6074/4310 4517/6110/4310 4518/6112/4310
f 4511/6077/4311 4510/6071/4311 4525/6111/4311 4526/6113/4311
f 4504/6079/4312 4503/6075/4312 4518/6112/4312 4519/6114/4312
f 4512/6081/4313 4511/6077/4313 4526/6113/4313 4527/6115/4313
f 4505/6083/4314 4504/6079/4314 4519/6114/4314 4520/6116/4314
f 4513/6085/4315 4512/6081/4315 4527/6115/4315 4528/6100/4315
f 4506/6087/4316 4505/6083/4316 4520/6116/4316 4521/6102/4316
f 4518/6112/4317 4517/6110/4317 4532/6117/4317 4533/6118/4317
f 4526/6113/4318 4525/6111/4318 4540/6119/4318 4541/6120/4318
f 4519/6114/4319 4518/6112/4319 4533/6118/4319 4534/6121/4319
f 4527/6115/4320 4526/6113/4320 4541/6120/4320 4542/6122/4320
f 4520/6116/4321 4519/6114/4321 4534/6121/4321 4535/6123/4321
f 4528/6100/4322 4527/6115/4322 4542/6122/4322 4543/6124/4322
f 4521/6102/4323 4520/6116/4323 4535/6123/4323 4536/6125/4323
f 4529/6101/4324 4528/6100/4324 4543/6124/4324 4544/6126/4324
f 4522/6103/4325 4521/6102/4325 4536/6125/4325 4537/6127/4325
f 4530/6104/4326 4529/6101/4326 4544/6126/4326 4545/6128/4326
f 4523/6105/4327 4522/6103/4327 4537/6127/4327 4538/6129/4327
f 4516/6107/4328 4214/6130/4328 4531/6131/4328
f 4440/6132/4329 4530/6104/4329 4545/6128/4329
f 4524/6109/4330 4523/6105/4330 4538/6129/4330 4539/6133/4330
f 4517/6110/4331 4516/6107/4331 4531/6131/4331 4532/6117/4331
f 4525/6111/4332 4524/6109/4332 4539/6133/4332 4540/6119/4332
f 4537/6127/4333 4536/6125/4333 4551/6134/4333 4552/6135/4333
f 4545/6128/4334 4544/6126/4334 4559/6136/4334 4560/6137/4334
f 4538/6129/4335 4537/6127/4335 4552/6135/4335 4553/6138/4335
f 4531/6131/4336 4214/6139/4336 4546/6140/4336
f 4440/6141/4337 4545/6128/4337 4560/6137/4337
f 4539/6133/4338 4538/6129/4338 4553/6138/4338 4554/6142/4338
f 4532/6117/4339 4531/6131/4339 4546/6140/4339 4547/6143/4339
f 4540/6119/4340 4539/6133/4340 4554/6142/4340 4555/6144/4340
f 4533/6118/4341 4532/6117/4341 4547/6143/4341 4548/6145/4341
f 4541/6120/4342 4540/6119/4342 4555/6144/4342 4556/6146/4342
f 4534/6121/4343 4533/6118/4343 4548/6145/4343 4549/6147/4343
f 4542/6122/4344 4541/6120/4344 4556/6146/4344 4557/6148/4344
f 4535/6123/4345 4534/6121/4345 4549/6147/4345 4550/6149/4345
f 4543/6124/4346 4542/6122/4346 4557/6148/4346 4558/6150/4346
f 4536/6125/4347 4535/6123/4347 4550/6149/4347 4551/6134/4347
f 4544/6126/4348 4543/6124/4348 4558/6150/4348 4559/6136/4348
f 4556/6146/4349 4555/6144/4349 4570/6151/4349 4571/6152/4349
f 4549/6147/4350 4548/6145/4350 4563/6153/4350 4564/6154/4350
f 4557/6148/4351 4556/6146/4351 4571/6152/4351 4572/6155/4351
f 4550/6149/4352 4549/6147/4352 4564/6154/4352 4565/6156/4352
f 4558/6150/4353 4557/6148/4353 4572/6155/4353 4573/6157/4353
f 4551/6134/4354 4550/6149/4354 4565/6156/4354 4566/6158/4354
f 4559/6136/4355 4558/6150/4355 4573/6157/4355 4574/6159/4355
f 4552/6135/4356 4551/6134/4356 4566/6158/4356 4567/6160/4356
f 4560/6137/4357 4559/6136/4357 4574/6159/4357 4575/6161/4357
f 4553/6138/4358 4552/6135/4358 4567/6160/4358 4568/6162/4358
f 4546/6140/4359 4214/6163/4359 4561/6164/4359
f 4440/6165/4360 4560/6137/4360 4575/6161/4360
f 4554/6142/4361 4553/6138/4361 4568/6162/4361 4569/6166/4361
f 4547/6143/4362 4546/6140/4362 4561/6164/4362 4562/6167/4362
f 4555/6144/4363 4554/6142/4363 4569/6166/4363 4570/6151/4363
f 4548/6145/4364 4547/6143/4364 4562/6167/4364 4563/6153/4364
f 4575/6161/4365 4574/6159/4365 4589/6168/4365 4590/6169/4365
f 4568/6162/4366 4567/6160/4366 4582/6170/4366 4583/6171/4366
f 4561/6164/4367 4214/6172/4367 4576/6173/4367
f 4440/6174/4368 4575/6161/4368 4590/6169/4368
f 4569/6166/4369 4568/6162/4369 4583/6171/4369 4584/6175/4369
f 4562/6167/4370 4561/6164/4370 4576/6173/4370 4577/6176/4370
f 4570/6151/4371 4569/6166/4371 4584/6175/4371 4585/6177/4371
f 4563/6153/4372 4562/6167/4372 4577/6176/4372 4578/6178/4372
f 4571/6152/4373 4570/6151/4373 4585/6177/4373 4586/6179/4373
f 4564/6154/4374 4563/6153/4374 4578/6178/4374 4579/6180/4374
f 4572/6155/4375 4571/6152/4375 4586/6179/4375 4587/6181/4375
f 4565/6156/4376 4564/6154/4376 4579/6180/4376 4580/6182/4376
f 4573/6157/4377 4572/6155/4377 4587/6181/4377 4588/6183/4377
f 4566/6158/4378 4565/6156/4378 4580/6182/4378 4581/6184/4378
f 4574/6159/4379 4573/6157/4379 4588/6183/4379 4589/6168/4379
f 4567/6160/4380 4566/6158/4380 4581/6184/4380 4582/6170/4380
f 4579/6180/4381 4578/6178/4381 4593/6185/4381 4594/6186/4381
f 4587/6181/4382 4586/6179/4382 4601/6187/4382 4602/6188/4382
f 4580/6182/4383 4579/6180/4383 4594/6186/4383 4595/6189/4383
f 4588/6183/4384 4587/6181/4384 4602/6188/4384 4603/6190/4384
f 4581/6184/4385 4580/6182/4385 4595/6189/4385 4596/6191/4385
f 4589/6168/4386 4588/6183/4386 4603/6190/4386 4604/6192/4386
f 4582/6170/4387 4581/6184/4387 4596/6191/4387 4597/6193/4387
f 4590/6169/4388 4589/6168/4388 4604/6192/4388 4605/6194/4388
f 4583/6171/4389 4582/6170/4389 4597/6193/4389 4598/6195/4389
f 4576/6173/4390 4214/6196/4390 4591/6197/4390
f 4440/6198/4391 4590/6169/4391 4605/6194/4391
f 4584/6175/4392 4583/6171/4392 4598/6195/4392 4599/6199/4392
f 4577/6176/4393 4576/6173/4393 4591/6197/4393 4592/6200/4393
f 4585/6177/4394 4584/6175/4394 4599/6199/4394 4600/6201/4394
f 4578/6178/4395 4577/6176/4395 4592/6200/4395 4593/6185/4395
f 4586/6179/4396 4585/6177/4396 4600/6201/4396 4601/6187/4396
f 4598/6195/4397 4597/6193/4397 4135/5650/4397 4136/5649/4397
f 4591/6197/4398 4214/6202/4398 4606/5653/4398
f 4440/6203/4399 4605/6194/4399 4614/5645/4399
f 4599/6199/4400 4598/6195/4400 4136/5649/4400 4137/5657/4400
f 4592/6200/4401 4591/6197/4401 4606/5653/4401 4607/5659/4401
f 4600/6201/4402 4599/6199/4402 4137/5657/4402 4610/5661/4402
f 4593/6185/4403 4592/6200/4403 4607/5659/4403 4133/5663/4403
f 4601/6187/4404 4600/6201/4404 4610/5661/4404 4138/5665/4404
f 4594/6186/4405 4593/6185/4405 4133/5663/4405 4608/5667/4405
f 4602/6188/4406 4601/6187/4406 4138/5665/4406 4611/5669/4406
f 4595/6189/4407 4594/6186/4407 4608/5667/4407 4134/5671/4407
f 4603/6190/4408 4602/6188/4408 4611/5669/4408 4612/5673/4408
f 4596/6191/4409 4595/6189/4409 4134/5671/4409 4609/5675/4409
f 4604/6192/4410 4603/6190/4410 4612/5673/4410 4613/5646/4410
f 4597/6193/4411 4596/6191/4411 4609/5675/4411 4135/5650/4411
f 4605/6194/4412 4604/6192/4412 4613/5646/4412 4614/5645/4412
o CeilTrack1
v -6.000000 2.930000 -0.150000
v -6.000000 2.970000 -0.150000
v -6.000000 2.930000 -0.250000
v -6.000000 2.970000 -0.250000
v 0.000000 2.930000 -0.150000
v 0.000000 2.970000 -0.150000
v 0.000000 2.930000 -0.250000
v 0.000000 2.970000 -0.250000
vn -1.0000 -0.0000 -0.0000
vn -0.0000 -0.0000 -1.0000
vn 1.0000 -0.0000 -0.0000
vn -0.0000 -0.0000 1.0000
vn -0.0000 -1.0000 -0.0000
vn -0.0000 1.0000 -0.0000
vt 0.375000 0.000000
vt 0.625000 0.000000
vt 0.625000 0.250000
vt 0.375000 0.250000
vt 0.625000 0.500000
vt 0.375000 0.500000
vt 0.625000 0.750000
vt 0.375000 0.750000
vt 0.625000 1.000000
vt 0.375000 1.000000
vt 0.125000 0.500000
vt 0.125000 0.750000
vt 0.875000 0.500000
vt 0.875000 0.750000
s 0
usemtl Charcoal
f 4615/6204/4413 4616/6205/4413 4618/6206/4413 4617/6207/4413
f 4617/6207/4414 4618/6206/4414 4622/6208/4414 4621/6209/4414
f 4621/6209/4415 4622/6208/4415 4620/6210/4415 4619/6211/4415
f 4619/6211/4416 4620/6210/4416 4616/6212/4416 4615/6213/4416
f 4617/6214/4417 4621/6209/4417 4619/6211/4417 4615/6215/4417
f 4622/6208/4418 4618/6216/4418 4616/6217/4418 4620/6210/4418
o CeilTrack2
v 0.000000 2.930000 -0.150000
v 0.000000 2.970000 -0.150000
v 0.000000 2.930000 -0.250000
v 0.000000 2.970000 -0.250000
v 6.000000 2.930000 -0.150000
v 6.000000 2.970000 -0.150000
v 6.000000 2.930000 -0.250000
v 6.000000 2.970000 -0.250000
vn -1.0000 -0.0000 -0.0000
vn -0.0000 -0.0000 -1.0000
vn 1.0000 -0.0000 -0.0000
vn -0.0000 -0.0000 1.0000
vn -0.0000 -1.0000 -0.0000
vn -0.0000 1.0000 -0.0000
vt 0.375000 0.000000
vt 0.625000 0.000000
vt 0.625000 0.250000
vt 0.375000 0.250000
vt 0.625000 0.500000
vt 0.375000 0.500000
vt 0.625000 0.750000
vt 0.375000 0.750000
vt 0.625000 1.000000
vt 0.375000 1.000000
vt 0.125000 0.500000
vt 0.125000 0.750000
vt 0.875000 0.500000
vt 0.875000 0.750000
s 0
usemtl Charcoal
f 4623/6218/4419 4624/6219/4419 4626/6220/4419 4625/6221/4419
f 4625/6221/4420 4626/6220/4420 4630/6222/4420 4629/6223/4420
f 4629/6223/4421 4630/6222/4421 4628/6224/4421 4627/6225/4421
f 4627/6225/4422 4628/6224/4422 4624/6226/4422 4623/6227/4422
f 4625/6228/4423 4629/6223/4423 4627/6225/4423 4623/6229/4423
f 4630/6222/4424 4626/6230/4424 4624/6231/4424 4628/6224/4424
o Pendant1
v 1.400000 2.350000 1.920000
v 1.400000 2.650000 1.920000
v 1.415607 2.350000 1.921537
v 1.415607 2.650000 1.921537
v 1.430615 2.350000 1.926090
v 1.430615 2.650000 1.926090
v 1.444446 2.350000 1.933482
v 1.444446 2.650000 1.933482
v 1.456568 2.350000 1.943431
v 1.456568 2.650000 1.943431
v 1.466518 2.350000 1.955554
v 1.466518 2.650000 1.955554
v 1.473910 2.350000 1.969385
v 1.473910 2.650000 1.969385
v 1.478463 2.350000 1.984393
v 1.478463 2.650000 1.984393
v 1.480000 2.350000 2.000000
v 1.480000 2.650000 2.000000
v 1.478463 2.350000 2.015607
v 1.478463 2.650000 2.015607
v 1.473910 2.350000 2.030615
v 1.473910 2.650000 2.030615
v 1.466518 2.350000 2.044446
v 1.466518 2.650000 2.044446
v 1.456568 2.350000 2.056569
v 1.456568 2.650000 2.056569
v 1.444446 2.350000 2.066518
v 1.444446 2.650000 2.066518
v 1.430615 2.350000 2.073910
v 1.430615 2.650000 2.073910
v 1.415607 2.350000 2.078463
v 1.415607 2.650000 2.078463
v 1.400000 2.350000 2.080000
v 1.400000 2.650000 2.080000
v 1.384393 2.350000 2.078463
v 1.384393 2.650000 2.078463
v 1.369385 2.350000 2.073910
v 1.369385 2.650000 2.073910
v 1.355554 2.350000 2.066518
v 1.355554 2.650000 2.066518
v 1.343431 2.350000 2.056569
v 1.343431 2.650000 2.056569
v 1.333482 2.350000 2.044446
v 1.333482 2.650000 2.044446
v 1.326090 2.350000 2.030615
v 1.326090 2.650000 2.030615
v 1.321537 2.350000 2.015607
v 1.321537 2.650000 2.015607
v 1.320000 2.350000 2.000000
v 1.320000 2.650000 2.000000
v 1.321537 2.350000 1.984393
v 1.321537 2.650000 1.984393
v 1.326090 2.350000 1.969385
v 1.326090 2.650000 1.969385
v 1.333482 2.350000 1.955554
v 1.333482 2.650000 1.955554
v 1.343431 2.350000 1.943431
v 1.343431 2.650000 1.943431
v 1.355554 2.350000 1.933482
v 1.355554 2.650000 1.933482
v 1.369385 2.350000 1.926090
v 1.369385 2.650000 1.926090
v 1.384393 2.350000 1.921537
v 1.384393 2.650000 1.921537
vn 0.0980 -0.0000 -0.9952
vn 0.2903 -0.0000 -0.9569
vn 0.4714 -0.0000 -0.8819
vn 0.6344 -0.0000 -0.7730
vn 0.7730 -0.0000 -0.6344
vn 0.8819 -0.0000 -0.4714
vn 0.9569 -0.0000 -0.2903
vn 0.9952 -0.0000 -0.0980
vn 0.9952 -0.0000 0.0980
vn 0.9569 -0.0000 0.2903
vn 0.8819 -0.0000 0.4714
vn 0.7730 -0.0000 0.6344
vn 0.6344 -0.0000 0.7730
vn 0.4714 -0.0000 0.8819
vn 0.2903 -0.0000 0.9569
vn 0.0980 -0.0000 0.9952
vn -0.0980 -0.0000 0.9952
vn -0.2903 -0.0000 0.9569
vn -0.4714 -0.0000 0.8819
vn -0.6344 -0.0000 0.7730
vn -0.7730 -0.0000 0.6344
vn -0.8819 -0.0000 0.4714
vn -0.9569 -0.0000 0.2903
vn -0.9952 -0.0000 0.0980
vn -0.9952 -0.0000 -0.0980
vn -0.9569 -0.0000 -0.2903
vn -0.8819 -0.0000 -0.4714
vn -0.7730 -0.0000 -0.6344
vn -0.6344 -0.0000 -0.7730
vn -0.4714 -0.0000 -0.8819
vn -0.0000 1.0000 -0.0000
vn -0.2903 -0.0000 -0.9569
vn -0.0980 -0.0000 -0.9952
vn -0.0000 -1.0000 -0.0000
vt 1.000000 0.500000
vt 1.000000 1.000000
vt 0.968750 1.000000
vt 0.968750 0.500000
vt 0.937500 1.000000
vt 0.937500 0.500000
vt 0.906250 1.000000
vt 0.906250 0.500000
vt 0.875000 1.000000
vt 0.875000 0.500000
vt 0.843750 1.000000
vt 0.843750 0.500000
vt 0.812500 1.000000
vt 0.812500 0.500000
vt 0.781250 1.000000
vt 0.781250 0.500000
vt 0.750000 1.000000
vt 0.750000 0.500000
vt 0.718750 1.000000
vt 0.718750 0.500000
vt 0.687500 1.000000
vt 0.687500 0.500000
vt 0.656250 1.000000
vt 0.656250 0.500000
vt 0.625000 1.000000
vt 0.625000 0.500000
vt 0.593750 1.000000
vt 0.593750 0.500000
vt 0.562500 1.000000
vt 0.562500 0.500000
vt 0.531250 1.000000
vt 0.531250 0.500000
vt 0.500000 1.000000
vt 0.500000 0.500000
vt 0.468750 1.000000
vt 0.468750 0.500000
vt 0.437500 1.000000
vt 0.437500 0.500000
vt 0.406250 1.000000
vt 0.406250 0.500000
vt 0.375000 1.000000
vt 0.375000 0.500000
vt 0.343750 1.000000
vt 0.343750 0.500000
vt 0.312500 1.000000
vt 0.312500 0.500000
vt 0.281250 1.000000
vt 0.281250 0.500000
vt 0.250000 1.000000
vt 0.250000 0.500000
vt 0.218750 1.000000
vt 0.218750 0.500000
vt 0.187500 1.000000
vt 0.187500 0.500000
vt 0.156250 1.000000
vt 0.156250 0.500000
vt 0.125000 1.000000
vt 0.125000 0.500000
vt 0.093750 1.000000
vt 0.093750 0.500000
vt 0.062500 1.000000
vt 0.062500 0.500000
vt 0.296822 0.485388
vt 0.250000 0.490000
vt 0.203178 0.485388
vt 0.158156 0.471731
vt 0.116663 0.449553
vt 0.080294 0.419706
vt 0.050447 0.383337
vt 0.028269 0.341844
vt 0.014612 0.296822
vt 0.010000 0.250000
vt 0.014612 0.203178
vt 0.028269 0.158156
vt 0.050447 0.116663
vt 0.080294 0.080294
vt 0.116663 0.050447
vt 0.158156 0.028269
vt 0.203178 0.014612
vt 0.250000 0.010000
vt 0.296822 0.014612
vt 0.341844 0.028269
vt 0.383337 0.050447
vt 0.419706 0.080294
vt 0.449553 0.116663
vt 0.471731 0.158156
vt 0.485388 0.203178
vt 0.490000 0.250000
vt 0.485388 0.296822
vt 0.471731 0.341844
vt 0.449553 0.383337
vt 0.419706 0.419706
vt 0.383337 0.449553
vt 0.341844 0.471731
vt 0.031250 1.000000
vt 0.031250 0.500000
vt 0.000000 1.000000
vt 0.000000 0.500000
vt 0.750000 0.490000
vt 0.796822 0.485388
vt 0.841844 0.471731
vt 0.883337 0.449553
vt 0.919706 0.419706
vt 0.949553 0.383337
vt 0.971731 0.341844
vt 0.985388 0.296822
vt 0.990000 0.250000
vt 0.985388 0.203178
vt 0.971731 0.158156
vt 0.949553 0.116663
vt 0.919706 0.080294
vt 0.883337 0.050447
vt 0.841844 0.028269
vt 0.796822 0.014612
vt 0.750000 0.010000
vt 0.703178 0.014612
vt 0.658156 0.028269
vt 0.616663 0.050447
vt 0.580294 0.080294
vt 0.550447 0.116663
vt 0.528269 0.158156
vt 0.514612 0.203178
vt 0.510000 0.250000
vt 0.514612 0.296822
vt 0.528269 0.341844
vt 0.550447 0.383337
vt 0.580294 0.419706
vt 0.616663 0.449553
vt 0.658156 0.471731
vt 0.703178 0.485388
s 0
usemtl Steel
f 4631/6232/4425 4632/6233/4425 4634/6234/4425 4633/6235/4425
f 4633/6235/4426 4634/6234/4426 4636/6236/4426 4635/6237/4426
f 4635/6237/4427 4636/6236/4427 4638/6238/4427 4637/6239/4427
f 4637/6239/4428 4638/6238/4428 4640/6240/4428 4639/6241/4428
f 4639/6241/4429 4640/6240/4429 4642/6242/4429 4641/6243/4429
f 4641/6243/4430 4642/6242/4430 4644/6244/4430 4643/6245/4430
f 4643/6245/4431 4644/6244/4431 4646/6246/4431 4645/6247/4431
f 4645/6247/4432 4646/6246/4432 4648/6248/4432 4647/6249/4432
f 4647/6249/4433 4648/6248/4433 4650/6250/4433 4649/6251/4433
f 4649/6251/4434 4650/6250/4434 4652/6252/4434 4651/6253/4434
f 4651/6253/4435 4652/6252/4435 4654/6254/4435 4653/6255/4435
f 4653/6255/4436 4654/6254/4436 4656/6256/4436 4655/6257/4436
f 4655/6257/4437 4656/6256/4437 4658/6258/4437 4657/6259/4437
f 4657/6259/4438 4658/6258/4438 4660/6260/4438 4659/6261/4438
f 4659/6261/4439 4660/6260/4439 4662/6262/4439 4661/6263/4439
f 4661/6263/4440 4662/6262/4440 4664/6264/4440 4663/6265/4440
f 4663/6265/4441 4664/6264/4441 4666/6266/4441 4665/6267/4441
f 4665/6267/4442 4666/6266/4442 4668/6268/4442 4667/6269/4442
f 4667/6269/4443 4668/6268/4443 4670/6270/4443 4669/6271/4443
f 4669/6271/4444 4670/6270/4444 4672/6272/4444 4671/6273/4444
f 4671/6273/4445 4672/6272/4445 4674/6274/4445 4673/6275/4445
f 4673/6275/4446 4674/6274/4446 4676/6276/4446 4675/6277/4446
f 4675/6277/4447 4676/6276/4447 4678/6278/4447 4677/6279/4447
f 4677/6279/4448 4678/6278/4448 4680/6280/4448 4679/6281/4448
f 4679/6281/4449 4680/6280/4449 4682/6282/4449 4681/6283/4449
f 4681/6283/4450 4682/6282/4450 4684/6284/4450 4683/6285/4450
f 4683/6285/4451 4684/6284/4451 4686/6286/4451 4685/6287/4451
f 4685/6287/4452 4686/6286/4452 4688/6288/4452 4687/6289/4452
f 4687/6289/4453 4688/6288/4453 4690/6290/4453 4689/6291/4453
f 4689/6291/4454 4690/6290/4454 4692/6292/4454 4691/6293/4454
f 4634/6294/4455 4632/6295/4455 4694/6296/4455 4692/6297/4455 4690/6298/4455 4688/6299/4455 4686/6300/4455 4684/6301/4455 4682/6302/4455 4680/6303/4455 4678/6304/4455 4676/6305/4455 4674/6306/4455 4672/6307/4455 4670/6308/4455 4668/6309/4455 4666/6310/4455 4664/6311/4455 4662/6312/4455 4660/6313/4455 4658/6314/4455 4656/6315/4455 4654/6316/4455 4652/6317/4455 4650/6318/4455 4648/6319/4455 4646/6320/4455 4644/6321/4455 4642/6322/4455 4640/6323/4455 4638/6324/4455 4636/6325/4455
f 4691/6293/4456 4692/6292/4456 4694/6326/4456 4693/6327/4456
f 4693/6327/4457 4694/6326/4457 4632/6328/4457 4631/6329/4457
f 4631/6330/4458 4633/6331/4458 4635/6332/4458 4637/6333/4458 4639/6334/4458 4641/6335/4458 4643/6336/4458 4645/6337/4458 4647/6338/4458 4649/6339/4458 4651/6340/4458 4653/6341/4458 4655/6342/4458 4657/6343/4458 4659/6344/4458 4661/6345/4458 4663/6346/4458 4665/6347/4458 4667/6348/4458 4669/6349/4458 4671/6350/4458 4673/6351/4458 4675/6352/4458 4677/6353/4458 4679/6354/4458 4681/6355/4458 4683/6356/4458 4685/6357/4458 4687/6358/4458 4689/6359/4458 4691/6360/4458 4693/6361/4458
o Pendant2
v 4.250000 2.250000 2.900000
v 4.250000 2.550000 2.900000
v 4.269509 2.250000 2.901922
v 4.269509 2.550000 2.901922
v 4.288269 2.250000 2.907612
v 4.288269 2.550000 2.907612
v 4.305557 2.250000 2.916853
v 4.305557 2.550000 2.916853
v 4.320711 2.250000 2.929289
v 4.320711 2.550000 2.929289
v 4.333147 2.250000 2.944443
v 4.333147 2.550000 2.944443
v 4.342388 2.250000 2.961732
v 4.342388 2.550000 2.961732
v 4.348079 2.250000 2.980491
v 4.348079 2.550000 2.980491
v 4.350000 2.250000 3.000000
v 4.350000 2.550000 3.000000
v 4.348079 2.250000 3.019509
v 4.348079 2.550000 3.019509
v 4.342388 2.250000 3.038268
v 4.342388 2.550000 3.038268
v 4.333147 2.250000 3.055557
v 4.333147 2.550000 3.055557
v 4.320711 2.250000 3.070711
v 4.320711 2.550000 3.070711
v 4.305557 2.250000 3.083147
v 4.305557 2.550000 3.083147
v 4.288269 2.250000 3.092388
v 4.288269 2.550000 3.092388
v 4.269509 2.250000 3.098078
v 4.269509 2.550000 3.098078
v 4.250000 2.250000 3.100000
v 4.250000 2.550000 3.100000
v 4.230491 2.250000 3.098078
v 4.230491 2.550000 3.098078
v 4.211731 2.250000 3.092388
v 4.211731 2.550000 3.092388
v 4.194443 2.250000 3.083147
v 4.194443 2.550000 3.083147
v 4.179289 2.250000 3.070711
v 4.179289 2.550000 3.070711
v 4.166853 2.250000 3.055557
v 4.166853 2.550000 3.055557
v 4.157612 2.250000 3.038268
v 4.157612 2.550000 3.038268
v 4.151921 2.250000 3.019509
v 4.151921 2.550000 3.019509
v 4.150000 2.250000 3.000000
v 4.150000 2.550000 3.000000
v 4.151921 2.250000 2.980491
v 4.151921 2.550000 2.980491
v 4.157612 2.250000 2.961732
v 4.157612 2.550000 2.961732
v 4.166853 2.250000 2.944443
v 4.166853 2.550000 2.944443
v 4.179289 2.250000 2.929289
v 4.179289 2.550000 2.929289
v 4.194443 2.250000 2.916853
v 4.194443 2.550000 2.916853
v 4.211731 2.250000 2.907612
v 4.211731 2.550000 2.907612
v 4.230491 2.250000 2.901922
v 4.230491 2.550000 2.901922
vn 0.0980 -0.0000 -0.9952
vn 0.2903 -0.0000 -0.9569
vn 0.4714 -0.0000 -0.8819
vn 0.6344 -0.0000 -0.7730
vn 0.7730 -0.0000 -0.6344
vn 0.8819 -0.0000 -0.4714
vn 0.9569 -0.0000 -0.2903
vn 0.9952 -0.0000 -0.0980
vn 0.9952 -0.0000 0.0980
vn 0.9569 -0.0000 0.2903
vn 0.8819 -0.0000 0.4714
vn 0.7730 -0.0000 0.6344
vn 0.6344 -0.0000 0.7730
vn 0.4714 -0.0000 0.8819
vn 0.2903 -0.0000 0.9569
vn 0.0980 -0.0000 0.9952
vn -0.0980 -0.0000 0.9952
vn -0.2903 -0.0000 0.9569
vn -0.4714 -0.0000 0.8819
vn -0.6344 -0.0000 0.7730
vn -0.7730 -0.0000 0.6344
vn -0.8819 -0.0000 0.4714
vn -0.9569 -0.0000 0.2903
vn -0.9952 -0.0000 0.0980
vn -0.9952 -0.0000 -0.0980
vn -0.9569 -0.0000 -0.2903
vn -0.8819 -0.0000 -0.4714
vn -0.7730 -0.0000 -0.6344
vn -0.6344 -0.0000 -0.7730
vn -0.4714 -0.0000 -0.8819
vn -0.0000 1.0000 -0.0000
vn -0.2903 -0.0000 -0.9569
vn -0.0980 -0.0000 -0.9952
vn -0.0000 -1.0000 -0.0000
vt 1.000000 0.500000
vt 1.000000 1.000000
vt 0.968750 1.000000
vt 0.968750 0.500000
vt 0.937500 1.000000
vt 0.937500 0.500000
vt 0.906250 1.000000
vt 0.906250 0.500000
vt 0.875000 1.000000
vt 0.875000 0.500000
vt 0.843750 1.000000
vt 0.843750 0.500000
vt 0.812500 1.000000
vt 0.812500 0.500000
vt 0.781250 1.000000
vt 0.781250 0.500000
vt 0.750000 1.000000
vt 0.750000 0.500000
vt 0.718750 1.000000
vt 0.718750 0.500000
vt 0.687500 1.000000
vt 0.687500 0.500000
vt 0.656250 1.000000
vt 0.656250 0.500000
vt 0.625000 1.000000
vt 0.625000 0.500000
vt 0.593750 1.000000
vt 0.593750 0.500000
vt 0.562500 1.000000
vt 0.562500 0.500000
vt 0.531250 1.000000
vt 0.531250 0.500000
vt 0.500000 1.000000
vt 0.500000 0.500000
vt 0.468750 1.000000
vt 0.468750 0.500000
vt 0.437500 1.000000
vt 0.437500 0.500000
vt 0.406250 1.000000
vt 0.406250 0.500000
vt 0.375000 1.000000
vt 0.375000 0.500000
vt 0.343750 1.000000
vt 0.343750 0.500000
vt 0.312500 1.000000
vt 0.312500 0.500000
vt 0.281250 1.000000
vt 0.281250 0.500000
vt 0.250000 1.000000
vt 0.250000 0.500000
vt 0.218750 1.000000
vt 0.218750 0.500000
vt 0.187500 1.000000
vt 0.187500 0.500000
vt 0.156250 1.000000
vt 0.156250 0.500000
vt 0.125000 1.000000
vt 0.125000 0.500000
vt 0.093750 1.000000
vt 0.093750 0.500000
vt 0.062500 1.000000
vt 0.062500 0.500000
vt 0.296822 0.485388
vt 0.250000 0.490000
vt 0.203178 0.485388
vt 0.158156 0.471731
vt 0.116663 0.449553
vt 0.080294 0.419706
vt 0.050447 0.383337
vt 0.028269 0.341844
vt 0.014612 0.296822
vt 0.010000 0.250000
vt 0.014612 0.203178
vt 0.028269 0.158156
vt 0.050447 0.116663
vt 0.080294 0.080294
vt 0.116663 0.050447
vt 0.158156 0.028269
vt 0.203178 0.014612
vt 0.250000 0.010000
vt 0.296822 0.014612
vt 0.341844 0.028269
vt 0.383337 0.050447
vt 0.419706 0.080294
vt 0.449553 0.116663
vt 0.471731 0.158156
vt 0.485388 0.203178
vt 0.490000 0.250000
vt 0.485388 0.296822
vt 0.471731 0.341844
vt 0.449553 0.383337
vt 0.419706 0.419706
vt 0.383337 0.449553
vt 0.341844 0.471731
vt 0.031250 1.000000
vt 0.031250 0.500000
vt 0.000000 1.000000
vt 0.000000 0.500000
vt 0.750000 0.490000
vt 0.796822 0.485388
vt 0.841844 0.471731
vt 0.883337 0.449553
vt 0.919706 0.419706
vt 0.949553 0.383337
vt 0.971731 0.341844
vt 0.985388 0.296822
vt 0.990000 0.250000
vt 0.985388 0.203178
vt 0.971731 0.158156
vt 0.949553 0.116663
vt 0.919706 0.080294
vt 0.883337 0.050447
vt 0.841844 0.028269
vt 0.796822 0.014612
vt 0.750000 0.010000
vt 0.703178 0.014612
vt 0.658156 0.028269
vt 0.616663 0.050447
vt 0.580294 0.080294
vt 0.550447 0.116663
vt 0.528269 0.158156
vt 0.514612 0.203178
vt 0.510000 0.250000
vt 0.514612 0.296822
vt 0.528269 0.341844
vt 0.550447 0.383337
vt 0.580294 0.419706
vt 0.616663 0.449553
vt 0.658156 0.471731
vt 0.703178 0.485388
s 0
usemtl Steel
f 4695/6362/4459 4696/6363/4459 4698/6364/4459 4697/6365/4459
f 4697/6365/4460 4698/6364/4460 4700/6366/4460 4699/6367/4460
f 4699/6367/4461 4700/6366/4461 4702/6368/4461 4701/6369/4461
f 4701/6369/4462 4702/6368/4462 4704/6370/4462 4703/6371/4462
f 4703/6371/4463 4704/6370/4463 4706/6372/4463 4705/6373/4463
f 4705/6373/4464 4706/6372/4464 4708/6374/4464 4707/6375/4464
f 4707/6375/4465 4708/6374/4465 4710/6376/4465 4709/6377/4465
f 4709/6377/4466 4710/6376/4466 4712/6378/4466 4711/6379/4466
f 4711/6379/4467 4712/6378/4467 4714/6380/4467 4713/6381/4467
f 4713/6381/4468 4714/6380/4468 4716/6382/4468 4715/6383/4468
f 4715/6383/4469 4716/6382/4469 4718/6384/4469 4717/6385/4469
f 4717/6385/4470 4718/6384/4470 4720/6386/4470 4719/6387/4470
f 4719/6387/4471 4720/6386/4471 4722/6388/4471 4721/6389/4471
f 4721/6389/4472 4722/6388/4472 4724/6390/4472 4723/6391/4472
f 4723/6391/4473 4724/6390/4473 4726/6392/4473 4725/6393/4473
f 4725/6393/4474 4726/6392/4474 4728/6394/4474 4727/6395/4474
f 4727/6395/4475 4728/6394/4475 4730/6396/4475 4729/6397/4475
f 4729/6397/4476 4730/6396/4476 4732/6398/4476 4731/6399/4476
f 4731/6399/4477 4732/6398/4477 4734/6400/4477 4733/6401/4477
f 4733/6401/4478 4734/6400/4478 4736/6402/4478 4735/6403/4478
f 4735/6403/4479 4736/6402/4479 4738/6404/4479 4737/6405/4479
f 4737/6405/4480 4738/6404/4480 4740/6406/4480 4739/6407/4480
f 4739/6407/4481 4740/6406/4481 4742/6408/4481 4741/6409/4481
f 4741/6409/4482 4742/6408/4482 4744/6410/4482 4743/6411/4482
f 4743/6411/4483 4744/6410/4483 4746/6412/4483 4745/6413/4483
f 4745/6413/4484 4746/6412/4484 4748/6414/4484 4747/6415/4484
f 4747/6415/4485 4748/6414/4485 4750/6416/4485 4749/6417/4485
f 4749/6417/4486 4750/6416/4486 4752/6418/4486 4751/6419/4486
f 4751/6419/4487 4752/6418/4487 4754/6420/4487 4753/6421/4487
f 4753/6421/4488 4754/6420/4488 4756/6422/4488 4755/6423/4488
f 4698/6424/4489 4696/6425/4489 4758/6426/4489 4756/6427/4489 4754/6428/4489 4752/6429/4489 4750/6430/4489 4748/6431/4489 4746/6432/4489 4744/6433/4489 4742/6434/4489 4740/6435/4489 4738/6436/4489 4736/6437/4489 4734/6438/4489 4732/6439/4489 4730/6440/4489 4728/6441/4489 4726/6442/4489 4724/6443/4489 4722/6444/4489 4720/6445/4489 4718/6446/4489 4716/6447/4489 4714/6448/4489 4712/6449/4489 4710/6450/4489 4708/6451/4489 4706/6452/4489 4704/6453/4489 4702/6454/4489 4700/6455/4489
f 4755/6423/4490 4756/6422/4490 4758/6456/4490 4757/6457/4490
f 4757/6457/4491 4758/6456/4491 4696/6458/4491 4695/6459/4491
f 4695/6460/4492 4697/6461/4492 4699/6462/4492 4701/6463/4492 4703/6464/4492 4705/6465/4492 4707/6466/4492 4709/6467/4492 4711/6468/4492 4713/6469/4492 4715/6470/4492 4717/6471/4492 4719/6472/4492 4721/6473/4492 4723/6474/4492 4725/6475/4492 4727/6476/4492 4729/6477/4492 4731/6478/4492 4733/6479/4492 4735/6480/4492 4737/6481/4492 4739/6482/4492 4741/6483/4492 4743/6484/4492 4745/6485/4492 4747/6486/4492 4749/6487/4492 4751/6488/4492 4753/6489/4492 4755/6490/4492 4757/6491/4492
