# Blender 4.1.1
# www.blender.org
mtllib 05-fitness-studio.mtl
o FloorMain
v -10.000000 -0.100000 10.000000
v -10.000000 0.100000 10.000000
v -10.000000 -0.100000 -10.000000
v -10.000000 0.100000 -10.000000
v 10.000000 -0.100000 10.000000
v 10.000000 0.100000 10.000000
v 10.000000 -0.100000 -10.000000
v 10.000000 0.100000 -10.000000
vn -1.0000 -0.0000 -0.0000
vn -0.0000 -0.0000 -1.0000
vn 1.0000 -0.0000 -0.0000
vn -0.0000 -0.0000 1.0000
vn -0.0000 -1.0000 -0.0000
vn -0.0000 1.0000 -0.0000
vt 0.375000 0.000000
vt 0.625000 0.000000
vt 0.625000 0.250000
vt 0.375000 0.250000
vt 0.625000 0.500000
vt 0.375000 0.500000
vt 0.625000 0.750000
vt 0.375000 0.750000
vt 0.625000 1.000000
vt 0.375000 1.000000
vt 0.125000 0.500000
vt 0.125000 0.750000
vt 0.875000 0.500000
vt 0.875000 0.750000
s 0
usemtl RubberFloor
f 1/1/1 2/2/1 4/3/1 3/4/1
f 3/4/2 4/3/2 8/5/2 7/6/2
f 7/6/3 8/5/3 6/7/3 5/8/3
f 5/8/4 6/7/4 2/9/4 1/10/4
f 3/11/5 7/6/5 5/8/5 1/12/5
f 8/5/6 4/13/6 2/14/6 6/7/6
o FloorYoga
v -7.500000 0.000000 7.500000
v -7.500000 0.100000 7.500000
v -7.500000 0.000000 -2.500000
v -7.500000 0.100000 -2.500000
v 2.500000 0.000000 7.500000
v 2.500000 0.100000 7.500000
v 2.500000 0.000000 -2.500000
v 2.500000 0.100000 -2.500000
vn -1.0000 -0.0000 -0.0000
vn -0.0000 -0.0000 -1.0000
vn 1.0000 -0.0000 -0.0000
vn -0.0000 -0.0000 1.0000
vn -0.0000 -1.0000 -0.0000
vn -0.0000 1.0000 -0.0000
vt 0.375000 0.000000
vt 0.625000 0.000000
vt 0.625000 0.250000
vt 0.375000 0.250000
vt 0.625000 0.500000
vt 0.375000 0.500000
vt 0.625000 0.750000
vt 0.375000 0.750000
vt 0.625000 1.000000
vt 0.375000 1.000000
vt 0.125000 0.500000
vt 0.125000 0.750000
vt 0.875000 0.500000
vt 0.875000 0.750000
s 0
usemtl WoodFloor
f 9/15/7 10/16/7 12/17/7 11/18/7
f 11/18/8 12/17/8 16/19/8 15/20/8
f 15/20/9 16/19/9 14/21/9 13/22/9
f 13/22/10 14/21/10 10/23/10 9/24/10
f 11/25/11 15/20/11 13/22/11 9/26/11
f 16/19/12 12/27/12 10/28/12 14/21/12
o Ceiling
v -10.000000 3.400000 10.000000
v -10.000000 3.600000 10.000000
v -10.000000 3.400000 -10.000000
v -10.000000 3.600000 -10.000000
v 10.000000 3.400000 10.000000
v 10.000000 3.600000 10.000000
v 10.000000 3.400000 -10.000000
v 10.000000 3.600000 -10.000000
vn -1.0000 -0.0000 -0.0000
vn -0.0000 -0.0000 -1.0000
vn 1.0000 -0.0000 -0.0000
vn -0.0000 -0.0000 1.0000
vn -0.0000 -1.0000 -0.0000
vn -0.0000 1.0000 -0.0000
vt 0.375000 0.000000
vt 0.625000 0.000000
vt 0.625000 0.250000
vt 0.375000 0.250000
vt 0.625000 0.500000
vt 0.375000 0.500000
vt 0.625000 0.750000
vt 0.375000 0.750000
vt 0.625000 1.000000
vt 0.375000 1.000000
vt 0.125000 0.500000
vt 0.125000 0.750000
vt 0.875000 0.500000
vt 0.875000 0.750000
s 0
usemtl WallBlack
f 17/29/13 18/30/13 20/31/13 19/32/13
f 19/32/14 20/31/14 24/33/14 23/34/14
f 23/34/15 24/33/15 22/35/15 21/36/15
f 21/36/16 22/35/16 18/37/16 17/38/16
f 19/39/17 23/34/17 21/36/17 17/40/17
f 24/33/18 20/41/18 18/42/18 22/35/18
o WallNorth
v -10.000000 -1.750000 -4.850000
v -10.000000 5.250000 -4.850000
v -10.000000 -1.750000 -5.150000
v -10.000000 5.250000 -5.150000
v 10.000000 -1.750000 -4.850000
v 10.000000 5.250000 -4.850000
v 10.000000 -1.750000 -5.150000
v 10.000000 5.250000 -5.150000
vn -1.0000 -0.0000 -0.0000
vn -0.0000 -0.0000 -1.0000
vn 1.0000 -0.0000 -0.0000
vn -0.0000 -0.0000 1.0000
vn -0.0000 -1.0000 -0.0000
vn -0.0000 1.0000 -0.0000
vt 0.375000 0.000000
vt 0.625000 0.000000
vt 0.625000 0.250000
vt 0.375000 0.250000
vt 0.625000 0.500000
vt 0.375000 0.500000
vt 0.625000 0.750000
vt 0.375000 0.750000
vt 0.625000 1.000000
vt 0.375000 1.000000
vt 0.125000 0.500000
vt 0.125000 0.750000
vt 0.875000 0.500000
vt 0.875000 0.750000
s 0
usemtl WallBlack
f 25/43/19 26/44/19 28/45/19 27/46/19
f 27/46/20 28/45/20 32/47/20 31/48/20
f 31/48/21 32/47/21 30/49/21 29/50/21
f 29/50/22 30/49/22 26/51/22 25/52/22
f 27/53/23 31/48/23 29/50/23 25/54/23
f 32/47/24 28/55/24 26/56/24 30/49/24
o WallSouth
v -10.000000 -1.750000 5.150000
v -10.000000 5.250000 5.150000
v -10.000000 -1.750000 4.850000
v -10.000000 5.250000 4.850000
v 10.000000 -1.750000 5.150000
v 10.000000 5.250000 5.150000
v 10.000000 -1.750000 4.850000
v 10.000000 5.250000 4.850000
vn -1.0000 -0.0000 -0.0000
vn -0.0000 -0.0000 -1.0000
vn 1.0000 -0.0000 -0.0000
vn -0.0000 -0.0000 1.0000
vn -0.0000 -1.0000 -0.0000
vn -0.0000 1.0000 -0.0000
vt 0.375000 0.000000
vt 0.625000 0.000000
vt 0.625000 0.250000
vt 0.375000 0.250000
vt 0.625000 0.500000
vt 0.375000 0.500000
vt 0.625000 0.750000
vt 0.375000 0.750000
vt 0.625000 1.000000
vt 0.375000 1.000000
vt 0.125000 0.500000
vt 0.125000 0.750000
vt 0.875000 0.500000
vt 0.875000 0.750000
s 0
usemtl WallBlack
f 33/57/25 34/58/25 36/59/25 35/60/25
f 35/60/26 36/59/26 40/61/26 39/62/26
f 39/62/27 40/61/27 38/63/27 37/64/27
f 37/64/28 38/63/28 34/65/28 33/66/28
f 35/67/29 39/62/29 37/64/29 33/68/29
f 40/61/30 36/69/30 34/70/30 38/63/30
o WallEastMirror
v 4.900000 -1.750000 10.000000
v 4.900000 5.250000 10.000000
v 4.900000 -1.750000 -10.000000
v 4.900000 5.250000 -10.000000
v 5.100000 -1.750000 10.000000
v 5.100000 5.250000 10.000000
v 5.100000 -1.750000 -10.000000
v 5.100000 5.250000 -10.000000
vn -1.0000 -0.0000 -0.0000
vn -0.0000 -0.0000 -1.0000
vn 1.0000 -0.0000 -0.0000
vn -0.0000 -0.0000 1.0000
vn -0.0000 -1.0000 -0.0000
vn -0.0000 1.0000 -0.0000
vt 0.375000 0.000000
vt 0.625000 0.000000
vt 0.625000 0.250000
vt 0.375000 0.250000
vt 0.625000 0.500000
vt 0.375000 0.500000
vt 0.625000 0.750000
vt 0.375000 0.750000
vt 0.625000 1.000000
vt 0.375000 1.000000
vt 0.125000 0.500000
vt 0.125000 0.750000
vt 0.875000 0.500000
vt 0.875000 0.750000
s 0
usemtl MirrorSilver
f 41/71/31 42/72/31 44/73/31 43/74/31
f 43/74/32 44/73/32 48/75/32 47/76/32
f 47/76/33 48/75/33 46/77/33 45/78/33
f 45/78/34 46/77/34 42/79/34 41/80/34
f 43/81/35 47/76/35 45/78/35 41/82/35
f 48/75/36 44/83/36 42/84/36 46/77/36
o WallWest
v -5.150000 -1.750000 10.000000
v -5.150000 5.250000 10.000000
v -5.150000 -1.750000 -10.000000
v -5.150000 5.250000 -10.000000
v -4.850000 -1.750000 10.000000
v -4.850000 5.250000 10.000000
v -4.850000 -1.750000 -10.000000
v -4.850000 5.250000 -10.000000
vn -1.0000 -0.0000 -0.0000
vn -0.0000 -0.0000 -1.0000
vn 1.0000 -0.0000 -0.0000
vn -0.0000 -0.0000 1.0000
vn -0.0000 -1.0000 -0.0000
vn -0.0000 1.0000 -0.0000
vt 0.375000 0.000000
vt 0.625000 0.000000
vt 0.625000 0.250000
vt 0.375000 0.250000
vt 0.625000 0.500000
vt 0.375000 0.500000
vt 0.625000 0.750000
vt 0.375000 0.750000
vt 0.625000 1.000000
vt 0.375000 1.000000
vt 0.125000 0.500000
vt 0.125000 0.750000
vt 0.875000 0.500000
vt 0.875000 0.750000
s 0
usemtl WallBlack
f 49/85/37 50/86/37 52/87/37 51/88/37
f 51/88/38 52/87/38 56/89/38 55/90/38
f 55/90/39 56/89/39 54/91/39 53/92/39
f 53/92/40 54/91/40 50/93/40 49/94/40
f 51/95/41 55/90/41 53/92/41 49/96/41
f 56/89/42 52/97/42 50/98/42 54/91/42
o MirrorPanel
v 4.880000 -1.450000 9.600000
v 4.880000 4.950000 9.600000
v 4.880000 -1.450000 -9.600000
v 4.880000 4.950000 -9.600000
v 4.960000 -1.450000 9.600000
v 4.960000 4.950000 9.600000
v 4.960000 -1.450000 -9.600000
v 4.960000 4.950000 -9.600000
vn -1.0000 -0.0000 -0.0000
vn -0.0000 -0.0000 -1.0000
vn 1.0000 -0.0000 -0.0000
vn -0.0000 -0.0000 1.0000
vn -0.0000 -1.0000 -0.0000
vn -0.0000 1.0000 -0.0000
vt 0.375000 0.000000
vt 0.625000 0.000000
vt 0.625000 0.250000
vt 0.375000 0.250000
vt 0.625000 0.500000
vt 0.375000 0.500000
vt 0.625000 0.750000
vt 0.375000 0.750000
vt 0.625000 1.000000
vt 0.375000 1.000000
vt 0.125000 0.500000
vt 0.125000 0.750000
vt 0.875000 0.500000
vt 0.875000 0.750000
s 0
usemtl MirrorSilver
f 57/99/43 58/100/43 60/101/43 59/102/43
f 59/102/44 60/101/44 64/103/44 63/104/44
f 63/104/45 64/103/45 62/105/45 61/106/45
f 61/106/46 62/105/46 58/107/46 57/108/46
f 59/109/47 63/104/47 61/106/47 57/110/47
f 64/103/48 60/111/48 58/112/48 62/105/48
o ReceptionDesk
v -5.300000 -0.550000 4.900000
v -5.300000 1.650000 4.900000
v -5.300000 -0.550000 3.500000
v -5.300000 1.650000 3.500000
v -1.700000 -0.550000 4.900000
v -1.700000 1.650000 4.900000
v -1.700000 -0.550000 3.500000
v -1.700000 1.650000 3.500000
vn -1.0000 -0.0000 -0.0000
vn -0.0000 -0.0000 -1.0000
vn 1.0000 -0.0000 -0.0000
vn -0.0000 -0.0000 1.0000
vn -0.0000 -1.0000 -0.0000
vn -0.0000 1.0000 -0.0000
vt 0.375000 0.000000
vt 0.625000 0.000000
vt 0.625000 0.250000
vt 0.375000 0.250000
vt 0.625000 0.500000
vt 0.375000 0.500000
vt 0.625000 0.750000
vt 0.375000 0.750000
vt 0.625000 1.000000
vt 0.375000 1.000000
vt 0.125000 0.500000
vt 0.125000 0.750000
vt 0.875000 0.500000
vt 0.875000 0.750000
s 0
usemtl WarmWood
f 65/113/49 66/114/49 68/115/49 67/116/49
f 67/116/50 68/115/50 72/117/50 71/118/50
f 71/118/51 72/117/51 70/119/51 69/120/51
f 69/120/52 70/119/52 66/121/52 65/122/52
f 67/123/53 71/118/53 69/120/53 65/124/53
f 72/117/54 68/125/54 66/126/54 70/119/54
o ReceptionStool
v -3.500000 -0.450000 3.400000
v -3.500000 1.350000 3.400000
v -3.441473 -0.450000 3.405765
v -3.441473 1.350000 3.405765
v -3.385195 -0.450000 3.422836
v -3.385195 1.350000 3.422836
v -3.333329 -0.450000 3.450559
v -3.333329 1.350000 3.450559
v -3.287868 -0.450000 3.487868
v -3.287868 1.350000 3.487868
v -3.250559 -0.450000 3.533329
v -3.250559 1.350000 3.533329
v -3.222836 -0.450000 3.585195
v -3.222836 1.350000 3.585195
v -3.205764 -0.450000 3.641473
v -3.205764 1.350000 3.641473
v -3.200000 -0.450000 3.700000
v -3.200000 1.350000 3.700000
v -3.205764 -0.450000 3.758527
v -3.205764 1.350000 3.758527
v -3.222836 -0.450000 3.814805
v -3.222836 1.350000 3.814805
v -3.250559 -0.450000 3.866671
v -3.250559 1.350000 3.866671
v -3.287868 -0.450000 3.912132
v -3.287868 1.350000 3.912132
v -3.333329 -0.450000 3.949441
v -3.333329 1.350000 3.949441
v -3.385195 -0.450000 3.977164
v -3.385195 1.350000 3.977164
v -3.441473 -0.450000 3.994236
v -3.441473 1.350000 3.994236
v -3.500000 -0.450000 4.000000
v -3.500000 1.350000 4.000000
v -3.558527 -0.450000 3.994236
v -3.558527 1.350000 3.994236
v -3.614805 -0.450000 3.977164
v -3.614805 1.350000 3.977164
v -3.666671 -0.450000 3.949441
v -3.666671 1.350000 3.949441
v -3.712132 -0.450000 3.912132
v -3.712132 1.350000 3.912132
v -3.749441 -0.450000 3.866671
v -3.749441 1.350000 3.866671
v -3.777164 -0.450000 3.814805
v -3.777164 1.350000 3.814805
v -3.794236 -0.450000 3.758527
v -3.794236 1.350000 3.758527
v -3.800000 -0.450000 3.700000
v -3.800000 1.350000 3.700000
v -3.794236 -0.450000 3.641473
v -3.794236 1.350000 3.641473
v -3.777164 -0.450000 3.585195
v -3.777164 1.350000 3.585195
v -3.749441 -0.450000 3.533329
v -3.749441 1.350000 3.533329
v -3.712132 -0.450000 3.487868
v -3.712132 1.350000 3.487868
v -3.666671 -0.450000 3.450559
v -3.666671 1.350000 3.450559
v -3.614805 -0.450000 3.422836
v -3.614805 1.350000 3.422836
v -3.558527 -0.450000 3.405765
v -3.558527 1.350000 3.405765
vn 0.0980 -0.0000 -0.9952
vn 0.2903 -0.0000 -0.9569
vn 0.4714 -0.0000 -0.8819
vn 0.6344 -0.0000 -0.7730
vn 0.7730 -0.0000 -0.6344
vn 0.8819 -0.0000 -0.4714
vn 0.9569 -0.0000 -0.2903
vn 0.9952 -0.0000 -0.0980
vn 0.9952 -0.0000 0.0980
vn 0.9569 -0.0000 0.2903
vn 0.8819 -0.0000 0.4714
vn 0.7730 -0.0000 0.6344
vn 0.6344 -0.0000 0.7730
vn 0.4714 -0.0000 0.8819
vn 0.2903 -0.0000 0.9569
vn 0.0980 -0.0000 0.9952
vn -0.0980 -0.0000 0.9952
vn -0.2903 -0.0000 0.9569
vn -0.4714 -0.0000 0.8819
vn -0.6344 -0.0000 0.7730
vn -0.7730 -0.0000 0.6344
vn -0.8819 -0.0000 0.4714
vn -0.9569 -0.0000 0.2903
vn -0.9952 -0.0000 0.0980
vn -0.9952 -0.0000 -0.0980
vn -0.9569 -0.0000 -0.2903
vn -0.8819 -0.0000 -0.4714
vn -0.7730 -0.0000 -0.6344
vn -0.6344 -0.0000 -0.7730
vn -0.4714 -0.0000 -0.8819
vn -0.0000 1.0000 -0.0000
vn -0.2903 -0.0000 -0.9569
vn -0.0980 -0.0000 -0.9952
vn -0.0000 -1.0000 -0.0000
vt 1.000000 0.500000
vt 1.000000 1.000000
vt 0.968750 1.000000
vt 0.968750 0.500000
vt 0.937500 1.000000
vt 0.937500 0.500000
vt 0.906250 1.000000
vt 0.906250 0.500000
vt 0.875000 1.000000
vt 0.875000 0.500000
vt 0.843750 1.000000
vt 0.843750 0.500000
vt 0.812500 1.000000
vt 0.812500 0.500000
vt 0.781250 1.000000
vt 0.781250 0.500000
vt 0.750000 1.000000
vt 0.750000 0.500000
vt 0.718750 1.000000
vt 0.718750 0.500000
vt 0.687500 1.000000
vt 0.687500 0.500000
vt 0.656250 1.000000
vt 0.656250 0.500000
vt 0.625000 1.000000
vt 0.625000 0.500000
vt 0.593750 1.000000
vt 0.593750 0.500000
vt 0.562500 1.000000
vt 0.562500 0.500000
vt 0.531250 1.000000
vt 0.531250 0.500000
vt 0.500000 1.000000
vt 0.500000 0.500000
vt 0.468750 1.000000
vt 0.468750 0.500000
vt 0.437500 1.000000
vt 0.437500 0.500000
vt 0.406250 1.000000
vt 0.406250 0.500000
vt 0.375000 1.000000
vt 0.375000 0.500000
vt 0.343750 1.000000
vt 0.343750 0.500000
vt 0.312500 1.000000
vt 0.312500 0.500000
vt 0.281250 1.000000
vt 0.281250 0.500000
vt 0.250000 1.000000
vt 0.250000 0.500000
vt 0.218750 1.000000
vt 0.218750 0.500000
vt 0.187500 1.000000
vt 0.187500 0.500000
vt 0.156250 1.000000
vt 0.156250 0.500000
vt 0.125000 1.000000
vt 0.125000 0.500000
vt 0.093750 1.000000
vt 0.093750 0.500000
vt 0.062500 1.000000
vt 0.062500 0.500000
vt 0.296822 0.485388
vt 0.250000 0.490000
vt 0.203178 0.485388
vt 0.158156 0.471731
vt 0.116663 0.449553
vt 0.080294 0.419706
vt 0.050447 0.383337
vt 0.028269 0.341844
vt 0.014612 0.296822
vt 0.010000 0.250000
vt 0.014612 0.203178
vt 0.028269 0.158156
vt 0.050447 0.116663
vt 0.080294 0.080294
vt 0.116663 0.050447
vt 0.158156 0.028269
vt 0.203178 0.014612
vt 0.250000 0.010000
vt 0.296822 0.014612
vt 0.341844 0.028269
vt 0.383337 0.050447
vt 0.419706 0.080294
vt 0.449553 0.116663
vt 0.471731 0.158156
vt 0.485388 0.203178
vt 0.490000 0.250000
vt 0.485388 0.296822
vt 0.471731 0.341844
vt 0.449553 0.383337
vt 0.419706 0.419706
vt 0.383337 0.449553
vt 0.341844 0.471731
vt 0.031250 1.000000
vt 0.031250 0.500000
vt 0.000000 1.000000
vt 0.000000 0.500000
vt 0.750000 0.490000
vt 0.796822 0.485388
vt 0.841844 0.471731
vt 0.883337 0.449553
vt 0.919706 0.419706
vt 0.949553 0.383337
vt 0.971731 0.341844
vt 0.985388 0.296822
vt 0.990000 0.250000
vt 0.985388 0.203178
vt 0.971731 0.158156
vt 0.949553 0.116663
vt 0.919706 0.080294
vt 0.883337 0.050447
vt 0.841844 0.028269
vt 0.796822 0.014612
vt 0.750000 0.010000
vt 0.703178 0.014612
vt 0.658156 0.028269
vt 0.616663 0.050447
vt 0.580294 0.080294
vt 0.550447 0.116663
vt 0.528269 0.158156
vt 0.514612 0.203178
vt 0.510000 0.250000
vt 0.514612 0.296822
vt 0.528269 0.341844
vt 0.550447 0.383337
vt 0.580294 0.419706
vt 0.616663 0.449553
vt 0.658156 0.471731
vt 0.703178 0.485388
s 0
usemtl BlackMetal
f 73/127/55 74/128/55 76/129/55 75/130/55
f 75/130/56 76/129/56 78/131/56 77/132/56
f 77/132/57 78/131/57 80/133/57 79/134/57
f 79/134/58 80/133/58 82/135/58 81/136/58
f 81/136/59 82/135/59 84/137/59 83/138/59
f 83/138/60 84/137/60 86/139/60 85/140/60
f 85/140/61 86/139/61 88/141/61 87/142/61
f 87/142/62 88/141/62 90/143/62 89/144/62
f 89/144/63 90/143/63 92/145/63 91/146/63
f 91/146/64 92/145/64 94/147/64 93/148/64
f 93/148/65 94/147/65 96/149/65 95/150/65
f 95/150/66 96/149/66 98/151/66 97/152/66
f 97/152/67 98/151/67 100/153/67 99/154/67
f 99/154/68 100/153/68 102/155/68 101/156/68
f 101/156/69 102/155/69 104/157/69 103/158/69
f 103/158/70 104/157/70 106/159/70 105/160/70
f 105/160/71 106/159/71 108/161/71 107/162/71
f 107/162/72 108/161/72 110/163/72 109/164/72
f 109/164/73 110/163/73 112/165/73 111/166/73
f 111/166/74 112/165/74 114/167/74 113/168/74
f 113/168/75 114/167/75 116/169/75 115/170/75
f 115/170/76 116/169/76 118/171/76 117/172/76
f 117/172/77 118/171/77 120/173/77 119/174/77
f 119/174/78 120/173/78 122/175/78 121/176/78
f 121/176/79 122/175/79 124/177/79 123/178/79
f 123/178/80 124/177/80 126/179/80 125/180/80
f 125/180/81 126/179/81 128/181/81 127/182/81
f 127/182/82 128/181/82 130/183/82 129/184/82
f 129/184/83 130/183/83 132/185/83 131/186/83
f 131/186/84 132/185/84 134/187/84 133/188/84
f 76/189/85 74/190/85 136/191/85 134/192/85 132/193/85 130/194/85 128/195/85 126/196/85 124/197/85 122/198/85 120/199/85 118/200/85 116/201/85 114/202/85 112/203/85 110/204/85 108/205/85 106/206/85 104/207/85 102/208/85 100/209/85 98/210/85 96/211/85 94/212/85 92/213/85 90/214/85 88/215/85 86/216/85 84/217/85 82/218/85 80/219/85 78/220/85
f 133/188/86 134/187/86 136/221/86 135/222/86
f 135/222/87 136/221/87 74/223/87 73/224/87
f 73/225/88 75/226/88 77/227/88 79/228/88 81/229/88 83/230/88 85/231/88 87/232/88 89/233/88 91/234/88 93/235/88 95/236/88 97/237/88 99/238/88 101/239/88 103/240/88 105/241/88 107/242/88 109/243/88 111/244/88 113/245/88 115/246/88 117/247/88 119/248/88 121/249/88 123/250/88 125/251/88 127/252/88 129/253/88 131/254/88 133/255/88 135/256/88
o WaitChair1
v -2.550000 -0.450000 5.050000
v -2.550000 1.350000 5.050000
v -2.550000 -0.450000 3.950000
v -2.550000 1.350000 3.950000
v -1.450000 -0.450000 5.050000
v -1.450000 1.350000 5.050000
v -1.450000 -0.450000 3.950000
v -1.450000 1.350000 3.950000
vn -1.0000 -0.0000 -0.0000
vn -0.0000 -0.0000 -1.0000
vn 1.0000 -0.0000 -0.0000
vn -0.0000 -0.0000 1.0000
vn -0.0000 -1.0000 -0.0000
vn -0.0000 1.0000 -0.0000
vt 0.375000 0.000000
vt 0.625000 0.000000
vt 0.625000 0.250000
vt 0.375000 0.250000
vt 0.625000 0.500000
vt 0.375000 0.500000
vt 0.625000 0.750000
vt 0.375000 0.750000
vt 0.625000 1.000000
vt 0.375000 1.000000
vt 0.125000 0.500000
vt 0.125000 0.750000
vt 0.875000 0.500000
vt 0.875000 0.750000
s 0
usemtl DeepRed
f 137/257/89 138/258/89 140/259/89 139/260/89
f 139/260/90 140/259/90 144/261/90 143/262/90
f 143/262/91 144/261/91 142/263/91 141/264/91
f 141/264/92 142/263/92 138/265/92 137/266/92
f 139/267/93 143/262/93 141/264/93 137/268/93
f 144/261/94 140/269/94 138/270/94 142/263/94
o WaitChair2
v -1.750000 -0.450000 5.050000
v -1.750000 1.350000 5.050000
v -1.750000 -0.450000 3.950000
v -1.750000 1.350000 3.950000
v -0.650000 -0.450000 5.050000
v -0.650000 1.350000 5.050000
v -0.650000 -0.450000 3.950000
v -0.650000 1.350000 3.950000
vn -1.0000 -0.0000 -0.0000
vn -0.0000 -0.0000 -1.0000
vn 1.0000 -0.0000 -0.0000
vn -0.0000 -0.0000 1.0000
vn -0.0000 -1.0000 -0.0000
vn -0.0000 1.0000 -0.0000
vt 0.375000 0.000000
vt 0.625000 0.000000
vt 0.625000 0.250000
vt 0.375000 0.250000
vt 0.625000 0.500000
vt 0.375000 0.500000
vt 0.625000 0.750000
vt 0.375000 0.750000
vt 0.625000 1.000000
vt 0.375000 1.000000
vt 0.125000 0.500000
vt 0.125000 0.750000
vt 0.875000 0.500000
vt 0.875000 0.750000
s 0
usemtl DeepRed
f 145/271/95 146/272/95 148/273/95 147/274/95
f 147/274/96 148/273/96 152/275/96 151/276/96
f 151/276/97 152/275/97 150/277/97 149/278/97
f 149/278/98 150/277/98 146/279/98 145/280/98
f 147/281/99 151/276/99 149/278/99 145/282/99
f 152/275/100 148/283/100 146/284/100 150/277/100
o LogoPanel
v -5.700000 0.800000 4.970000
v -5.700000 3.200000 4.970000
v -5.700000 0.800000 4.870000
v -5.700000 3.200000 4.870000
v -1.300000 0.800000 4.970000
v -1.300000 3.200000 4.970000
v -1.300000 0.800000 4.870000
v -1.300000 3.200000 4.870000
vn -1.0000 -0.0000 -0.0000
vn -0.0000 -0.0000 -1.0000
vn 1.0000 -0.0000 -0.0000
vn -0.0000 -0.0000 1.0000
vn -0.0000 -1.0000 -0.0000
vn -0.0000 1.0000 -0.0000
vt 0.375000 0.000000
vt 0.625000 0.000000
vt 0.625000 0.250000
vt 0.375000 0.250000
vt 0.625000 0.500000
vt 0.375000 0.500000
vt 0.625000 0.750000
vt 0.375000 0.750000
vt 0.625000 1.000000
vt 0.375000 1.000000
vt 0.125000 0.500000
vt 0.125000 0.750000
vt 0.875000 0.500000
vt 0.875000 0.750000
s 0
usemtl Cream
f 153/285/101 154/286/101 156/287/101 155/288/101
f 155/288/102 156/287/102 160/289/102 159/290/102
f 159/290/103 160/289/103 158/291/103 157/292/103
f 157/292/104 158/291/104 154/293/104 153/294/104
f 155/295/105 159/290/105 157/292/105 153/296/105
f 160/289/106 156/297/106 154/298/106 158/291/106
o Locker0
v -5.050000 -1.000000 2.650000
v -5.050000 3.000000 2.650000
v -5.050000 -1.000000 1.850000
v -5.050000 3.000000 1.850000
v -4.150000 -1.000000 2.650000
v -4.150000 3.000000 2.650000
v -4.150000 -1.000000 1.850000
v -4.150000 3.000000 1.850000
vn -1.0000 -0.0000 -0.0000
vn -0.0000 -0.0000 -1.0000
vn 1.0000 -0.0000 -0.0000
vn -0.0000 -0.0000 1.0000
vn -0.0000 -1.0000 -0.0000
vn -0.0000 1.0000 -0.0000
vt 0.375000 0.000000
vt 0.625000 0.000000
vt 0.625000 0.250000
vt 0.375000 0.250000
vt 0.625000 0.500000
vt 0.375000 0.500000
vt 0.625000 0.750000
vt 0.375000 0.750000
vt 0.625000 1.000000
vt 0.375000 1.000000
vt 0.125000 0.500000
vt 0.125000 0.750000
vt 0.875000 0.500000
vt 0.875000 0.750000
s 0
usemtl LockerGrey
f 161/299/107 162/300/107 164/301/107 163/302/107
f 163/302/108 164/301/108 168/303/108 167/304/108
f 167/304/109 168/303/109 166/305/109 165/306/109
f 165/306/110 166/305/110 162/307/110 161/308/110
f 163/309/111 167/304/111 165/306/111 161/310/111
f 168/303/112 164/311/112 162/312/112 166/305/112
o Locker1
v -5.050000 -1.000000 2.150000
v -5.050000 3.000000 2.150000
v -5.050000 -1.000000 1.350000
v -5.050000 3.000000 1.350000
v -4.150000 -1.000000 2.150000
v -4.150000 3.000000 2.150000
v -4.150000 -1.000000 1.350000
v -4.150000 3.000000 1.350000
vn -1.0000 -0.0000 -0.0000
vn -0.0000 -0.0000 -1.0000
vn 1.0000 -0.0000 -0.0000
vn -0.0000 -0.0000 1.0000
vn -0.0000 -1.0000 -0.0000
vn -0.0000 1.0000 -0.0000
vt 0.375000 0.000000
vt 0.625000 0.000000
vt 0.625000 0.250000
vt 0.375000 0.250000
vt 0.625000 0.500000
vt 0.375000 0.500000
vt 0.625000 0.750000
vt 0.375000 0.750000
vt 0.625000 1.000000
vt 0.375000 1.000000
vt 0.125000 0.500000
vt 0.125000 0.750000
vt 0.875000 0.500000
vt 0.875000 0.750000
s 0
usemtl LockerGrey
f 169/313/113 170/314/113 172/315/113 171/316/113
f 171/316/114 172/315/114 176/317/114 175/318/114
f 175/318/115 176/317/115 174/319/115 173/320/115
f 173/320/116 174/319/116 170/321/116 169/322/116
f 171/323/117 175/318/117 173/320/117 169/324/117
f 176/317/118 172/325/118 170/326/118 174/319/118
o Locker2
v -5.050000 -1.000000 1.650000
v -5.050000 3.000000 1.650000
v -5.050000 -1.000000 0.850000
v -5.050000 3.000000 0.850000
v -4.150000 -1.000000 1.650000
v -4.150000 3.000000 1.650000
v -4.150000 -1.000000 0.850000
v -4.150000 3.000000 0.850000
vn -1.0000 -0.0000 -0.0000
vn -0.0000 -0.0000 -1.0000
vn 1.0000 -0.0000 -0.0000
vn -0.0000 -0.0000 1.0000
vn -0.0000 -1.0000 -0.0000
vn -0.0000 1.0000 -0.0000
vt 0.375000 0.000000
vt 0.625000 0.000000
vt 0.625000 0.250000
vt 0.375000 0.250000
vt 0.625000 0.500000
vt 0.375000 0.500000
vt 0.625000 0.750000
vt 0.375000 0.750000
vt 0.625000 1.000000
vt 0.375000 1.000000
vt 0.125000 0.500000
vt 0.125000 0.750000
vt 0.875000 0.500000
vt 0.875000 0.750000
s 0
usemtl LockerGrey
f 177/327/119 178/328/119 180/329/119 179/330/119
f 179/330/120 180/329/120 184/331/120 183/332/120
f 183/332/121 184/331/121 182/333/121 181/334/121
f 181/334/122 182/333/122 178/335/122 177/336/122
f 179/337/123 183/332/123 181/334/123 177/338/123
f 184/331/124 180/339/124 178/340/124 182/333/124
o Locker3
v -5.050000 -1.000000 1.150000
v -5.050000 3.000000 1.150000
v -5.050000 -1.000000 0.350000
v -5.050000 3.000000 0.350000
v -4.150000 -1.000000 1.150000
v -4.150000 3.000000 1.150000
v -4.150000 -1.000000 0.350000
v -4.150000 3.000000 0.350000
vn -1.0000 -0.0000 -0.0000
vn -0.0000 -0.0000 -1.0000
vn 1.0000 -0.0000 -0.0000
vn -0.0000 -0.0000 1.0000
vn -0.0000 -1.0000 -0.0000
vn -0.0000 1.0000 -0.0000
vt 0.375000 0.000000
vt 0.625000 0.000000
vt 0.625000 0.250000
vt 0.375000 0.250000
vt 0.625000 0.500000
vt 0.375000 0.500000
vt 0.625000 0.750000
vt 0.375000 0.750000
vt 0.625000 1.000000
vt 0.375000 1.000000
vt 0.125000 0.500000
vt 0.125000 0.750000
vt 0.875000 0.500000
vt 0.875000 0.750000
s 0
usemtl LockerGrey
f 185/341/125 186/342/125 188/343/125 187/344/125
f 187/344/126 188/343/126 192/345/126 191/346/126
f 191/346/127 192/345/127 190/347/127 189/348/127
f 189/348/128 190/347/128 186/349/128 185/350/128
f 187/351/129 191/346/129 189/348/129 185/352/129
f 192/345/130 188/353/130 186/354/130 190/347/130
o Locker4
v -5.050000 -1.000000 0.650000
v -5.050000 3.000000 0.650000
v -5.050000 -1.000000 -0.150000
v -5.050000 3.000000 -0.150000
v -4.150000 -1.000000 0.650000
v -4.150000 3.000000 0.650000
v -4.150000 -1.000000 -0.150000
v -4.150000 3.000000 -0.150000
vn -1.0000 -0.0000 -0.0000
vn -0.0000 -0.0000 -1.0000
vn 1.0000 -0.0000 -0.0000
vn -0.0000 -0.0000 1.0000
vn -0.0000 -1.0000 -0.0000
vn -0.0000 1.0000 -0.0000
vt 0.375000 0.000000
vt 0.625000 0.000000
vt 0.625000 0.250000
vt 0.375000 0.250000
vt 0.625000 0.500000
vt 0.375000 0.500000
vt 0.625000 0.750000
vt 0.375000 0.750000
vt 0.625000 1.000000
vt 0.375000 1.000000
vt 0.125000 0.500000
vt 0.125000 0.750000
vt 0.875000 0.500000
vt 0.875000 0.750000
s 0
usemtl LockerGrey
f 193/355/131 194/356/131 196/357/131 195/358/131
f 195/358/132 196/357/132 200/359/132 199/360/132
f 199/360/133 200/359/133 198/361/133 197/362/133
f 197/362/134 198/361/134 194/363/134 193/364/134
f 195/365/135 199/360/135 197/362/135 193/366/135
f 200/359/136 196/367/136 194/368/136 198/361/136
o Locker5
v -5.050000 -1.000000 0.150000
v -5.050000 3.000000 0.150000
v -5.050000 -1.000000 -0.650000
v -5.050000 3.000000 -0.650000
v -4.150000 -1.000000 0.150000
v -4.150000 3.000000 0.150000
v -4.150000 -1.000000 -0.650000
v -4.150000 3.000000 -0.650000
vn -1.0000 -0.0000 -0.0000
vn -0.0000 -0.0000 -1.0000
vn 1.0000 -0.0000 -0.0000
vn -0.0000 -0.0000 1.0000
vn -0.0000 -1.0000 -0.0000
vn -0.0000 1.0000 -0.0000
vt 0.375000 0.000000
vt 0.625000 0.000000
vt 0.625000 0.250000
vt 0.375000 0.250000
vt 0.625000 0.500000
vt 0.375000 0.500000
vt 0.625000 0.750000
vt 0.375000 0.750000
vt 0.625000 1.000000
vt 0.375000 1.000000
vt 0.125000 0.500000
vt 0.125000 0.750000
vt 0.875000 0.500000
vt 0.875000 0.750000
s 0
usemtl LockerGrey
f 201/369/137 202/370/137 204/371/137 203/372/137
f 203/372/138 204/371/138 208/373/138 207/374/138
f 207/374/139 208/373/139 206/375/139 205/376/139
f 205/376/140 206/375/140 202/377/140 201/378/140
f 203/379/141 207/374/141 205/376/141 201/380/141
f 208/373/142 204/381/142 202/382/142 206/375/142
o Locker6
v -5.050000 -1.000000 -0.350000
v -5.050000 3.000000 -0.350000
v -5.050000 -1.000000 -1.150000
v -5.050000 3.000000 -1.150000
v -4.150000 -1.000000 -0.350000
v -4.150000 3.000000 -0.350000
v -4.150000 -1.000000 -1.150000
v -4.150000 3.000000 -1.150000
vn -1.0000 -0.0000 -0.0000
vn -0.0000 -0.0000 -1.0000
vn 1.0000 -0.0000 -0.0000
vn -0.0000 -0.0000 1.0000
vn -0.0000 -1.0000 -0.0000
vn -0.0000 1.0000 -0.0000
vt 0.375000 0.000000
vt 0.625000 0.000000
vt 0.625000 0.250000
vt 0.375000 0.250000
vt 0.625000 0.500000
vt 0.375000 0.500000
vt 0.625000 0.750000
vt 0.375000 0.750000
vt 0.625000 1.000000
vt 0.375000 1.000000
vt 0.125000 0.500000
vt 0.125000 0.750000
vt 0.875000 0.500000
vt 0.875000 0.750000
s 0
usemtl LockerGrey
f 209/383/143 210/384/143 212/385/143 211/386/143
f 211/386/144 212/385/144 216/387/144 215/388/144
f 215/388/145 216/387/145 214/389/145 213/390/145
f 213/390/146 214/389/146 210/391/146 209/392/146
f 211/393/147 215/388/147 213/390/147 209/394/147
f 216/387/148 212/395/148 210/396/148 214/389/148
o Locker7
v -5.050000 -1.000000 -0.850000
v -5.050000 3.000000 -0.850000
v -5.050000 -1.000000 -1.650000
v -5.050000 3.000000 -1.650000
v -4.150000 -1.000000 -0.850000
v -4.150000 3.000000 -0.850000
v -4.150000 -1.000000 -1.650000
v -4.150000 3.000000 -1.650000
vn -1.0000 -0.0000 -0.0000
vn -0.0000 -0.0000 -1.0000
vn 1.0000 -0.0000 -0.0000
vn -0.0000 -0.0000 1.0000
vn -0.0000 -1.0000 -0.0000
vn -0.0000 1.0000 -0.0000
vt 0.375000 0.000000
vt 0.625000 0.000000
vt 0.625000 0.250000
vt 0.375000 0.250000
vt 0.625000 0.500000
vt 0.375000 0.500000
vt 0.625000 0.750000
vt 0.375000 0.750000
vt 0.625000 1.000000
vt 0.375000 1.000000
vt 0.125000 0.500000
vt 0.125000 0.750000
vt 0.875000 0.500000
vt 0.875000 0.750000
s 0
usemtl LockerGrey
f 217/397/149 218/398/149 220/399/149 219/400/149
f 219/400/150 220/399/150 224/401/150 223/402/150
f 223/402/151 224/401/151 222/403/151 221/404/151
f 221/404/152 222/403/152 218/405/152 217/406/152
f 219/407/153 223/402/153 221/404/153 217/408/153
f 224/401/154 220/409/154 218/410/154 222/403/154
o Locker8
v -5.050000 -1.000000 -1.350000
v -5.050000 3.000000 -1.350000
v -5.050000 -1.000000 -2.150000
v -5.050000 3.000000 -2.150000
v -4.150000 -1.000000 -1.350000
v -4.150000 3.000000 -1.350000
v -4.150000 -1.000000 -2.150000
v -4.150000 3.000000 -2.150000
vn -1.0000 -0.0000 -0.0000
vn -0.0000 -0.0000 -1.0000
vn 1.0000 -0.0000 -0.0000
vn -0.0000 -0.0000 1.0000
vn -0.0000 -1.0000 -0.0000
vn -0.0000 1.0000 -0.0000
vt 0.375000 0.000000
vt 0.625000 0.000000
vt 0.625000 0.250000
vt 0.375000 0.250000
vt 0.625000 0.500000
vt 0.375000 0.500000
vt 0.625000 0.750000
vt 0.375000 0.750000
vt 0.625000 1.000000
vt 0.375000 1.000000
vt 0.125000 0.500000
vt 0.125000 0.750000
vt 0.875000 0.500000
vt 0.875000 0.750000
s 0
usemtl LockerGrey
f 225/411/155 226/412/155 228/413/155 227/414/155
f 227/414/156 228/413/156 232/415/156 231/416/156
f 231/416/157 232/415/157 230/417/157 229/418/157
f 229/418/158 230/417/158 226/419/158 225/420/158
f 227/421/159 231/416/159 229/418/159 225/422/159
f 232/415/160 228/423/160 226/424/160 230/417/160
o Locker9
v -5.050000 -1.000000 -1.850000
v -5.050000 3.000000 -1.850000
v -5.050000 -1.000000 -2.650000
v -5.050000 3.000000 -2.650000
v -4.150000 -1.000000 -1.850000
v -4.150000 3.000000 -1.850000
v -4.150000 -1.000000 -2.650000
v -4.150000 3.000000 -2.650000
vn -1.0000 -0.0000 -0.0000
vn -0.0000 -0.0000 -1.0000
vn 1.0000 -0.0000 -0.0000
vn -0.0000 -0.0000 1.0000
vn -0.0000 -1.0000 -0.0000
vn -0.0000 1.0000 -0.0000
vt 0.375000 0.000000
vt 0.625000 0.000000
vt 0.625000 0.250000
vt 0.375000 0.250000
vt 0.625000 0.500000
vt 0.375000 0.500000
vt 0.625000 0.750000
vt 0.375000 0.750000
vt 0.625000 1.000000
vt 0.375000 1.000000
vt 0.125000 0.500000
vt 0.125000 0.750000
vt 0.875000 0.500000
vt 0.875000 0.750000
s 0
usemtl LockerGrey
f 233/425/161 234/426/161 236/427/161 235/428/161
f 235/428/162 236/427/162 240/429/162 239/430/162
f 239/430/163 240/429/163 238/431/163 237/432/163
f 237/432/164 238/431/164 234/433/164 233/434/164
f 235/435/165 239/430/165 237/432/165 233/436/165
f 240/429/166 236/437/166 234/438/166 238/431/166
o LockerBench
v -4.150000 -0.230000 2.400000
v -4.150000 0.670000 2.400000
v -4.150000 -0.230000 -2.400000
v -4.150000 0.670000 -2.400000
v -3.450000 -0.230000 2.400000
v -3.450000 0.670000 2.400000
v -3.450000 -0.230000 -2.400000
v -3.450000 0.670000 -2.400000
vn -1.0000 -0.0000 -0.0000
vn -0.0000 -0.0000 -1.0000
vn 1.0000 -0.0000 -0.0000
vn -0.0000 -0.0000 1.0000
vn -0.0000 -1.0000 -0.0000
vn -0.0000 1.0000 -0.0000
vt 0.375000 0.000000
vt 0.625000 0.000000
vt 0.625000 0.250000
vt 0.375000 0.250000
vt 0.625000 0.500000
vt 0.375000 0.500000
vt 0.625000 0.750000
vt 0.375000 0.750000
vt 0.625000 1.000000
vt 0.375000 1.000000
vt 0.125000 0.500000
vt 0.125000 0.750000
vt 0.875000 0.500000
vt 0.875000 0.750000
s 0
usemtl WarmWood
f 241/439/167 242/440/167 244/441/167 243/442/167
f 243/442/168 244/441/168 248/443/168 247/444/168
f 247/444/169 248/443/169 246/445/169 245/446/169
f 245/446/170 246/445/170 242/447/170 241/448/170
f 243/449/171 247/444/171 245/446/171 241/450/171
f 248/443/172 244/451/172 242/452/172 246/445/172
o LiftPlatform1
v 0.500000 0.070000 4.500000
v 0.500000 0.170000 4.500000
v 0.500000 0.070000 1.500000
v 0.500000 0.170000 1.500000
v 4.500000 0.070000 4.500000
v 4.500000 0.170000 4.500000
v 4.500000 0.070000 1.500000
v 4.500000 0.170000 1.500000
vn -1.0000 -0.0000 -0.0000
vn -0.0000 -0.0000 -1.0000
vn 1.0000 -0.0000 -0.0000
vn -0.0000 -0.0000 1.0000
vn -0.0000 -1.0000 -0.0000
vn -0.0000 1.0000 -0.0000
vt 0.375000 0.000000
vt 0.625000 0.000000
vt 0.625000 0.250000
vt 0.375000 0.250000
vt 0.625000 0.500000
vt 0.375000 0.500000
vt 0.625000 0.750000
vt 0.375000 0.750000
vt 0.625000 1.000000
vt 0.375000 1.000000
vt 0.125000 0.500000
vt 0.125000 0.750000
vt 0.875000 0.500000
vt 0.875000 0.750000
s 0
usemtl RubberFloor
f 249/453/173 250/454/173 252/455/173 251/456/173
f 251/456/174 252/455/174 256/457/174 255/458/174
f 255/458/175 256/457/175 254/459/175 253/460/175
f 253/460/176 254/459/176 250/461/176 249/462/176
f 251/463/177 255/458/177 253/460/177 249/464/177
f 256/457/178 252/465/178 250/466/178 254/459/178
o LiftPlatform2
v 0.500000 0.070000 2.500000
v 0.500000 0.170000 2.500000
v 0.500000 0.070000 -0.500000
v 0.500000 0.170000 -0.500000
v 4.500000 0.070000 2.500000
v 4.500000 0.170000 2.500000
v 4.500000 0.070000 -0.500000
v 4.500000 0.170000 -0.500000
vn -1.0000 -0.0000 -0.0000
vn -0.0000 -0.0000 -1.0000
vn 1.0000 -0.0000 -0.0000
vn -0.0000 -0.0000 1.0000
vn -0.0000 -1.0000 -0.0000
vn -0.0000 1.0000 -0.0000
vt 0.375000 0.000000
vt 0.625000 0.000000
vt 0.625000 0.250000
vt 0.375000 0.250000
vt 0.625000 0.500000
vt 0.375000 0.500000
vt 0.625000 0.750000
vt 0.375000 0.750000
vt 0.625000 1.000000
vt 0.375000 1.000000
vt 0.125000 0.500000
vt 0.125000 0.750000
vt 0.875000 0.500000
vt 0.875000 0.750000
s 0
usemtl RubberFloor
f 257/467/179 258/468/179 260/469/179 259/470/179
f 259/470/180 260/469/180 264/471/180 263/472/180
f 263/472/181 264/471/181 262/473/181 261/474/181
f 261/474/182 262/473/182 258/475/182 257/476/182
f 259/477/183 263/472/183 261/474/183 257/478/183
f 264/471/184 260/479/184 258/480/184 262/473/184
o DumbbellRack
v 3.900000 -0.600000 2.500000
v 3.900000 2.400000 2.500000
v 3.900000 -0.600000 -3.500000
v 3.900000 2.400000 -3.500000
v 4.700000 -0.600000 2.500000
v 4.700000 2.400000 2.500000
v 4.700000 -0.600000 -3.500000
v 4.700000 2.400000 -3.500000
vn -1.0000 -0.0000 -0.0000
vn -0.0000 -0.0000 -1.0000
vn 1.0000 -0.0000 -0.0000
vn -0.0000 -0.0000 1.0000
vn -0.0000 -1.0000 -0.0000
vn -0.0000 1.0000 -0.0000
vt 0.375000 0.000000
vt 0.625000 0.000000
vt 0.625000 0.250000
vt 0.375000 0.250000
vt 0.625000 0.500000
vt 0.375000 0.500000
vt 0.625000 0.750000
vt 0.375000 0.750000
vt 0.625000 1.000000
vt 0.375000 1.000000
vt 0.125000 0.500000
vt 0.125000 0.750000
vt 0.875000 0.500000
vt 0.875000 0.750000
s 0
usemtl BlackMetal
f 265/481/185 266/482/185 268/483/185 267/484/185
f 267/484/186 268/483/186 272/485/186 271/486/186
f 271/486/187 272/485/187 270/487/187 269/488/187
f 269/488/188 270/487/188 266/489/188 265/490/188
f 267/491/189 271/486/189 269/488/189 265/492/189
f 272/485/190 268/493/190 266/494/190 270/487/190
o DmbShelf1
v 3.950000 0.460000 2.400000
v 3.950000 0.540000 2.400000
v 3.950000 0.460000 -3.400000
v 3.950000 0.540000 -3.400000
v 4.650000 0.460000 2.400000
v 4.650000 0.540000 2.400000
v 4.650000 0.460000 -3.400000
v 4.650000 0.540000 -3.400000
vn -1.0000 -0.0000 -0.0000
vn -0.0000 -0.0000 -1.0000
vn 1.0000 -0.0000 -0.0000
vn -0.0000 -0.0000 1.0000
vn -0.0000 -1.0000 -0.0000
vn -0.0000 1.0000 -0.0000
vt 0.375000 0.000000
vt 0.625000 0.000000
vt 0.625000 0.250000
vt 0.375000 0.250000
vt 0.625000 0.500000
vt 0.375000 0.500000
vt 0.625000 0.750000
vt 0.375000 0.750000
vt 0.625000 1.000000
vt 0.375000 1.000000
vt 0.125000 0.500000
vt 0.125000 0.750000
vt 0.875000 0.500000
vt 0.875000 0.750000
s 0
usemtl BlackMetal
f 273/495/191 274/496/191 276/497/191 275/498/191
f 275/498/192 276/497/192 280/499/192 279/500/192
f 279/500/193 280/499/193 278/501/193 277/502/193
f 277/502/194 278/501/194 274/503/194 273/504/194
f 275/505/195 279/500/195 277/502/195 273/506/195
f 280/499/196 276/507/196 274/508/196 278/501/196
o DmbShelf2
v 3.950000 0.910000 2.400000
v 3.950000 0.990000 2.400000
v 3.950000 0.910000 -3.400000
v 3.950000 0.990000 -3.400000
v 4.650000 0.910000 2.400000
v 4.650000 0.990000 2.400000
v 4.650000 0.910000 -3.400000
v 4.650000 0.990000 -3.400000
vn -1.0000 -0.0000 -0.0000
vn -0.0000 -0.0000 -1.0000
vn 1.0000 -0.0000 -0.0000
vn -0.0000 -0.0000 1.0000
vn -0.0000 -1.0000 -0.0000
vn -0.0000 1.0000 -0.0000
vt 0.375000 0.000000
vt 0.625000 0.000000
vt 0.625000 0.250000
vt 0.375000 0.250000
vt 0.625000 0.500000
vt 0.375000 0.500000
vt 0.625000 0.750000
vt 0.375000 0.750000
vt 0.625000 1.000000
vt 0.375000 1.000000
vt 0.125000 0.500000
vt 0.125000 0.750000
vt 0.875000 0.500000
vt 0.875000 0.750000
s 0
usemtl BlackMetal
f 281/509/197 282/510/197 284/511/197 283/512/197
f 283/512/198 284/511/198 288/513/198 287/514/198
f 287/514/199 288/513/199 286/515/199 285/516/199
f 285/516/200 286/515/200 282/517/200 281/518/200
f 283/519/201 287/514/201 285/516/201 281/520/201
f 288/513/202 284/521/202 282/522/202 286/515/202
o DmbShelf3
v 3.950000 1.360000 2.400000
v 3.950000 1.440000 2.400000
v 3.950000 1.360000 -3.400000
v 3.950000 1.440000 -3.400000
v 4.650000 1.360000 2.400000
v 4.650000 1.440000 2.400000
v 4.650000 1.360000 -3.400000
v 4.650000 1.440000 -3.400000
vn -1.0000 -0.0000 -0.0000
vn -0.0000 -0.0000 -1.0000
vn 1.0000 -0.0000 -0.0000
vn -0.0000 -0.0000 1.0000
vn -0.0000 -1.0000 -0.0000
vn -0.0000 1.0000 -0.0000
vt 0.375000 0.000000
vt 0.625000 0.000000
vt 0.625000 0.250000
vt 0.375000 0.250000
vt 0.625000 0.500000
vt 0.375000 0.500000
vt 0.625000 0.750000
vt 0.375000 0.750000
vt 0.625000 1.000000
vt 0.375000 1.000000
vt 0.125000 0.500000
vt 0.125000 0.750000
vt 0.875000 0.500000
vt 0.875000 0.750000
s 0
usemtl BlackMetal
f 289/523/203 290/524/203 292/525/203 291/526/203
f 291/526/204 292/525/204 296/527/204 295/528/204
f 295/528/205 296/527/205 294/529/205 293/530/205
f 293/530/206 294/529/206 290/531/206 289/532/206
f 291/533/207 295/528/207 293/530/207 289/534/207
f 296/527/208 292/535/208 290/536/208 294/529/208
o Dmb_s1_k0
v 4.300000 0.230000 0.590000
v 4.300000 0.930000 0.590000
v 4.321460 0.230000 0.592114
v 4.321460 0.930000 0.592114
v 4.342095 0.230000 0.598373
v 4.342095 0.930000 0.598373
v 4.361113 0.230000 0.608538
v 4.361113 0.930000 0.608538
v 4.377782 0.230000 0.622218
v 4.377782 0.930000 0.622218
v 4.391462 0.230000 0.638887
v 4.391462 0.930000 0.638887
v 4.401627 0.230000 0.657905
v 4.401627 0.930000 0.657905
v 4.407887 0.230000 0.678540
v 4.407887 0.930000 0.678540
v 4.410000 0.230000 0.700000
v 4.410000 0.930000 0.700000
v 4.407887 0.230000 0.721460
v 4.407887 0.930000 0.721460
v 4.401627 0.230000 0.742095
v 4.401627 0.930000 0.742095
v 4.391462 0.230000 0.761113
v 4.391462 0.930000 0.761113
v 4.377782 0.230000 0.777782
v 4.377782 0.930000 0.777782
v 4.361113 0.230000 0.791462
v 4.361113 0.930000 0.791462
v 4.342095 0.230000 0.801627
v 4.342095 0.930000 0.801627
v 4.321460 0.230000 0.807886
v 4.321460 0.930000 0.807886
v 4.300000 0.230000 0.810000
v 4.300000 0.930000 0.810000
v 4.278540 0.230000 0.807886
v 4.278540 0.930000 0.807886
v 4.257905 0.230000 0.801627
v 4.257905 0.930000 0.801627
v 4.238887 0.230000 0.791462
v 4.238887 0.930000 0.791462
v 4.222219 0.230000 0.777782
v 4.222219 0.930000 0.777782
v 4.208539 0.230000 0.761113
v 4.208539 0.930000 0.761113
v 4.198373 0.230000 0.742095
v 4.198373 0.930000 0.742095
v 4.192114 0.230000 0.721460
v 4.192114 0.930000 0.721460
v 4.190000 0.230000 0.700000
v 4.190000 0.930000 0.700000
v 4.192114 0.230000 0.678540
v 4.192114 0.930000 0.678540
v 4.198373 0.230000 0.657905
v 4.198373 0.930000 0.657905
v 4.208539 0.230000 0.638887
v 4.208539 0.930000 0.638887
v 4.222219 0.230000 0.622218
v 4.222219 0.930000 0.622218
v 4.238887 0.230000 0.608538
v 4.238887 0.930000 0.608538
v 4.257905 0.230000 0.598373
v 4.257905 0.930000 0.598373
v 4.278540 0.230000 0.592114
v 4.278540 0.930000 0.592114
vn 0.0980 -0.0000 -0.9952
vn 0.2903 -0.0000 -0.9569
vn 0.4714 -0.0000 -0.8819
vn 0.6344 -0.0000 -0.7730
vn 0.7730 -0.0000 -0.6344
vn 0.8819 -0.0000 -0.4714
vn 0.9569 -0.0000 -0.2903
vn 0.9952 -0.0000 -0.0980
vn 0.9952 -0.0000 0.0980
vn 0.9569 -0.0000 0.2903
vn 0.8819 -0.0000 0.4714
vn 0.7730 -0.0000 0.6344
vn 0.6344 -0.0000 0.7730
vn 0.4714 -0.0000 0.8819
vn 0.2903 -0.0000 0.9569
vn 0.0980 -0.0000 0.9952
vn -0.0980 -0.0000 0.9952
vn -0.2903 -0.0000 0.9569
vn -0.4714 -0.0000 0.8819
vn -0.6344 -0.0000 0.7730
vn -0.7730 -0.0000 0.6344
vn -0.8819 -0.0000 0.4714
vn -0.9569 -0.0000 0.2903
vn -0.9952 -0.0000 0.0980
vn -0.9952 -0.0000 -0.0980
vn -0.9569 -0.0000 -0.2903
vn -0.8819 -0.0000 -0.4714
vn -0.7730 -0.0000 -0.6344
vn -0.6344 -0.0000 -0.7730
vn -0.4714 -0.0000 -0.8819
vn -0.0000 1.0000 -0.0000
vn -0.2903 -0.0000 -0.9569
vn -0.0980 -0.0000 -0.9952
vn -0.0000 -1.0000 -0.0000
vt 1.000000 0.500000
vt 1.000000 1.000000
vt 0.968750 1.000000
vt 0.968750 0.500000
vt 0.937500 1.000000
vt 0.937500 0.500000
vt 0.906250 1.000000
vt 0.906250 0.500000
vt 0.875000 1.000000
vt 0.875000 0.500000
vt 0.843750 1.000000
vt 0.843750 0.500000
vt 0.812500 1.000000
vt 0.812500 0.500000
vt 0.781250 1.000000
vt 0.781250 0.500000
vt 0.750000 1.000000
vt 0.750000 0.500000
vt 0.718750 1.000000
vt 0.718750 0.500000
vt 0.687500 1.000000
vt 0.687500 0.500000
vt 0.656250 1.000000
vt 0.656250 0.500000
vt 0.625000 1.000000
vt 0.625000 0.500000
vt 0.593750 1.000000
vt 0.593750 0.500000
vt 0.562500 1.000000
vt 0.562500 0.500000
vt 0.531250 1.000000
vt 0.531250 0.500000
vt 0.500000 1.000000
vt 0.500000 0.500000
vt 0.468750 1.000000
vt 0.468750 0.500000
vt 0.437500 1.000000
vt 0.437500 0.500000
vt 0.406250 1.000000
vt 0.406250 0.500000
vt 0.375000 1.000000
vt 0.375000 0.500000
vt 0.343750 1.000000
vt 0.343750 0.500000
vt 0.312500 1.000000
vt 0.312500 0.500000
vt 0.281250 1.000000
vt 0.281250 0.500000
vt 0.250000 1.000000
vt 0.250000 0.500000
vt 0.218750 1.000000
vt 0.218750 0.500000
vt 0.187500 1.000000
vt 0.187500 0.500000
vt 0.156250 1.000000
vt 0.156250 0.500000
vt 0.125000 1.000000
vt 0.125000 0.500000
vt 0.093750 1.000000
vt 0.093750 0.500000
vt 0.062500 1.000000
vt 0.062500 0.500000
vt 0.296822 0.485388
vt 0.250000 0.490000
vt 0.203178 0.485388
vt 0.158156 0.471731
vt 0.116663 0.449553
vt 0.080294 0.419706
vt 0.050447 0.383337
vt 0.028269 0.341844
vt 0.014612 0.296822
vt 0.010000 0.250000
vt 0.014612 0.203178
vt 0.028269 0.158156
vt 0.050447 0.116663
vt 0.080294 0.080294
vt 0.116663 0.050447
vt 0.158156 0.028269
vt 0.203178 0.014612
vt 0.250000 0.010000
vt 0.296822 0.014612
vt 0.341844 0.028269
vt 0.383337 0.050447
vt 0.419706 0.080294
vt 0.449553 0.116663
vt 0.471731 0.158156
vt 0.485388 0.203178
vt 0.490000 0.250000
vt 0.485388 0.296822
vt 0.471731 0.341844
vt 0.449553 0.383337
vt 0.419706 0.419706
vt 0.383337 0.449553
vt 0.341844 0.471731
vt 0.031250 1.000000
vt 0.031250 0.500000
vt 0.000000 1.000000
vt 0.000000 0.500000
vt 0.750000 0.490000
vt 0.796822 0.485388
vt 0.841844 0.471731
vt 0.883337 0.449553
vt 0.919706 0.419706
vt 0.949553 0.383337
vt 0.971731 0.341844
vt 0.985388 0.296822
vt 0.990000 0.250000
vt 0.985388 0.203178
vt 0.971731 0.158156
vt 0.949553 0.116663
vt 0.919706 0.080294
vt 0.883337 0.050447
vt 0.841844 0.028269
vt 0.796822 0.014612
vt 0.750000 0.010000
vt 0.703178 0.014612
vt 0.658156 0.028269
vt 0.616663 0.050447
vt 0.580294 0.080294
vt 0.550447 0.116663
vt 0.528269 0.158156
vt 0.514612 0.203178
vt 0.510000 0.250000
vt 0.514612 0.296822
vt 0.528269 0.341844
vt 0.550447 0.383337
vt 0.580294 0.419706
vt 0.616663 0.449553
vt 0.658156 0.471731
vt 0.703178 0.485388
s 0
usemtl BlackMetal
f 297/537/209 298/538/209 300/539/209 299/540/209
f 299/540/210 300/539/210 302/541/210 301/542/210
f 301/542/211 302/541/211 304/543/211 303/544/211
f 303/544/212 304/543/212 306/545/212 305/546/212
f 305/546/213 306/545/213 308/547/213 307/548/213
f 307/548/214 308/547/214 310/549/214 309/550/214
f 309/550/215 310/549/215 312/551/215 311/552/215
f 311/552/216 312/551/216 314/553/216 313/554/216
f 313/554/217 314/553/217 316/555/217 315/556/217
f 315/556/218 316/555/218 318/557/218 317/558/218
f 317/558/219 318/557/219 320/559/219 319/560/219
f 319/560/220 320/559/220 322/561/220 321/562/220
f 321/562/221 322/561/221 324/563/221 323/564/221
f 323/564/222 324/563/222 326/565/222 325/566/222
f 325/566/223 326/565/223 328/567/223 327/568/223
f 327/568/224 328/567/224 330/569/224 329/570/224
f 329/570/225 330/569/225 332/571/225 331/572/225
f 331/572/226 332/571/226 334/573/226 333/574/226
f 333/574/227 334/573/227 336/575/227 335/576/227
f 335/576/228 336/575/228 338/577/228 337/578/228
f 337/578/229 338/577/229 340/579/229 339/580/229
f 339/580/230 340/579/230 342/581/230 341/582/230
f 341/582/231 342/581/231 344/583/231 343/584/231
f 343/584/232 344/583/232 346/585/232 345/586/232
f 345/586/233 346/585/233 348/587/233 347/588/233
f 347/588/234 348/587/234 350/589/234 349/590/234
f 349/590/235 350/589/235 352/591/235 351/592/235
f 351/592/236 352/591/236 354/593/236 353/594/236
f 353/594/237 354/593/237 356/595/237 355/596/237
f 355/596/238 356/595/238 358/597/238 357/598/238
f 300/599/239 298/600/239 360/601/239 358/602/239 356/603/239 354/604/239 352/605/239 350/606/239 348/607/239 346/608/239 344/609/239 342/610/239 340/611/239 338/612/239 336/613/239 334/614/239 332/615/239 330/616/239 328/617/239 326/618/239 324/619/239 322/620/239 320/621/239 318/622/239 316/623/239 314/624/239 312/625/239 310/626/239 308/627/239 306/628/239 304/629/239 302/630/239
f 357/598/240 358/597/240 360/631/240 359/632/240
f 359/632/241 360/631/241 298/633/241 297/634/241
f 297/635/242 299/636/242 301/637/242 303/638/242 305/639/242 307/640/242 309/641/242 311/642/242 313/643/242 315/644/242 317/645/242 319/646/242 321/647/242 323/648/242 325/649/242 327/650/242 329/651/242 331/652/242 333/653/242 335/654/242 337/655/242 339/656/242 341/657/242 343/658/242 345/659/242 347/660/242 349/661/242 351/662/242 353/663/242 355/664/242 357/665/242 359/666/242
o Dmb_s1_k1
v 4.300000 0.230000 -0.010000
v 4.300000 0.930000 -0.010000
v 4.321460 0.230000 -0.007886
v 4.321460 0.930000 -0.007886
v 4.342095 0.230000 -0.001627
v 4.342095 0.930000 -0.001627
v 4.361113 0.230000 0.008538
v 4.361113 0.930000 0.008538
v 4.377782 0.230000 0.022218
v 4.377782 0.930000 0.022218
v 4.391462 0.230000 0.038887
v 4.391462 0.930000 0.038887
v 4.401627 0.230000 0.057905
v 4.401627 0.930000 0.057905
v 4.407887 0.230000 0.078540
v 4.407887 0.930000 0.078540
v 4.410000 0.230000 0.100000
v 4.410000 0.930000 0.100000
v 4.407887 0.230000 0.121460
v 4.407887 0.930000 0.121460
v 4.401627 0.230000 0.142095
v 4.401627 0.930000 0.142095
v 4.391462 0.230000 0.161113
v 4.391462 0.930000 0.161113
v 4.377782 0.230000 0.177782
v 4.377782 0.930000 0.177782
v 4.361113 0.230000 0.191462
v 4.361113 0.930000 0.191462
v 4.342095 0.230000 0.201627
v 4.342095 0.930000 0.201627
v 4.321460 0.230000 0.207886
v 4.321460 0.930000 0.207886
v 4.300000 0.230000 0.210000
v 4.300000 0.930000 0.210000
v 4.278540 0.230000 0.207886
v 4.278540 0.930000 0.207886
v 4.257905 0.230000 0.201627
v 4.257905 0.930000 0.201627
v 4.238887 0.230000 0.191462
v 4.238887 0.930000 0.191462
v 4.222219 0.230000 0.177782
v 4.222219 0.930000 0.177782
v 4.208539 0.230000 0.161113
v 4.208539 0.930000 0.161113
v 4.198373 0.230000 0.142095
v 4.198373 0.930000 0.142095
v 4.192114 0.230000 0.121460
v 4.192114 0.930000 0.121460
v 4.190000 0.230000 0.100000
v 4.190000 0.930000 0.100000
v 4.192114 0.230000 0.078540
v 4.192114 0.930000 0.078540
v 4.198373 0.230000 0.057905
v 4.198373 0.930000 0.057905
v 4.208539 0.230000 0.038887
v 4.208539 0.930000 0.038887
v 4.222219 0.230000 0.022218
v 4.222219 0.930000 0.022218
v 4.238887 0.230000 0.008538
v 4.238887 0.930000 0.008538
v 4.257905 0.230000 -0.001627
v 4.257905 0.930000 -0.001627
v 4.278540 0.230000 -0.007886
v 4.278540 0.930000 -0.007886
vn 0.0980 -0.0000 -0.9952
vn 0.2903 -0.0000 -0.9569
vn 0.4714 -0.0000 -0.8819
vn 0.6344 -0.0000 -0.7730
vn 0.7730 -0.0000 -0.6344
vn 0.8819 -0.0000 -0.4714
vn 0.9569 -0.0000 -0.2903
vn 0.9952 -0.0000 -0.0980
vn 0.9952 -0.0000 0.0980
vn 0.9569 -0.0000 0.2903
vn 0.8819 -0.0000 0.4714
vn 0.7730 -0.0000 0.6344
vn 0.6344 -0.0000 0.7730
vn 0.4714 -0.0000 0.8819
vn 0.2903 -0.0000 0.9569
vn 0.0980 -0.0000 0.9952
vn -0.0980 -0.0000 0.9952
vn -0.2903 -0.0000 0.9569
vn -0.4714 -0.0000 0.8819
vn -0.6344 -0.0000 0.7730
vn -0.7730 -0.0000 0.6344
vn -0.8819 -0.0000 0.4714
vn -0.9569 -0.0000 0.2903
vn -0.9952 -0.0000 0.0980
vn -0.9952 -0.0000 -0.0980
vn -0.9569 -0.0000 -0.2903
vn -0.8819 -0.0000 -0.4714
vn -0.7730 -0.0000 -0.6344
vn -0.6344 -0.0000 -0.7730
vn -0.4714 -0.0000 -0.8819
vn -0.0000 1.0000 -0.0000
vn -0.2903 -0.0000 -0.9569
vn -0.0980 -0.0000 -0.9952
vn -0.0000 -1.0000 -0.0000
vt 1.000000 0.500000
vt 1.000000 1.000000
vt 0.968750 1.000000
vt 0.968750 0.500000
vt 0.937500 1.000000
vt 0.937500 0.500000
vt 0.906250 1.000000
vt 0.906250 0.500000
vt 0.875000 1.000000
vt 0.875000 0.500000
vt 0.843750 1.000000
vt 0.843750 0.500000
vt 0.812500 1.000000
vt 0.812500 0.500000
vt 0.781250 1.000000
vt 0.781250 0.500000
vt 0.750000 1.000000
vt 0.750000 0.500000
vt 0.718750 1.000000
vt 0.718750 0.500000
vt 0.687500 1.000000
vt 0.687500 0.500000
vt 0.656250 1.000000
vt 0.656250 0.500000
vt 0.625000 1.000000
vt 0.625000 0.500000
vt 0.593750 1.000000
vt 0.593750 0.500000
vt 0.562500 1.000000
vt 0.562500 0.500000
vt 0.531250 1.000000
vt 0.531250 0.500000
vt 0.500000 1.000000
vt 0.500000 0.500000
vt 0.468750 1.000000
vt 0.468750 0.500000
vt 0.437500 1.000000
vt 0.437500 0.500000
vt 0.406250 1.000000
vt 0.406250 0.500000
vt 0.375000 1.000000
vt 0.375000 0.500000
vt 0.343750 1.000000
vt 0.343750 0.500000
vt 0.312500 1.000000
vt 0.312500 0.500000
vt 0.281250 1.000000
vt 0.281250 0.500000
vt 0.250000 1.000000
vt 0.250000 0.500000
vt 0.218750 1.000000
vt 0.218750 0.500000
vt 0.187500 1.000000
vt 0.187500 0.500000
vt 0.156250 1.000000
vt 0.156250 0.500000
vt 0.125000 1.000000
vt 0.125000 0.500000
vt 0.093750 1.000000
vt 0.093750 0.500000
vt 0.062500 1.000000
vt 0.062500 0.500000
vt 0.296822 0.485388
vt 0.250000 0.490000
vt 0.203178 0.485388
vt 0.158156 0.471731
vt 0.116663 0.449553
vt 0.080294 0.419706
vt 0.050447 0.383337
vt 0.028269 0.341844
vt 0.014612 0.296822
vt 0.010000 0.250000
vt 0.014612 0.203178
vt 0.028269 0.158156
vt 0.050447 0.116663
vt 0.080294 0.080294
vt 0.116663 0.050447
vt 0.158156 0.028269
vt 0.203178 0.014612
vt 0.250000 0.010000
vt 0.296822 0.014612
vt 0.341844 0.028269
vt 0.383337 0.050447
vt 0.419706 0.080294
vt 0.449553 0.116663
vt 0.471731 0.158156
vt 0.485388 0.203178
vt 0.490000 0.250000
vt 0.485388 0.296822
vt 0.471731 0.341844
vt 0.449553 0.383337
vt 0.419706 0.419706
vt 0.383337 0.449553
vt 0.341844 0.471731
vt 0.031250 1.000000
vt 0.031250 0.500000
vt 0.000000 1.000000
vt 0.000000 0.500000
vt 0.750000 0.490000
vt 0.796822 0.485388
vt 0.841844 0.471731
vt 0.883337 0.449553
vt 0.919706 0.419706
vt 0.949553 0.383337
vt 0.971731 0.341844
vt 0.985388 0.296822
vt 0.990000 0.250000
vt 0.985388 0.203178
vt 0.971731 0.158156
vt 0.949553 0.116663
vt 0.919706 0.080294
vt 0.883337 0.050447
vt 0.841844 0.028269
vt 0.796822 0.014612
vt 0.750000 0.010000
vt 0.703178 0.014612
vt 0.658156 0.028269
vt 0.616663 0.050447
vt 0.580294 0.080294
vt 0.550447 0.116663
vt 0.528269 0.158156
vt 0.514612 0.203178
vt 0.510000 0.250000
vt 0.514612 0.296822
vt 0.528269 0.341844
vt 0.550447 0.383337
vt 0.580294 0.419706
vt 0.616663 0.449553
vt 0.658156 0.471731
vt 0.703178 0.485388
s 0
usemtl BlackMetal
f 361/667/243 362/668/243 364/669/243 363/670/243
f 363/670/244 364/669/244 366/671/244 365/672/244
f 365/672/245 366/671/245 368/673/245 367/674/245
f 367/674/246 368/673/246 370/675/246 369/676/246
f 369/676/247 370/675/247 372/677/247 371/678/247
f 371/678/248 372/677/248 374/679/248 373/680/248
f 373/680/249 374/679/249 376/681/249 375/682/249
f 375/682/250 376/681/250 378/683/250 377/684/250
f 377/684/251 378/683/251 380/685/251 379/686/251
f 379/686/252 380/685/252 382/687/252 381/688/252
f 381/688/253 382/687/253 384/689/253 383/690/253
f 383/690/254 384/689/254 386/691/254 385/692/254
f 385/692/255 386/691/255 388/693/255 387/694/255
f 387/694/256 388/693/256 390/695/256 389/696/256
f 389/696/257 390/695/257 392/697/257 391/698/257
f 391/698/258 392/697/258 394/699/258 393/700/258
f 393/700/259 394/699/259 396/701/259 395/702/259
f 395/702/260 396/701/260 398/703/260 397/704/260
f 397/704/261 398/703/261 400/705/261 399/706/261
f 399/706/262 400/705/262 402/707/262 401/708/262
f 401/708/263 402/707/263 404/709/263 403/710/263
f 403/710/264 404/709/264 406/711/264 405/712/264
f 405/712/265 406/711/265 408/713/265 407/714/265
f 407/714/266 408/713/266 410/715/266 409/716/266
f 409/716/267 410/715/267 412/717/267 411/718/267
f 411/718/268 412/717/268 414/719/268 413/720/268
f 413/720/269 414/719/269 416/721/269 415/722/269
f 415/722/270 416/721/270 418/723/270 417/724/270
f 417/724/271 418/723/271 420/725/271 419/726/271
f 419/726/272 420/725/272 422/727/272 421/728/272
f 364/729/273 362/730/273 424/731/273 422/732/273 420/733/273 418/734/273 416/735/273 414/736/273 412/737/273 410/738/273 408/739/273 406/740/273 404/741/273 402/742/273 400/743/273 398/744/273 396/745/273 394/746/273 392/747/273 390/748/273 388/749/273 386/750/273 384/751/273 382/752/273 380/753/273 378/754/273 376/755/273 374/756/273 372/757/273 370/758/273 368/759/273 366/760/273
f 421/728/274 422/727/274 424/761/274 423/762/274
f 423/762/275 424/761/275 362/763/275 361/764/275
f 361/765/276 363/766/276 365/767/276 367/768/276 369/769/276 371/770/276 373/771/276 375/772/276 377/773/276 379/774/276 381/775/276 383/776/276 385/777/276 387/778/276 389/779/276 391/780/276 393/781/276 395/782/276 397/783/276 399/784/276 401/785/276 403/786/276 405/787/276 407/788/276 409/789/276 411/790/276 413/791/276 415/792/276 417/793/276 419/794/276 421/795/276 423/796/276
o Dmb_s1_k2
v 4.300000 0.230000 -0.610000
v 4.300000 0.930000 -0.610000
v 4.321460 0.230000 -0.607886
v 4.321460 0.930000 -0.607886
v 4.342095 0.230000 -0.601627
v 4.342095 0.930000 -0.601627
v 4.361113 0.230000 -0.591462
v 4.361113 0.930000 -0.591462
v 4.377782 0.230000 -0.577782
v 4.377782 0.930000 -0.577782
v 4.391462 0.230000 -0.561113
v 4.391462 0.930000 -0.561113
v 4.401627 0.230000 -0.542095
v 4.401627 0.930000 -0.542095
v 4.407887 0.230000 -0.521460
v 4.407887 0.930000 -0.521460
v 4.410000 0.230000 -0.500000
v 4.410000 0.930000 -0.500000
v 4.407887 0.230000 -0.478540
v 4.407887 0.930000 -0.478540
v 4.401627 0.230000 -0.457905
v 4.401627 0.930000 -0.457905
v 4.391462 0.230000 -0.438887
v 4.391462 0.930000 -0.438887
v 4.377782 0.230000 -0.422218
v 4.377782 0.930000 -0.422218
v 4.361113 0.230000 -0.408538
v 4.361113 0.930000 -0.408538
v 4.342095 0.230000 -0.398373
v 4.342095 0.930000 -0.398373
v 4.321460 0.230000 -0.392114
v 4.321460 0.930000 -0.392114
v 4.300000 0.230000 -0.390000
v 4.300000 0.930000 -0.390000
v 4.278540 0.230000 -0.392114
v 4.278540 0.930000 -0.392114
v 4.257905 0.230000 -0.398373
v 4.257905 0.930000 -0.398373
v 4.238887 0.230000 -0.408538
v 4.238887 0.930000 -0.408538
v 4.222219 0.230000 -0.422218
v 4.222219 0.930000 -0.422218
v 4.208539 0.230000 -0.438887
v 4.208539 0.930000 -0.438887
v 4.198373 0.230000 -0.457905
v 4.198373 0.930000 -0.457905
v 4.192114 0.230000 -0.478540
v 4.192114 0.930000 -0.478540
v 4.190000 0.230000 -0.500000
v 4.190000 0.930000 -0.500000
v 4.192114 0.230000 -0.521460
v 4.192114 0.930000 -0.521460
v 4.198373 0.230000 -0.542095
v 4.198373 0.930000 -0.542095
v 4.208539 0.230000 -0.561113
v 4.208539 0.930000 -0.561113
v 4.222219 0.230000 -0.577782
v 4.222219 0.930000 -0.577782
v 4.238887 0.230000 -0.591462
v 4.238887 0.930000 -0.591462
v 4.257905 0.230000 -0.601627
v 4.257905 0.930000 -0.601627
v 4.278540 0.230000 -0.607886
v 4.278540 0.930000 -0.607886
vn 0.0980 -0.0000 -0.9952
vn 0.2903 -0.0000 -0.9569
vn 0.4714 -0.0000 -0.8819
vn 0.6344 -0.0000 -0.7730
vn 0.7730 -0.0000 -0.6344
vn 0.8819 -0.0000 -0.4714
vn 0.9569 -0.0000 -0.2903
vn 0.9952 -0.0000 -0.0980
vn 0.9952 -0.0000 0.0980
vn 0.9569 -0.0000 0.2903
vn 0.8819 -0.0000 0.4714
vn 0.7730 -0.0000 0.6344
vn 0.6344 -0.0000 0.7730
vn 0.4714 -0.0000 0.8819
vn 0.2903 -0.0000 0.9569
vn 0.0980 -0.0000 0.9952
vn -0.0980 -0.0000 0.9952
vn -0.2903 -0.0000 0.9569
vn -0.4714 -0.0000 0.8819
vn -0.6344 -0.0000 0.7730
vn -0.7730 -0.0000 0.6344
vn -0.8819 -0.0000 0.4714
vn -0.9569 -0.0000 0.2903
vn -0.9952 -0.0000 0.0980
vn -0.9952 -0.0000 -0.0980
vn -0.9569 -0.0000 -0.2903
vn -0.8819 -0.0000 -0.4714
vn -0.7730 -0.0000 -0.6344
vn -0.6344 -0.0000 -0.7730
vn -0.4714 -0.0000 -0.8819
vn -0.0000 1.0000 -0.0000
vn -0.2903 -0.0000 -0.9569
vn -0.0980 -0.0000 -0.9952
vn -0.0000 -1.0000 -0.0000
vt 1.000000 0.500000
vt 1.000000 1.000000
vt 0.968750 1.000000
vt 0.968750 0.500000
vt 0.937500 1.000000
vt 0.937500 0.500000
vt 0.906250 1.000000
vt 0.906250 0.500000
vt 0.875000 1.000000
vt 0.875000 0.500000
vt 0.843750 1.000000
vt 0.843750 0.500000
vt 0.812500 1.000000
vt 0.812500 0.500000
vt 0.781250 1.000000
vt 0.781250 0.500000
vt 0.750000 1.000000
vt 0.750000 0.500000
vt 0.718750 1.000000
vt 0.718750 0.500000
vt 0.687500 1.000000
vt 0.687500 0.500000
vt 0.656250 1.000000
vt 0.656250 0.500000
vt 0.625000 1.000000
vt 0.625000 0.500000
vt 0.593750 1.000000
vt 0.593750 0.500000
vt 0.562500 1.000000
vt 0.562500 0.500000
vt 0.531250 1.000000
vt 0.531250 0.500000
vt 0.500000 1.000000
vt 0.500000 0.500000
vt 0.468750 1.000000
vt 0.468750 0.500000
vt 0.437500 1.000000
vt 0.437500 0.500000
vt 0.406250 1.000000
vt 0.406250 0.500000
vt 0.375000 1.000000
vt 0.375000 0.500000
vt 0.343750 1.000000
vt 0.343750 0.500000
vt 0.312500 1.000000
vt 0.312500 0.500000
vt 0.281250 1.000000
vt 0.281250 0.500000
vt 0.250000 1.000000
vt 0.250000 0.500000
vt 0.218750 1.000000
vt 0.218750 0.500000
vt 0.187500 1.000000
vt 0.187500 0.500000
vt 0.156250 1.000000
vt 0.156250 0.500000
vt 0.125000 1.000000
vt 0.125000 0.500000
vt 0.093750 1.000000
vt 0.093750 0.500000
vt 0.062500 1.000000
vt 0.062500 0.500000
vt 0.296822 0.485388
vt 0.250000 0.490000
vt 0.203178 0.485388
vt 0.158156 0.471731
vt 0.116663 0.449553
vt 0.080294 0.419706
vt 0.050447 0.383337
vt 0.028269 0.341844
vt 0.014612 0.296822
vt 0.010000 0.250000
vt 0.014612 0.203178
vt 0.028269 0.158156
vt 0.050447 0.116663
vt 0.080294 0.080294
vt 0.116663 0.050447
vt 0.158156 0.028269
vt 0.203178 0.014612
vt 0.250000 0.010000
vt 0.296822 0.014612
vt 0.341844 0.028269
vt 0.383337 0.050447
vt 0.419706 0.080294
vt 0.449553 0.116663
vt 0.471731 0.158156
vt 0.485388 0.203178
vt 0.490000 0.250000
vt 0.485388 0.296822
vt 0.471731 0.341844
vt 0.449553 0.383337
vt 0.419706 0.419706
vt 0.383337 0.449553
vt 0.341844 0.471731
vt 0.031250 1.000000
vt 0.031250 0.500000
vt 0.000000 1.000000
vt 0.000000 0.500000
vt 0.750000 0.490000
vt 0.796822 0.485388
vt 0.841844 0.471731
vt 0.883337 0.449553
vt 0.919706 0.419706
vt 0.949553 0.383337
vt 0.971731 0.341844
vt 0.985388 0.296822
vt 0.990000 0.250000
vt 0.985388 0.203178
vt 0.971731 0.158156
vt 0.949553 0.116663
vt 0.919706 0.080294
vt 0.883337 0.050447
vt 0.841844 0.028269
vt 0.796822 0.014612
vt 0.750000 0.010000
vt 0.703178 0.014612
vt 0.658156 0.028269
vt 0.616663 0.050447
vt 0.580294 0.080294
vt 0.550447 0.116663
vt 0.528269 0.158156
vt 0.514612 0.203178
vt 0.510000 0.250000
vt 0.514612 0.296822
vt 0.528269 0.341844
vt 0.550447 0.383337
vt 0.580294 0.419706
vt 0.616663 0.449553
vt 0.658156 0.471731
vt 0.703178 0.485388
s 0
usemtl BlackMetal
f 425/797/277 426/798/277 428/799/277 427/800/277
f 427/800/278 428/799/278 430/801/278 429/802/278
f 429/802/279 430/801/279 432/803/279 431/804/279
f 431/804/280 432/803/280 434/805/280 433/806/280
f 433/806/281 434/805/281 436/807/281 435/808/281
f 435/808/282 436/807/282 438/809/282 437/810/282
f 437/810/283 438/809/283 440/811/283 439/812/283
f 439/812/284 440/811/284 442/813/284 441/814/284
f 441/814/285 442/813/285 444/815/285 443/816/285
f 443/816/286 444/815/286 446/817/286 445/818/286
f 445/818/287 446/817/287 448/819/287 447/820/287
f 447/820/288 448/819/288 450/821/288 449/822/288
f 449/822/289 450/821/289 452/823/289 451/824/289
f 451/824/290 452/823/290 454/825/290 453/826/290
f 453/826/291 454/825/291 456/827/291 455/828/291
f 455/828/292 456/827/292 458/829/292 457/830/292
f 457/830/293 458/829/293 460/831/293 459/832/293
f 459/832/294 460/831/294 462/833/294 461/834/294
f 461/834/295 462/833/295 464/835/295 463/836/295
f 463/836/296 464/835/296 466/837/296 465/838/296
f 465/838/297 466/837/297 468/839/297 467/840/297
f 467/840/298 468/839/298 470/841/298 469/842/298
f 469/842/299 470/841/299 472/843/299 471/844/299
f 471/844/300 472/843/300 474/845/300 473/846/300
f 473/846/301 474/845/301 476/847/301 475/848/301
f 475/848/302 476/847/302 478/849/302 477/850/302
f 477/850/303 478/849/303 480/851/303 479/852/303
f 479/852/304 480/851/304 482/853/304 481/854/304
f 481/854/305 482/853/305 484/855/305 483/856/305
f 483/856/306 484/855/306 486/857/306 485/858/306
f 428/859/307 426/860/307 488/861/307 486/862/307 484/863/307 482/864/307 480/865/307 478/866/307 476/867/307 474/868/307 472/869/307 470/870/307 468/871/307 466/872/307 464/873/307 462/874/307 460/875/307 458/876/307 456/877/307 454/878/307 452/879/307 450/880/307 448/881/307 446/882/307 444/883/307 442/884/307 440/885/307 438/886/307 436/887/307 434/888/307 432/889/307 430/890/307
f 485/858/308 486/857/308 488/891/308 487/892/308
f 487/892/309 488/891/309 426/893/309 425/894/309
f 425/895/310 427/896/310 429/897/310 431/898/310 433/899/310 435/900/310 437/901/310 439/902/310 441/903/310 443/904/310 445/905/310 447/906/310 449/907/310 451/908/310 453/909/310 455/910/310 457/911/310 459/912/310 461/913/310 463/914/310 465/915/310 467/916/310 469/917/310 471/918/310 473/919/310 475/920/310 477/921/310 479/922/310 481/923/310 483/924/310 485/925/310 487/926/310
o Dmb_s1_k3
v 4.300000 0.230000 -1.210000
v 4.300000 0.930000 -1.210000
v 4.321460 0.230000 -1.207886
v 4.321460 0.930000 -1.207886
v 4.342095 0.230000 -1.201627
v 4.342095 0.930000 -1.201627
v 4.361113 0.230000 -1.191462
v 4.361113 0.930000 -1.191462
v 4.377782 0.230000 -1.177782
v 4.377782 0.930000 -1.177782
v 4.391462 0.230000 -1.161113
v 4.391462 0.930000 -1.161113
v 4.401627 0.230000 -1.142095
v 4.401627 0.930000 -1.142095
v 4.407887 0.230000 -1.121460
v 4.407887 0.930000 -1.121460
v 4.410000 0.230000 -1.100000
v 4.410000 0.930000 -1.100000
v 4.407887 0.230000 -1.078540
v 4.407887 0.930000 -1.078540
v 4.401627 0.230000 -1.057905
v 4.401627 0.930000 -1.057905
v 4.391462 0.230000 -1.038887
v 4.391462 0.930000 -1.038887
v 4.377782 0.230000 -1.022218
v 4.377782 0.930000 -1.022218
v 4.361113 0.230000 -1.008538
v 4.361113 0.930000 -1.008538
v 4.342095 0.230000 -0.998373
v 4.342095 0.930000 -0.998373
v 4.321460 0.230000 -0.992114
v 4.321460 0.930000 -0.992114
v 4.300000 0.230000 -0.990000
v 4.300000 0.930000 -0.990000
v 4.278540 0.230000 -0.992114
v 4.278540 0.930000 -0.992114
v 4.257905 0.230000 -0.998373
v 4.257905 0.930000 -0.998373
v 4.238887 0.230000 -1.008538
v 4.238887 0.930000 -1.008538
v 4.222219 0.230000 -1.022218
v 4.222219 0.930000 -1.022218
v 4.208539 0.230000 -1.038887
v 4.208539 0.930000 -1.038887
v 4.198373 0.230000 -1.057905
v 4.198373 0.930000 -1.057905
v 4.192114 0.230000 -1.078540
v 4.192114 0.930000 -1.078540
v 4.190000 0.230000 -1.100000
v 4.190000 0.930000 -1.100000
v 4.192114 0.230000 -1.121460
v 4.192114 0.930000 -1.121460
v 4.198373 0.230000 -1.142095
v 4.198373 0.930000 -1.142095
v 4.208539 0.230000 -1.161113
v 4.208539 0.930000 -1.161113
v 4.222219 0.230000 -1.177782
v 4.222219 0.930000 -1.177782
v 4.238887 0.230000 -1.191462
v 4.238887 0.930000 -1.191462
v 4.257905 0.230000 -1.201627
v 4.257905 0.930000 -1.201627
v 4.278540 0.230000 -1.207886
v 4.278540 0.930000 -1.207886
vn 0.0980 -0.0000 -0.9952
vn 0.2903 -0.0000 -0.9569
vn 0.4714 -0.0000 -0.8819
vn 0.6344 -0.0000 -0.7730
vn 0.7730 -0.0000 -0.6344
vn 0.8819 -0.0000 -0.4714
vn 0.9569 -0.0000 -0.2903
vn 0.9952 -0.0000 -0.0980
vn 0.9952 -0.0000 0.0980
vn 0.9569 -0.0000 0.2903
vn 0.8819 -0.0000 0.4714
vn 0.7730 -0.0000 0.6344
vn 0.6344 -0.0000 0.7730
vn 0.4714 -0.0000 0.8819
vn 0.2903 -0.0000 0.9569
vn 0.0980 -0.0000 0.9952
vn -0.0980 -0.0000 0.9952
vn -0.2903 -0.0000 0.9569
vn -0.4714 -0.0000 0.8819
vn -0.6344 -0.0000 0.7730
vn -0.7730 -0.0000 0.6344
vn -0.8819 -0.0000 0.4714
vn -0.9569 -0.0000 0.2903
vn -0.9952 -0.0000 0.0980
vn -0.9952 -0.0000 -0.0980
vn -0.9569 -0.0000 -0.2903
vn -0.8819 -0.0000 -0.4714
vn -0.7730 -0.0000 -0.6344
vn -0.6344 -0.0000 -0.7730
vn -0.4714 -0.0000 -0.8819
vn -0.0000 1.0000 -0.0000
vn -0.2903 -0.0000 -0.9569
vn -0.0980 -0.0000 -0.9952
vn -0.0000 -1.0000 -0.0000
vt 1.000000 0.500000
vt 1.000000 1.000000
vt 0.968750 1.000000
vt 0.968750 0.500000
vt 0.937500 1.000000
vt 0.937500 0.500000
vt 0.906250 1.000000
vt 0.906250 0.500000
vt 0.875000 1.000000
vt 0.875000 0.500000
vt 0.843750 1.000000
vt 0.843750 0.500000
vt 0.812500 1.000000
vt 0.812500 0.500000
vt 0.781250 1.000000
vt 0.781250 0.500000
vt 0.750000 1.000000
vt 0.750000 0.500000
vt 0.718750 1.000000
vt 0.718750 0.500000
vt 0.687500 1.000000
vt 0.687500 0.500000
vt 0.656250 1.000000
vt 0.656250 0.500000
vt 0.625000 1.000000
vt 0.625000 0.500000
vt 0.593750 1.000000
vt 0.593750 0.500000
vt 0.562500 1.000000
vt 0.562500 0.500000
vt 0.531250 1.000000
vt 0.531250 0.500000
vt 0.500000 1.000000
vt 0.500000 0.500000
vt 0.468750 1.000000
vt 0.468750 0.500000
vt 0.437500 1.000000
vt 0.437500 0.500000
vt 0.406250 1.000000
vt 0.406250 0.500000
vt 0.375000 1.000000
vt 0.375000 0.500000
vt 0.343750 1.000000
vt 0.343750 0.500000
vt 0.312500 1.000000
vt 0.312500 0.500000
vt 0.281250 1.000000
vt 0.281250 0.500000
vt 0.250000 1.000000
vt 0.250000 0.500000
vt 0.218750 1.000000
vt 0.218750 0.500000
vt 0.187500 1.000000
vt 0.187500 0.500000
vt 0.156250 1.000000
vt 0.156250 0.500000
vt 0.125000 1.000000
vt 0.125000 0.500000
vt 0.093750 1.000000
vt 0.093750 0.500000
vt 0.062500 1.000000
vt 0.062500 0.500000
vt 0.296822 0.485388
vt 0.250000 0.490000
vt 0.203178 0.485388
vt 0.158156 0.471731
vt 0.116663 0.449553
vt 0.080294 0.419706
vt 0.050447 0.383337
vt 0.028269 0.341844
vt 0.014612 0.296822
vt 0.010000 0.250000
vt 0.014612 0.203178
vt 0.028269 0.158156
vt 0.050447 0.116663
vt 0.080294 0.080294
vt 0.116663 0.050447
vt 0.158156 0.028269
vt 0.203178 0.014612
vt 0.250000 0.010000
vt 0.296822 0.014612
vt 0.341844 0.028269
vt 0.383337 0.050447
vt 0.419706 0.080294
vt 0.449553 0.116663
vt 0.471731 0.158156
vt 0.485388 0.203178
vt 0.490000 0.250000
vt 0.485388 0.296822
vt 0.471731 0.341844
vt 0.449553 0.383337
vt 0.419706 0.419706
vt 0.383337 0.449553
vt 0.341844 0.471731
vt 0.031250 1.000000
vt 0.031250 0.500000
vt 0.000000 1.000000
vt 0.000000 0.500000
vt 0.750000 0.490000
vt 0.796822 0.485388
vt 0.841844 0.471731
vt 0.883337 0.449553
vt 0.919706 0.419706
vt 0.949553 0.383337
vt 0.971731 0.341844
vt 0.985388 0.296822
vt 0.990000 0.250000
vt 0.985388 0.203178
vt 0.971731 0.158156
vt 0.949553 0.116663
vt 0.919706 0.080294
vt 0.883337 0.050447
vt 0.841844 0.028269
vt 0.796822 0.014612
vt 0.750000 0.010000
vt 0.703178 0.014612
vt 0.658156 0.028269
vt 0.616663 0.050447
vt 0.580294 0.080294
vt 0.550447 0.116663
vt 0.528269 0.158156
vt 0.514612 0.203178
vt 0.510000 0.250000
vt 0.514612 0.296822
vt 0.528269 0.341844
vt 0.550447 0.383337
vt 0.580294 0.419706
vt 0.616663 0.449553
vt 0.658156 0.471731
vt 0.703178 0.485388
s 0
usemtl BlackMetal
f 489/927/311 490/928/311 492/929/311 491/930/311
f 491/930/312 492/929/312 494/931/312 493/932/312
f 493/932/313 494/931/313 496/933/313 495/934/313
f 495/934/314 496/933/314 498/935/314 497/936/314
f 497/936/315 498/935/315 500/937/315 499/938/315
f 499/938/316 500/937/316 502/939/316 501/940/316
f 501/940/317 502/939/317 504/941/317 503/942/317
f 503/942/318 504/941/318 506/943/318 505/944/318
f 505/944/319 506/943/319 508/945/319 507/946/319
f 507/946/320 508/945/320 510/947/320 509/948/320
f 509/948/321 510/947/321 512/949/321 511/950/321
f 511/950/322 512/949/322 514/951/322 513/952/322
f 513/952/323 514/951/323 516/953/323 515/954/323
f 515/954/324 516/953/324 518/955/324 517/956/324
f 517/956/325 518/955/325 520/957/325 519/958/325
f 519/958/326 520/957/326 522/959/326 521/960/326
f 521/960/327 522/959/327 524/961/327 523/962/327
f 523/962/328 524/961/328 526/963/328 525/964/328
f 525/964/329 526/963/329 528/965/329 527/966/329
f 527/966/330 528/965/330 530/967/330 529/968/330
f 529/968/331 530/967/331 532/969/331 531/970/331
f 531/970/332 532/969/332 534/971/332 533/972/332
f 533/972/333 534/971/333 536/973/333 535/974/333
f 535/974/334 536/973/334 538/975/334 537/976/334
f 537/976/335 538/975/335 540/977/335 539/978/335
f 539/978/336 540/977/336 542/979/336 541/980/336
f 541/980/337 542/979/337 544/981/337 543/982/337
f 543/982/338 544/981/338 546/983/338 545/984/338
f 545/984/339 546/983/339 548/985/339 547/986/339
f 547/986/340 548/985/340 550/987/340 549/988/340
f 492/989/341 490/990/341 552/991/341 550/992/341 548/993/341 546/994/341 544/995/341 542/996/341 540/997/341 538/998/341 536/999/341 534/1000/341 532/1001/341 530/1002/341 528/1003/341 526/1004/341 524/1005/341 522/1006/341 520/1007/341 518/1008/341 516/1009/341 514/1010/341 512/1011/341 510/1012/341 508/1013/341 506/1014/341 504/1015/341 502/1016/341 500/1017/341 498/1018/341 496/1019/341 494/1020/341
f 549/988/342 550/987/342 552/1021/342 551/1022/342
f 551/1022/343 552/1021/343 490/1023/343 489/1024/343
f 489/1025/344 491/1026/344 493/1027/344 495/1028/344 497/1029/344 499/1030/344 501/1031/344 503/1032/344 505/1033/344 507/1034/344 509/1035/344 511/1036/344 513/1037/344 515/1038/344 517/1039/344 519/1040/344 521/1041/344 523/1042/344 525/1043/344 527/1044/344 529/1045/344 531/1046/344 533/1047/344 535/1048/344 537/1049/344 539/1050/344 541/1051/344 543/1052/344 545/1053/344 547/1054/344 549/1055/344 551/1056/344
o Dmb_s2_k0
v 4.300000 0.680000 0.590000
v 4.300000 1.380000 0.590000
v 4.321460 0.680000 0.592114
v 4.321460 1.380000 0.592114
v 4.342095 0.680000 0.598373
v 4.342095 1.380000 0.598373
v 4.361113 0.680000 0.608538
v 4.361113 1.380000 0.608538
v 4.377782 0.680000 0.622218
v 4.377782 1.380000 0.622218
v 4.391462 0.680000 0.638887
v 4.391462 1.380000 0.638887
v 4.401627 0.680000 0.657905
v 4.401627 1.380000 0.657905
v 4.407887 0.680000 0.678540
v 4.407887 1.380000 0.678540
v 4.410000 0.680000 0.700000
v 4.410000 1.380000 0.700000
v 4.407887 0.680000 0.721460
v 4.407887 1.380000 0.721460
v 4.401627 0.680000 0.742095
v 4.401627 1.380000 0.742095
v 4.391462 0.680000 0.761113
v 4.391462 1.380000 0.761113
v 4.377782 0.680000 0.777782
v 4.377782 1.380000 0.777782
v 4.361113 0.680000 0.791462
v 4.361113 1.380000 0.791462
v 4.342095 0.680000 0.801627
v 4.342095 1.380000 0.801627
v 4.321460 0.680000 0.807886
v 4.321460 1.380000 0.807886
v 4.300000 0.680000 0.810000
v 4.300000 1.380000 0.810000
v 4.278540 0.680000 0.807886
v 4.278540 1.380000 0.807886
v 4.257905 0.680000 0.801627
v 4.257905 1.380000 0.801627
v 4.238887 0.680000 0.791462
v 4.238887 1.380000 0.791462
v 4.222219 0.680000 0.777782
v 4.222219 1.380000 0.777782
v 4.208539 0.680000 0.761113
v 4.208539 1.380000 0.761113
v 4.198373 0.680000 0.742095
v 4.198373 1.380000 0.742095
v 4.192114 0.680000 0.721460
v 4.192114 1.380000 0.721460
v 4.190000 0.680000 0.700000
v 4.190000 1.380000 0.700000
v 4.192114 0.680000 0.678540
v 4.192114 1.380000 0.678540
v 4.198373 0.680000 0.657905
v 4.198373 1.380000 0.657905
v 4.208539 0.680000 0.638887
v 4.208539 1.380000 0.638887
v 4.222219 0.680000 0.622218
v 4.222219 1.380000 0.622218
v 4.238887 0.680000 0.608538
v 4.238887 1.380000 0.608538
v 4.257905 0.680000 0.598373
v 4.257905 1.380000 0.598373
v 4.278540 0.680000 0.592114
v 4.278540 1.380000 0.592114
vn 0.0980 -0.0000 -0.9952
vn 0.2903 -0.0000 -0.9569
vn 0.4714 -0.0000 -0.8819
vn 0.6344 -0.0000 -0.7730
vn 0.7730 -0.0000 -0.6344
vn 0.8819 -0.0000 -0.4714
vn 0.9569 -0.0000 -0.2903
vn 0.9952 -0.0000 -0.0980
vn 0.9952 -0.0000 0.0980
vn 0.9569 -0.0000 0.2903
vn 0.8819 -0.0000 0.4714
vn 0.7730 -0.0000 0.6344
vn 0.6344 -0.0000 0.7730
vn 0.4714 -0.0000 0.8819
vn 0.2903 -0.0000 0.9569
vn 0.0980 -0.0000 0.9952
vn -0.0980 -0.0000 0.9952
vn -0.2903 -0.0000 0.9569
vn -0.4714 -0.0000 0.8819
vn -0.6344 -0.0000 0.7730
vn -0.7730 -0.0000 0.6344
vn -0.8819 -0.0000 0.4714
vn -0.9569 -0.0000 0.2903
vn -0.9952 -0.0000 0.0980
vn -0.9952 -0.0000 -0.0980
vn -0.9569 -0.0000 -0.2903
vn -0.8819 -0.0000 -0.4714
vn -0.7730 -0.0000 -0.6344
vn -0.6344 -0.0000 -0.7730
vn -0.4714 -0.0000 -0.8819
vn -0.0000 1.0000 -0.0000
vn -0.2903 -0.0000 -0.9569
vn -0.0980 -0.0000 -0.9952
vn -0.0000 -1.0000 -0.0000
vt 1.000000 0.500000
vt 1.000000 1.000000
vt 0.968750 1.000000
vt 0.968750 0.500000
vt 0.937500 1.000000
vt 0.937500 0.500000
vt 0.906250 1.000000
vt 0.906250 0.500000
vt 0.875000 1.000000
vt 0.875000 0.500000
vt 0.843750 1.000000
vt 0.843750 0.500000
vt 0.812500 1.000000
vt 0.812500 0.500000
vt 0.781250 1.000000
vt 0.781250 0.500000
vt 0.750000 1.000000
vt 0.750000 0.500000
vt 0.718750 1.000000
vt 0.718750 0.500000
vt 0.687500 1.000000
vt 0.687500 0.500000
vt 0.656250 1.000000
vt 0.656250 0.500000
vt 0.625000 1.000000
vt 0.625000 0.500000
vt 0.593750 1.000000
vt 0.593750 0.500000
vt 0.562500 1.000000
vt 0.562500 0.500000
vt 0.531250 1.000000
vt 0.531250 0.500000
vt 0.500000 1.000000
vt 0.500000 0.500000
vt 0.468750 1.000000
vt 0.468750 0.500000
vt 0.437500 1.000000
vt 0.437500 0.500000
vt 0.406250 1.000000
vt 0.406250 0.500000
vt 0.375000 1.000000
vt 0.375000 0.500000
vt 0.343750 1.000000
vt 0.343750 0.500000
vt 0.312500 1.000000
vt 0.312500 0.500000
vt 0.281250 1.000000
vt 0.281250 0.500000
vt 0.250000 1.000000
vt 0.250000 0.500000
vt 0.218750 1.000000
vt 0.218750 0.500000
vt 0.187500 1.000000
vt 0.187500 0.500000
vt 0.156250 1.000000
vt 0.156250 0.500000
vt 0.125000 1.000000
vt 0.125000 0.500000
vt 0.093750 1.000000
vt 0.093750 0.500000
vt 0.062500 1.000000
vt 0.062500 0.500000
vt 0.296822 0.485388
vt 0.250000 0.490000
vt 0.203178 0.485388
vt 0.158156 0.471731
vt 0.116663 0.449553
vt 0.080294 0.419706
vt 0.050447 0.383337
vt 0.028269 0.341844
vt 0.014612 0.296822
vt 0.010000 0.250000
vt 0.014612 0.203178
vt 0.028269 0.158156
vt 0.050447 0.116663
vt 0.080294 0.080294
vt 0.116663 0.050447
vt 0.158156 0.028269
vt 0.203178 0.014612
vt 0.250000 0.010000
vt 0.296822 0.014612
vt 0.341844 0.028269
vt 0.383337 0.050447
vt 0.419706 0.080294
vt 0.449553 0.116663
vt 0.471731 0.158156
vt 0.485388 0.203178
vt 0.490000 0.250000
vt 0.485388 0.296822
vt 0.471731 0.341844
vt 0.449553 0.383337
vt 0.419706 0.419706
vt 0.383337 0.449553
vt 0.341844 0.471731
vt 0.031250 1.000000
vt 0.031250 0.500000
vt 0.000000 1.000000
vt 0.000000 0.500000
vt 0.750000 0.490000
vt 0.796822 0.485388
vt 0.841844 0.471731
vt 0.883337 0.449553
vt 0.919706 0.419706
vt 0.949553 0.383337
vt 0.971731 0.341844
vt 0.985388 0.296822
vt 0.990000 0.250000
vt 0.985388 0.203178
vt 0.971731 0.158156
vt 0.949553 0.116663
vt 0.919706 0.080294
vt 0.883337 0.050447
vt 0.841844 0.028269
vt 0.796822 0.014612
vt 0.750000 0.010000
vt 0.703178 0.014612
vt 0.658156 0.028269
vt 0.616663 0.050447
vt 0.580294 0.080294
vt 0.550447 0.116663
vt 0.528269 0.158156
vt 0.514612 0.203178
vt 0.510000 0.250000
vt 0.514612 0.296822
vt 0.528269 0.341844
vt 0.550447 0.383337
vt 0.580294 0.419706
vt 0.616663 0.449553
vt 0.658156 0.471731
vt 0.703178 0.485388
s 0
usemtl BlackMetal
f 553/1057/345 554/1058/345 556/1059/345 555/1060/345
f 555/1060/346 556/1059/346 558/1061/346 557/1062/346
f 557/1062/347 558/1061/347 560/1063/347 559/1064/347
f 559/1064/348 560/1063/348 562/1065/348 561/1066/348
f 561/1066/349 562/1065/349 564/1067/349 563/1068/349
f 563/1068/350 564/1067/350 566/1069/350 565/1070/350
f 565/1070/351 566/1069/351 568/1071/351 567/1072/351
f 567/1072/352 568/1071/352 570/1073/352 569/1074/352
f 569/1074/353 570/1073/353 572/1075/353 571/1076/353
f 571/1076/354 572/1075/354 574/1077/354 573/1078/354
f 573/1078/355 574/1077/355 576/1079/355 575/1080/355
f 575/1080/356 576/1079/356 578/1081/356 577/1082/356
f 577/1082/357 578/1081/357 580/1083/357 579/1084/357
f 579/1084/358 580/1083/358 582/1085/358 581/1086/358
f 581/1086/359 582/1085/359 584/1087/359 583/1088/359
f 583/1088/360 584/1087/360 586/1089/360 585/1090/360
f 585/1090/361 586/1089/361 588/1091/361 587/1092/361
f 587/1092/362 588/1091/362 590/1093/362 589/1094/362
f 589/1094/363 590/1093/363 592/1095/363 591/1096/363
f 591/1096/364 592/1095/364 594/1097/364 593/1098/364
f 593/1098/365 594/1097/365 596/1099/365 595/1100/365
f 595/1100/366 596/1099/366 598/1101/366 597/1102/366
f 597/1102/367 598/1101/367 600/1103/367 599/1104/367
f 599/1104/368 600/1103/368 602/1105/368 601/1106/368
f 601/1106/369 602/1105/369 604/1107/369 603/1108/369
f 603/1108/370 604/1107/370 606/1109/370 605/1110/370
f 605/1110/371 606/1109/371 608/1111/371 607/1112/371
f 607/1112/372 608/1111/372 610/1113/372 609/1114/372
f 609/1114/373 610/1113/373 612/1115/373 611/1116/373
f 611/1116/374 612/1115/374 614/1117/374 613/1118/374
f 556/1119/375 554/1120/375 616/1121/375 614/1122/375 612/1123/375 610/1124/375 608/1125/375 606/1126/375 604/1127/375 602/1128/375 600/1129/375 598/1130/375 596/1131/375 594/1132/375 592/1133/375 590/1134/375 588/1135/375 586/1136/375 584/1137/375 582/1138/375 580/1139/375 578/1140/375 576/1141/375 574/1142/375 572/1143/375 570/1144/375 568/1145/375 566/1146/375 564/1147/375 562/1148/375 560/1149/375 558/1150/375
f 613/1118/376 614/1117/376 616/1151/376 615/1152/376
f 615/1152/377 616/1151/377 554/1153/377 553/1154/377
f 553/1155/378 555/1156/378 557/1157/378 559/1158/378 561/1159/378 563/1160/378 565/1161/378 567/1162/378 569/1163/378 571/1164/378 573/1165/378 575/1166/378 577/1167/378 579/1168/378 581/1169/378 583/1170/378 585/1171/378 587/1172/378 589/1173/378 591/1174/378 593/1175/378 595/1176/378 597/1177/378 599/1178/378 601/1179/378 603/1180/378 605/1181/378 607/1182/378 609/1183/378 611/1184/378 613/1185/378 615/1186/378
o Dmb_s2_k1
v 4.300000 0.680000 -0.010000
v 4.300000 1.380000 -0.010000
v 4.321460 0.680000 -0.007886
v 4.321460 1.380000 -0.007886
v 4.342095 0.680000 -0.001627
v 4.342095 1.380000 -0.001627
v 4.361113 0.680000 0.008538
v 4.361113 1.380000 0.008538
v 4.377782 0.680000 0.022218
v 4.377782 1.380000 0.022218
v 4.391462 0.680000 0.038887
v 4.391462 1.380000 0.038887
v 4.401627 0.680000 0.057905
v 4.401627 1.380000 0.057905
v 4.407887 0.680000 0.078540
v 4.407887 1.380000 0.078540
v 4.410000 0.680000 0.100000
v 4.410000 1.380000 0.100000
v 4.407887 0.680000 0.121460
v 4.407887 1.380000 0.121460
v 4.401627 0.680000 0.142095
v 4.401627 1.380000 0.142095
v 4.391462 0.680000 0.161113
v 4.391462 1.380000 0.161113
v 4.377782 0.680000 0.177782
v 4.377782 1.380000 0.177782
v 4.361113 0.680000 0.191462
v 4.361113 1.380000 0.191462
v 4.342095 0.680000 0.201627
v 4.342095 1.380000 0.201627
v 4.321460 0.680000 0.207886
v 4.321460 1.380000 0.207886
v 4.300000 0.680000 0.210000
v 4.300000 1.380000 0.210000
v 4.278540 0.680000 0.207886
v 4.278540 1.380000 0.207886
v 4.257905 0.680000 0.201627
v 4.257905 1.380000 0.201627
v 4.238887 0.680000 0.191462
v 4.238887 1.380000 0.191462
v 4.222219 0.680000 0.177782
v 4.222219 1.380000 0.177782
v 4.208539 0.680000 0.161113
v 4.208539 1.380000 0.161113
v 4.198373 0.680000 0.142095
v 4.198373 1.380000 0.142095
v 4.192114 0.680000 0.121460
v 4.192114 1.380000 0.121460
v 4.190000 0.680000 0.100000
v 4.190000 1.380000 0.100000
v 4.192114 0.680000 0.078540
v 4.192114 1.380000 0.078540
v 4.198373 0.680000 0.057905
v 4.198373 1.380000 0.057905
v 4.208539 0.680000 0.038887
v 4.208539 1.380000 0.038887
v 4.222219 0.680000 0.022218
v 4.222219 1.380000 0.022218
v 4.238887 0.680000 0.008538
v 4.238887 1.380000 0.008538
v 4.257905 0.680000 -0.001627
v 4.257905 1.380000 -0.001627
v 4.278540 0.680000 -0.007886
v 4.278540 1.380000 -0.007886
vn 0.0980 -0.0000 -0.9952
vn 0.2903 -0.0000 -0.9569
vn 0.4714 -0.0000 -0.8819
vn 0.6344 -0.0000 -0.7730
vn 0.7730 -0.0000 -0.6344
vn 0.8819 -0.0000 -0.4714
vn 0.9569 -0.0000 -0.2903
vn 0.9952 -0.0000 -0.0980
vn 0.9952 -0.0000 0.0980
vn 0.9569 -0.0000 0.2903
vn 0.8819 -0.0000 0.4714
vn 0.7730 -0.0000 0.6344
vn 0.6344 -0.0000 0.7730
vn 0.4714 -0.0000 0.8819
vn 0.2903 -0.0000 0.9569
vn 0.0980 -0.0000 0.9952
vn -0.0980 -0.0000 0.9952
vn -0.2903 -0.0000 0.9569
vn -0.4714 -0.0000 0.8819
vn -0.6344 -0.0000 0.7730
vn -0.7730 -0.0000 0.6344
vn -0.8819 -0.0000 0.4714
vn -0.9569 -0.0000 0.2903
vn -0.9952 -0.0000 0.0980
vn -0.9952 -0.0000 -0.0980
vn -0.9569 -0.0000 -0.2903
vn -0.8819 -0.0000 -0.4714
vn -0.7730 -0.0000 -0.6344
vn -0.6344 -0.0000 -0.7730
vn -0.4714 -0.0000 -0.8819
vn -0.0000 1.0000 -0.0000
vn -0.2903 -0.0000 -0.9569
vn -0.0980 -0.0000 -0.9952
vn -0.0000 -1.0000 -0.0000
vt 1.000000 0.500000
vt 1.000000 1.000000
vt 0.968750 1.000000
vt 0.968750 0.500000
vt 0.937500 1.000000
vt 0.937500 0.500000
vt 0.906250 1.000000
vt 0.906250 0.500000
vt 0.875000 1.000000
vt 0.875000 0.500000
vt 0.843750 1.000000
vt 0.843750 0.500000
vt 0.812500 1.000000
vt 0.812500 0.500000
vt 0.781250 1.000000
vt 0.781250 0.500000
vt 0.750000 1.000000
vt 0.750000 0.500000
vt 0.718750 1.000000
vt 0.718750 0.500000
vt 0.687500 1.000000
vt 0.687500 0.500000
vt 0.656250 1.000000
vt 0.656250 0.500000
vt 0.625000 1.000000
vt 0.625000 0.500000
vt 0.593750 1.000000
vt 0.593750 0.500000
vt 0.562500 1.000000
vt 0.562500 0.500000
vt 0.531250 1.000000
vt 0.531250 0.500000
vt 0.500000 1.000000
vt 0.500000 0.500000
vt 0.468750 1.000000
vt 0.468750 0.500000
vt 0.437500 1.000000
vt 0.437500 0.500000
vt 0.406250 1.000000
vt 0.406250 0.500000
vt 0.375000 1.000000
vt 0.375000 0.500000
vt 0.343750 1.000000
vt 0.343750 0.500000
vt 0.312500 1.000000
vt 0.312500 0.500000
vt 0.281250 1.000000
vt 0.281250 0.500000
vt 0.250000 1.000000
vt 0.250000 0.500000
vt 0.218750 1.000000
vt 0.218750 0.500000
vt 0.187500 1.000000
vt 0.187500 0.500000
vt 0.156250 1.000000
vt 0.156250 0.500000
vt 0.125000 1.000000
vt 0.125000 0.500000
vt 0.093750 1.000000
vt 0.093750 0.500000
vt 0.062500 1.000000
vt 0.062500 0.500000
vt 0.296822 0.485388
vt 0.250000 0.490000
vt 0.203178 0.485388
vt 0.158156 0.471731
vt 0.116663 0.449553
vt 0.080294 0.419706
vt 0.050447 0.383337
vt 0.028269 0.341844
vt 0.014612 0.296822
vt 0.010000 0.250000
vt 0.014612 0.203178
vt 0.028269 0.158156
vt 0.050447 0.116663
vt 0.080294 0.080294
vt 0.116663 0.050447
vt 0.158156 0.028269
vt 0.203178 0.014612
vt 0.250000 0.010000
vt 0.296822 0.014612
vt 0.341844 0.028269
vt 0.383337 0.050447
vt 0.419706 0.080294
vt 0.449553 0.116663
vt 0.471731 0.158156
vt 0.485388 0.203178
vt 0.490000 0.250000
vt 0.485388 0.296822
vt 0.471731 0.341844
vt 0.449553 0.383337
vt 0.419706 0.419706
vt 0.383337 0.449553
vt 0.341844 0.471731
vt 0.031250 1.000000
vt 0.031250 0.500000
vt 0.000000 1.000000
vt 0.000000 0.500000
vt 0.750000 0.490000
vt 0.796822 0.485388
vt 0.841844 0.471731
vt 0.883337 0.449553
vt 0.919706 0.419706
vt 0.949553 0.383337
vt 0.971731 0.341844
vt 0.985388 0.296822
vt 0.990000 0.250000
vt 0.985388 0.203178
vt 0.971731 0.158156
vt 0.949553 0.116663
vt 0.919706 0.080294
vt 0.883337 0.050447
vt 0.841844 0.028269
vt 0.796822 0.014612
vt 0.750000 0.010000
vt 0.703178 0.014612
vt 0.658156 0.028269
vt 0.616663 0.050447
vt 0.580294 0.080294
vt 0.550447 0.116663
vt 0.528269 0.158156
vt 0.514612 0.203178
vt 0.510000 0.250000
vt 0.514612 0.296822
vt 0.528269 0.341844
vt 0.550447 0.383337
vt 0.580294 0.419706
vt 0.616663 0.449553
vt 0.658156 0.471731
vt 0.703178 0.485388
s 0
usemtl BlackMetal
f 617/1187/379 618/1188/379 620/1189/379 619/1190/379
f 619/1190/380 620/1189/380 622/1191/380 621/1192/380
f 621/1192/381 622/1191/381 624/1193/381 623/1194/381
f 623/1194/382 624/1193/382 626/1195/382 625/1196/382
f 625/1196/383 626/1195/383 628/1197/383 627/1198/383
f 627/1198/384 628/1197/384 630/1199/384 629/1200/384
f 629/1200/385 630/1199/385 632/1201/385 631/1202/385
f 631/1202/386 632/1201/386 634/1203/386 633/1204/386
f 633/1204/387 634/1203/387 636/1205/387 635/1206/387
f 635/1206/388 636/1205/388 638/1207/388 637/1208/388
f 637/1208/389 638/1207/389 640/1209/389 639/1210/389
f 639/1210/390 640/1209/390 642/1211/390 641/1212/390
f 641/1212/391 642/1211/391 644/1213/391 643/1214/391
f 643/1214/392 644/1213/392 646/1215/392 645/1216/392
f 645/1216/393 646/1215/393 648/1217/393 647/1218/393
f 647/1218/394 648/1217/394 650/1219/394 649/1220/394
f 649/1220/395 650/1219/395 652/1221/395 651/1222/395
f 651/1222/396 652/1221/396 654/1223/396 653/1224/396
f 653/1224/397 654/1223/397 656/1225/397 655/1226/397
f 655/1226/398 656/1225/398 658/1227/398 657/1228/398
f 657/1228/399 658/1227/399 660/1229/399 659/1230/399
f 659/1230/400 660/1229/400 662/1231/400 661/1232/400
f 661/1232/401 662/1231/401 664/1233/401 663/1234/401
f 663/1234/402 664/1233/402 666/1235/402 665/1236/402
f 665/1236/403 666/1235/403 668/1237/403 667/1238/403
f 667/1238/404 668/1237/404 670/1239/404 669/1240/404
f 669/1240/405 670/1239/405 672/1241/405 671/1242/405
f 671/1242/406 672/1241/406 674/1243/406 673/1244/406
f 673/1244/407 674/1243/407 676/1245/407 675/1246/407
f 675/1246/408 676/1245/408 678/1247/408 677/1248/408
f 620/1249/409 618/1250/409 680/1251/409 678/1252/409 676/1253/409 674/1254/409 672/1255/409 670/1256/409 668/1257/409 666/1258/409 664/1259/409 662/1260/409 660/1261/409 658/1262/409 656/1263/409 654/1264/409 652/1265/409 650/1266/409 648/1267/409 646/1268/409 644/1269/409 642/1270/409 640/1271/409 638/1272/409 636/1273/409 634/1274/409 632/1275/409 630/1276/409 628/1277/409 626/1278/409 624/1279/409 622/1280/409
f 677/1248/410 678/1247/410 680/1281/410 679/1282/410
f 679/1282/411 680/1281/411 618/1283/411 617/1284/411
f 617/1285/412 619/1286/412 621/1287/412 623/1288/412 625/1289/412 627/1290/412 629/1291/412 631/1292/412 633/1293/412 635/1294/412 637/1295/412 639/1296/412 641/1297/412 643/1298/412 645/1299/412 647/1300/412 649/1301/412 651/1302/412 653/1303/412 655/1304/412 657/1305/412 659/1306/412 661/1307/412 663/1308/412 665/1309/412 667/1310/412 669/1311/412 671/1312/412 673/1313/412 675/1314/412 677/1315/412 679/1316/412
o Dmb_s2_k2
v 4.300000 0.680000 -0.610000
v 4.300000 1.380000 -0.610000
v 4.321460 0.680000 -0.607886
v 4.321460 1.380000 -0.607886
v 4.342095 0.680000 -0.601627
v 4.342095 1.380000 -0.601627
v 4.361113 0.680000 -0.591462
v 4.361113 1.380000 -0.591462
v 4.377782 0.680000 -0.577782
v 4.377782 1.380000 -0.577782
v 4.391462 0.680000 -0.561113
v 4.391462 1.380000 -0.561113
v 4.401627 0.680000 -0.542095
v 4.401627 1.380000 -0.542095
v 4.407887 0.680000 -0.521460
v 4.407887 1.380000 -0.521460
v 4.410000 0.680000 -0.500000
v 4.410000 1.380000 -0.500000
v 4.407887 0.680000 -0.478540
v 4.407887 1.380000 -0.478540
v 4.401627 0.680000 -0.457905
v 4.401627 1.380000 -0.457905
v 4.391462 0.680000 -0.438887
v 4.391462 1.380000 -0.438887
v 4.377782 0.680000 -0.422218
v 4.377782 1.380000 -0.422218
v 4.361113 0.680000 -0.408538
v 4.361113 1.380000 -0.408538
v 4.342095 0.680000 -0.398373
v 4.342095 1.380000 -0.398373
v 4.321460 0.680000 -0.392114
v 4.321460 1.380000 -0.392114
v 4.300000 0.680000 -0.390000
v 4.300000 1.380000 -0.390000
v 4.278540 0.680000 -0.392114
v 4.278540 1.380000 -0.392114
v 4.257905 0.680000 -0.398373
v 4.257905 1.380000 -0.398373
v 4.238887 0.680000 -0.408538
v 4.238887 1.380000 -0.408538
v 4.222219 0.680000 -0.422218
v 4.222219 1.380000 -0.422218
v 4.208539 0.680000 -0.438887
v 4.208539 1.380000 -0.438887
v 4.198373 0.680000 -0.457905
v 4.198373 1.380000 -0.457905
v 4.192114 0.680000 -0.478540
v 4.192114 1.380000 -0.478540
v 4.190000 0.680000 -0.500000
v 4.190000 1.380000 -0.500000
v 4.192114 0.680000 -0.521460
v 4.192114 1.380000 -0.521460
v 4.198373 0.680000 -0.542095
v 4.198373 1.380000 -0.542095
v 4.208539 0.680000 -0.561113
v 4.208539 1.380000 -0.561113
v 4.222219 0.680000 -0.577782
v 4.222219 1.380000 -0.577782
v 4.238887 0.680000 -0.591462
v 4.238887 1.380000 -0.591462
v 4.257905 0.680000 -0.601627
v 4.257905 1.380000 -0.601627
v 4.278540 0.680000 -0.607886
v 4.278540 1.380000 -0.607886
vn 0.0980 -0.0000 -0.9952
vn 0.2903 -0.0000 -0.9569
vn 0.4714 -0.0000 -0.8819
vn 0.6344 -0.0000 -0.7730
vn 0.7730 -0.0000 -0.6344
vn 0.8819 -0.0000 -0.4714
vn 0.9569 -0.0000 -0.2903
vn 0.9952 -0.0000 -0.0980
vn 0.9952 -0.0000 0.0980
vn 0.9569 -0.0000 0.2903
vn 0.8819 -0.0000 0.4714
vn 0.7730 -0.0000 0.6344
vn 0.6344 -0.0000 0.7730
vn 0.4714 -0.0000 0.8819
vn 0.2903 -0.0000 0.9569
vn 0.0980 -0.0000 0.9952
vn -0.0980 -0.0000 0.9952
vn -0.2903 -0.0000 0.9569
vn -0.4714 -0.0000 0.8819
vn -0.6344 -0.0000 0.7730
vn -0.7730 -0.0000 0.6344
vn -0.8819 -0.0000 0.4714
vn -0.9569 -0.0000 0.2903
vn -0.9952 -0.0000 0.0980
vn -0.9952 -0.0000 -0.0980
vn -0.9569 -0.0000 -0.2903
vn -0.8819 -0.0000 -0.4714
vn -0.7730 -0.0000 -0.6344
vn -0.6344 -0.0000 -0.7730
vn -0.4714 -0.0000 -0.8819
vn -0.0000 1.0000 -0.0000
vn -0.2903 -0.0000 -0.9569
vn -0.0980 -0.0000 -0.9952
vn -0.0000 -1.0000 -0.0000
vt 1.000000 0.500000
vt 1.000000 1.000000
vt 0.968750 1.000000
vt 0.968750 0.500000
vt 0.937500 1.000000
vt 0.937500 0.500000
vt 0.906250 1.000000
vt 0.906250 0.500000
vt 0.875000 1.000000
vt 0.875000 0.500000
vt 0.843750 1.000000
vt 0.843750 0.500000
vt 0.812500 1.000000
vt 0.812500 0.500000
vt 0.781250 1.000000
vt 0.781250 0.500000
vt 0.750000 1.000000
vt 0.750000 0.500000
vt 0.718750 1.000000
vt 0.718750 0.500000
vt 0.687500 1.000000
vt 0.687500 0.500000
vt 0.656250 1.000000
vt 0.656250 0.500000
vt 0.625000 1.000000
vt 0.625000 0.500000
vt 0.593750 1.000000
vt 0.593750 0.500000
vt 0.562500 1.000000
vt 0.562500 0.500000
vt 0.531250 1.000000
vt 0.531250 0.500000
vt 0.500000 1.000000
vt 0.500000 0.500000
vt 0.468750 1.000000
vt 0.468750 0.500000
vt 0.437500 1.000000
vt 0.437500 0.500000
vt 0.406250 1.000000
vt 0.406250 0.500000
vt 0.375000 1.000000
vt 0.375000 0.500000
vt 0.343750 1.000000
vt 0.343750 0.500000
vt 0.312500 1.000000
vt 0.312500 0.500000
vt 0.281250 1.000000
vt 0.281250 0.500000
vt 0.250000 1.000000
vt 0.250000 0.500000
vt 0.218750 1.000000
vt 0.218750 0.500000
vt 0.187500 1.000000
vt 0.187500 0.500000
vt 0.156250 1.000000
vt 0.156250 0.500000
vt 0.125000 1.000000
vt 0.125000 0.500000
vt 0.093750 1.000000
vt 0.093750 0.500000
vt 0.062500 1.000000
vt 0.062500 0.500000
vt 0.296822 0.485388
vt 0.250000 0.490000
vt 0.203178 0.485388
vt 0.158156 0.471731
vt 0.116663 0.449553
vt 0.080294 0.419706
vt 0.050447 0.383337
vt 0.028269 0.341844
vt 0.014612 0.296822
vt 0.010000 0.250000
vt 0.014612 0.203178
vt 0.028269 0.158156
vt 0.050447 0.116663
vt 0.080294 0.080294
vt 0.116663 0.050447
vt 0.158156 0.028269
vt 0.203178 0.014612
vt 0.250000 0.010000
vt 0.296822 0.014612
vt 0.341844 0.028269
vt 0.383337 0.050447
vt 0.419706 0.080294
vt 0.449553 0.116663
vt 0.471731 0.158156
vt 0.485388 0.203178
vt 0.490000 0.250000
vt 0.485388 0.296822
vt 0.471731 0.341844
vt 0.449553 0.383337
vt 0.419706 0.419706
vt 0.383337 0.449553
vt 0.341844 0.471731
vt 0.031250 1.000000
vt 0.031250 0.500000
vt 0.000000 1.000000
vt 0.000000 0.500000
vt 0.750000 0.490000
vt 0.796822 0.485388
vt 0.841844 0.471731
vt 0.883337 0.449553
vt 0.919706 0.419706
vt 0.949553 0.383337
vt 0.971731 0.341844
vt 0.985388 0.296822
vt 0.990000 0.250000
vt 0.985388 0.203178
vt 0.971731 0.158156
vt 0.949553 0.116663
vt 0.919706 0.080294
vt 0.883337 0.050447
vt 0.841844 0.028269
vt 0.796822 0.014612
vt 0.750000 0.010000
vt 0.703178 0.014612
vt 0.658156 0.028269
vt 0.616663 0.050447
vt 0.580294 0.080294
vt 0.550447 0.116663
vt 0.528269 0.158156
vt 0.514612 0.203178
vt 0.510000 0.250000
vt 0.514612 0.296822
vt 0.528269 0.341844
vt 0.550447 0.383337
vt 0.580294 0.419706
vt 0.616663 0.449553
vt 0.658156 0.471731
vt 0.703178 0.485388
s 0
usemtl BlackMetal
f 681/1317/413 682/1318/413 684/1319/413 683/1320/413
f 683/1320/414 684/1319/414 686/1321/414 685/1322/414
f 685/1322/415 686/1321/415 688/1323/415 687/1324/415
f 687/1324/416 688/1323/416 690/1325/416 689/1326/416
f 689/1326/417 690/1325/417 692/1327/417 691/1328/417
f 691/1328/418 692/1327/418 694/1329/418 693/1330/418
f 693/1330/419 694/1329/419 696/1331/419 695/1332/419
f 695/1332/420 696/1331/420 698/1333/420 697/1334/420
f 697/1334/421 698/1333/421 700/1335/421 699/1336/421
f 699/1336/422 700/1335/422 702/1337/422 701/1338/422
f 701/1338/423 702/1337/423 704/1339/423 703/1340/423
f 703/1340/424 704/1339/424 706/1341/424 705/1342/424
f 705/1342/425 706/1341/425 708/1343/425 707/1344/425
f 707/1344/426 708/1343/426 710/1345/426 709/1346/426
f 709/1346/427 710/1345/427 712/1347/427 711/1348/427
f 711/1348/428 712/1347/428 714/1349/428 713/1350/428
f 713/1350/429 714/1349/429 716/1351/429 715/1352/429
f 715/1352/430 716/1351/430 718/1353/430 717/1354/430
f 717/1354/431 718/1353/431 720/1355/431 719/1356/431
f 719/1356/432 720/1355/432 722/1357/432 721/1358/432
f 721/1358/433 722/1357/433 724/1359/433 723/1360/433
f 723/1360/434 724/1359/434 726/1361/434 725/1362/434
f 725/1362/435 726/1361/435 728/1363/435 727/1364/435
f 727/1364/436 728/1363/436 730/1365/436 729/1366/436
f 729/1366/437 730/1365/437 732/1367/437 731/1368/437
f 731/1368/438 732/1367/438 734/1369/438 733/1370/438
f 733/1370/439 734/1369/439 736/1371/439 735/1372/439
f 735/1372/440 736/1371/440 738/1373/440 737/1374/440
f 737/1374/441 738/1373/441 740/1375/441 739/1376/441
f 739/1376/442 740/1375/442 742/1377/442 741/1378/442
f 684/1379/443 682/1380/443 744/1381/443 742/1382/443 740/1383/443 738/1384/443 736/1385/443 734/1386/443 732/1387/443 730/1388/443 728/1389/443 726/1390/443 724/1391/443 722/1392/443 720/1393/443 718/1394/443 716/1395/443 714/1396/443 712/1397/443 710/1398/443 708/1399/443 706/1400/443 704/1401/443 702/1402/443 700/1403/443 698/1404/443 696/1405/443 694/1406/443 692/1407/443 690/1408/443 688/1409/443 686/1410/443
f 741/1378/444 742/1377/444 744/1411/444 743/1412/444
f 743/1412/445 744/1411/445 682/1413/445 681/1414/445
f 681/1415/446 683/1416/446 685/1417/446 687/1418/446 689/1419/446 691/1420/446 693/1421/446 695/1422/446 697/1423/446 699/1424/446 701/1425/446 703/1426/446 705/1427/446 707/1428/446 709/1429/446 711/1430/446 713/1431/446 715/1432/446 717/1433/446 719/1434/446 721/1435/446 723/1436/446 725/1437/446 727/1438/446 729/1439/446 731/1440/446 733/1441/446 735/1442/446 737/1443/446 739/1444/446 741/1445/446 743/1446/446
o Dmb_s2_k3
v 4.300000 0.680000 -1.210000
v 4.300000 1.380000 -1.210000
v 4.321460 0.680000 -1.207886
v 4.321460 1.380000 -1.207886
v 4.342095 0.680000 -1.201627
v 4.342095 1.380000 -1.201627
v 4.361113 0.680000 -1.191462
v 4.361113 1.380000 -1.191462
v 4.377782 0.680000 -1.177782
v 4.377782 1.380000 -1.177782
v 4.391462 0.680000 -1.161113
v 4.391462 1.380000 -1.161113
v 4.401627 0.680000 -1.142095
v 4.401627 1.380000 -1.142095
v 4.407887 0.680000 -1.121460
v 4.407887 1.380000 -1.121460
v 4.410000 0.680000 -1.100000
v 4.410000 1.380000 -1.100000
v 4.407887 0.680000 -1.078540
v 4.407887 1.380000 -1.078540
v 4.401627 0.680000 -1.057905
v 4.401627 1.380000 -1.057905
v 4.391462 0.680000 -1.038887
v 4.391462 1.380000 -1.038887
v 4.377782 0.680000 -1.022218
v 4.377782 1.380000 -1.022218
v 4.361113 0.680000 -1.008538
v 4.361113 1.380000 -1.008538
v 4.342095 0.680000 -0.998373
v 4.342095 1.380000 -0.998373
v 4.321460 0.680000 -0.992114
v 4.321460 1.380000 -0.992114
v 4.300000 0.680000 -0.990000
v 4.300000 1.380000 -0.990000
v 4.278540 0.680000 -0.992114
v 4.278540 1.380000 -0.992114
v 4.257905 0.680000 -0.998373
v 4.257905 1.380000 -0.998373
v 4.238887 0.680000 -1.008538
v 4.238887 1.380000 -1.008538
v 4.222219 0.680000 -1.022218
v 4.222219 1.380000 -1.022218
v 4.208539 0.680000 -1.038887
v 4.208539 1.380000 -1.038887
v 4.198373 0.680000 -1.057905
v 4.198373 1.380000 -1.057905
v 4.192114 0.680000 -1.078540
v 4.192114 1.380000 -1.078540
v 4.190000 0.680000 -1.100000
v 4.190000 1.380000 -1.100000
v 4.192114 0.680000 -1.121460
v 4.192114 1.380000 -1.121460
v 4.198373 0.680000 -1.142095
v 4.198373 1.380000 -1.142095
v 4.208539 0.680000 -1.161113
v 4.208539 1.380000 -1.161113
v 4.222219 0.680000 -1.177782
v 4.222219 1.380000 -1.177782
v 4.238887 0.680000 -1.191462
v 4.238887 1.380000 -1.191462
v 4.257905 0.680000 -1.201627
v 4.257905 1.380000 -1.201627
v 4.278540 0.680000 -1.207886
v 4.278540 1.380000 -1.207886
vn 0.0980 -0.0000 -0.9952
vn 0.2903 -0.0000 -0.9569
vn 0.4714 -0.0000 -0.8819
vn 0.6344 -0.0000 -0.7730
vn 0.7730 -0.0000 -0.6344
vn 0.8819 -0.0000 -0.4714
vn 0.9569 -0.0000 -0.2903
vn 0.9952 -0.0000 -0.0980
vn 0.9952 -0.0000 0.0980
vn 0.9569 -0.0000 0.2903
vn 0.8819 -0.0000 0.4714
vn 0.7730 -0.0000 0.6344
vn 0.6344 -0.0000 0.7730
vn 0.4714 -0.0000 0.8819
vn 0.2903 -0.0000 0.9569
vn 0.0980 -0.0000 0.9952
vn -0.0980 -0.0000 0.9952
vn -0.2903 -0.0000 0.9569
vn -0.4714 -0.0000 0.8819
vn -0.6344 -0.0000 0.7730
vn -0.7730 -0.0000 0.6344
vn -0.8819 -0.0000 0.4714
vn -0.9569 -0.0000 0.2903
vn -0.9952 -0.0000 0.0980
vn -0.9952 -0.0000 -0.0980
vn -0.9569 -0.0000 -0.2903
vn -0.8819 -0.0000 -0.4714
vn -0.7730 -0.0000 -0.6344
vn -0.6344 -0.0000 -0.7730
vn -0.4714 -0.0000 -0.8819
vn -0.0000 1.0000 -0.0000
vn -0.2903 -0.0000 -0.9569
vn -0.0980 -0.0000 -0.9952
vn -0.0000 -1.0000 -0.0000
vt 1.000000 0.500000
vt 1.000000 1.000000
vt 0.968750 1.000000
vt 0.968750 0.500000
vt 0.937500 1.000000
vt 0.937500 0.500000
vt 0.906250 1.000000
vt 0.906250 0.500000
vt 0.875000 1.000000
vt 0.875000 0.500000
vt 0.843750 1.000000
vt 0.843750 0.500000
vt 0.812500 1.000000
vt 0.812500 0.500000
vt 0.781250 1.000000
vt 0.781250 0.500000
vt 0.750000 1.000000
vt 0.750000 0.500000
vt 0.718750 1.000000
vt 0.718750 0.500000
vt 0.687500 1.000000
vt 0.687500 0.500000
vt 0.656250 1.000000
vt 0.656250 0.500000
vt 0.625000 1.000000
vt 0.625000 0.500000
vt 0.593750 1.000000
vt 0.593750 0.500000
vt 0.562500 1.000000
vt 0.562500 0.500000
vt 0.531250 1.000000
vt 0.531250 0.500000
vt 0.500000 1.000000
vt 0.500000 0.500000
vt 0.468750 1.000000
vt 0.468750 0.500000
vt 0.437500 1.000000
vt 0.437500 0.500000
vt 0.406250 1.000000
vt 0.406250 0.500000
vt 0.375000 1.000000
vt 0.375000 0.500000
vt 0.343750 1.000000
vt 0.343750 0.500000
vt 0.312500 1.000000
vt 0.312500 0.500000
vt 0.281250 1.000000
vt 0.281250 0.500000
vt 0.250000 1.000000
vt 0.250000 0.500000
vt 0.218750 1.000000
vt 0.218750 0.500000
vt 0.187500 1.000000
vt 0.187500 0.500000
vt 0.156250 1.000000
vt 0.156250 0.500000
vt 0.125000 1.000000
vt 0.125000 0.500000
vt 0.093750 1.000000
vt 0.093750 0.500000
vt 0.062500 1.000000
vt 0.062500 0.500000
vt 0.296822 0.485388
vt 0.250000 0.490000
vt 0.203178 0.485388
vt 0.158156 0.471731
vt 0.116663 0.449553
vt 0.080294 0.419706
vt 0.050447 0.383337
vt 0.028269 0.341844
vt 0.014612 0.296822
vt 0.010000 0.250000
vt 0.014612 0.203178
vt 0.028269 0.158156
vt 0.050447 0.116663
vt 0.080294 0.080294
vt 0.116663 0.050447
vt 0.158156 0.028269
vt 0.203178 0.014612
vt 0.250000 0.010000
vt 0.296822 0.014612
vt 0.341844 0.028269
vt 0.383337 0.050447
vt 0.419706 0.080294
vt 0.449553 0.116663
vt 0.471731 0.158156
vt 0.485388 0.203178
vt 0.490000 0.250000
vt 0.485388 0.296822
vt 0.471731 0.341844
vt 0.449553 0.383337
vt 0.419706 0.419706
vt 0.383337 0.449553
vt 0.341844 0.471731
vt 0.031250 1.000000
vt 0.031250 0.500000
vt 0.000000 1.000000
vt 0.000000 0.500000
vt 0.750000 0.490000
vt 0.796822 0.485388
vt 0.841844 0.471731
vt 0.883337 0.449553
vt 0.919706 0.419706
vt 0.949553 0.383337
vt 0.971731 0.341844
vt 0.985388 0.296822
vt 0.990000 0.250000
vt 0.985388 0.203178
vt 0.971731 0.158156
vt 0.949553 0.116663
vt 0.919706 0.080294
vt 0.883337 0.050447
vt 0.841844 0.028269
vt 0.796822 0.014612
vt 0.750000 0.010000
vt 0.703178 0.014612
vt 0.658156 0.028269
vt 0.616663 0.050447
vt 0.580294 0.080294
vt 0.550447 0.116663
vt 0.528269 0.158156
vt 0.514612 0.203178
vt 0.510000 0.250000
vt 0.514612 0.296822
vt 0.528269 0.341844
vt 0.550447 0.383337
vt 0.580294 0.419706
vt 0.616663 0.449553
vt 0.658156 0.471731
vt 0.703178 0.485388
s 0
usemtl BlackMetal
f 745/1447/447 746/1448/447 748/1449/447 747/1450/447
f 747/1450/448 748/1449/448 750/1451/448 749/1452/448
f 749/1452/449 750/1451/449 752/1453/449 751/1454/449
f 751/1454/450 752/1453/450 754/1455/450 753/1456/450
f 753/1456/451 754/1455/451 756/1457/451 755/1458/451
f 755/1458/452 756/1457/452 758/1459/452 757/1460/452
f 757/1460/453 758/1459/453 760/1461/453 759/1462/453
f 759/1462/454 760/1461/454 762/1463/454 761/1464/454
f 761/1464/455 762/1463/455 764/1465/455 763/1466/455
f 763/1466/456 764/1465/456 766/1467/456 765/1468/456
f 765/1468/457 766/1467/457 768/1469/457 767/1470/457
f 767/1470/458 768/1469/458 770/1471/458 769/1472/458
f 769/1472/459 770/1471/459 772/1473/459 771/1474/459
f 771/1474/460 772/1473/460 774/1475/460 773/1476/460
f 773/1476/461 774/1475/461 776/1477/461 775/1478/461
f 775/1478/462 776/1477/462 778/1479/462 777/1480/462
f 777/1480/463 778/1479/463 780/1481/463 779/1482/463
f 779/1482/464 780/1481/464 782/1483/464 781/1484/464
f 781/1484/465 782/1483/465 784/1485/465 783/1486/465
f 783/1486/466 784/1485/466 786/1487/466 785/1488/466
f 785/1488/467 786/1487/467 788/1489/467 787/1490/467
f 787/1490/468 788/1489/468 790/1491/468 789/1492/468
f 789/1492/469 790/1491/469 792/1493/469 791/1494/469
f 791/1494/470 792/1493/470 794/1495/470 793/1496/470
f 793/1496/471 794/1495/471 796/1497/471 795/1498/471
f 795/1498/472 796/1497/472 798/1499/472 797/1500/472
f 797/1500/473 798/1499/473 800/1501/473 799/1502/473
f 799/1502/474 800/1501/474 802/1503/474 801/1504/474
f 801/1504/475 802/1503/475 804/1505/475 803/1506/475
f 803/1506/476 804/1505/476 806/1507/476 805/1508/476
f 748/1509/477 746/1510/477 808/1511/477 806/1512/477 804/1513/477 802/1514/477 800/1515/477 798/1516/477 796/1517/477 794/1518/477 792/1519/477 790/1520/477 788/1521/477 786/1522/477 784/1523/477 782/1524/477 780/1525/477 778/1526/477 776/1527/477 774/1528/477 772/1529/477 770/1530/477 768/1531/477 766/1532/477 764/1533/477 762/1534/477 760/1535/477 758/1536/477 756/1537/477 754/1538/477 752/1539/477 750/1540/477
f 805/1508/478 806/1507/478 808/1541/478 807/1542/478
f 807/1542/479 808/1541/479 746/1543/479 745/1544/479
f 745/1545/480 747/1546/480 749/1547/480 751/1548/480 753/1549/480 755/1550/480 757/1551/480 759/1552/480 761/1553/480 763/1554/480 765/1555/480 767/1556/480 769/1557/480 771/1558/480 773/1559/480 775/1560/480 777/1561/480 779/1562/480 781/1563/480 783/1564/480 785/1565/480 787/1566/480 789/1567/480 791/1568/480 793/1569/480 795/1570/480 797/1571/480 799/1572/480 801/1573/480 803/1574/480 805/1575/480 807/1576/480
o Dmb_s3_k0
v 4.300000 1.130000 0.590000
v 4.300000 1.830000 0.590000
v 4.321460 1.130000 0.592114
v 4.321460 1.830000 0.592114
v 4.342095 1.130000 0.598373
v 4.342095 1.830000 0.598373
v 4.361113 1.130000 0.608538
v 4.361113 1.830000 0.608538
v 4.377782 1.130000 0.622218
v 4.377782 1.830000 0.622218
v 4.391462 1.130000 0.638887
v 4.391462 1.830000 0.638887
v 4.401627 1.130000 0.657905
v 4.401627 1.830000 0.657905
v 4.407887 1.130000 0.678540
v 4.407887 1.830000 0.678540
v 4.410000 1.130000 0.700000
v 4.410000 1.830000 0.700000
v 4.407887 1.130000 0.721460
v 4.407887 1.830000 0.721460
v 4.401627 1.130000 0.742095
v 4.401627 1.830000 0.742095
v 4.391462 1.130000 0.761113
v 4.391462 1.830000 0.761113
v 4.377782 1.130000 0.777782
v 4.377782 1.830000 0.777782
v 4.361113 1.130000 0.791462
v 4.361113 1.830000 0.791462
v 4.342095 1.130000 0.801627
v 4.342095 1.830000 0.801627
v 4.321460 1.130000 0.807886
v 4.321460 1.830000 0.807886
v 4.300000 1.130000 0.810000
v 4.300000 1.830000 0.810000
v 4.278540 1.130000 0.807886
v 4.278540 1.830000 0.807886
v 4.257905 1.130000 0.801627
v 4.257905 1.830000 0.801627
v 4.238887 1.130000 0.791462
v 4.238887 1.830000 0.791462
v 4.222219 1.130000 0.777782
v 4.222219 1.830000 0.777782
v 4.208539 1.130000 0.761113
v 4.208539 1.830000 0.761113
v 4.198373 1.130000 0.742095
v 4.198373 1.830000 0.742095
v 4.192114 1.130000 0.721460
v 4.192114 1.830000 0.721460
v 4.190000 1.130000 0.700000
v 4.190000 1.830000 0.700000
v 4.192114 1.130000 0.678540
v 4.192114 1.830000 0.678540
v 4.198373 1.130000 0.657905
v 4.198373 1.830000 0.657905
v 4.208539 1.130000 0.638887
v 4.208539 1.830000 0.638887
v 4.222219 1.130000 0.622218
v 4.222219 1.830000 0.622218
v 4.238887 1.130000 0.608538
v 4.238887 1.830000 0.608538
v 4.257905 1.130000 0.598373
v 4.257905 1.830000 0.598373
v 4.278540 1.130000 0.592114
v 4.278540 1.830000 0.592114
vn 0.0980 -0.0000 -0.9952
vn 0.2903 -0.0000 -0.9569
vn 0.4714 -0.0000 -0.8819
vn 0.6344 -0.0000 -0.7730
vn 0.7730 -0.0000 -0.6344
vn 0.8819 -0.0000 -0.4714
vn 0.9569 -0.0000 -0.2903
vn 0.9952 -0.0000 -0.0980
vn 0.9952 -0.0000 0.0980
vn 0.9569 -0.0000 0.2903
vn 0.8819 -0.0000 0.4714
vn 0.7730 -0.0000 0.6344
vn 0.6344 -0.0000 0.7730
vn 0.4714 -0.0000 0.8819
vn 0.2903 -0.0000 0.9569
vn 0.0980 -0.0000 0.9952
vn -0.0980 -0.0000 0.9952
vn -0.2903 -0.0000 0.9569
vn -0.4714 -0.0000 0.8819
vn -0.6344 -0.0000 0.7730
vn -0.7730 -0.0000 0.6344
vn -0.8819 -0.0000 0.4714
vn -0.9569 -0.0000 0.2903
vn -0.9952 -0.0000 0.0980
vn -0.9952 -0.0000 -0.0980
vn -0.9569 -0.0000 -0.2903
vn -0.8819 -0.0000 -0.4714
vn -0.7730 -0.0000 -0.6344
vn -0.6344 -0.0000 -0.7730
vn -0.4714 -0.0000 -0.8819
vn -0.0000 1.0000 -0.0000
vn -0.2903 -0.0000 -0.9569
vn -0.0980 -0.0000 -0.9952
vn -0.0000 -1.0000 -0.0000
vt 1.000000 0.500000
vt 1.000000 1.000000
vt 0.968750 1.000000
vt 0.968750 0.500000
vt 0.937500 1.000000
vt 0.937500 0.500000
vt 0.906250 1.000000
vt 0.906250 0.500000
vt 0.875000 1.000000
vt 0.875000 0.500000
vt 0.843750 1.000000
vt 0.843750 0.500000
vt 0.812500 1.000000
vt 0.812500 0.500000
vt 0.781250 1.000000
vt 0.781250 0.500000
vt 0.750000 1.000000
vt 0.750000 0.500000
vt 0.718750 1.000000
vt 0.718750 0.500000
vt 0.687500 1.000000
vt 0.687500 0.500000
vt 0.656250 1.000000
vt 0.656250 0.500000
vt 0.625000 1.000000
vt 0.625000 0.500000
vt 0.593750 1.000000
vt 0.593750 0.500000
vt 0.562500 1.000000
vt 0.562500 0.500000
vt 0.531250 1.000000
vt 0.531250 0.500000
vt 0.500000 1.000000
vt 0.500000 0.500000
vt 0.468750 1.000000
vt 0.468750 0.500000
vt 0.437500 1.000000
vt 0.437500 0.500000
vt 0.406250 1.000000
vt 0.406250 0.500000
vt 0.375000 1.000000
vt 0.375000 0.500000
vt 0.343750 1.000000
vt 0.343750 0.500000
vt 0.312500 1.000000
vt 0.312500 0.500000
vt 0.281250 1.000000
vt 0.281250 0.500000
vt 0.250000 1.000000
vt 0.250000 0.500000
vt 0.218750 1.000000
vt 0.218750 0.500000
vt 0.187500 1.000000
vt 0.187500 0.500000
vt 0.156250 1.000000
vt 0.156250 0.500000
vt 0.125000 1.000000
vt 0.125000 0.500000
vt 0.093750 1.000000
vt 0.093750 0.500000
vt 0.062500 1.000000
vt 0.062500 0.500000
vt 0.296822 0.485388
vt 0.250000 0.490000
vt 0.203178 0.485388
vt 0.158156 0.471731
vt 0.116663 0.449553
vt 0.080294 0.419706
vt 0.050447 0.383337
vt 0.028269 0.341844
vt 0.014612 0.296822
vt 0.010000 0.250000
vt 0.014612 0.203178
vt 0.028269 0.158156
vt 0.050447 0.116663
vt 0.080294 0.080294
vt 0.116663 0.050447
vt 0.158156 0.028269
vt 0.203178 0.014612
vt 0.250000 0.010000
vt 0.296822 0.014612
vt 0.341844 0.028269
vt 0.383337 0.050447
vt 0.419706 0.080294
vt 0.449553 0.116663
vt 0.471731 0.158156
vt 0.485388 0.203178
vt 0.490000 0.250000
vt 0.485388 0.296822
vt 0.471731 0.341844
vt 0.449553 0.383337
vt 0.419706 0.419706
vt 0.383337 0.449553
vt 0.341844 0.471731
vt 0.031250 1.000000
vt 0.031250 0.500000
vt 0.000000 1.000000
vt 0.000000 0.500000
vt 0.750000 0.490000
vt 0.796822 0.485388
vt 0.841844 0.471731
vt 0.883337 0.449553
vt 0.919706 0.419706
vt 0.949553 0.383337
vt 0.971731 0.341844
vt 0.985388 0.296822
vt 0.990000 0.250000
vt 0.985388 0.203178
vt 0.971731 0.158156
vt 0.949553 0.116663
vt 0.919706 0.080294
vt 0.883337 0.050447
vt 0.841844 0.028269
vt 0.796822 0.014612
vt 0.750000 0.010000
vt 0.703178 0.014612
vt 0.658156 0.028269
vt 0.616663 0.050447
vt 0.580294 0.080294
vt 0.550447 0.116663
vt 0.528269 0.158156
vt 0.514612 0.203178
vt 0.510000 0.250000
vt 0.514612 0.296822
vt 0.528269 0.341844
vt 0.550447 0.383337
vt 0.580294 0.419706
vt 0.616663 0.449553
vt 0.658156 0.471731
vt 0.703178 0.485388
s 0
usemtl BlackMetal
f 809/1577/481 810/1578/481 812/1579/481 811/1580/481
f 811/1580/482 812/1579/482 814/1581/482 813/1582/482
f 813/1582/483 814/1581/483 816/1583/483 815/1584/483
f 815/1584/484 816/1583/484 818/1585/484 817/1586/484
f 817/1586/485 818/1585/485 820/1587/485 819/1588/485
f 819/1588/486 820/1587/486 822/1589/486 821/1590/486
f 821/1590/487 822/1589/487 824/1591/487 823/1592/487
f 823/1592/488 824/1591/488 826/1593/488 825/1594/488
f 825/1594/489 826/1593/489 828/1595/489 827/1596/489
f 827/1596/490 828/1595/490 830/1597/490 829/1598/490
f 829/1598/491 830/1597/491 832/1599/491 831/1600/491
f 831/1600/492 832/1599/492 834/1601/492 833/1602/492
f 833/1602/493 834/1601/493 836/1603/493 835/1604/493
f 835/1604/494 836/1603/494 838/1605/494 837/1606/494
f 837/1606/495 838/1605/495 840/1607/495 839/1608/495
f 839/1608/496 840/1607/496 842/1609/496 841/1610/496
f 841/1610/497 842/1609/497 844/1611/497 843/1612/497
f 843/1612/498 844/1611/498 846/1613/498 845/1614/498
f 845/1614/499 846/1613/499 848/1615/499 847/1616/499
f 847/1616/500 848/1615/500 850/1617/500 849/1618/500
f 849/1618/501 850/1617/501 852/1619/501 851/1620/501
f 851/1620/502 852/1619/502 854/1621/502 853/1622/502
f 853/1622/503 854/1621/503 856/1623/503 855/1624/503
f 855/1624/504 856/1623/504 858/1625/504 857/1626/504
f 857/1626/505 858/1625/505 860/1627/505 859/1628/505
f 859/1628/506 860/1627/506 862/1629/506 861/1630/506
f 861/1630/507 862/1629/507 864/1631/507 863/1632/507
f 863/1632/508 864/1631/508 866/1633/508 865/1634/508
f 865/1634/509 866/1633/509 868/1635/509 867/1636/509
f 867/1636/510 868/1635/510 870/1637/510 869/1638/510
f 812/1639/511 810/1640/511 872/1641/511 870/1642/511 868/1643/511 866/1644/511 864/1645/511 862/1646/511 860/1647/511 858/1648/511 856/1649/511 854/1650/511 852/1651/511 850/1652/511 848/1653/511 846/1654/511 844/1655/511 842/1656/511 840/1657/511 838/1658/511 836/1659/511 834/1660/511 832/1661/511 830/1662/511 828/1663/511 826/1664/511 824/1665/511 822/1666/511 820/1667/511 818/1668/511 816/1669/511 814/1670/511
f 869/1638/512 870/1637/512 872/1671/512 871/1672/512
f 871/1672/513 872/1671/513 810/1673/513 809/1674/513
f 809/1675/514 811/1676/514 813/1677/514 815/1678/514 817/1679/514 819/1680/514 821/1681/514 823/1682/514 825/1683/514 827/1684/514 829/1685/514 831/1686/514 833/1687/514 835/1688/514 837/1689/514 839/1690/514 841/1691/514 843/1692/514 845/1693/514 847/1694/514 849/1695/514 851/1696/514 853/1697/514 855/1698/514 857/1699/514 859/1700/514 861/1701/514 863/1702/514 865/1703/514 867/1704/514 869/1705/514 871/1706/514
o Dmb_s3_k1
v 4.300000 1.130000 -0.010000
v 4.300000 1.830000 -0.010000
v 4.321460 1.130000 -0.007886
v 4.321460 1.830000 -0.007886
v 4.342095 1.130000 -0.001627
v 4.342095 1.830000 -0.001627
v 4.361113 1.130000 0.008538
v 4.361113 1.830000 0.008538
v 4.377782 1.130000 0.022218
v 4.377782 1.830000 0.022218
v 4.391462 1.130000 0.038887
v 4.391462 1.830000 0.038887
v 4.401627 1.130000 0.057905
v 4.401627 1.830000 0.057905
v 4.407887 1.130000 0.078540
v 4.407887 1.830000 0.078540
v 4.410000 1.130000 0.100000
v 4.410000 1.830000 0.100000
v 4.407887 1.130000 0.121460
v 4.407887 1.830000 0.121460
v 4.401627 1.130000 0.142095
v 4.401627 1.830000 0.142095
v 4.391462 1.130000 0.161113
v 4.391462 1.830000 0.161113
v 4.377782 1.130000 0.177782
v 4.377782 1.830000 0.177782
v 4.361113 1.130000 0.191462
v 4.361113 1.830000 0.191462
v 4.342095 1.130000 0.201627
v 4.342095 1.830000 0.201627
v 4.321460 1.130000 0.207886
v 4.321460 1.830000 0.207886
v 4.300000 1.130000 0.210000
v 4.300000 1.830000 0.210000
v 4.278540 1.130000 0.207886
v 4.278540 1.830000 0.207886
v 4.257905 1.130000 0.201627
v 4.257905 1.830000 0.201627
v 4.238887 1.130000 0.191462
v 4.238887 1.830000 0.191462
v 4.222219 1.130000 0.177782
v 4.222219 1.830000 0.177782
v 4.208539 1.130000 0.161113
v 4.208539 1.830000 0.161113
v 4.198373 1.130000 0.142095
v 4.198373 1.830000 0.142095
v 4.192114 1.130000 0.121460
v 4.192114 1.830000 0.121460
v 4.190000 1.130000 0.100000
v 4.190000 1.830000 0.100000
v 4.192114 1.130000 0.078540
v 4.192114 1.830000 0.078540
v 4.198373 1.130000 0.057905
v 4.198373 1.830000 0.057905
v 4.208539 1.130000 0.038887
v 4.208539 1.830000 0.038887
v 4.222219 1.130000 0.022218
v 4.222219 1.830000 0.022218
v 4.238887 1.130000 0.008538
v 4.238887 1.830000 0.008538
v 4.257905 1.130000 -0.001627
v 4.257905 1.830000 -0.001627
v 4.278540 1.130000 -0.007886
v 4.278540 1.830000 -0.007886
vn 0.0980 -0.0000 -0.9952
vn 0.2903 -0.0000 -0.9569
vn 0.4714 -0.0000 -0.8819
vn 0.6344 -0.0000 -0.7730
vn 0.7730 -0.0000 -0.6344
vn 0.8819 -0.0000 -0.4714
vn 0.9569 -0.0000 -0.2903
vn 0.9952 -0.0000 -0.0980
vn 0.9952 -0.0000 0.0980
vn 0.9569 -0.0000 0.2903
vn 0.8819 -0.0000 0.4714
vn 0.7730 -0.0000 0.6344
vn 0.6344 -0.0000 0.7730
vn 0.4714 -0.0000 0.8819
vn 0.2903 -0.0000 0.9569
vn 0.0980 -0.0000 0.9952
vn -0.0980 -0.0000 0.9952
vn -0.2903 -0.0000 0.9569
vn -0.4714 -0.0000 0.8819
vn -0.6344 -0.0000 0.7730
vn -0.7730 -0.0000 0.6344
vn -0.8819 -0.0000 0.4714
vn -0.9569 -0.0000 0.2903
vn -0.9952 -0.0000 0.0980
vn -0.9952 -0.0000 -0.0980
vn -0.9569 -0.0000 -0.2903
vn -0.8819 -0.0000 -0.4714
vn -0.7730 -0.0000 -0.6344
vn -0.6344 -0.0000 -0.7730
vn -0.4714 -0.0000 -0.8819
vn -0.0000 1.0000 -0.0000
vn -0.2903 -0.0000 -0.9569
vn -0.0980 -0.0000 -0.9952
vn -0.0000 -1.0000 -0.0000
vt 1.000000 0.500000
vt 1.000000 1.000000
vt 0.968750 1.000000
vt 0.968750 0.500000
vt 0.937500 1.000000
vt 0.937500 0.500000
vt 0.906250 1.000000
vt 0.906250 0.500000
vt 0.875000 1.000000
vt 0.875000 0.500000
vt 0.843750 1.000000
vt 0.843750 0.500000
vt 0.812500 1.000000
vt 0.812500 0.500000
vt 0.781250 1.000000
vt 0.781250 0.500000
vt 0.750000 1.000000
vt 0.750000 0.500000
vt 0.718750 1.000000
vt 0.718750 0.500000
vt 0.687500 1.000000
vt 0.687500 0.500000
vt 0.656250 1.000000
vt 0.656250 0.500000
vt 0.625000 1.000000
vt 0.625000 0.500000
vt 0.593750 1.000000
vt 0.593750 0.500000
vt 0.562500 1.000000
vt 0.562500 0.500000
vt 0.531250 1.000000
vt 0.531250 0.500000
vt 0.500000 1.000000
vt 0.500000 0.500000
vt 0.468750 1.000000
vt 0.468750 0.500000
vt 0.437500 1.000000
vt 0.437500 0.500000
vt 0.406250 1.000000
vt 0.406250 0.500000
vt 0.375000 1.000000
vt 0.375000 0.500000
vt 0.343750 1.000000
vt 0.343750 0.500000
vt 0.312500 1.000000
vt 0.312500 0.500000
vt 0.281250 1.000000
vt 0.281250 0.500000
vt 0.250000 1.000000
vt 0.250000 0.500000
vt 0.218750 1.000000
vt 0.218750 0.500000
vt 0.187500 1.000000
vt 0.187500 0.500000
vt 0.156250 1.000000
vt 0.156250 0.500000
vt 0.125000 1.000000
vt 0.125000 0.500000
vt 0.093750 1.000000
vt 0.093750 0.500000
vt 0.062500 1.000000
vt 0.062500 0.500000
vt 0.296822 0.485388
vt 0.250000 0.490000
vt 0.203178 0.485388
vt 0.158156 0.471731
vt 0.116663 0.449553
vt 0.080294 0.419706
vt 0.050447 0.383337
vt 0.028269 0.341844
vt 0.014612 0.296822
vt 0.010000 0.250000
vt 0.014612 0.203178
vt 0.028269 0.158156
vt 0.050447 0.116663
vt 0.080294 0.080294
vt 0.116663 0.050447
vt 0.158156 0.028269
vt 0.203178 0.014612
vt 0.250000 0.010000
vt 0.296822 0.014612
vt 0.341844 0.028269
vt 0.383337 0.050447
vt 0.419706 0.080294
vt 0.449553 0.116663
vt 0.471731 0.158156
vt 0.485388 0.203178
vt 0.490000 0.250000
vt 0.485388 0.296822
vt 0.471731 0.341844
vt 0.449553 0.383337
vt 0.419706 0.419706
vt 0.383337 0.449553
vt 0.341844 0.471731
vt 0.031250 1.000000
vt 0.031250 0.500000
vt 0.000000 1.000000
vt 0.000000 0.500000
vt 0.750000 0.490000
vt 0.796822 0.485388
vt 0.841844 0.471731
vt 0.883337 0.449553
vt 0.919706 0.419706
vt 0.949553 0.383337
vt 0.971731 0.341844
vt 0.985388 0.296822
vt 0.990000 0.250000
vt 0.985388 0.203178
vt 0.971731 0.158156
vt 0.949553 0.116663
vt 0.919706 0.080294
vt 0.883337 0.050447
vt 0.841844 0.028269
vt 0.796822 0.014612
vt 0.750000 0.010000
vt 0.703178 0.014612
vt 0.658156 0.028269
vt 0.616663 0.050447
vt 0.580294 0.080294
vt 0.550447 0.116663
vt 0.528269 0.158156
vt 0.514612 0.203178
vt 0.510000 0.250000
vt 0.514612 0.296822
vt 0.528269 0.341844
vt 0.550447 0.383337
vt 0.580294 0.419706
vt 0.616663 0.449553
vt 0.658156 0.471731
vt 0.703178 0.485388
s 0
usemtl BlackMetal
f 873/1707/515 874/1708/515 876/1709/515 875/1710/515
f 875/1710/516 876/1709/516 878/1711/516 877/1712/516
f 877/1712/517 878/1711/517 880/1713/517 879/1714/517
f 879/1714/518 880/1713/518 882/1715/518 881/1716/518
f 881/1716/519 882/1715/519 884/1717/519 883/1718/519
f 883/1718/520 884/1717/520 886/1719/520 885/1720/520
f 885/1720/521 886/1719/521 888/1721/521 887/1722/521
f 887/1722/522 888/1721/522 890/1723/522 889/1724/522
f 889/1724/523 890/1723/523 892/1725/523 891/1726/523
f 891/1726/524 892/1725/524 894/1727/524 893/1728/524
f 893/1728/525 894/1727/525 896/1729/525 895/1730/525
f 895/1730/526 896/1729/526 898/1731/526 897/1732/526
f 897/1732/527 898/1731/527 900/1733/527 899/1734/527
f 899/1734/528 900/1733/528 902/1735/528 901/1736/528
f 901/1736/529 902/1735/529 904/1737/529 903/1738/529
f 903/1738/530 904/1737/530 906/1739/530 905/1740/530
f 905/1740/531 906/1739/531 908/1741/531 907/1742/531
f 907/1742/532 908/1741/532 910/1743/532 909/1744/532
f 909/1744/533 910/1743/533 912/1745/533 911/1746/533
f 911/1746/534 912/1745/534 914/1747/534 913/1748/534
f 913/1748/535 914/1747/535 916/1749/535 915/1750/535
f 915/1750/536 916/1749/536 918/1751/536 917/1752/536
f 917/1752/537 918/1751/537 920/1753/537 919/1754/537
f 919/1754/538 920/1753/538 922/1755/538 921/1756/538
f 921/1756/539 922/1755/539 924/1757/539 923/1758/539
f 923/1758/540 924/1757/540 926/1759/540 925/1760/540
f 925/1760/541 926/1759/541 928/1761/541 927/1762/541
f 927/1762/542 928/1761/542 930/1763/542 929/1764/542
f 929/1764/543 930/1763/543 932/1765/543 931/1766/543
f 931/1766/544 932/1765/544 934/1767/544 933/1768/544
f 876/1769/545 874/1770/545 936/1771/545 934/1772/545 932/1773/545 930/1774/545 928/1775/545 926/1776/545 924/1777/545 922/1778/545 920/1779/545 918/1780/545 916/1781/545 914/1782/545 912/1783/545 910/1784/545 908/1785/545 906/1786/545 904/1787/545 902/1788/545 900/1789/545 898/1790/545 896/1791/545 894/1792/545 892/1793/545 890/1794/545 888/1795/545 886/1796/545 884/1797/545 882/1798/545 880/1799/545 878/1800/545
f 933/1768/546 934/1767/546 936/1801/546 935/1802/546
f 935/1802/547 936/1801/547 874/1803/547 873/1804/547
f 873/1805/548 875/1806/548 877/1807/548 879/1808/548 881/1809/548 883/1810/548 885/1811/548 887/1812/548 889/1813/548 891/1814/548 893/1815/548 895/1816/548 897/1817/548 899/1818/548 901/1819/548 903/1820/548 905/1821/548 907/1822/548 909/1823/548 911/1824/548 913/1825/548 915/1826/548 917/1827/548 919/1828/548 921/1829/548 923/1830/548 925/1831/548 927/1832/548 929/1833/548 931/1834/548 933/1835/548 935/1836/548
o Dmb_s3_k2
v 4.300000 1.130000 -0.610000
v 4.300000 1.830000 -0.610000
v 4.321460 1.130000 -0.607886
v 4.321460 1.830000 -0.607886
v 4.342095 1.130000 -0.601627
v 4.342095 1.830000 -0.601627
v 4.361113 1.130000 -0.591462
v 4.361113 1.830000 -0.591462
v 4.377782 1.130000 -0.577782
v 4.377782 1.830000 -0.577782
v 4.391462 1.130000 -0.561113
v 4.391462 1.830000 -0.561113
v 4.401627 1.130000 -0.542095
v 4.401627 1.830000 -0.542095
v 4.407887 1.130000 -0.521460
v 4.407887 1.830000 -0.521460
v 4.410000 1.130000 -0.500000
v 4.410000 1.830000 -0.500000
v 4.407887 1.130000 -0.478540
v 4.407887 1.830000 -0.478540
v 4.401627 1.130000 -0.457905
v 4.401627 1.830000 -0.457905
v 4.391462 1.130000 -0.438887
v 4.391462 1.830000 -0.438887
v 4.377782 1.130000 -0.422218
v 4.377782 1.830000 -0.422218
v 4.361113 1.130000 -0.408538
v 4.361113 1.830000 -0.408538
v 4.342095 1.130000 -0.398373
v 4.342095 1.830000 -0.398373
v 4.321460 1.130000 -0.392114
v 4.321460 1.830000 -0.392114
v 4.300000 1.130000 -0.390000
v 4.300000 1.830000 -0.390000
v 4.278540 1.130000 -0.392114
v 4.278540 1.830000 -0.392114
v 4.257905 1.130000 -0.398373
v 4.257905 1.830000 -0.398373
v 4.238887 1.130000 -0.408538
v 4.238887 1.830000 -0.408538
v 4.222219 1.130000 -0.422218
v 4.222219 1.830000 -0.422218
v 4.208539 1.130000 -0.438887
v 4.208539 1.830000 -0.438887
v 4.198373 1.130000 -0.457905
v 4.198373 1.830000 -0.457905
v 4.192114 1.130000 -0.478540
v 4.192114 1.830000 -0.478540
v 4.190000 1.130000 -0.500000
v 4.190000 1.830000 -0.500000
v 4.192114 1.130000 -0.521460
v 4.192114 1.830000 -0.521460
v 4.198373 1.130000 -0.542095
v 4.198373 1.830000 -0.542095
v 4.208539 1.130000 -0.561113
v 4.208539 1.830000 -0.561113
v 4.222219 1.130000 -0.577782
v 4.222219 1.830000 -0.577782
v 4.238887 1.130000 -0.591462
v 4.238887 1.830000 -0.591462
v 4.257905 1.130000 -0.601627
v 4.257905 1.830000 -0.601627
v 4.278540 1.130000 -0.607886
v 4.278540 1.830000 -0.607886
vn 0.0980 -0.0000 -0.9952
vn 0.2903 -0.0000 -0.9569
vn 0.4714 -0.0000 -0.8819
vn 0.6344 -0.0000 -0.7730
vn 0.7730 -0.0000 -0.6344
vn 0.8819 -0.0000 -0.4714
vn 0.9569 -0.0000 -0.2903
vn 0.9952 -0.0000 -0.0980
vn 0.9952 -0.0000 0.0980
vn 0.9569 -0.0000 0.2903
vn 0.8819 -0.0000 0.4714
vn 0.7730 -0.0000 0.6344
vn 0.6344 -0.0000 0.7730
vn 0.4714 -0.0000 0.8819
vn 0.2903 -0.0000 0.9569
vn 0.0980 -0.0000 0.9952
vn -0.0980 -0.0000 0.9952
vn -0.2903 -0.0000 0.9569
vn -0.4714 -0.0000 0.8819
vn -0.6344 -0.0000 0.7730
vn -0.7730 -0.0000 0.6344
vn -0.8819 -0.0000 0.4714
vn -0.9569 -0.0000 0.2903
vn -0.9952 -0.0000 0.0980
vn -0.9952 -0.0000 -0.0980
vn -0.9569 -0.0000 -0.2903
vn -0.8819 -0.0000 -0.4714
vn -0.7730 -0.0000 -0.6344
vn -0.6344 -0.0000 -0.7730
vn -0.4714 -0.0000 -0.8819
vn -0.0000 1.0000 -0.0000
vn -0.2903 -0.0000 -0.9569
vn -0.0980 -0.0000 -0.9952
vn -0.0000 -1.0000 -0.0000
vt 1.000000 0.500000
vt 1.000000 1.000000
vt 0.968750 1.000000
vt 0.968750 0.500000
vt 0.937500 1.000000
vt 0.937500 0.500000
vt 0.906250 1.000000
vt 0.906250 0.500000
vt 0.875000 1.000000
vt 0.875000 0.500000
vt 0.843750 1.000000
vt 0.843750 0.500000
vt 0.812500 1.000000
vt 0.812500 0.500000
vt 0.781250 1.000000
vt 0.781250 0.500000
vt 0.750000 1.000000
vt 0.750000 0.500000
vt 0.718750 1.000000
vt 0.718750 0.500000
vt 0.687500 1.000000
vt 0.687500 0.500000
vt 0.656250 1.000000
vt 0.656250 0.500000
vt 0.625000 1.000000
vt 0.625000 0.500000
vt 0.593750 1.000000
vt 0.593750 0.500000
vt 0.562500 1.000000
vt 0.562500 0.500000
vt 0.531250 1.000000
vt 0.531250 0.500000
vt 0.500000 1.000000
vt 0.500000 0.500000
vt 0.468750 1.000000
vt 0.468750 0.500000
vt 0.437500 1.000000
vt 0.437500 0.500000
vt 0.406250 1.000000
vt 0.406250 0.500000
vt 0.375000 1.000000
vt 0.375000 0.500000
vt 0.343750 1.000000
vt 0.343750 0.500000
vt 0.312500 1.000000
vt 0.312500 0.500000
vt 0.281250 1.000000
vt 0.281250 0.500000
vt 0.250000 1.000000
vt 0.250000 0.500000
vt 0.218750 1.000000
vt 0.218750 0.500000
vt 0.187500 1.000000
vt 0.187500 0.500000
vt 0.156250 1.000000
vt 0.156250 0.500000
vt 0.125000 1.000000
vt 0.125000 0.500000
vt 0.093750 1.000000
vt 0.093750 0.500000
vt 0.062500 1.000000
vt 0.062500 0.500000
vt 0.296822 0.485388
vt 0.250000 0.490000
vt 0.203178 0.485388
vt 0.158156 0.471731
vt 0.116663 0.449553
vt 0.080294 0.419706
vt 0.050447 0.383337
vt 0.028269 0.341844
vt 0.014612 0.296822
vt 0.010000 0.250000
vt 0.014612 0.203178
vt 0.028269 0.158156
vt 0.050447 0.116663
vt 0.080294 0.080294
vt 0.116663 0.050447
vt 0.158156 0.028269
vt 0.203178 0.014612
vt 0.250000 0.010000
vt 0.296822 0.014612
vt 0.341844 0.028269
vt 0.383337 0.050447
vt 0.419706 0.080294
vt 0.449553 0.116663
vt 0.471731 0.158156
vt 0.485388 0.203178
vt 0.490000 0.250000
vt 0.485388 0.296822
vt 0.471731 0.341844
vt 0.449553 0.383337
vt 0.419706 0.419706
vt 0.383337 0.449553
vt 0.341844 0.471731
vt 0.031250 1.000000
vt 0.031250 0.500000
vt 0.000000 1.000000
vt 0.000000 0.500000
vt 0.750000 0.490000
vt 0.796822 0.485388
vt 0.841844 0.471731
vt 0.883337 0.449553
vt 0.919706 0.419706
vt 0.949553 0.383337
vt 0.971731 0.341844
vt 0.985388 0.296822
vt 0.990000 0.250000
vt 0.985388 0.203178
vt 0.971731 0.158156
vt 0.949553 0.116663
vt 0.919706 0.080294
vt 0.883337 0.050447
vt 0.841844 0.028269
vt 0.796822 0.014612
vt 0.750000 0.010000
vt 0.703178 0.014612
vt 0.658156 0.028269
vt 0.616663 0.050447
vt 0.580294 0.080294
vt 0.550447 0.116663
vt 0.528269 0.158156
vt 0.514612 0.203178
vt 0.510000 0.250000
vt 0.514612 0.296822
vt 0.528269 0.341844
vt 0.550447 0.383337
vt 0.580294 0.419706
vt 0.616663 0.449553
vt 0.658156 0.471731
vt 0.703178 0.485388
s 0
usemtl BlackMetal
f 937/1837/549 938/1838/549 940/1839/549 939/1840/549
f 939/1840/550 940/1839/550 942/1841/550 941/1842/550
f 941/1842/551 942/1841/551 944/1843/551 943/1844/551
f 943/1844/552 944/1843/552 946/1845/552 945/1846/552
f 945/1846/553 946/1845/553 948/1847/553 947/1848/553
f 947/1848/554 948/1847/554 950/1849/554 949/1850/554
f 949/1850/555 950/1849/555 952/1851/555 951/1852/555
f 951/1852/556 952/1851/556 954/1853/556 953/1854/556
f 953/1854/557 954/1853/557 956/1855/557 955/1856/557
f 955/1856/558 956/1855/558 958/1857/558 957/1858/558
f 957/1858/559 958/1857/559 960/1859/559 959/1860/559
f 959/1860/560 960/1859/560 962/1861/560 961/1862/560
f 961/1862/561 962/1861/561 964/1863/561 963/1864/561
f 963/1864/562 964/1863/562 966/1865/562 965/1866/562
f 965/1866/563 966/1865/563 968/1867/563 967/1868/563
f 967/1868/564 968/1867/564 970/1869/564 969/1870/564
f 969/1870/565 970/1869/565 972/1871/565 971/1872/565
f 971/1872/566 972/1871/566 974/1873/566 973/1874/566
f 973/1874/567 974/1873/567 976/1875/567 975/1876/567
f 975/1876/568 976/1875/568 978/1877/568 977/1878/568
f 977/1878/569 978/1877/569 980/1879/569 979/1880/569
f 979/1880/570 980/1879/570 982/1881/570 981/1882/570
f 981/1882/571 982/1881/571 984/1883/571 983/1884/571
f 983/1884/572 984/1883/572 986/1885/572 985/1886/572
f 985/1886/573 986/1885/573 988/1887/573 987/1888/573
f 987/1888/574 988/1887/574 990/1889/574 989/1890/574
f 989/1890/575 990/1889/575 992/1891/575 991/1892/575
f 991/1892/576 992/1891/576 994/1893/576 993/1894/576
f 993/1894/577 994/1893/577 996/1895/577 995/1896/577
f 995/1896/578 996/1895/578 998/1897/578 997/1898/578
f 940/1899/579 938/1900/579 1000/1901/579 998/1902/579 996/1903/579 994/1904/579 992/1905/579 990/1906/579 988/1907/579 986/1908/579 984/1909/579 982/1910/579 980/1911/579 978/1912/579 976/1913/579 974/1914/579 972/1915/579 970/1916/579 968/1917/579 966/1918/579 964/1919/579 962/1920/579 960/1921/579 958/1922/579 956/1923/579 954/1924/579 952/1925/579 950/1926/579 948/1927/579 946/1928/579 944/1929/579 942/1930/579
f 997/1898/580 998/1897/580 1000/1931/580 999/1932/580
f 999/1932/581 1000/1931/581 938/1933/581 937/1934/581
f 937/1935/582 939/1936/582 941/1937/582 943/1938/582 945/1939/582 947/1940/582 949/1941/582 951/1942/582 953/1943/582 955/1944/582 957/1945/582 959/1946/582 961/1947/582 963/1948/582 965/1949/582 967/1950/582 969/1951/582 971/1952/582 973/1953/582 975/1954/582 977/1955/582 979/1956/582 981/1957/582 983/1958/582 985/1959/582 987/1960/582 989/1961/582 991/1962/582 993/1963/582 995/1964/582 997/1965/582 999/1966/582
o Dmb_s3_k3
v 4.300000 1.130000 -1.210000
v 4.300000 1.830000 -1.210000
v 4.321460 1.130000 -1.207886
v 4.321460 1.830000 -1.207886
v 4.342095 1.130000 -1.201627
v 4.342095 1.830000 -1.201627
v 4.361113 1.130000 -1.191462
v 4.361113 1.830000 -1.191462
v 4.377782 1.130000 -1.177782
v 4.377782 1.830000 -1.177782
v 4.391462 1.130000 -1.161113
v 4.391462 1.830000 -1.161113
v 4.401627 1.130000 -1.142095
v 4.401627 1.830000 -1.142095
v 4.407887 1.130000 -1.121460
v 4.407887 1.830000 -1.121460
v 4.410000 1.130000 -1.100000
v 4.410000 1.830000 -1.100000
v 4.407887 1.130000 -1.078540
v 4.407887 1.830000 -1.078540
v 4.401627 1.130000 -1.057905
v 4.401627 1.830000 -1.057905
v 4.391462 1.130000 -1.038887
v 4.391462 1.830000 -1.038887
v 4.377782 1.130000 -1.022218
v 4.377782 1.830000 -1.022218
v 4.361113 1.130000 -1.008538
v 4.361113 1.830000 -1.008538
v 4.342095 1.130000 -0.998373
v 4.342095 1.830000 -0.998373
v 4.321460 1.130000 -0.992114
v 4.321460 1.830000 -0.992114
v 4.300000 1.130000 -0.990000
v 4.300000 1.830000 -0.990000
v 4.278540 1.130000 -0.992114
v 4.278540 1.830000 -0.992114
v 4.257905 1.130000 -0.998373
v 4.257905 1.830000 -0.998373
v 4.238887 1.130000 -1.008538
v 4.238887 1.830000 -1.008538
v 4.222219 1.130000 -1.022218
v 4.222219 1.830000 -1.022218
v 4.208539 1.130000 -1.038887
v 4.208539 1.830000 -1.038887
v 4.198373 1.130000 -1.057905
v 4.198373 1.830000 -1.057905
v 4.192114 1.130000 -1.078540
v 4.192114 1.830000 -1.078540
v 4.190000 1.130000 -1.100000
v 4.190000 1.830000 -1.100000
v 4.192114 1.130000 -1.121460
v 4.192114 1.830000 -1.121460
v 4.198373 1.130000 -1.142095
v 4.198373 1.830000 -1.142095
v 4.208539 1.130000 -1.161113
v 4.208539 1.830000 -1.161113
v 4.222219 1.130000 -1.177782
v 4.222219 1.830000 -1.177782
v 4.238887 1.130000 -1.191462
v 4.238887 1.830000 -1.191462
v 4.257905 1.130000 -1.201627
v 4.257905 1.830000 -1.201627
v 4.278540 1.130000 -1.207886
v 4.278540 1.830000 -1.207886
vn 0.0980 -0.0000 -0.9952
vn 0.2903 -0.0000 -0.9569
vn 0.4714 -0.0000 -0.8819
vn 0.6344 -0.0000 -0.7730
vn 0.7730 -0.0000 -0.6344
vn 0.8819 -0.0000 -0.4714
vn 0.9569 -0.0000 -0.2903
vn 0.9952 -0.0000 -0.0980
vn 0.9952 -0.0000 0.0980
vn 0.9569 -0.0000 0.2903
vn 0.8819 -0.0000 0.4714
vn 0.7730 -0.0000 0.6344
vn 0.6344 -0.0000 0.7730
vn 0.4714 -0.0000 0.8819
vn 0.2903 -0.0000 0.9569
vn 0.0980 -0.0000 0.9952
vn -0.0980 -0.0000 0.9952
vn -0.2903 -0.0000 0.9569
vn -0.4714 -0.0000 0.8819
vn -0.6344 -0.0000 0.7730
vn -0.7730 -0.0000 0.6344
vn -0.8819 -0.0000 0.4714
vn -0.9569 -0.0000 0.2903
vn -0.9952 -0.0000 0.0980
vn -0.9952 -0.0000 -0.0980
vn -0.9569 -0.0000 -0.2903
vn -0.8819 -0.0000 -0.4714
vn -0.7730 -0.0000 -0.6344
vn -0.6344 -0.0000 -0.7730
vn -0.4714 -0.0000 -0.8819
vn -0.0000 1.0000 -0.0000
vn -0.2903 -0.0000 -0.9569
vn -0.0980 -0.0000 -0.9952
vn -0.0000 -1.0000 -0.0000
vt 1.000000 0.500000
vt 1.000000 1.000000
vt 0.968750 1.000000
vt 0.968750 0.500000
vt 0.937500 1.000000
vt 0.937500 0.500000
vt 0.906250 1.000000
vt 0.906250 0.500000
vt 0.875000 1.000000
vt 0.875000 0.500000
vt 0.843750 1.000000
vt 0.843750 0.500000
vt 0.812500 1.000000
vt 0.812500 0.500000
vt 0.781250 1.000000
vt 0.781250 0.500000
vt 0.750000 1.000000
vt 0.750000 0.500000
vt 0.718750 1.000000
vt 0.718750 0.500000
vt 0.687500 1.000000
vt 0.687500 0.500000
vt 0.656250 1.000000
vt 0.656250 0.500000
vt 0.625000 1.000000
vt 0.625000 0.500000
vt 0.593750 1.000000
vt 0.593750 0.500000
vt 0.562500 1.000000
vt 0.562500 0.500000
vt 0.531250 1.000000
vt 0.531250 0.500000
vt 0.500000 1.000000
vt 0.500000 0.500000
vt 0.468750 1.000000
vt 0.468750 0.500000
vt 0.437500 1.000000
vt 0.437500 0.500000
vt 0.406250 1.000000
vt 0.406250 0.500000
vt 0.375000 1.000000
vt 0.375000 0.500000
vt 0.343750 1.000000
vt 0.343750 0.500000
vt 0.312500 1.000000
vt 0.312500 0.500000
vt 0.281250 1.000000
vt 0.281250 0.500000
vt 0.250000 1.000000
vt 0.250000 0.500000
vt 0.218750 1.000000
vt 0.218750 0.500000
vt 0.187500 1.000000
vt 0.187500 0.500000
vt 0.156250 1.000000
vt 0.156250 0.500000
vt 0.125000 1.000000
vt 0.125000 0.500000
vt 0.093750 1.000000
vt 0.093750 0.500000
vt 0.062500 1.000000
vt 0.062500 0.500000
vt 0.296822 0.485388
vt 0.250000 0.490000
vt 0.203178 0.485388
vt 0.158156 0.471731
vt 0.116663 0.449553
vt 0.080294 0.419706
vt 0.050447 0.383337
vt 0.028269 0.341844
vt 0.014612 0.296822
vt 0.010000 0.250000
vt 0.014612 0.203178
vt 0.028269 0.158156
vt 0.050447 0.116663
vt 0.080294 0.080294
vt 0.116663 0.050447
vt 0.158156 0.028269
vt 0.203178 0.014612
vt 0.250000 0.010000
vt 0.296822 0.014612
vt 0.341844 0.028269
vt 0.383337 0.050447
vt 0.419706 0.080294
vt 0.449553 0.116663
vt 0.471731 0.158156
vt 0.485388 0.203178
vt 0.490000 0.250000
vt 0.485388 0.296822
vt 0.471731 0.341844
vt 0.449553 0.383337
vt 0.419706 0.419706
vt 0.383337 0.449553
vt 0.341844 0.471731
vt 0.031250 1.000000
vt 0.031250 0.500000
vt 0.000000 1.000000
vt 0.000000 0.500000
vt 0.750000 0.490000
vt 0.796822 0.485388
vt 0.841844 0.471731
vt 0.883337 0.449553
vt 0.919706 0.419706
vt 0.949553 0.383337
vt 0.971731 0.341844
vt 0.985388 0.296822
vt 0.990000 0.250000
vt 0.985388 0.203178
vt 0.971731 0.158156
vt 0.949553 0.116663
vt 0.919706 0.080294
vt 0.883337 0.050447
vt 0.841844 0.028269
vt 0.796822 0.014612
vt 0.750000 0.010000
vt 0.703178 0.014612
vt 0.658156 0.028269
vt 0.616663 0.050447
vt 0.580294 0.080294
vt 0.550447 0.116663
vt 0.528269 0.158156
vt 0.514612 0.203178
vt 0.510000 0.250000
vt 0.514612 0.296822
vt 0.528269 0.341844
vt 0.550447 0.383337
vt 0.580294 0.419706
vt 0.616663 0.449553
vt 0.658156 0.471731
vt 0.703178 0.485388
s 0
usemtl BlackMetal
f 1001/1967/583 1002/1968/583 1004/1969/583 1003/1970/583
f 1003/1970/584 1004/1969/584 1006/1971/584 1005/1972/584
f 1005/1972/585 1006/1971/585 1008/1973/585 1007/1974/585
f 1007/1974/586 1008/1973/586 1010/1975/586 1009/1976/586
f 1009/1976/587 1010/1975/587 1012/1977/587 1011/1978/587
f 1011/1978/588 1012/1977/588 1014/1979/588 1013/1980/588
f 1013/1980/589 1014/1979/589 1016/1981/589 1015/1982/589
f 1015/1982/590 1016/1981/590 1018/1983/590 1017/1984/590
f 1017/1984/591 1018/1983/591 1020/1985/591 1019/1986/591
f 1019/1986/592 1020/1985/592 1022/1987/592 1021/1988/592
f 1021/1988/593 1022/1987/593 1024/1989/593 1023/1990/593
f 1023/1990/594 1024/1989/594 1026/1991/594 1025/1992/594
f 1025/1992/595 1026/1991/595 1028/1993/595 1027/1994/595
f 1027/1994/596 1028/1993/596 1030/1995/596 1029/1996/596
f 1029/1996/597 1030/1995/597 1032/1997/597 1031/1998/597
f 1031/1998/598 1032/1997/598 1034/1999/598 1033/2000/598
f 1033/2000/599 1034/1999/599 1036/2001/599 1035/2002/599
f 1035/2002/600 1036/2001/600 1038/2003/600 1037/2004/600
f 1037/2004/601 1038/2003/601 1040/2005/601 1039/2006/601
f 1039/2006/602 1040/2005/602 1042/2007/602 1041/2008/602
f 1041/2008/603 1042/2007/603 1044/2009/603 1043/2010/603
f 1043/2010/604 1044/2009/604 1046/2011/604 1045/2012/604
f 1045/2012/605 1046/2011/605 1048/2013/605 1047/2014/605
f 1047/2014/606 1048/2013/606 1050/2015/606 1049/2016/606
f 1049/2016/607 1050/2015/607 1052/2017/607 1051/2018/607
f 1051/2018/608 1052/2017/608 1054/2019/608 1053/2020/608
f 1053/2020/609 1054/2019/609 1056/2021/609 1055/2022/609
f 1055/2022/610 1056/2021/610 1058/2023/610 1057/2024/610
f 1057/2024/611 1058/2023/611 1060/2025/611 1059/2026/611
f 1059/2026/612 1060/2025/612 1062/2027/612 1061/2028/612
f 1004/2029/613 1002/2030/613 1064/2031/613 1062/2032/613 1060/2033/613 1058/2034/613 1056/2035/613 1054/2036/613 1052/2037/613 1050/2038/613 1048/2039/613 1046/2040/613 1044/2041/613 1042/2042/613 1040/2043/613 1038/2044/613 1036/2045/613 1034/2046/613 1032/2047/613 1030/2048/613 1028/2049/613 1026/2050/613 1024/2051/613 1022/2052/613 1020/2053/613 1018/2054/613 1016/2055/613 1014/2056/613 1012/2057/613 1010/2058/613 1008/2059/613 1006/2060/613
f 1061/2028/614 1062/2027/614 1064/2061/614 1063/2062/614
f 1063/2062/615 1064/2061/615 1002/2063/615 1001/2064/615
f 1001/2065/616 1003/2066/616 1005/2067/616 1007/2068/616 1009/2069/616 1011/2070/616 1013/2071/616 1015/2072/616 1017/2073/616 1019/2074/616 1021/2075/616 1023/2076/616 1025/2077/616 1027/2078/616 1029/2079/616 1031/2080/616 1033/2081/616 1035/2082/616 1037/2083/616 1039/2084/616 1041/2085/616 1043/2086/616 1045/2087/616 1047/2088/616 1049/2089/616 1051/2090/616 1053/2091/616 1055/2092/616 1057/2093/616 1059/2094/616 1061/2095/616 1063/2096/616
o Barbell0
v -0.700000 0.190000 4.030000
v -0.700000 0.250000 4.030000
v -0.700000 0.190000 3.970000
v -0.700000 0.250000 3.970000
v 3.300000 0.190000 4.030000
v 3.300000 0.250000 4.030000
v 3.300000 0.190000 3.970000
v 3.300000 0.250000 3.970000
vn -1.0000 -0.0000 -0.0000
vn -0.0000 -0.0000 -1.0000
vn 1.0000 -0.0000 -0.0000
vn -0.0000 -0.0000 1.0000
vn -0.0000 -1.0000 -0.0000
vn -0.0000 1.0000 -0.0000
vt 0.375000 0.000000
vt 0.625000 0.000000
vt 0.625000 0.250000
vt 0.375000 0.250000
vt 0.625000 0.500000
vt 0.375000 0.500000
vt 0.625000 0.750000
vt 0.375000 0.750000
vt 0.625000 1.000000
vt 0.375000 1.000000
vt 0.125000 0.500000
vt 0.125000 0.750000
vt 0.875000 0.500000
vt 0.875000 0.750000
s 0
usemtl BlackMetal
f 1065/2097/617 1066/2098/617 1068/2099/617 1067/2100/617
f 1067/2100/618 1068/2099/618 1072/2101/618 1071/2102/618
f 1071/2102/619 1072/2101/619 1070/2103/619 1069/2104/619
f 1069/2104/620 1070/2103/620 1066/2105/620 1065/2106/620
f 1067/2107/621 1071/2102/621 1069/2104/621 1065/2108/621
f 1072/2101/622 1068/2109/622 1066/2110/622 1070/2103/622
o Barbell1
v -0.700000 0.190000 3.680000
v -0.700000 0.250000 3.680000
v -0.700000 0.190000 3.620000
v -0.700000 0.250000 3.620000
v 3.300000 0.190000 3.680000
v 3.300000 0.250000 3.680000
v 3.300000 0.190000 3.620000
v 3.300000 0.250000 3.620000
vn -1.0000 -0.0000 -0.0000
vn -0.0000 -0.0000 -1.0000
vn 1.0000 -0.0000 -0.0000
vn -0.0000 -0.0000 1.0000
vn -0.0000 -1.0000 -0.0000
vn -0.0000 1.0000 -0.0000
vt 0.375000 0.000000
vt 0.625000 0.000000
vt 0.625000 0.250000
vt 0.375000 0.250000
vt 0.625000 0.500000
vt 0.375000 0.500000
vt 0.625000 0.750000
vt 0.375000 0.750000
vt 0.625000 1.000000
vt 0.375000 1.000000
vt 0.125000 0.500000
vt 0.125000 0.750000
vt 0.875000 0.500000
vt 0.875000 0.750000
s 0
usemtl BlackMetal
f 1073/2111/623 1074/2112/623 1076/2113/623 1075/2114/623
f 1075/2114/624 1076/2113/624 1080/2115/624 1079/2116/624
f 1079/2116/625 1080/2115/625 1078/2117/625 1077/2118/625
f 1077/2118/626 1078/2117/626 1074/2119/626 1073/2120/626
f 1075/2121/627 1079/2116/627 1077/2118/627 1073/2122/627
f 1080/2115/628 1076/2123/628 1074/2124/628 1078/2117/628
o Barbell2
v -0.700000 0.190000 3.330000
v -0.700000 0.250000 3.330000
v -0.700000 0.190000 3.270000
v -0.700000 0.250000 3.270000
v 3.300000 0.190000 3.330000
v 3.300000 0.250000 3.330000
v 3.300000 0.190000 3.270000
v 3.300000 0.250000 3.270000
vn -1.0000 -0.0000 -0.0000
vn -0.0000 -0.0000 -1.0000
vn 1.0000 -0.0000 -0.0000
vn -0.0000 -0.0000 1.0000
vn -0.0000 -1.0000 -0.0000
vn -0.0000 1.0000 -0.0000
vt 0.375000 0.000000
vt 0.625000 0.000000
vt 0.625000 0.250000
vt 0.375000 0.250000
vt 0.625000 0.500000
vt 0.375000 0.500000
vt 0.625000 0.750000
vt 0.375000 0.750000
vt 0.625000 1.000000
vt 0.375000 1.000000
vt 0.125000 0.500000
vt 0.125000 0.750000
vt 0.875000 0.500000
vt 0.875000 0.750000
s 0
usemtl BlackMetal
f 1081/2125/629 1082/2126/629 1084/2127/629 1083/2128/629
f 1083/2128/630 1084/2127/630 1088/2129/630 1087/2130/630
f 1087/2130/631 1088/2129/631 1086/2131/631 1085/2132/631
f 1085/2132/632 1086/2131/632 1082/2133/632 1081/2134/632
f 1083/2135/633 1087/2130/633 1085/2132/633 1081/2136/633
f 1088/2129/634 1084/2137/634 1082/2138/634 1086/2131/634
o Barbell3
v -0.700000 0.190000 2.980000
v -0.700000 0.250000 2.980000
v -0.700000 0.190000 2.920000
v -0.700000 0.250000 2.920000
v 3.300000 0.190000 2.980000
v 3.300000 0.250000 2.980000
v 3.300000 0.190000 2.920000
v 3.300000 0.250000 2.920000
vn -1.0000 -0.0000 -0.0000
vn -0.0000 -0.0000 -1.0000
vn 1.0000 -0.0000 -0.0000
vn -0.0000 -0.0000 1.0000
vn -0.0000 -1.0000 -0.0000
vn -0.0000 1.0000 -0.0000
vt 0.375000 0.000000
vt 0.625000 0.000000
vt 0.625000 0.250000
vt 0.375000 0.250000
vt 0.625000 0.500000
vt 0.375000 0.500000
vt 0.625000 0.750000
vt 0.375000 0.750000
vt 0.625000 1.000000
vt 0.375000 1.000000
vt 0.125000 0.500000
vt 0.125000 0.750000
vt 0.875000 0.500000
vt 0.875000 0.750000
s 0
usemtl BlackMetal
f 1089/2139/635 1090/2140/635 1092/2141/635 1091/2142/635
f 1091/2142/636 1092/2141/636 1096/2143/636 1095/2144/636
f 1095/2144/637 1096/2143/637 1094/2145/637 1093/2146/637
f 1093/2146/638 1094/2145/638 1090/2147/638 1089/2148/638
f 1091/2149/639 1095/2144/639 1093/2146/639 1089/2150/639
f 1096/2143/640 1092/2151/640 1090/2152/640 1094/2145/640
o Barbell4
v -0.700000 0.190000 2.630000
v -0.700000 0.250000 2.630000
v -0.700000 0.190000 2.570000
v -0.700000 0.250000 2.570000
v 3.300000 0.190000 2.630000
v 3.300000 0.250000 2.630000
v 3.300000 0.190000 2.570000
v 3.300000 0.250000 2.570000
vn -1.0000 -0.0000 -0.0000
vn -0.0000 -0.0000 -1.0000
vn 1.0000 -0.0000 -0.0000
vn -0.0000 -0.0000 1.0000
vn -0.0000 -1.0000 -0.0000
vn -0.0000 1.0000 -0.0000
vt 0.375000 0.000000
vt 0.625000 0.000000
vt 0.625000 0.250000
vt 0.375000 0.250000
vt 0.625000 0.500000
vt 0.375000 0.500000
vt 0.625000 0.750000
vt 0.375000 0.750000
vt 0.625000 1.000000
vt 0.375000 1.000000
vt 0.125000 0.500000
vt 0.125000 0.750000
vt 0.875000 0.500000
vt 0.875000 0.750000
s 0
usemtl BlackMetal
f 1097/2153/641 1098/2154/641 1100/2155/641 1099/2156/641
f 1099/2156/642 1100/2155/642 1104/2157/642 1103/2158/642
f 1103/2158/643 1104/2157/643 1102/2159/643 1101/2160/643
f 1101/2160/644 1102/2159/644 1098/2161/644 1097/2162/644
f 1099/2163/645 1103/2158/645 1101/2160/645 1097/2164/645
f 1104/2157/646 1100/2165/646 1098/2166/646 1102/2159/646
o Barbell5
v -0.700000 0.190000 2.280000
v -0.700000 0.250000 2.280000
v -0.700000 0.190000 2.220000
v -0.700000 0.250000 2.220000
v 3.300000 0.190000 2.280000
v 3.300000 0.250000 2.280000
v 3.300000 0.190000 2.220000
v 3.300000 0.250000 2.220000
vn -1.0000 -0.0000 -0.0000
vn -0.0000 -0.0000 -1.0000
vn 1.0000 -0.0000 -0.0000
vn -0.0000 -0.0000 1.0000
vn -0.0000 -1.0000 -0.0000
vn -0.0000 1.0000 -0.0000
vt 0.375000 0.000000
vt 0.625000 0.000000
vt 0.625000 0.250000
vt 0.375000 0.250000
vt 0.625000 0.500000
vt 0.375000 0.500000
vt 0.625000 0.750000
vt 0.375000 0.750000
vt 0.625000 1.000000
vt 0.375000 1.000000
vt 0.125000 0.500000
vt 0.125000 0.750000
vt 0.875000 0.500000
vt 0.875000 0.750000
s 0
usemtl BlackMetal
f 1105/2167/647 1106/2168/647 1108/2169/647 1107/2170/647
f 1107/2170/648 1108/2169/648 1112/2171/648 1111/2172/648
f 1111/2172/649 1112/2171/649 1110/2173/649 1109/2174/649
f 1109/2174/650 1110/2173/650 1106/2175/650 1105/2176/650
f 1107/2177/651 1111/2172/651 1109/2174/651 1105/2178/651
f 1112/2171/652 1108/2179/652 1106/2180/652 1110/2173/652
o WeightStack1
v 1.800000 0.000000 2.750000
v 1.800000 0.600000 2.750000
v 1.848773 0.000000 2.754804
v 1.848773 0.600000 2.754804
v 1.895671 0.000000 2.769030
v 1.895671 0.600000 2.769030
v 1.938892 0.000000 2.792133
v 1.938892 0.600000 2.792133
v 1.976777 0.000000 2.823223
v 1.976777 0.600000 2.823223
v 2.007867 0.000000 2.861107
v 2.007867 0.600000 2.861107
v 2.030970 0.000000 2.904329
v 2.030970 0.600000 2.904329
v 2.045196 0.000000 2.951227
v 2.045196 0.600000 2.951227
v 2.050000 0.000000 3.000000
v 2.050000 0.600000 3.000000
v 2.045196 0.000000 3.048773
v 2.045196 0.600000 3.048773
v 2.030970 0.000000 3.095671
v 2.030970 0.600000 3.095671
v 2.007867 0.000000 3.138893
v 2.007867 0.600000 3.138893
v 1.976777 0.000000 3.176777
v 1.976777 0.600000 3.176777
v 1.938892 0.000000 3.207867
v 1.938892 0.600000 3.207867
v 1.895671 0.000000 3.230970
v 1.895671 0.600000 3.230970
v 1.848773 0.000000 3.245196
v 1.848773 0.600000 3.245196
v 1.800000 0.000000 3.250000
v 1.800000 0.600000 3.250000
v 1.751227 0.000000 3.245196
v 1.751227 0.600000 3.245196
v 1.704329 0.000000 3.230970
v 1.704329 0.600000 3.230970
v 1.661107 0.000000 3.207867
v 1.661107 0.600000 3.207867
v 1.623223 0.000000 3.176777
v 1.623223 0.600000 3.176777
v 1.592133 0.000000 3.138893
v 1.592133 0.600000 3.138893
v 1.569030 0.000000 3.095671
v 1.569030 0.600000 3.095671
v 1.554804 0.000000 3.048773
v 1.554804 0.600000 3.048773
v 1.550000 0.000000 3.000000
v 1.550000 0.600000 3.000000
v 1.554804 0.000000 2.951227
v 1.554804 0.600000 2.951227
v 1.569030 0.000000 2.904329
v 1.569030 0.600000 2.904329
v 1.592133 0.000000 2.861107
v 1.592133 0.600000 2.861107
v 1.623223 0.000000 2.823223
v 1.623223 0.600000 2.823223
v 1.661107 0.000000 2.792133
v 1.661107 0.600000 2.792133
v 1.704329 0.000000 2.769030
v 1.704329 0.600000 2.769030
v 1.751227 0.000000 2.754804
v 1.751227 0.600000 2.754804
vn 0.0980 -0.0000 -0.9952
vn 0.2903 -0.0000 -0.9569
vn 0.4714 -0.0000 -0.8819
vn 0.6344 -0.0000 -0.7730
vn 0.7730 -0.0000 -0.6344
vn 0.8819 -0.0000 -0.4714
vn 0.9569 -0.0000 -0.2903
vn 0.9952 -0.0000 -0.0980
vn 0.9952 -0.0000 0.0980
vn 0.9569 -0.0000 0.2903
vn 0.8819 -0.0000 0.4714
vn 0.7730 -0.0000 0.6344
vn 0.6344 -0.0000 0.7730
vn 0.4714 -0.0000 0.8819
vn 0.2903 -0.0000 0.9569
vn 0.0980 -0.0000 0.9952
vn -0.0980 -0.0000 0.9952
vn -0.2903 -0.0000 0.9569
vn -0.4714 -0.0000 0.8819
vn -0.6344 -0.0000 0.7730
vn -0.7730 -0.0000 0.6344
vn -0.8819 -0.0000 0.4714
vn -0.9569 -0.0000 0.2903
vn -0.9952 -0.0000 0.0980
vn -0.9952 -0.0000 -0.0980
vn -0.9569 -0.0000 -0.2903
vn -0.8819 -0.0000 -0.4714
vn -0.7730 -0.0000 -0.6344
vn -0.6344 -0.0000 -0.7730
vn -0.4714 -0.0000 -0.8819
vn -0.0000 1.0000 -0.0000
vn -0.2903 -0.0000 -0.9569
vn -0.0980 -0.0000 -0.9952
vn -0.0000 -1.0000 -0.0000
vt 1.000000 0.500000
vt 1.000000 1.000000
vt 0.968750 1.000000
vt 0.968750 0.500000
vt 0.937500 1.000000
vt 0.937500 0.500000
vt 0.906250 1.000000
vt 0.906250 0.500000
vt 0.875000 1.000000
vt 0.875000 0.500000
vt 0.843750 1.000000
vt 0.843750 0.500000
vt 0.812500 1.000000
vt 0.812500 0.500000
vt 0.781250 1.000000
vt 0.781250 0.500000
vt 0.750000 1.000000
vt 0.750000 0.500000
vt 0.718750 1.000000
vt 0.718750 0.500000
vt 0.687500 1.000000
vt 0.687500 0.500000
vt 0.656250 1.000000
vt 0.656250 0.500000
vt 0.625000 1.000000
vt 0.625000 0.500000
vt 0.593750 1.000000
vt 0.593750 0.500000
vt 0.562500 1.000000
vt 0.562500 0.500000
vt 0.531250 1.000000
vt 0.531250 0.500000
vt 0.500000 1.000000
vt 0.500000 0.500000
vt 0.468750 1.000000
vt 0.468750 0.500000
vt 0.437500 1.000000
vt 0.437500 0.500000
vt 0.406250 1.000000
vt 0.406250 0.500000
vt 0.375000 1.000000
vt 0.375000 0.500000
vt 0.343750 1.000000
vt 0.343750 0.500000
vt 0.312500 1.000000
vt 0.312500 0.500000
vt 0.281250 1.000000
vt 0.281250 0.500000
vt 0.250000 1.000000
vt 0.250000 0.500000
vt 0.218750 1.000000
vt 0.218750 0.500000
vt 0.187500 1.000000
vt 0.187500 0.500000
vt 0.156250 1.000000
vt 0.156250 0.500000
vt 0.125000 1.000000
vt 0.125000 0.500000
vt 0.093750 1.000000
vt 0.093750 0.500000
vt 0.062500 1.000000
vt 0.062500 0.500000
vt 0.296822 0.485388
vt 0.250000 0.490000
vt 0.203178 0.485388
vt 0.158156 0.471731
vt 0.116663 0.449553
vt 0.080294 0.419706
vt 0.050447 0.383337
vt 0.028269 0.341844
vt 0.014612 0.296822
vt 0.010000 0.250000
vt 0.014612 0.203178
vt 0.028269 0.158156
vt 0.050447 0.116663
vt 0.080294 0.080294
vt 0.116663 0.050447
vt 0.158156 0.028269
vt 0.203178 0.014612
vt 0.250000 0.010000
vt 0.296822 0.014612
vt 0.341844 0.028269
vt 0.383337 0.050447
vt 0.419706 0.080294
vt 0.449553 0.116663
vt 0.471731 0.158156
vt 0.485388 0.203178
vt 0.490000 0.250000
vt 0.485388 0.296822
vt 0.471731 0.341844
vt 0.449553 0.383337
vt 0.419706 0.419706
vt 0.383337 0.449553
vt 0.341844 0.471731
vt 0.031250 1.000000
vt 0.031250 0.500000
vt 0.000000 1.000000
vt 0.000000 0.500000
vt 0.750000 0.490000
vt 0.796822 0.485388
vt 0.841844 0.471731
vt 0.883337 0.449553
vt 0.919706 0.419706
vt 0.949553 0.383337
vt 0.971731 0.341844
vt 0.985388 0.296822
vt 0.990000 0.250000
vt 0.985388 0.203178
vt 0.971731 0.158156
vt 0.949553 0.116663
vt 0.919706 0.080294
vt 0.883337 0.050447
vt 0.841844 0.028269
vt 0.796822 0.014612
vt 0.750000 0.010000
vt 0.703178 0.014612
vt 0.658156 0.028269
vt 0.616663 0.050447
vt 0.580294 0.080294
vt 0.550447 0.116663
vt 0.528269 0.158156
vt 0.514612 0.203178
vt 0.510000 0.250000
vt 0.514612 0.296822
vt 0.528269 0.341844
vt 0.550447 0.383337
vt 0.580294 0.419706
vt 0.616663 0.449553
vt 0.658156 0.471731
vt 0.703178 0.485388
s 0
usemtl BlackMetal
f 1113/2181/653 1114/2182/653 1116/2183/653 1115/2184/653
f 1115/2184/654 1116/2183/654 1118/2185/654 1117/2186/654
f 1117/2186/655 1118/2185/655 1120/2187/655 1119/2188/655
f 1119/2188/656 1120/2187/656 1122/2189/656 1121/2190/656
f 1121/2190/657 1122/2189/657 1124/2191/657 1123/2192/657
f 1123/2192/658 1124/2191/658 1126/2193/658 1125/2194/658
f 1125/2194/659 1126/2193/659 1128/2195/659 1127/2196/659
f 1127/2196/660 1128/2195/660 1130/2197/660 1129/2198/660
f 1129/2198/661 1130/2197/661 1132/2199/661 1131/2200/661
f 1131/2200/662 1132/2199/662 1134/2201/662 1133/2202/662
f 1133/2202/663 1134/2201/663 1136/2203/663 1135/2204/663
f 1135/2204/664 1136/2203/664 1138/2205/664 1137/2206/664
f 1137/2206/665 1138/2205/665 1140/2207/665 1139/2208/665
f 1139/2208/666 1140/2207/666 1142/2209/666 1141/2210/666
f 1141/2210/667 1142/2209/667 1144/2211/667 1143/2212/667
f 1143/2212/668 1144/2211/668 1146/2213/668 1145/2214/668
f 1145/2214/669 1146/2213/669 1148/2215/669 1147/2216/669
f 1147/2216/670 1148/2215/670 1150/2217/670 1149/2218/670
f 1149/2218/671 1150/2217/671 1152/2219/671 1151/2220/671
f 1151/2220/672 1152/2219/672 1154/2221/672 1153/2222/672
f 1153/2222/673 1154/2221/673 1156/2223/673 1155/2224/673
f 1155/2224/674 1156/2223/674 1158/2225/674 1157/2226/674
f 1157/2226/675 1158/2225/675 1160/2227/675 1159/2228/675
f 1159/2228/676 1160/2227/676 1162/2229/676 1161/2230/676
f 1161/2230/677 1162/2229/677 1164/2231/677 1163/2232/677
f 1163/2232/678 1164/2231/678 1166/2233/678 1165/2234/678
f 1165/2234/679 1166/2233/679 1168/2235/679 1167/2236/679
f 1167/2236/680 1168/2235/680 1170/2237/680 1169/2238/680
f 1169/2238/681 1170/2237/681 1172/2239/681 1171/2240/681
f 1171/2240/682 1172/2239/682 1174/2241/682 1173/2242/682
f 1116/2243/683 1114/2244/683 1176/2245/683 1174/2246/683 1172/2247/683 1170/2248/683 1168/2249/683 1166/2250/683 1164/2251/683 1162/2252/683 1160/2253/683 1158/2254/683 1156/2255/683 1154/2256/683 1152/2257/683 1150/2258/683 1148/2259/683 1146/2260/683 1144/2261/683 1142/2262/683 1140/2263/683 1138/2264/683 1136/2265/683 1134/2266/683 1132/2267/683 1130/2268/683 1128/2269/683 1126/2270/683 1124/2271/683 1122/2272/683 1120/2273/683 1118/2274/683
f 1173/2242/684 1174/2241/684 1176/2275/684 1175/2276/684
f 1175/2276/685 1176/2275/685 1114/2277/685 1113/2278/685
f 1113/2279/686 1115/2280/686 1117/2281/686 1119/2282/686 1121/2283/686 1123/2284/686 1125/2285/686 1127/2286/686 1129/2287/686 1131/2288/686 1133/2289/686 1135/2290/686 1137/2291/686 1139/2292/686 1141/2293/686 1143/2294/686 1145/2295/686 1147/2296/686 1149/2297/686 1151/2298/686 1153/2299/686 1155/2300/686 1157/2301/686 1159/2302/686 1161/2303/686 1163/2304/686 1165/2305/686 1167/2306/686 1169/2307/686 1171/2308/686 1173/2309/686 1175/2310/686
o WeightStack2
v 3.200000 0.000000 2.750000
v 3.200000 0.600000 2.750000
v 3.248773 0.000000 2.754804
v 3.248773 0.600000 2.754804
v 3.295671 0.000000 2.769030
v 3.295671 0.600000 2.769030
v 3.338893 0.000000 2.792133
v 3.338893 0.600000 2.792133
v 3.376777 0.000000 2.823223
v 3.376777 0.600000 2.823223
v 3.407867 0.000000 2.861107
v 3.407867 0.600000 2.861107
v 3.430970 0.000000 2.904329
v 3.430970 0.600000 2.904329
v 3.445196 0.000000 2.951227
v 3.445196 0.600000 2.951227
v 3.450000 0.000000 3.000000
v 3.450000 0.600000 3.000000
v 3.445196 0.000000 3.048773
v 3.445196 0.600000 3.048773
v 3.430970 0.000000 3.095671
v 3.430970 0.600000 3.095671
v 3.407867 0.000000 3.138893
v 3.407867 0.600000 3.138893
v 3.376777 0.000000 3.176777
v 3.376777 0.600000 3.176777
v 3.338893 0.000000 3.207867
v 3.338893 0.600000 3.207867
v 3.295671 0.000000 3.230970
v 3.295671 0.600000 3.230970
v 3.248773 0.000000 3.245196
v 3.248773 0.600000 3.245196
v 3.200000 0.000000 3.250000
v 3.200000 0.600000 3.250000
v 3.151227 0.000000 3.245196
v 3.151227 0.600000 3.245196
v 3.104329 0.000000 3.230970
v 3.104329 0.600000 3.230970
v 3.061107 0.000000 3.207867
v 3.061107 0.600000 3.207867
v 3.023223 0.000000 3.176777
v 3.023223 0.600000 3.176777
v 2.992133 0.000000 3.138893
v 2.992133 0.600000 3.138893
v 2.969030 0.000000 3.095671
v 2.969030 0.600000 3.095671
v 2.954804 0.000000 3.048773
v 2.954804 0.600000 3.048773
v 2.950000 0.000000 3.000000
v 2.950000 0.600000 3.000000
v 2.954804 0.000000 2.951227
v 2.954804 0.600000 2.951227
v 2.969030 0.000000 2.904329
v 2.969030 0.600000 2.904329
v 2.992133 0.000000 2.861107
v 2.992133 0.600000 2.861107
v 3.023223 0.000000 2.823223
v 3.023223 0.600000 2.823223
v 3.061107 0.000000 2.792133
v 3.061107 0.600000 2.792133
v 3.104329 0.000000 2.769030
v 3.104329 0.600000 2.769030
v 3.151227 0.000000 2.754804
v 3.151227 0.600000 2.754804
vn 0.0980 -0.0000 -0.9952
vn 0.2903 -0.0000 -0.9569
vn 0.4714 -0.0000 -0.8819
vn 0.6344 -0.0000 -0.7730
vn 0.7730 -0.0000 -0.6344
vn 0.8819 -0.0000 -0.4714
vn 0.9569 -0.0000 -0.2903
vn 0.9952 -0.0000 -0.0980
vn 0.9952 -0.0000 0.0980
vn 0.9569 -0.0000 0.2903
vn 0.8819 -0.0000 0.4714
vn 0.7730 -0.0000 0.6344
vn 0.6344 -0.0000 0.7730
vn 0.4714 -0.0000 0.8819
vn 0.2903 -0.0000 0.9569
vn 0.0980 -0.0000 0.9952
vn -0.0980 -0.0000 0.9952
vn -0.2903 -0.0000 0.9569
vn -0.4714 -0.0000 0.8819
vn -0.6344 -0.0000 0.7730
vn -0.7730 -0.0000 0.6344
vn -0.8819 -0.0000 0.4714
vn -0.9569 -0.0000 0.2903
vn -0.9952 -0.0000 0.0980
vn -0.9952 -0.0000 -0.0980
vn -0.9569 -0.0000 -0.2903
vn -0.8819 -0.0000 -0.4714
vn -0.7730 -0.0000 -0.6344
vn -0.6344 -0.0000 -0.7730
vn -0.4714 -0.0000 -0.8819
vn -0.0000 1.0000 -0.0000
vn -0.2903 -0.0000 -0.9569
vn -0.0980 -0.0000 -0.9952
vn -0.0000 -1.0000 -0.0000
vt 1.000000 0.500000
vt 1.000000 1.000000
vt 0.968750 1.000000
vt 0.968750 0.500000
vt 0.937500 1.000000
vt 0.937500 0.500000
vt 0.906250 1.000000
vt 0.906250 0.500000
vt 0.875000 1.000000
vt 0.875000 0.500000
vt 0.843750 1.000000
vt 0.843750 0.500000
vt 0.812500 1.000000
vt 0.812500 0.500000
vt 0.781250 1.000000
vt 0.781250 0.500000
vt 0.750000 1.000000
vt 0.750000 0.500000
vt 0.718750 1.000000
vt 0.718750 0.500000
vt 0.687500 1.000000
vt 0.687500 0.500000
vt 0.656250 1.000000
vt 0.656250 0.500000
vt 0.625000 1.000000
vt 0.625000 0.500000
vt 0.593750 1.000000
vt 0.593750 0.500000
vt 0.562500 1.000000
vt 0.562500 0.500000
vt 0.531250 1.000000
vt 0.531250 0.500000
vt 0.500000 1.000000
vt 0.500000 0.500000
vt 0.468750 1.000000
vt 0.468750 0.500000
vt 0.437500 1.000000
vt 0.437500 0.500000
vt 0.406250 1.000000
vt 0.406250 0.500000
vt 0.375000 1.000000
vt 0.375000 0.500000
vt 0.343750 1.000000
vt 0.343750 0.500000
vt 0.312500 1.000000
vt 0.312500 0.500000
vt 0.281250 1.000000
vt 0.281250 0.500000
vt 0.250000 1.000000
vt 0.250000 0.500000
vt 0.218750 1.000000
vt 0.218750 0.500000
vt 0.187500 1.000000
vt 0.187500 0.500000
vt 0.156250 1.000000
vt 0.156250 0.500000
vt 0.125000 1.000000
vt 0.125000 0.500000
vt 0.093750 1.000000
vt 0.093750 0.500000
vt 0.062500 1.000000
vt 0.062500 0.500000
vt 0.296822 0.485388
vt 0.250000 0.490000
vt 0.203178 0.485388
vt 0.158156 0.471731
vt 0.116663 0.449553
vt 0.080294 0.419706
vt 0.050447 0.383337
vt 0.028269 0.341844
vt 0.014612 0.296822
vt 0.010000 0.250000
vt 0.014612 0.203178
vt 0.028269 0.158156
vt 0.050447 0.116663
vt 0.080294 0.080294
vt 0.116663 0.050447
vt 0.158156 0.028269
vt 0.203178 0.014612
vt 0.250000 0.010000
vt 0.296822 0.014612
vt 0.341844 0.028269
vt 0.383337 0.050447
vt 0.419706 0.080294
vt 0.449553 0.116663
vt 0.471731 0.158156
vt 0.485388 0.203178
vt 0.490000 0.250000
vt 0.485388 0.296822
vt 0.471731 0.341844
vt 0.449553 0.383337
vt 0.419706 0.419706
vt 0.383337 0.449553
vt 0.341844 0.471731
vt 0.031250 1.000000
vt 0.031250 0.500000
vt 0.000000 1.000000
vt 0.000000 0.500000
vt 0.750000 0.490000
vt 0.796822 0.485388
vt 0.841844 0.471731
vt 0.883337 0.449553
vt 0.919706 0.419706
vt 0.949553 0.383337
vt 0.971731 0.341844
vt 0.985388 0.296822
vt 0.990000 0.250000
vt 0.985388 0.203178
vt 0.971731 0.158156
vt 0.949553 0.116663
vt 0.919706 0.080294
vt 0.883337 0.050447
vt 0.841844 0.028269
vt 0.796822 0.014612
vt 0.750000 0.010000
vt 0.703178 0.014612
vt 0.658156 0.028269
vt 0.616663 0.050447
vt 0.580294 0.080294
vt 0.550447 0.116663
vt 0.528269 0.158156
vt 0.514612 0.203178
vt 0.510000 0.250000
vt 0.514612 0.296822
vt 0.528269 0.341844
vt 0.550447 0.383337
vt 0.580294 0.419706
vt 0.616663 0.449553
vt 0.658156 0.471731
vt 0.703178 0.485388
s 0
usemtl BlackMetal
f 1177/2311/687 1178/2312/687 1180/2313/687 1179/2314/687
f 1179/2314/688 1180/2313/688 1182/2315/688 1181/2316/688
f 1181/2316/689 1182/2315/689 1184/2317/689 1183/2318/689
f 1183/2318/690 1184/2317/690 1186/2319/690 1185/2320/690
f 1185/2320/691 1186/2319/691 1188/2321/691 1187/2322/691
f 1187/2322/692 1188/2321/692 1190/2323/692 1189/2324/692
f 1189/2324/693 1190/2323/693 1192/2325/693 1191/2326/693
f 1191/2326/694 1192/2325/694 1194/2327/694 1193/2328/694
f 1193/2328/695 1194/2327/695 1196/2329/695 1195/2330/695
f 1195/2330/696 1196/2329/696 1198/2331/696 1197/2332/696
f 1197/2332/697 1198/2331/697 1200/2333/697 1199/2334/697
f 1199/2334/698 1200/2333/698 1202/2335/698 1201/2336/698
f 1201/2336/699 1202/2335/699 1204/2337/699 1203/2338/699
f 1203/2338/700 1204/2337/700 1206/2339/700 1205/2340/700
f 1205/2340/701 1206/2339/701 1208/2341/701 1207/2342/701
f 1207/2342/702 1208/2341/702 1210/2343/702 1209/2344/702
f 1209/2344/703 1210/2343/703 1212/2345/703 1211/2346/703
f 1211/2346/704 1212/2345/704 1214/2347/704 1213/2348/704
f 1213/2348/705 1214/2347/705 1216/2349/705 1215/2350/705
f 1215/2350/706 1216/2349/706 1218/2351/706 1217/2352/706
f 1217/2352/707 1218/2351/707 1220/2353/707 1219/2354/707
f 1219/2354/708 1220/2353/708 1222/2355/708 1221/2356/708
f 1221/2356/709 1222/2355/709 1224/2357/709 1223/2358/709
f 1223/2358/710 1224/2357/710 1226/2359/710 1225/2360/710
f 1225/2360/711 1226/2359/711 1228/2361/711 1227/2362/711
f 1227/2362/712 1228/2361/712 1230/2363/712 1229/2364/712
f 1229/2364/713 1230/2363/713 1232/2365/713 1231/2366/713
f 1231/2366/714 1232/2365/714 1234/2367/714 1233/2368/714
f 1233/2368/715 1234/2367/715 1236/2369/715 1235/2370/715
f 1235/2370/716 1236/2369/716 1238/2371/716 1237/2372/716
f 1180/2373/717 1178/2374/717 1240/2375/717 1238/2376/717 1236/2377/717 1234/2378/717 1232/2379/717 1230/2380/717 1228/2381/717 1226/2382/717 1224/2383/717 1222/2384/717 1220/2385/717 1218/2386/717 1216/2387/717 1214/2388/717 1212/2389/717 1210/2390/717 1208/2391/717 1206/2392/717 1204/2393/717 1202/2394/717 1200/2395/717 1198/2396/717 1196/2397/717 1194/2398/717 1192/2399/717 1190/2400/717 1188/2401/717 1186/2402/717 1184/2403/717 1182/2404/717
f 1237/2372/718 1238/2371/718 1240/2405/718 1239/2406/718
f 1239/2406/719 1240/2405/719 1178/2407/719 1177/2408/719
f 1177/2409/720 1179/2410/720 1181/2411/720 1183/2412/720 1185/2413/720 1187/2414/720 1189/2415/720 1191/2416/720 1193/2417/720 1195/2418/720 1197/2419/720 1199/2420/720 1201/2421/720 1203/2422/720 1205/2423/720 1207/2424/720 1209/2425/720 1211/2426/720 1213/2427/720 1215/2428/720 1217/2429/720 1219/2430/720 1221/2431/720 1223/2432/720 1225/2433/720 1227/2434/720 1229/2435/720 1231/2436/720 1233/2437/720 1235/2438/720 1237/2439/720 1239/2440/720
o WeightStack3
v 1.800000 0.000000 0.750000
v 1.800000 0.600000 0.750000
v 1.848773 0.000000 0.754804
v 1.848773 0.600000 0.754804
v 1.895671 0.000000 0.769030
v 1.895671 0.600000 0.769030
v 1.938892 0.000000 0.792133
v 1.938892 0.600000 0.792133
v 1.976777 0.000000 0.823223
v 1.976777 0.600000 0.823223
v 2.007867 0.000000 0.861107
v 2.007867 0.600000 0.861107
v 2.030970 0.000000 0.904329
v 2.030970 0.600000 0.904329
v 2.045196 0.000000 0.951227
v 2.045196 0.600000 0.951227
v 2.050000 0.000000 1.000000
v 2.050000 0.600000 1.000000
v 2.045196 0.000000 1.048773
v 2.045196 0.600000 1.048773
v 2.030970 0.000000 1.095671
v 2.030970 0.600000 1.095671
v 2.007867 0.000000 1.138893
v 2.007867 0.600000 1.138893
v 1.976777 0.000000 1.176777
v 1.976777 0.600000 1.176777
v 1.938892 0.000000 1.207867
v 1.938892 0.600000 1.207867
v 1.895671 0.000000 1.230970
v 1.895671 0.600000 1.230970
v 1.848773 0.000000 1.245196
v 1.848773 0.600000 1.245196
v 1.800000 0.000000 1.250000
v 1.800000 0.600000 1.250000
v 1.751227 0.000000 1.245196
v 1.751227 0.600000 1.245196
v 1.704329 0.000000 1.230970
v 1.704329 0.600000 1.230970
v 1.661107 0.000000 1.207867
v 1.661107 0.600000 1.207867
v 1.623223 0.000000 1.176777
v 1.623223 0.600000 1.176777
v 1.592133 0.000000 1.138893
v 1.592133 0.600000 1.138893
v 1.569030 0.000000 1.095671
v 1.569030 0.600000 1.095671
v 1.554804 0.000000 1.048773
v 1.554804 0.600000 1.048773
v 1.550000 0.000000 1.000000
v 1.550000 0.600000 1.000000
v 1.554804 0.000000 0.951227
v 1.554804 0.600000 0.951227
v 1.569030 0.000000 0.904329
v 1.569030 0.600000 0.904329
v 1.592133 0.000000 0.861107
v 1.592133 0.600000 0.861107
v 1.623223 0.000000 0.823223
v 1.623223 0.600000 0.823223
v 1.661107 0.000000 0.792133
v 1.661107 0.600000 0.792133
v 1.704329 0.000000 0.769030
v 1.704329 0.600000 0.769030
v 1.751227 0.000000 0.754804
v 1.751227 0.600000 0.754804
vn 0.0980 -0.0000 -0.9952
vn 0.2903 -0.0000 -0.9569
vn 0.4714 -0.0000 -0.8819
vn 0.6344 -0.0000 -0.7730
vn 0.7730 -0.0000 -0.6344
vn 0.8819 -0.0000 -0.4714
vn 0.9569 -0.0000 -0.2903
vn 0.9952 -0.0000 -0.0980
vn 0.9952 -0.0000 0.0980
vn 0.9569 -0.0000 0.2903
vn 0.8819 -0.0000 0.4714
vn 0.7730 -0.0000 0.6344
vn 0.6344 -0.0000 0.7730
vn 0.4714 -0.0000 0.8819
vn 0.2903 -0.0000 0.9569
vn 0.0980 -0.0000 0.9952
vn -0.0980 -0.0000 0.9952
vn -0.2903 -0.0000 0.9569
vn -0.4714 -0.0000 0.8819
vn -0.6344 -0.0000 0.7730
vn -0.7730 -0.0000 0.6344
vn -0.8819 -0.0000 0.4714
vn -0.9569 -0.0000 0.2903
vn -0.9952 -0.0000 0.0980
vn -0.9952 -0.0000 -0.0980
vn -0.9569 -0.0000 -0.2903
vn -0.8819 -0.0000 -0.4714
vn -0.7730 -0.0000 -0.6344
vn -0.6344 -0.0000 -0.7730
vn -0.4714 -0.0000 -0.8819
vn -0.0000 1.0000 -0.0000
vn -0.2903 -0.0000 -0.9569
vn -0.0980 -0.0000 -0.9952
vn -0.0000 -1.0000 -0.0000
vt 1.000000 0.500000
vt 1.000000 1.000000
vt 0.968750 1.000000
vt 0.968750 0.500000
vt 0.937500 1.000000
vt 0.937500 0.500000
vt 0.906250 1.000000
vt 0.906250 0.500000
vt 0.875000 1.000000
vt 0.875000 0.500000
vt 0.843750 1.000000
vt 0.843750 0.500000
vt 0.812500 1.000000
vt 0.812500 0.500000
vt 0.781250 1.000000
vt 0.781250 0.500000
vt 0.750000 1.000000
vt 0.750000 0.500000
vt 0.718750 1.000000
vt 0.718750 0.500000
vt 0.687500 1.000000
vt 0.687500 0.500000
vt 0.656250 1.000000
vt 0.656250 0.500000
vt 0.625000 1.000000
vt 0.625000 0.500000
vt 0.593750 1.000000
vt 0.593750 0.500000
vt 0.562500 1.000000
vt 0.562500 0.500000
vt 0.531250 1.000000
vt 0.531250 0.500000
vt 0.500000 1.000000
vt 0.500000 0.500000
vt 0.468750 1.000000
vt 0.468750 0.500000
vt 0.437500 1.000000
vt 0.437500 0.500000
vt 0.406250 1.000000
vt 0.406250 0.500000
vt 0.375000 1.000000
vt 0.375000 0.500000
vt 0.343750 1.000000
vt 0.343750 0.500000
vt 0.312500 1.000000
vt 0.312500 0.500000
vt 0.281250 1.000000
vt 0.281250 0.500000
vt 0.250000 1.000000
vt 0.250000 0.500000
vt 0.218750 1.000000
vt 0.218750 0.500000
vt 0.187500 1.000000
vt 0.187500 0.500000
vt 0.156250 1.000000
vt 0.156250 0.500000
vt 0.125000 1.000000
vt 0.125000 0.500000
vt 0.093750 1.000000
vt 0.093750 0.500000
vt 0.062500 1.000000
vt 0.062500 0.500000
vt 0.296822 0.485388
vt 0.250000 0.490000
vt 0.203178 0.485388
vt 0.158156 0.471731
vt 0.116663 0.449553
vt 0.080294 0.419706
vt 0.050447 0.383337
vt 0.028269 0.341844
vt 0.014612 0.296822
vt 0.010000 0.250000
vt 0.014612 0.203178
vt 0.028269 0.158156
vt 0.050447 0.116663
vt 0.080294 0.080294
vt 0.116663 0.050447
vt 0.158156 0.028269
vt 0.203178 0.014612
vt 0.250000 0.010000
vt 0.296822 0.014612
vt 0.341844 0.028269
vt 0.383337 0.050447
vt 0.419706 0.080294
vt 0.449553 0.116663
vt 0.471731 0.158156
vt 0.485388 0.203178
vt 0.490000 0.250000
vt 0.485388 0.296822
vt 0.471731 0.341844
vt 0.449553 0.383337
vt 0.419706 0.419706
vt 0.383337 0.449553
vt 0.341844 0.471731
vt 0.031250 1.000000
vt 0.031250 0.500000
vt 0.000000 1.000000
vt 0.000000 0.500000
vt 0.750000 0.490000
vt 0.796822 0.485388
vt 0.841844 0.471731
vt 0.883337 0.449553
vt 0.919706 0.419706
vt 0.949553 0.383337
vt 0.971731 0.341844
vt 0.985388 0.296822
vt 0.990000 0.250000
vt 0.985388 0.203178
vt 0.971731 0.158156
vt 0.949553 0.116663
vt 0.919706 0.080294
vt 0.883337 0.050447
vt 0.841844 0.028269
vt 0.796822 0.014612
vt 0.750000 0.010000
vt 0.703178 0.014612
vt 0.658156 0.028269
vt 0.616663 0.050447
vt 0.580294 0.080294
vt 0.550447 0.116663
vt 0.528269 0.158156
vt 0.514612 0.203178
vt 0.510000 0.250000
vt 0.514612 0.296822
vt 0.528269 0.341844
vt 0.550447 0.383337
vt 0.580294 0.419706
vt 0.616663 0.449553
vt 0.658156 0.471731
vt 0.703178 0.485388
s 0
usemtl BlackMetal
f 1241/2441/721 1242/2442/721 1244/2443/721 1243/2444/721
f 1243/2444/722 1244/2443/722 1246/2445/722 1245/2446/722
f 1245/2446/723 1246/2445/723 1248/2447/723 1247/2448/723
f 1247/2448/724 1248/2447/724 1250/2449/724 1249/2450/724
f 1249/2450/725 1250/2449/725 1252/2451/725 1251/2452/725
f 1251/2452/726 1252/2451/726 1254/2453/726 1253/2454/726
f 1253/2454/727 1254/2453/727 1256/2455/727 1255/2456/727
f 1255/2456/728 1256/2455/728 1258/2457/728 1257/2458/728
f 1257/2458/729 1258/2457/729 1260/2459/729 1259/2460/729
f 1259/2460/730 1260/2459/730 1262/2461/730 1261/2462/730
f 1261/2462/731 1262/2461/731 1264/2463/731 1263/2464/731
f 1263/2464/732 1264/2463/732 1266/2465/732 1265/2466/732
f 1265/2466/733 1266/2465/733 1268/2467/733 1267/2468/733
f 1267/2468/734 1268/2467/734 1270/2469/734 1269/2470/734
f 1269/2470/735 1270/2469/735 1272/2471/735 1271/2472/735
f 1271/2472/736 1272/2471/736 1274/2473/736 1273/2474/736
f 1273/2474/737 1274/2473/737 1276/2475/737 1275/2476/737
f 1275/2476/738 1276/2475/738 1278/2477/738 1277/2478/738
f 1277/2478/739 1278/2477/739 1280/2479/739 1279/2480/739
f 1279/2480/740 1280/2479/740 1282/2481/740 1281/2482/740
f 1281/2482/741 1282/2481/741 1284/2483/741 1283/2484/741
f 1283/2484/742 1284/2483/742 1286/2485/742 1285/2486/742
f 1285/2486/743 1286/2485/743 1288/2487/743 1287/2488/743
f 1287/2488/744 1288/2487/744 1290/2489/744 1289/2490/744
f 1289/2490/745 1290/2489/745 1292/2491/745 1291/2492/745
f 1291/2492/746 1292/2491/746 1294/2493/746 1293/2494/746
f 1293/2494/747 1294/2493/747 1296/2495/747 1295/2496/747
f 1295/2496/748 1296/2495/748 1298/2497/748 1297/2498/748
f 1297/2498/749 1298/2497/749 1300/2499/749 1299/2500/749
f 1299/2500/750 1300/2499/750 1302/2501/750 1301/2502/750
f 1244/2503/751 1242/2504/751 1304/2505/751 1302/2506/751 1300/2507/751 1298/2508/751 1296/2509/751 1294/2510/751 1292/2511/751 1290/2512/751 1288/2513/751 1286/2514/751 1284/2515/751 1282/2516/751 1280/2517/751 1278/2518/751 1276/2519/751 1274/2520/751 1272/2521/751 1270/2522/751 1268/2523/751 1266/2524/751 1264/2525/751 1262/2526/751 1260/2527/751 1258/2528/751 1256/2529/751 1254/2530/751 1252/2531/751 1250/2532/751 1248/2533/751 1246/2534/751
f 1301/2502/752 1302/2501/752 1304/2535/752 1303/2536/752
f 1303/2536/753 1304/2535/753 1242/2537/753 1241/2538/753
f 1241/2539/754 1243/2540/754 1245/2541/754 1247/2542/754 1249/2543/754 1251/2544/754 1253/2545/754 1255/2546/754 1257/2547/754 1259/2548/754 1261/2549/754 1263/2550/754 1265/2551/754 1267/2552/754 1269/2553/754 1271/2554/754 1273/2555/754 1275/2556/754 1277/2557/754 1279/2558/754 1281/2559/754 1283/2560/754 1285/2561/754 1287/2562/754 1289/2563/754 1291/2564/754 1293/2565/754 1295/2566/754 1297/2567/754 1299/2568/754 1301/2569/754 1303/2570/754
o WeightStack4
v 3.200000 0.000000 0.750000
v 3.200000 0.600000 0.750000
v 3.248773 0.000000 0.754804
v 3.248773 0.600000 0.754804
v 3.295671 0.000000 0.769030
v 3.295671 0.600000 0.769030
v 3.338893 0.000000 0.792133
v 3.338893 0.600000 0.792133
v 3.376777 0.000000 0.823223
v 3.376777 0.600000 0.823223
v 3.407867 0.000000 0.861107
v 3.407867 0.600000 0.861107
v 3.430970 0.000000 0.904329
v 3.430970 0.600000 0.904329
v 3.445196 0.000000 0.951227
v 3.445196 0.600000 0.951227
v 3.450000 0.000000 1.000000
v 3.450000 0.600000 1.000000
v 3.445196 0.000000 1.048773
v 3.445196 0.600000 1.048773
v 3.430970 0.000000 1.095671
v 3.430970 0.600000 1.095671
v 3.407867 0.000000 1.138893
v 3.407867 0.600000 1.138893
v 3.376777 0.000000 1.176777
v 3.376777 0.600000 1.176777
v 3.338893 0.000000 1.207867
v 3.338893 0.600000 1.207867
v 3.295671 0.000000 1.230970
v 3.295671 0.600000 1.230970
v 3.248773 0.000000 1.245196
v 3.248773 0.600000 1.245196
v 3.200000 0.000000 1.250000
v 3.200000 0.600000 1.250000
v 3.151227 0.000000 1.245196
v 3.151227 0.600000 1.245196
v 3.104329 0.000000 1.230970
v 3.104329 0.600000 1.230970
v 3.061107 0.000000 1.207867
v 3.061107 0.600000 1.207867
v 3.023223 0.000000 1.176777
v 3.023223 0.600000 1.176777
v 2.992133 0.000000 1.138893
v 2.992133 0.600000 1.138893
v 2.969030 0.000000 1.095671
v 2.969030 0.600000 1.095671
v 2.954804 0.000000 1.048773
v 2.954804 0.600000 1.048773
v 2.950000 0.000000 1.000000
v 2.950000 0.600000 1.000000
v 2.954804 0.000000 0.951227
v 2.954804 0.600000 0.951227
v 2.969030 0.000000 0.904329
v 2.969030 0.600000 0.904329
v 2.992133 0.000000 0.861107
v 2.992133 0.600000 0.861107
v 3.023223 0.000000 0.823223
v 3.023223 0.600000 0.823223
v 3.061107 0.000000 0.792133
v 3.061107 0.600000 0.792133
v 3.104329 0.000000 0.769030
v 3.104329 0.600000 0.769030
v 3.151227 0.000000 0.754804
v 3.151227 0.600000 0.754804
vn 0.0980 -0.0000 -0.9952
vn 0.2903 -0.0000 -0.9569
vn 0.4714 -0.0000 -0.8819
vn 0.6344 -0.0000 -0.7730
vn 0.7730 -0.0000 -0.6344
vn 0.8819 -0.0000 -0.4714
vn 0.9569 -0.0000 -0.2903
vn 0.9952 -0.0000 -0.0980
vn 0.9952 -0.0000 0.0980
vn 0.9569 -0.0000 0.2903
vn 0.8819 -0.0000 0.4714
vn 0.7730 -0.0000 0.6344
vn 0.6344 -0.0000 0.7730
vn 0.4714 -0.0000 0.8819
vn 0.2903 -0.0000 0.9569
vn 0.0980 -0.0000 0.9952
vn -0.0980 -0.0000 0.9952
vn -0.2903 -0.0000 0.9569
vn -0.4714 -0.0000 0.8819
vn -0.6344 -0.0000 0.7730
vn -0.7730 -0.0000 0.6344
vn -0.8819 -0.0000 0.4714
vn -0.9569 -0.0000 0.2903
vn -0.9952 -0.0000 0.0980
vn -0.9952 -0.0000 -0.0980
vn -0.9569 -0.0000 -0.2903
vn -0.8819 -0.0000 -0.4714
vn -0.7730 -0.0000 -0.6344
vn -0.6344 -0.0000 -0.7730
vn -0.4714 -0.0000 -0.8819
vn -0.0000 1.0000 -0.0000
vn -0.2903 -0.0000 -0.9569
vn -0.0980 -0.0000 -0.9952
vn -0.0000 -1.0000 -0.0000
vt 1.000000 0.500000
vt 1.000000 1.000000
vt 0.968750 1.000000
vt 0.968750 0.500000
vt 0.937500 1.000000
vt 0.937500 0.500000
vt 0.906250 1.000000
vt 0.906250 0.500000
vt 0.875000 1.000000
vt 0.875000 0.500000
vt 0.843750 1.000000
vt 0.843750 0.500000
vt 0.812500 1.000000
vt 0.812500 0.500000
vt 0.781250 1.000000
vt 0.781250 0.500000
vt 0.750000 1.000000
vt 0.750000 0.500000
vt 0.718750 1.000000
vt 0.718750 0.500000
vt 0.687500 1.000000
vt 0.687500 0.500000
vt 0.656250 1.000000
vt 0.656250 0.500000
vt 0.625000 1.000000
vt 0.625000 0.500000
vt 0.593750 1.000000
vt 0.593750 0.500000
vt 0.562500 1.000000
vt 0.562500 0.500000
vt 0.531250 1.000000
vt 0.531250 0.500000
vt 0.500000 1.000000
vt 0.500000 0.500000
vt 0.468750 1.000000
vt 0.468750 0.500000
vt 0.437500 1.000000
vt 0.437500 0.500000
vt 0.406250 1.000000
vt 0.406250 0.500000
vt 0.375000 1.000000
vt 0.375000 0.500000
vt 0.343750 1.000000
vt 0.343750 0.500000
vt 0.312500 1.000000
vt 0.312500 0.500000
vt 0.281250 1.000000
vt 0.281250 0.500000
vt 0.250000 1.000000
vt 0.250000 0.500000
vt 0.218750 1.000000
vt 0.218750 0.500000
vt 0.187500 1.000000
vt 0.187500 0.500000
vt 0.156250 1.000000
vt 0.156250 0.500000
vt 0.125000 1.000000
vt 0.125000 0.500000
vt 0.093750 1.000000
vt 0.093750 0.500000
vt 0.062500 1.000000
vt 0.062500 0.500000
vt 0.296822 0.485388
vt 0.250000 0.490000
vt 0.203178 0.485388
vt 0.158156 0.471731
vt 0.116663 0.449553
vt 0.080294 0.419706
vt 0.050447 0.383337
vt 0.028269 0.341844
vt 0.014612 0.296822
vt 0.010000 0.250000
vt 0.014612 0.203178
vt 0.028269 0.158156
vt 0.050447 0.116663
vt 0.080294 0.080294
vt 0.116663 0.050447
vt 0.158156 0.028269
vt 0.203178 0.014612
vt 0.250000 0.010000
vt 0.296822 0.014612
vt 0.341844 0.028269
vt 0.383337 0.050447
vt 0.419706 0.080294
vt 0.449553 0.116663
vt 0.471731 0.158156
vt 0.485388 0.203178
vt 0.490000 0.250000
vt 0.485388 0.296822
vt 0.471731 0.341844
vt 0.449553 0.383337
vt 0.419706 0.419706
vt 0.383337 0.449553
vt 0.341844 0.471731
vt 0.031250 1.000000
vt 0.031250 0.500000
vt 0.000000 1.000000
vt 0.000000 0.500000
vt 0.750000 0.490000
vt 0.796822 0.485388
vt 0.841844 0.471731
vt 0.883337 0.449553
vt 0.919706 0.419706
vt 0.949553 0.383337
vt 0.971731 0.341844
vt 0.985388 0.296822
vt 0.990000 0.250000
vt 0.985388 0.203178
vt 0.971731 0.158156
vt 0.949553 0.116663
vt 0.919706 0.080294
vt 0.883337 0.050447
vt 0.841844 0.028269
vt 0.796822 0.014612
vt 0.750000 0.010000
vt 0.703178 0.014612
vt 0.658156 0.028269
vt 0.616663 0.050447
vt 0.580294 0.080294
vt 0.550447 0.116663
vt 0.528269 0.158156
vt 0.514612 0.203178
vt 0.510000 0.250000
vt 0.514612 0.296822
vt 0.528269 0.341844
vt 0.550447 0.383337
vt 0.580294 0.419706
vt 0.616663 0.449553
vt 0.658156 0.471731
vt 0.703178 0.485388
s 0
usemtl BlackMetal
f 1305/2571/755 1306/2572/755 1308/2573/755 1307/2574/755
f 1307/2574/756 1308/2573/756 1310/2575/756 1309/2576/756
f 1309/2576/757 1310/2575/757 1312/2577/757 1311/2578/757
f 1311/2578/758 1312/2577/758 1314/2579/758 1313/2580/758
f 1313/2580/759 1314/2579/759 1316/2581/759 1315/2582/759
f 1315/2582/760 1316/2581/760 1318/2583/760 1317/2584/760
f 1317/2584/761 1318/2583/761 1320/2585/761 1319/2586/761
f 1319/2586/762 1320/2585/762 1322/2587/762 1321/2588/762
f 1321/2588/763 1322/2587/763 1324/2589/763 1323/2590/763
f 1323/2590/764 1324/2589/764 1326/2591/764 1325/2592/764
f 1325/2592/765 1326/2591/765 1328/2593/765 1327/2594/765
f 1327/2594/766 1328/2593/766 1330/2595/766 1329/2596/766
f 1329/2596/767 1330/2595/767 1332/2597/767 1331/2598/767
f 1331/2598/768 1332/2597/768 1334/2599/768 1333/2600/768
f 1333/2600/769 1334/2599/769 1336/2601/769 1335/2602/769
f 1335/2602/770 1336/2601/770 1338/2603/770 1337/2604/770
f 1337/2604/771 1338/2603/771 1340/2605/771 1339/2606/771
f 1339/2606/772 1340/2605/772 1342/2607/772 1341/2608/772
f 1341/2608/773 1342/2607/773 1344/2609/773 1343/2610/773
f 1343/2610/774 1344/2609/774 1346/2611/774 1345/2612/774
f 1345/2612/775 1346/2611/775 1348/2613/775 1347/2614/775
f 1347/2614/776 1348/2613/776 1350/2615/776 1349/2616/776
f 1349/2616/777 1350/2615/777 1352/2617/777 1351/2618/777
f 1351/2618/778 1352/2617/778 1354/2619/778 1353/2620/778
f 1353/2620/779 1354/2619/779 1356/2621/779 1355/2622/779
f 1355/2622/780 1356/2621/780 1358/2623/780 1357/2624/780
f 1357/2624/781 1358/2623/781 1360/2625/781 1359/2626/781
f 1359/2626/782 1360/2625/782 1362/2627/782 1361/2628/782
f 1361/2628/783 1362/2627/783 1364/2629/783 1363/2630/783
f 1363/2630/784 1364/2629/784 1366/2631/784 1365/2632/784
f 1308/2633/785 1306/2634/785 1368/2635/785 1366/2636/785 1364/2637/785 1362/2638/785 1360/2639/785 1358/2640/785 1356/2641/785 1354/2642/785 1352/2643/785 1350/2644/785 1348/2645/785 1346/2646/785 1344/2647/785 1342/2648/785 1340/2649/785 1338/2650/785 1336/2651/785 1334/2652/785 1332/2653/785 1330/2654/785 1328/2655/785 1326/2656/785 1324/2657/785 1322/2658/785 1320/2659/785 1318/2660/785 1316/2661/785 1314/2662/785 1312/2663/785 1310/2664/785
f 1365/2632/786 1366/2631/786 1368/2665/786 1367/2666/786
f 1367/2666/787 1368/2665/787 1306/2667/787 1305/2668/787
f 1305/2669/788 1307/2670/788 1309/2671/788 1311/2672/788 1313/2673/788 1315/2674/788 1317/2675/788 1319/2676/788 1321/2677/788 1323/2678/788 1325/2679/788 1327/2680/788 1329/2681/788 1331/2682/788 1333/2683/788 1335/2684/788 1337/2685/788 1339/2686/788 1341/2687/788 1343/2688/788 1345/2689/788 1347/2690/788 1349/2691/788 1351/2692/788 1353/2693/788 1355/2694/788 1357/2695/788 1359/2696/788 1361/2697/788 1363/2698/788 1365/2699/788 1367/2700/788
o YogaMat_c0_r0
v -5.100000 0.040000 4.800000
v -5.100000 0.080000 4.800000
v -5.100000 0.040000 3.800000
v -5.100000 0.080000 3.800000
v -3.500000 0.040000 4.800000
v -3.500000 0.080000 4.800000
v -3.500000 0.040000 3.800000
v -3.500000 0.080000 3.800000
vn -1.0000 -0.0000 -0.0000
vn -0.0000 -0.0000 -1.0000
vn 1.0000 -0.0000 -0.0000
vn -0.0000 -0.0000 1.0000
vn -0.0000 -1.0000 -0.0000
vn -0.0000 1.0000 -0.0000
vt 0.375000 0.000000
vt 0.625000 0.000000
vt 0.625000 0.250000
vt 0.375000 0.250000
vt 0.625000 0.500000
vt 0.375000 0.500000
vt 0.625000 0.750000
vt 0.375000 0.750000
vt 0.625000 1.000000
vt 0.375000 1.000000
vt 0.125000 0.500000
vt 0.125000 0.750000
vt 0.875000 0.500000
vt 0.875000 0.750000
s 0
usemtl YogaMat
f 1369/2701/789 1370/2702/789 1372/2703/789 1371/2704/789
f 1371/2704/790 1372/2703/790 1376/2705/790 1375/2706/790
f 1375/2706/791 1376/2705/791 1374/2707/791 1373/2708/791
f 1373/2708/792 1374/2707/792 1370/2709/792 1369/2710/792
f 1371/2711/793 1375/2706/793 1373/2708/793 1369/2712/793
f 1376/2705/794 1372/2713/794 1370/2714/794 1374/2707/794
o YogaMat_c0_r1
v -5.100000 0.040000 3.700000
v -5.100000 0.080000 3.700000
v -5.100000 0.040000 2.700000
v -5.100000 0.080000 2.700000
v -3.500000 0.040000 3.700000
v -3.500000 0.080000 3.700000
v -3.500000 0.040000 2.700000
v -3.500000 0.080000 2.700000
vn -1.0000 -0.0000 -0.0000
vn -0.0000 -0.0000 -1.0000
vn 1.0000 -0.0000 -0.0000
vn -0.0000 -0.0000 1.0000
vn -0.0000 -1.0000 -0.0000
vn -0.0000 1.0000 -0.0000
vt 0.375000 0.000000
vt 0.625000 0.000000
vt 0.625000 0.250000
vt 0.375000 0.250000
vt 0.625000 0.500000
vt 0.375000 0.500000
vt 0.625000 0.750000
vt 0.375000 0.750000
vt 0.625000 1.000000
vt 0.375000 1.000000
vt 0.125000 0.500000
vt 0.125000 0.750000
vt 0.875000 0.500000
vt 0.875000 0.750000
s 0
usemtl YogaMat
f 1377/2715/795 1378/2716/795 1380/2717/795 1379/2718/795
f 1379/2718/796 1380/2717/796 1384/2719/796 1383/2720/796
f 1383/2720/797 1384/2719/797 1382/2721/797 1381/2722/797
f 1381/2722/798 1382/2721/798 1378/2723/798 1377/2724/798
f 1379/2725/799 1383/2720/799 1381/2722/799 1377/2726/799
f 1384/2719/800 1380/2727/800 1378/2728/800 1382/2721/800
o YogaMat_c0_r2
v -5.100000 0.040000 2.600000
v -5.100000 0.080000 2.600000
v -5.100000 0.040000 1.600000
v -5.100000 0.080000 1.600000
v -3.500000 0.040000 2.600000
v -3.500000 0.080000 2.600000
v -3.500000 0.040000 1.600000
v -3.500000 0.080000 1.600000
vn -1.0000 -0.0000 -0.0000
vn -0.0000 -0.0000 -1.0000
vn 1.0000 -0.0000 -0.0000
vn -0.0000 -0.0000 1.0000
vn -0.0000 -1.0000 -0.0000
vn -0.0000 1.0000 -0.0000
vt 0.375000 0.000000
vt 0.625000 0.000000
vt 0.625000 0.250000
vt 0.375000 0.250000
vt 0.625000 0.500000
vt 0.375000 0.500000
vt 0.625000 0.750000
vt 0.375000 0.750000
vt 0.625000 1.000000
vt 0.375000 1.000000
vt 0.125000 0.500000
vt 0.125000 0.750000
vt 0.875000 0.500000
vt 0.875000 0.750000
s 0
usemtl YogaMat
f 1385/2729/801 1386/2730/801 1388/2731/801 1387/2732/801
f 1387/2732/802 1388/2731/802 1392/2733/802 1391/2734/802
f 1391/2734/803 1392/2733/803 1390/2735/803 1389/2736/803
f 1389/2736/804 1390/2735/804 1386/2737/804 1385/2738/804
f 1387/2739/805 1391/2734/805 1389/2736/805 1385/2740/805
f 1392/2733/806 1388/2741/806 1386/2742/806 1390/2735/806
o YogaMat_c1_r0
v -2.900000 0.040000 4.800000
v -2.900000 0.080000 4.800000
v -2.900000 0.040000 3.800000
v -2.900000 0.080000 3.800000
v -1.300000 0.040000 4.800000
v -1.300000 0.080000 4.800000
v -1.300000 0.040000 3.800000
v -1.300000 0.080000 3.800000
vn -1.0000 -0.0000 -0.0000
vn -0.0000 -0.0000 -1.0000
vn 1.0000 -0.0000 -0.0000
vn -0.0000 -0.0000 1.0000
vn -0.0000 -1.0000 -0.0000
vn -0.0000 1.0000 -0.0000
vt 0.375000 0.000000
vt 0.625000 0.000000
vt 0.625000 0.250000
vt 0.375000 0.250000
vt 0.625000 0.500000
vt 0.375000 0.500000
vt 0.625000 0.750000
vt 0.375000 0.750000
vt 0.625000 1.000000
vt 0.375000 1.000000
vt 0.125000 0.500000
vt 0.125000 0.750000
vt 0.875000 0.500000
vt 0.875000 0.750000
s 0
usemtl YogaMat
f 1393/2743/807 1394/2744/807 1396/2745/807 1395/2746/807
f 1395/2746/808 1396/2745/808 1400/2747/808 1399/2748/808
f 1399/2748/809 1400/2747/809 1398/2749/809 1397/2750/809
f 1397/2750/810 1398/2749/810 1394/2751/810 1393/2752/810
f 1395/2753/811 1399/2748/811 1397/2750/811 1393/2754/811
f 1400/2747/812 1396/2755/812 1394/2756/812 1398/2749/812
o YogaMat_c1_r1
v -2.900000 0.040000 3.700000
v -2.900000 0.080000 3.700000
v -2.900000 0.040000 2.700000
v -2.900000 0.080000 2.700000
v -1.300000 0.040000 3.700000
v -1.300000 0.080000 3.700000
v -1.300000 0.040000 2.700000
v -1.300000 0.080000 2.700000
vn -1.0000 -0.0000 -0.0000
vn -0.0000 -0.0000 -1.0000
vn 1.0000 -0.0000 -0.0000
vn -0.0000 -0.0000 1.0000
vn -0.0000 -1.0000 -0.0000
vn -0.0000 1.0000 -0.0000
vt 0.375000 0.000000
vt 0.625000 0.000000
vt 0.625000 0.250000
vt 0.375000 0.250000
vt 0.625000 0.500000
vt 0.375000 0.500000
vt 0.625000 0.750000
vt 0.375000 0.750000
vt 0.625000 1.000000
vt 0.375000 1.000000
vt 0.125000 0.500000
vt 0.125000 0.750000
vt 0.875000 0.500000
vt 0.875000 0.750000
s 0
usemtl YogaMat
f 1401/2757/813 1402/2758/813 1404/2759/813 1403/2760/813
f 1403/2760/814 1404/2759/814 1408/2761/814 1407/2762/814
f 1407/2762/815 1408/2761/815 1406/2763/815 1405/2764/815
f 1405/2764/816 1406/2763/816 1402/2765/816 1401/2766/816
f 1403/2767/817 1407/2762/817 1405/2764/817 1401/2768/817
f 1408/2761/818 1404/2769/818 1402/2770/818 1406/2763/818
o YogaMat_c1_r2
v -2.900000 0.040000 2.600000
v -2.900000 0.080000 2.600000
v -2.900000 0.040000 1.600000
v -2.900000 0.080000 1.600000
v -1.300000 0.040000 2.600000
v -1.300000 0.080000 2.600000
v -1.300000 0.040000 1.600000
v -1.300000 0.080000 1.600000
vn -1.0000 -0.0000 -0.0000
vn -0.0000 -0.0000 -1.0000
vn 1.0000 -0.0000 -0.0000
vn -0.0000 -0.0000 1.0000
vn -0.0000 -1.0000 -0.0000
vn -0.0000 1.0000 -0.0000
vt 0.375000 0.000000
vt 0.625000 0.000000
vt 0.625000 0.250000
vt 0.375000 0.250000
vt 0.625000 0.500000
vt 0.375000 0.500000
vt 0.625000 0.750000
vt 0.375000 0.750000
vt 0.625000 1.000000
vt 0.375000 1.000000
vt 0.125000 0.500000
vt 0.125000 0.750000
vt 0.875000 0.500000
vt 0.875000 0.750000
s 0
usemtl YogaMat
f 1409/2771/819 1410/2772/819 1412/2773/819 1411/2774/819
f 1411/2774/820 1412/2773/820 1416/2775/820 1415/2776/820
f 1415/2776/821 1416/2775/821 1414/2777/821 1413/2778/821
f 1413/2778/822 1414/2777/822 1410/2779/822 1409/2780/822
f 1411/2781/823 1415/2776/823 1413/2778/823 1409/2782/823
f 1416/2775/824 1412/2783/824 1410/2784/824 1414/2777/824
o PilatesReformer
v -2.800000 -0.050000 4.400000
v -2.800000 0.550000 4.400000
v -2.800000 -0.050000 3.600000
v -2.800000 0.550000 3.600000
v 0.800000 -0.050000 4.400000
v 0.800000 0.550000 4.400000
v 0.800000 -0.050000 3.600000
v 0.800000 0.550000 3.600000
vn -1.0000 -0.0000 -0.0000
vn -0.0000 -0.0000 -1.0000
vn 1.0000 -0.0000 -0.0000
vn -0.0000 -0.0000 1.0000
vn -0.0000 -1.0000 -0.0000
vn -0.0000 1.0000 -0.0000
vt 0.375000 0.000000
vt 0.625000 0.000000
vt 0.625000 0.250000
vt 0.375000 0.250000
vt 0.625000 0.500000
vt 0.375000 0.500000
vt 0.625000 0.750000
vt 0.375000 0.750000
vt 0.625000 1.000000
vt 0.375000 1.000000
vt 0.125000 0.500000
vt 0.125000 0.750000
vt 0.875000 0.500000
vt 0.875000 0.750000
s 0
usemtl WarmWood
f 1417/2785/825 1418/2786/825 1420/2787/825 1419/2788/825
f 1419/2788/826 1420/2787/826 1424/2789/826 1423/2790/826
f 1423/2790/827 1424/2789/827 1422/2791/827 1421/2792/827
f 1421/2792/828 1422/2791/828 1418/2793/828 1417/2794/828
f 1419/2795/829 1423/2790/829 1421/2792/829 1417/2796/829
f 1424/2789/830 1420/2797/830 1418/2798/830 1422/2791/830
o YogaBlocks
v -1.050000 0.000000 2.950000
v -1.050000 0.300000 2.950000
v -1.050000 0.000000 2.650000
v -1.050000 0.300000 2.650000
v -0.550000 0.000000 2.950000
v -0.550000 0.300000 2.950000
v -0.550000 0.000000 2.650000
v -0.550000 0.300000 2.650000
vn -1.0000 -0.0000 -0.0000
vn -0.0000 -0.0000 -1.0000
vn 1.0000 -0.0000 -0.0000
vn -0.0000 -0.0000 1.0000
vn -0.0000 -1.0000 -0.0000
vn -0.0000 1.0000 -0.0000
vt 0.375000 0.000000
vt 0.625000 0.000000
vt 0.625000 0.250000
vt 0.375000 0.250000
vt 0.625000 0.500000
vt 0.375000 0.500000
vt 0.625000 0.750000
vt 0.375000 0.750000
vt 0.625000 1.000000
vt 0.375000 1.000000
vt 0.125000 0.500000
vt 0.125000 0.750000
vt 0.875000 0.500000
vt 0.875000 0.750000
s 0
usemtl PowerYellow
f 1425/2799/831 1426/2800/831 1428/2801/831 1427/2802/831
f 1427/2802/832 1428/2801/832 1432/2803/832 1431/2804/832
f 1431/2804/833 1432/2803/833 1430/2805/833 1429/2806/833
f 1429/2806/834 1430/2805/834 1426/2807/834 1425/2808/834
f 1427/2809/835 1431/2804/835 1429/2806/835 1425/2810/835
f 1432/2803/836 1428/2811/836 1426/2812/836 1430/2805/836
o ConsultTable
v -4.200000 0.340000 -2.700000
v -4.200000 0.420000 -2.700000
v -4.200000 0.340000 -4.300000
v -4.200000 0.420000 -4.300000
v -1.800000 0.340000 -2.700000
v -1.800000 0.420000 -2.700000
v -1.800000 0.340000 -4.300000
v -1.800000 0.420000 -4.300000
vn -1.0000 -0.0000 -0.0000
vn -0.0000 -0.0000 -1.0000
vn 1.0000 -0.0000 -0.0000
vn -0.0000 -0.0000 1.0000
vn -0.0000 -1.0000 -0.0000
vn -0.0000 1.0000 -0.0000
vt 0.375000 0.000000
vt 0.625000 0.000000
vt 0.625000 0.250000
vt 0.375000 0.250000
vt 0.625000 0.500000
vt 0.375000 0.500000
vt 0.625000 0.750000
vt 0.375000 0.750000
vt 0.625000 1.000000
vt 0.375000 1.000000
vt 0.125000 0.500000
vt 0.125000 0.750000
vt 0.875000 0.500000
vt 0.875000 0.750000
s 0
usemtl WarmWood
f 1433/2813/837 1434/2814/837 1436/2815/837 1435/2816/837
f 1435/2816/838 1436/2815/838 1440/2817/838 1439/2818/838
f 1439/2818/839 1440/2817/839 1438/2819/839 1437/2820/839
f 1437/2820/840 1438/2819/840 1434/2821/840 1433/2822/840
f 1435/2823/841 1439/2818/841 1437/2820/841 1433/2824/841
f 1440/2817/842 1436/2825/842 1434/2826/842 1438/2819/842
o ConsultLeg1
v -3.550000 -0.200000 -3.050000
v -3.550000 0.600000 -3.050000
v -3.550000 -0.200000 -3.150000
v -3.550000 0.600000 -3.150000
v -3.450000 -0.200000 -3.050000
v -3.450000 0.600000 -3.050000
v -3.450000 -0.200000 -3.150000
v -3.450000 0.600000 -3.150000
vn -1.0000 -0.0000 -0.0000
vn -0.0000 -0.0000 -1.0000
vn 1.0000 -0.0000 -0.0000
vn -0.0000 -0.0000 1.0000
vn -0.0000 -1.0000 -0.0000
vn -0.0000 1.0000 -0.0000
vt 0.375000 0.000000
vt 0.625000 0.000000
vt 0.625000 0.250000
vt 0.375000 0.250000
vt 0.625000 0.500000
vt 0.375000 0.500000
vt 0.625000 0.750000
vt 0.375000 0.750000
vt 0.625000 1.000000
vt 0.375000 1.000000
vt 0.125000 0.500000
vt 0.125000 0.750000
vt 0.875000 0.500000
vt 0.875000 0.750000
s 0
usemtl BlackMetal
f 1441/2827/843 1442/2828/843 1444/2829/843 1443/2830/843
f 1443/2830/844 1444/2829/844 1448/2831/844 1447/2832/844
f 1447/2832/845 1448/2831/845 1446/2833/845 1445/2834/845
f 1445/2834/846 1446/2833/846 1442/2835/846 1441/2836/846
f 1443/2837/847 1447/2832/847 1445/2834/847 1441/2838/847
f 1448/2831/848 1444/2839/848 1442/2840/848 1446/2833/848
o ConsultLeg2
v -2.550000 -0.200000 -3.050000
v -2.550000 0.600000 -3.050000
v -2.550000 -0.200000 -3.150000
v -2.550000 0.600000 -3.150000
v -2.450000 -0.200000 -3.050000
v -2.450000 0.600000 -3.050000
v -2.450000 -0.200000 -3.150000
v -2.450000 0.600000 -3.150000
vn -1.0000 -0.0000 -0.0000
vn -0.0000 -0.0000 -1.0000
vn 1.0000 -0.0000 -0.0000
vn -0.0000 -0.0000 1.0000
vn -0.0000 -1.0000 -0.0000
vn -0.0000 1.0000 -0.0000
vt 0.375000 0.000000
vt 0.625000 0.000000
vt 0.625000 0.250000
vt 0.375000 0.250000
vt 0.625000 0.500000
vt 0.375000 0.500000
vt 0.625000 0.750000
vt 0.375000 0.750000
vt 0.625000 1.000000
vt 0.375000 1.000000
vt 0.125000 0.500000
vt 0.125000 0.750000
vt 0.875000 0.500000
vt 0.875000 0.750000
s 0
usemtl BlackMetal
f 1449/2841/849 1450/2842/849 1452/2843/849 1451/2844/849
f 1451/2844/850 1452/2843/850 1456/2845/850 1455/2846/850
f 1455/2846/851 1456/2845/851 1454/2847/851 1453/2848/851
f 1453/2848/852 1454/2847/852 1450/2849/852 1449/2850/852
f 1451/2851/853 1455/2846/853 1453/2848/853 1449/2852/853
f 1456/2845/854 1452/2853/854 1450/2854/854 1454/2847/854
o ConsultLeg3
v -3.550000 -0.200000 -3.850000
v -3.550000 0.600000 -3.850000
v -3.550000 -0.200000 -3.950000
v -3.550000 0.600000 -3.950000
v -3.450000 -0.200000 -3.850000
v -3.450000 0.600000 -3.850000
v -3.450000 -0.200000 -3.950000
v -3.450000 0.600000 -3.950000
vn -1.0000 -0.0000 -0.0000
vn -0.0000 -0.0000 -1.0000
vn 1.0000 -0.0000 -0.0000
vn -0.0000 -0.0000 1.0000
vn -0.0000 -1.0000 -0.0000
vn -0.0000 1.0000 -0.0000
vt 0.375000 0.000000
vt 0.625000 0.000000
vt 0.625000 0.250000
vt 0.375000 0.250000
vt 0.625000 0.500000
vt 0.375000 0.500000
vt 0.625000 0.750000
vt 0.375000 0.750000
vt 0.625000 1.000000
vt 0.375000 1.000000
vt 0.125000 0.500000
vt 0.125000 0.750000
vt 0.875000 0.500000
vt 0.875000 0.750000
s 0
usemtl BlackMetal
f 1457/2855/855 1458/2856/855 1460/2857/855 1459/2858/855
f 1459/2858/856 1460/2857/856 1464/2859/856 1463/2860/856
f 1463/2860/857 1464/2859/857 1462/2861/857 1461/2862/857
f 1461/2862/858 1462/2861/858 1458/2863/858 1457/2864/858
f 1459/2865/859 1463/2860/859 1461/2862/859 1457/2866/859
f 1464/2859/860 1460/2867/860 1458/2868/860 1462/2861/860
o ConsultLeg4
v -2.550000 -0.200000 -3.850000
v -2.550000 0.600000 -3.850000
v -2.550000 -0.200000 -3.950000
v -2.550000 0.600000 -3.950000
v -2.450000 -0.200000 -3.850000
v -2.450000 0.600000 -3.850000
v -2.450000 -0.200000 -3.950000
v -2.450000 0.600000 -3.950000
vn -1.0000 -0.0000 -0.0000
vn -0.0000 -0.0000 -1.0000
vn 1.0000 -0.0000 -0.0000
vn -0.0000 -0.0000 1.0000
vn -0.0000 -1.0000 -0.0000
vn -0.0000 1.0000 -0.0000
vt 0.375000 0.000000
vt 0.625000 0.000000
vt 0.625000 0.250000
vt 0.375000 0.250000
vt 0.625000 0.500000
vt 0.375000 0.500000
vt 0.625000 0.750000
vt 0.375000 0.750000
vt 0.625000 1.000000
vt 0.375000 1.000000
vt 0.125000 0.500000
vt 0.125000 0.750000
vt 0.875000 0.500000
vt 0.875000 0.750000
s 0
usemtl BlackMetal
f 1465/2869/861 1466/2870/861 1468/2871/861 1467/2872/861
f 1467/2872/862 1468/2871/862 1472/2873/862 1471/2874/862
f 1471/2874/863 1472/2873/863 1470/2875/863 1469/2876/863
f 1469/2876/864 1470/2875/864 1466/2877/864 1465/2878/864
f 1467/2879/865 1471/2874/865 1469/2876/865 1465/2880/865
f 1472/2873/866 1468/2881/866 1466/2882/866 1470/2875/866
o ConsultChair1
v -4.200000 -0.450000 -3.800000
v -4.200000 1.350000 -3.800000
v -4.200000 -0.450000 -4.800000
v -4.200000 1.350000 -4.800000
v -3.200000 -0.450000 -3.800000
v -3.200000 1.350000 -3.800000
v -3.200000 -0.450000 -4.800000
v -3.200000 1.350000 -4.800000
vn -1.0000 -0.0000 -0.0000
vn -0.0000 -0.0000 -1.0000
vn 1.0000 -0.0000 -0.0000
vn -0.0000 -0.0000 1.0000
vn -0.0000 -1.0000 -0.0000
vn -0.0000 1.0000 -0.0000
vt 0.375000 0.000000
vt 0.625000 0.000000
vt 0.625000 0.250000
vt 0.375000 0.250000
vt 0.625000 0.500000
vt 0.375000 0.500000
vt 0.625000 0.750000
vt 0.375000 0.750000
vt 0.625000 1.000000
vt 0.375000 1.000000
vt 0.125000 0.500000
vt 0.125000 0.750000
vt 0.875000 0.500000
vt 0.875000 0.750000
s 0
usemtl Cream
f 1473/2883/867 1474/2884/867 1476/2885/867 1475/2886/867
f 1475/2886/868 1476/2885/868 1480/2887/868 1479/2888/868
f 1479/2888/869 1480/2887/869 1478/2889/869 1477/2890/869
f 1477/2890/870 1478/2889/870 1474/2891/870 1473/2892/870
f 1475/2893/871 1479/2888/871 1477/2890/871 1473/2894/871
f 1480/2887/872 1476/2895/872 1474/2896/872 1478/2889/872
o ConsultChair2
v -2.800000 -0.450000 -3.800000
v -2.800000 1.350000 -3.800000
v -2.800000 -0.450000 -4.800000
v -2.800000 1.350000 -4.800000
v -1.800000 -0.450000 -3.800000
v -1.800000 1.350000 -3.800000
v -1.800000 -0.450000 -4.800000
v -1.800000 1.350000 -4.800000
vn -1.0000 -0.0000 -0.0000
vn -0.0000 -0.0000 -1.0000
vn 1.0000 -0.0000 -0.0000
vn -0.0000 -0.0000 1.0000
vn -0.0000 -1.0000 -0.0000
vn -0.0000 1.0000 -0.0000
vt 0.375000 0.000000
vt 0.625000 0.000000
vt 0.625000 0.250000
vt 0.375000 0.250000
vt 0.625000 0.500000
vt 0.375000 0.500000
vt 0.625000 0.750000
vt 0.375000 0.750000
vt 0.625000 1.000000
vt 0.375000 1.000000
vt 0.125000 0.500000
vt 0.125000 0.750000
vt 0.875000 0.500000
vt 0.875000 0.750000
s 0
usemtl Cream
f 1481/2897/873 1482/2898/873 1484/2899/873 1483/2900/873
f 1483/2900/874 1484/2899/874 1488/2901/874 1487/2902/874
f 1487/2902/875 1488/2901/875 1486/2903/875 1485/2904/875
f 1485/2904/876 1486/2903/876 1482/2905/876 1481/2906/876
f 1483/2907/877 1487/2902/877 1485/2904/877 1481/2908/877
f 1488/2901/878 1484/2909/878 1482/2910/878 1486/2903/878
o ShowerWall1
v 1.950000 -1.250000 -2.000000
v 1.950000 3.750000 -2.000000
v 1.950000 -1.250000 -6.000000
v 1.950000 3.750000 -6.000000
v 2.050000 -1.250000 -2.000000
v 2.050000 3.750000 -2.000000
v 2.050000 -1.250000 -6.000000
v 2.050000 3.750000 -6.000000
vn -1.0000 -0.0000 -0.0000
vn -0.0000 -0.0000 -1.0000
vn 1.0000 -0.0000 -0.0000
vn -0.0000 -0.0000 1.0000
vn -0.0000 -1.0000 -0.0000
vn -0.0000 1.0000 -0.0000
vt 0.375000 0.000000
vt 0.625000 0.000000
vt 0.625000 0.250000
vt 0.375000 0.250000
vt 0.625000 0.500000
vt 0.375000 0.500000
vt 0.625000 0.750000
vt 0.375000 0.750000
vt 0.625000 1.000000
vt 0.375000 1.000000
vt 0.125000 0.500000
vt 0.125000 0.750000
vt 0.875000 0.500000
vt 0.875000 0.750000
s 0
usemtl Glass
f 1489/2911/879 1490/2912/879 1492/2913/879 1491/2914/879
f 1491/2914/880 1492/2913/880 1496/2915/880 1495/2916/880
f 1495/2916/881 1496/2915/881 1494/2917/881 1493/2918/881
f 1493/2918/882 1494/2917/882 1490/2919/882 1489/2920/882
f 1491/2921/883 1495/2916/883 1493/2918/883 1489/2922/883
f 1496/2915/884 1492/2923/884 1490/2924/884 1494/2917/884
o ShowerWall2
v 2.000000 -1.250000 -2.950000
v 2.000000 3.750000 -2.950000
v 2.000000 -1.250000 -3.050000
v 2.000000 3.750000 -3.050000
v 5.000000 -1.250000 -2.950000
v 5.000000 3.750000 -2.950000
v 5.000000 -1.250000 -3.050000
v 5.000000 3.750000 -3.050000
vn -1.0000 -0.0000 -0.0000
vn -0.0000 -0.0000 -1.0000
vn 1.0000 -0.0000 -0.0000
vn -0.0000 -0.0000 1.0000
vn -0.0000 -1.0000 -0.0000
vn -0.0000 1.0000 -0.0000
vt 0.375000 0.000000
vt 0.625000 0.000000
vt 0.625000 0.250000
vt 0.375000 0.250000
vt 0.625000 0.500000
vt 0.375000 0.500000
vt 0.625000 0.750000
vt 0.375000 0.750000
vt 0.625000 1.000000
vt 0.375000 1.000000
vt 0.125000 0.500000
vt 0.125000 0.750000
vt 0.875000 0.500000
vt 0.875000 0.750000
s 0
usemtl Glass
f 1497/2925/885 1498/2926/885 1500/2927/885 1499/2928/885
f 1499/2928/886 1500/2927/886 1504/2929/886 1503/2930/886
f 1503/2930/887 1504/2929/887 1502/2931/887 1501/2932/887
f 1501/2932/888 1502/2931/888 1498/2933/888 1497/2934/888
f 1499/2935/889 1503/2930/889 1501/2932/889 1497/2936/889
f 1504/2929/890 1500/2937/890 1498/2938/890 1502/2931/890
o ShowerFloor1
v 2.100000 -0.010000 -3.500000
v 2.100000 0.090000 -3.500000
v 2.100000 -0.010000 -4.900000
v 2.100000 0.090000 -4.900000
v 3.500000 -0.010000 -3.500000
v 3.500000 0.090000 -3.500000
v 3.500000 -0.010000 -4.900000
v 3.500000 0.090000 -4.900000
vn -1.0000 -0.0000 -0.0000
vn -0.0000 -0.0000 -1.0000
vn 1.0000 -0.0000 -0.0000
vn -0.0000 -0.0000 1.0000
vn -0.0000 -1.0000 -0.0000
vn -0.0000 1.0000 -0.0000
vt 0.375000 0.000000
vt 0.625000 0.000000
vt 0.625000 0.250000
vt 0.375000 0.250000
vt 0.625000 0.500000
vt 0.375000 0.500000
vt 0.625000 0.750000
vt 0.375000 0.750000
vt 0.625000 1.000000
vt 0.375000 1.000000
vt 0.125000 0.500000
vt 0.125000 0.750000
vt 0.875000 0.500000
vt 0.875000 0.750000
s 0
usemtl Cream
f 1505/2939/891 1506/2940/891 1508/2941/891 1507/2942/891
f 1507/2942/892 1508/2941/892 1512/2943/892 1511/2944/892
f 1511/2944/893 1512/2943/893 1510/2945/893 1509/2946/893
f 1509/2946/894 1510/2945/894 1506/2947/894 1505/2948/894
f 1507/2949/895 1511/2944/895 1509/2946/895 1505/2950/895
f 1512/2943/896 1508/2951/896 1506/2952/896 1510/2945/896
o ShowerFloor2
v 3.100000 -0.010000 -3.500000
v 3.100000 0.090000 -3.500000
v 3.100000 -0.010000 -4.900000
v 3.100000 0.090000 -4.900000
v 4.500000 -0.010000 -3.500000
v 4.500000 0.090000 -3.500000
v 4.500000 -0.010000 -4.900000
v 4.500000 0.090000 -4.900000
vn -1.0000 -0.0000 -0.0000
vn -0.0000 -0.0000 -1.0000
vn 1.0000 -0.0000 -0.0000
vn -0.0000 -0.0000 1.0000
vn -0.0000 -1.0000 -0.0000
vn -0.0000 1.0000 -0.0000
vt 0.375000 0.000000
vt 0.625000 0.000000
vt 0.625000 0.250000
vt 0.375000 0.250000
vt 0.625000 0.500000
vt 0.375000 0.500000
vt 0.625000 0.750000
vt 0.375000 0.750000
vt 0.625000 1.000000
vt 0.375000 1.000000
vt 0.125000 0.500000
vt 0.125000 0.750000
vt 0.875000 0.500000
vt 0.875000 0.750000
s 0
usemtl Cream
f 1513/2953/897 1514/2954/897 1516/2955/897 1515/2956/897
f 1515/2956/898 1516/2955/898 1520/2957/898 1519/2958/898
f 1519/2958/899 1520/2957/899 1518/2959/899 1517/2960/899
f 1517/2960/900 1518/2959/900 1514/2961/900 1513/2962/900
f 1515/2963/901 1519/2958/901 1517/2960/901 1513/2964/901
f 1520/2957/902 1516/2965/902 1514/2966/902 1518/2959/902
o ShowerHead1
v 2.800000 2.100000 -4.580000
v 2.800000 2.300000 -4.580000
v 2.815607 2.100000 -4.578463
v 2.815607 2.300000 -4.578463
v 2.830615 2.100000 -4.573910
v 2.830615 2.300000 -4.573910
v 2.844445 2.100000 -4.566517
v 2.844445 2.300000 -4.566517
v 2.856569 2.100000 -4.556569
v 2.856569 2.300000 -4.556569
v 2.866518 2.100000 -4.544446
v 2.866518 2.300000 -4.544446
v 2.873910 2.100000 -4.530615
v 2.873910 2.300000 -4.530615
v 2.878463 2.100000 -4.515607
v 2.878463 2.300000 -4.515607
v 2.880000 2.100000 -4.500000
v 2.880000 2.300000 -4.500000
v 2.878463 2.100000 -4.484393
v 2.878463 2.300000 -4.484393
v 2.873910 2.100000 -4.469385
v 2.873910 2.300000 -4.469385
v 2.866518 2.100000 -4.455554
v 2.866518 2.300000 -4.455554
v 2.856569 2.100000 -4.443431
v 2.856569 2.300000 -4.443431
v 2.844445 2.100000 -4.433483
v 2.844445 2.300000 -4.433483
v 2.830615 2.100000 -4.426090
v 2.830615 2.300000 -4.426090
v 2.815607 2.100000 -4.421537
v 2.815607 2.300000 -4.421537
v 2.800000 2.100000 -4.420000
v 2.800000 2.300000 -4.420000
v 2.784393 2.100000 -4.421537
v 2.784393 2.300000 -4.421537
v 2.769385 2.100000 -4.426090
v 2.769385 2.300000 -4.426090
v 2.755554 2.100000 -4.433483
v 2.755554 2.300000 -4.433483
v 2.743431 2.100000 -4.443431
v 2.743431 2.300000 -4.443431
v 2.733482 2.100000 -4.455554
v 2.733482 2.300000 -4.455554
v 2.726089 2.100000 -4.469385
v 2.726089 2.300000 -4.469385
v 2.721537 2.100000 -4.484393
v 2.721537 2.300000 -4.484393
v 2.720000 2.100000 -4.500000
v 2.720000 2.300000 -4.500000
v 2.721537 2.100000 -4.515607
v 2.721537 2.300000 -4.515607
v 2.726089 2.100000 -4.530615
v 2.726089 2.300000 -4.530615
v 2.733482 2.100000 -4.544446
v 2.733482 2.300000 -4.544446
v 2.743431 2.100000 -4.556569
v 2.743431 2.300000 -4.556569
v 2.755554 2.100000 -4.566517
v 2.755554 2.300000 -4.566517
v 2.769385 2.100000 -4.573910
v 2.769385 2.300000 -4.573910
v 2.784393 2.100000 -4.578463
v 2.784393 2.300000 -4.578463
vn 0.0980 -0.0000 -0.9952
vn 0.2903 -0.0000 -0.9569
vn 0.4714 -0.0000 -0.8819
vn 0.6344 -0.0000 -0.7730
vn 0.7730 -0.0000 -0.6344
vn 0.8819 -0.0000 -0.4714
vn 0.9569 -0.0000 -0.2903
vn 0.9952 -0.0000 -0.0980
vn 0.9952 -0.0000 0.0980
vn 0.9569 -0.0000 0.2903
vn 0.8819 -0.0000 0.4714
vn 0.7730 -0.0000 0.6344
vn 0.6344 -0.0000 0.7730
vn 0.4714 -0.0000 0.8819
vn 0.2903 -0.0000 0.9569
vn 0.0980 -0.0000 0.9952
vn -0.0980 -0.0000 0.9952
vn -0.2903 -0.0000 0.9569
vn -0.4714 -0.0000 0.8819
vn -0.6344 -0.0000 0.7730
vn -0.7730 -0.0000 0.6344
vn -0.8819 -0.0000 0.4714
vn -0.9569 -0.0000 0.2903
vn -0.9952 -0.0000 0.0980
vn -0.9952 -0.0000 -0.0980
vn -0.9569 -0.0000 -0.2903
vn -0.8819 -0.0000 -0.4714
vn -0.7730 -0.0000 -0.6344
vn -0.6344 -0.0000 -0.7730
vn -0.4714 -0.0000 -0.8819
vn -0.0000 1.0000 -0.0000
vn -0.2903 -0.0000 -0.9569
vn -0.0980 -0.0000 -0.9952
vn -0.0000 -1.0000 -0.0000
vt 1.000000 0.500000
vt 1.000000 1.000000
vt 0.968750 1.000000
vt 0.968750 0.500000
vt 0.937500 1.000000
vt 0.937500 0.500000
vt 0.906250 1.000000
vt 0.906250 0.500000
vt 0.875000 1.000000
vt 0.875000 0.500000
vt 0.843750 1.000000
vt 0.843750 0.500000
vt 0.812500 1.000000
vt 0.812500 0.500000
vt 0.781250 1.000000
vt 0.781250 0.500000
vt 0.750000 1.000000
vt 0.750000 0.500000
vt 0.718750 1.000000
vt 0.718750 0.500000
vt 0.687500 1.000000
vt 0.687500 0.500000
vt 0.656250 1.000000
vt 0.656250 0.500000
vt 0.625000 1.000000
vt 0.625000 0.500000
vt 0.593750 1.000000
vt 0.593750 0.500000
vt 0.562500 1.000000
vt 0.562500 0.500000
vt 0.531250 1.000000
vt 0.531250 0.500000
vt 0.500000 1.000000
vt 0.500000 0.500000
vt 0.468750 1.000000
vt 0.468750 0.500000
vt 0.437500 1.000000
vt 0.437500 0.500000
vt 0.406250 1.000000
vt 0.406250 0.500000
vt 0.375000 1.000000
vt 0.375000 0.500000
vt 0.343750 1.000000
vt 0.343750 0.500000
vt 0.312500 1.000000
vt 0.312500 0.500000
vt 0.281250 1.000000
vt 0.281250 0.500000
vt 0.250000 1.000000
vt 0.250000 0.500000
vt 0.218750 1.000000
vt 0.218750 0.500000
vt 0.187500 1.000000
vt 0.187500 0.500000
vt 0.156250 1.000000
vt 0.156250 0.500000
vt 0.125000 1.000000
vt 0.125000 0.500000
vt 0.093750 1.000000
vt 0.093750 0.500000
vt 0.062500 1.000000
vt 0.062500 0.500000
vt 0.296822 0.485388
vt 0.250000 0.490000
vt 0.203178 0.485388
vt 0.158156 0.471731
vt 0.116663 0.449553
vt 0.080294 0.419706
vt 0.050447 0.383337
vt 0.028269 0.341844
vt 0.014612 0.296822
vt 0.010000 0.250000
vt 0.014612 0.203178
vt 0.028269 0.158156
vt 0.050447 0.116663
vt 0.080294 0.080294
vt 0.116663 0.050447
vt 0.158156 0.028269
vt 0.203178 0.014612
vt 0.250000 0.010000
vt 0.296822 0.014612
vt 0.341844 0.028269
vt 0.383337 0.050447
vt 0.419706 0.080294
vt 0.449553 0.116663
vt 0.471731 0.158156
vt 0.485388 0.203178
vt 0.490000 0.250000
vt 0.485388 0.296822
vt 0.471731 0.341844
vt 0.449553 0.383337
vt 0.419706 0.419706
vt 0.383337 0.449553
vt 0.341844 0.471731
vt 0.031250 1.000000
vt 0.031250 0.500000
vt 0.000000 1.000000
vt 0.000000 0.500000
vt 0.750000 0.490000
vt 0.796822 0.485388
vt 0.841844 0.471731
vt 0.883337 0.449553
vt 0.919706 0.419706
vt 0.949553 0.383337
vt 0.971731 0.341844
vt 0.985388 0.296822
vt 0.990000 0.250000
vt 0.985388 0.203178
vt 0.971731 0.158156
vt 0.949553 0.116663
vt 0.919706 0.080294
vt 0.883337 0.050447
vt 0.841844 0.028269
vt 0.796822 0.014612
vt 0.750000 0.010000
vt 0.703178 0.014612
vt 0.658156 0.028269
vt 0.616663 0.050447
vt 0.580294 0.080294
vt 0.550447 0.116663
vt 0.528269 0.158156
vt 0.514612 0.203178
vt 0.510000 0.250000
vt 0.514612 0.296822
vt 0.528269 0.341844
vt 0.550447 0.383337
vt 0.580294 0.419706
vt 0.616663 0.449553
vt 0.658156 0.471731
vt 0.703178 0.485388
s 0
usemtl BrassAccent
f 1521/2967/903 1522/2968/903 1524/2969/903 1523/2970/903
f 1523/2970/904 1524/2969/904 1526/2971/904 1525/2972/904
f 1525/2972/905 1526/2971/905 1528/2973/905 1527/2974/905
f 1527/2974/906 1528/2973/906 1530/2975/906 1529/2976/906
f 1529/2976/907 1530/2975/907 1532/2977/907 1531/2978/907
f 1531/2978/908 1532/2977/908 1534/2979/908 1533/2980/908
f 1533/2980/909 1534/2979/909 1536/2981/909 1535/2982/909
f 1535/2982/910 1536/2981/910 1538/2983/910 1537/2984/910
f 1537/2984/911 1538/2983/911 1540/2985/911 1539/2986/911
f 1539/2986/912 1540/2985/912 1542/2987/912 1541/2988/912
f 1541/2988/913 1542/2987/913 1544/2989/913 1543/2990/913
f 1543/2990/914 1544/2989/914 1546/2991/914 1545/2992/914
f 1545/2992/915 1546/2991/915 1548/2993/915 1547/2994/915
f 1547/2994/916 1548/2993/916 1550/2995/916 1549/2996/916
f 1549/2996/917 1550/2995/917 1552/2997/917 1551/2998/917
f 1551/2998/918 1552/2997/918 1554/2999/918 1553/3000/918
f 1553/3000/919 1554/2999/919 1556/3001/919 1555/3002/919
f 1555/3002/920 1556/3001/920 1558/3003/920 1557/3004/920
f 1557/3004/921 1558/3003/921 1560/3005/921 1559/3006/921
f 1559/3006/922 1560/3005/922 1562/3007/922 1561/3008/922
f 1561/3008/923 1562/3007/923 1564/3009/923 1563/3010/923
f 1563/3010/924 1564/3009/924 1566/3011/924 1565/3012/924
f 1565/3012/925 1566/3011/925 1568/3013/925 1567/3014/925
f 1567/3014/926 1568/3013/926 1570/3015/926 1569/3016/926
f 1569/3016/927 1570/3015/927 1572/3017/927 1571/3018/927
f 1571/3018/928 1572/3017/928 1574/3019/928 1573/3020/928
f 1573/3020/929 1574/3019/929 1576/3021/929 1575/3022/929
f 1575/3022/930 1576/3021/930 1578/3023/930 1577/3024/930
f 1577/3024/931 1578/3023/931 1580/3025/931 1579/3026/931
f 1579/3026/932 1580/3025/932 1582/3027/932 1581/3028/932
f 1524/3029/933 1522/3030/933 1584/3031/933 1582/3032/933 1580/3033/933 1578/3034/933 1576/3035/933 1574/3036/933 1572/3037/933 1570/3038/933 1568/3039/933 1566/3040/933 1564/3041/933 1562/3042/933 1560/3043/933 1558/3044/933 1556/3045/933 1554/3046/933 1552/3047/933 1550/3048/933 1548/3049/933 1546/3050/933 1544/3051/933 1542/3052/933 1540/3053/933 1538/3054/933 1536/3055/933 1534/3056/933 1532/3057/933 1530/3058/933 1528/3059/933 1526/3060/933
f 1581/3028/934 1582/3027/934 1584/3061/934 1583/3062/934
f 1583/3062/935 1584/3061/935 1522/3063/935 1521/3064/935
f 1521/3065/936 1523/3066/936 1525/3067/936 1527/3068/936 1529/3069/936 1531/3070/936 1533/3071/936 1535/3072/936 1537/3073/936 1539/3074/936 1541/3075/936 1543/3076/936 1545/3077/936 1547/3078/936 1549/3079/936 1551/3080/936 1553/3081/936 1555/3082/936 1557/3083/936 1559/3084/936 1561/3085/936 1563/3086/936 1565/3087/936 1567/3088/936 1569/3089/936 1571/3090/936 1573/3091/936 1575/3092/936 1577/3093/936 1579/3094/936 1581/3095/936 1583/3096/936
o ShowerHead2
v 3.800000 2.100000 -4.580000
v 3.800000 2.300000 -4.580000
v 3.815607 2.100000 -4.578463
v 3.815607 2.300000 -4.578463
v 3.830615 2.100000 -4.573910
v 3.830615 2.300000 -4.573910
v 3.844445 2.100000 -4.566517
v 3.844445 2.300000 -4.566517
v 3.856569 2.100000 -4.556569
v 3.856569 2.300000 -4.556569
v 3.866518 2.100000 -4.544446
v 3.866518 2.300000 -4.544446
v 3.873910 2.100000 -4.530615
v 3.873910 2.300000 -4.530615
v 3.878463 2.100000 -4.515607
v 3.878463 2.300000 -4.515607
v 3.880000 2.100000 -4.500000
v 3.880000 2.300000 -4.500000
v 3.878463 2.100000 -4.484393
v 3.878463 2.300000 -4.484393
v 3.873910 2.100000 -4.469385
v 3.873910 2.300000 -4.469385
v 3.866518 2.100000 -4.455554
v 3.866518 2.300000 -4.455554
v 3.856569 2.100000 -4.443431
v 3.856569 2.300000 -4.443431
v 3.844445 2.100000 -4.433483
v 3.844445 2.300000 -4.433483
v 3.830615 2.100000 -4.426090
v 3.830615 2.300000 -4.426090
v 3.815607 2.100000 -4.421537
v 3.815607 2.300000 -4.421537
v 3.800000 2.100000 -4.420000
v 3.800000 2.300000 -4.420000
v 3.784393 2.100000 -4.421537
v 3.784393 2.300000 -4.421537
v 3.769385 2.100000 -4.426090
v 3.769385 2.300000 -4.426090
v 3.755554 2.100000 -4.433483
v 3.755554 2.300000 -4.433483
v 3.743431 2.100000 -4.443431
v 3.743431 2.300000 -4.443431
v 3.733482 2.100000 -4.455554
v 3.733482 2.300000 -4.455554
v 3.726089 2.100000 -4.469385
v 3.726089 2.300000 -4.469385
v 3.721537 2.100000 -4.484393
v 3.721537 2.300000 -4.484393
v 3.720000 2.100000 -4.500000
v 3.720000 2.300000 -4.500000
v 3.721537 2.100000 -4.515607
v 3.721537 2.300000 -4.515607
v 3.726089 2.100000 -4.530615
v 3.726089 2.300000 -4.530615
v 3.733482 2.100000 -4.544446
v 3.733482 2.300000 -4.544446
v 3.743431 2.100000 -4.556569
v 3.743431 2.300000 -4.556569
v 3.755554 2.100000 -4.566517
v 3.755554 2.300000 -4.566517
v 3.769385 2.100000 -4.573910
v 3.769385 2.300000 -4.573910
v 3.784393 2.100000 -4.578463
v 3.784393 2.300000 -4.578463
vn 0.0980 -0.0000 -0.9952
vn 0.2903 -0.0000 -0.9569
vn 0.4714 -0.0000 -0.8819
vn 0.6344 -0.0000 -0.7730
vn 0.7730 -0.0000 -0.6344
vn 0.8819 -0.0000 -0.4714
vn 0.9569 -0.0000 -0.2903
vn 0.9952 -0.0000 -0.0980
vn 0.9952 -0.0000 0.0980
vn 0.9569 -0.0000 0.2903
vn 0.8819 -0.0000 0.4714
vn 0.7730 -0.0000 0.6344
vn 0.6344 -0.0000 0.7730
vn 0.4714 -0.0000 0.8819
vn 0.2903 -0.0000 0.9569
vn 0.0980 -0.0000 0.9952
vn -0.0980 -0.0000 0.9952
vn -0.2903 -0.0000 0.9569
vn -0.4714 -0.0000 0.8819
vn -0.6344 -0.0000 0.7730
vn -0.7730 -0.0000 0.6344
vn -0.8819 -0.0000 0.4714
vn -0.9569 -0.0000 0.2903
vn -0.9952 -0.0000 0.0980
vn -0.9952 -0.0000 -0.0980
vn -0.9569 -0.0000 -0.2903
vn -0.8819 -0.0000 -0.4714
vn -0.7730 -0.0000 -0.6344
vn -0.6344 -0.0000 -0.7730
vn -0.4714 -0.0000 -0.8819
vn -0.0000 1.0000 -0.0000
vn -0.2903 -0.0000 -0.9569
vn -0.0980 -0.0000 -0.9952
vn -0.0000 -1.0000 -0.0000
vt 1.000000 0.500000
vt 1.000000 1.000000
vt 0.968750 1.000000
vt 0.968750 0.500000
vt 0.937500 1.000000
vt 0.937500 0.500000
vt 0.906250 1.000000
vt 0.906250 0.500000
vt 0.875000 1.000000
vt 0.875000 0.500000
vt 0.843750 1.000000
vt 0.843750 0.500000
vt 0.812500 1.000000
vt 0.812500 0.500000
vt 0.781250 1.000000
vt 0.781250 0.500000
vt 0.750000 1.000000
vt 0.750000 0.500000
vt 0.718750 1.000000
vt 0.718750 0.500000
vt 0.687500 1.000000
vt 0.687500 0.500000
vt 0.656250 1.000000
vt 0.656250 0.500000
vt 0.625000 1.000000
vt 0.625000 0.500000
vt 0.593750 1.000000
vt 0.593750 0.500000
vt 0.562500 1.000000
vt 0.562500 0.500000
vt 0.531250 1.000000
vt 0.531250 0.500000
vt 0.500000 1.000000
vt 0.500000 0.500000
vt 0.468750 1.000000
vt 0.468750 0.500000
vt 0.437500 1.000000
vt 0.437500 0.500000
vt 0.406250 1.000000
vt 0.406250 0.500000
vt 0.375000 1.000000
vt 0.375000 0.500000
vt 0.343750 1.000000
vt 0.343750 0.500000
vt 0.312500 1.000000
vt 0.312500 0.500000
vt 0.281250 1.000000
vt 0.281250 0.500000
vt 0.250000 1.000000
vt 0.250000 0.500000
vt 0.218750 1.000000
vt 0.218750 0.500000
vt 0.187500 1.000000
vt 0.187500 0.500000
vt 0.156250 1.000000
vt 0.156250 0.500000
vt 0.125000 1.000000
vt 0.125000 0.500000
vt 0.093750 1.000000
vt 0.093750 0.500000
vt 0.062500 1.000000
vt 0.062500 0.500000
vt 0.296822 0.485388
vt 0.250000 0.490000
vt 0.203178 0.485388
vt 0.158156 0.471731
vt 0.116663 0.449553
vt 0.080294 0.419706
vt 0.050447 0.383337
vt 0.028269 0.341844
vt 0.014612 0.296822
vt 0.010000 0.250000
vt 0.014612 0.203178
vt 0.028269 0.158156
vt 0.050447 0.116663
vt 0.080294 0.080294
vt 0.116663 0.050447
vt 0.158156 0.028269
vt 0.203178 0.014612
vt 0.250000 0.010000
vt 0.296822 0.014612
vt 0.341844 0.028269
vt 0.383337 0.050447
vt 0.419706 0.080294
vt 0.449553 0.116663
vt 0.471731 0.158156
vt 0.485388 0.203178
vt 0.490000 0.250000
vt 0.485388 0.296822
vt 0.471731 0.341844
vt 0.449553 0.383337
vt 0.419706 0.419706
vt 0.383337 0.449553
vt 0.341844 0.471731
vt 0.031250 1.000000
vt 0.031250 0.500000
vt 0.000000 1.000000
vt 0.000000 0.500000
vt 0.750000 0.490000
vt 0.796822 0.485388
vt 0.841844 0.471731
vt 0.883337 0.449553
vt 0.919706 0.419706
vt 0.949553 0.383337
vt 0.971731 0.341844
vt 0.985388 0.296822
vt 0.990000 0.250000
vt 0.985388 0.203178
vt 0.971731 0.158156
vt 0.949553 0.116663
vt 0.919706 0.080294
vt 0.883337 0.050447
vt 0.841844 0.028269
vt 0.796822 0.014612
vt 0.750000 0.010000
vt 0.703178 0.014612
vt 0.658156 0.028269
vt 0.616663 0.050447
vt 0.580294 0.080294
vt 0.550447 0.116663
vt 0.528269 0.158156
vt 0.514612 0.203178
vt 0.510000 0.250000
vt 0.514612 0.296822
vt 0.528269 0.341844
vt 0.550447 0.383337
vt 0.580294 0.419706
vt 0.616663 0.449553
vt 0.658156 0.471731
vt 0.703178 0.485388
s 0
usemtl BrassAccent
f 1585/3097/937 1586/3098/937 1588/3099/937 1587/3100/937
f 1587/3100/938 1588/3099/938 1590/3101/938 1589/3102/938
f 1589/3102/939 1590/3101/939 1592/3103/939 1591/3104/939
f 1591/3104/940 1592/3103/940 1594/3105/940 1593/3106/940
f 1593/3106/941 1594/3105/941 1596/3107/941 1595/3108/941
f 1595/3108/942 1596/3107/942 1598/3109/942 1597/3110/942
f 1597/3110/943 1598/3109/943 1600/3111/943 1599/3112/943
f 1599/3112/944 1600/3111/944 1602/3113/944 1601/3114/944
f 1601/3114/945 1602/3113/945 1604/3115/945 1603/3116/945
f 1603/3116/946 1604/3115/946 1606/3117/946 1605/3118/946
f 1605/3118/947 1606/3117/947 1608/3119/947 1607/3120/947
f 1607/3120/948 1608/3119/948 1610/3121/948 1609/3122/948
f 1609/3122/949 1610/3121/949 1612/3123/949 1611/3124/949
f 1611/3124/950 1612/3123/950 1614/3125/950 1613/3126/950
f 1613/3126/951 1614/3125/951 1616/3127/951 1615/3128/951
f 1615/3128/952 1616/3127/952 1618/3129/952 1617/3130/952
f 1617/3130/953 1618/3129/953 1620/3131/953 1619/3132/953
f 1619/3132/954 1620/3131/954 1622/3133/954 1621/3134/954
f 1621/3134/955 1622/3133/955 1624/3135/955 1623/3136/955
f 1623/3136/956 1624/3135/956 1626/3137/956 1625/3138/956
f 1625/3138/957 1626/3137/957 1628/3139/957 1627/3140/957
f 1627/3140/958 1628/3139/958 1630/3141/958 1629/3142/958
f 1629/3142/959 1630/3141/959 1632/3143/959 1631/3144/959
f 1631/3144/960 1632/3143/960 1634/3145/960 1633/3146/960
f 1633/3146/961 1634/3145/961 1636/3147/961 1635/3148/961
f 1635/3148/962 1636/3147/962 1638/3149/962 1637/3150/962
f 1637/3150/963 1638/3149/963 1640/3151/963 1639/3152/963
f 1639/3152/964 1640/3151/964 1642/3153/964 1641/3154/964
f 1641/3154/965 1642/3153/965 1644/3155/965 1643/3156/965
f 1643/3156/966 1644/3155/966 1646/3157/966 1645/3158/966
f 1588/3159/967 1586/3160/967 1648/3161/967 1646/3162/967 1644/3163/967 1642/3164/967 1640/3165/967 1638/3166/967 1636/3167/967 1634/3168/967 1632/3169/967 1630/3170/967 1628/3171/967 1626/3172/967 1624/3173/967 1622/3174/967 1620/3175/967 1618/3176/967 1616/3177/967 1614/3178/967 1612/3179/967 1610/3180/967 1608/3181/967 1606/3182/967 1604/3183/967 1602/3184/967 1600/3185/967 1598/3186/967 1596/3187/967 1594/3188/967 1592/3189/967 1590/3190/967
f 1645/3158/968 1646/3157/968 1648/3191/968 1647/3192/968
f 1647/3192/969 1648/3191/969 1586/3193/969 1585/3194/969
f 1585/3195/970 1587/3196/970 1589/3197/970 1591/3198/970 1593/3199/970 1595/3200/970 1597/3201/970 1599/3202/970 1601/3203/970 1603/3204/970 1605/3205/970 1607/3206/970 1609/3207/970 1611/3208/970 1613/3209/970 1615/3210/970 1617/3211/970 1619/3212/970 1621/3213/970 1623/3214/970 1625/3215/970 1627/3216/970 1629/3217/970 1631/3218/970 1633/3219/970 1635/3220/970 1637/3221/970 1639/3222/970 1641/3223/970 1643/3224/970 1645/3225/970 1647/3226/970
o Sink
v 3.800000 0.700000 -3.100000
v 3.800000 0.900000 -3.100000
v 3.800000 0.700000 -3.900000
v 3.800000 0.900000 -3.900000
v 4.800000 0.700000 -3.100000
v 4.800000 0.900000 -3.100000
v 4.800000 0.700000 -3.900000
v 4.800000 0.900000 -3.900000
vn -1.0000 -0.0000 -0.0000
vn -0.0000 -0.0000 -1.0000
vn 1.0000 -0.0000 -0.0000
vn -0.0000 -0.0000 1.0000
vn -0.0000 -1.0000 -0.0000
vn -0.0000 1.0000 -0.0000
vt 0.375000 0.000000
vt 0.625000 0.000000
vt 0.625000 0.250000
vt 0.375000 0.250000
vt 0.625000 0.500000
vt 0.375000 0.500000
vt 0.625000 0.750000
vt 0.375000 0.750000
vt 0.625000 1.000000
vt 0.375000 1.000000
vt 0.125000 0.500000
vt 0.125000 0.750000
vt 0.875000 0.500000
vt 0.875000 0.750000
s 0
usemtl Cream
f 1649/3227/971 1650/3228/971 1652/3229/971 1651/3230/971
f 1651/3230/972 1652/3229/972 1656/3231/972 1655/3232/972
f 1655/3232/973 1656/3231/973 1654/3233/973 1653/3234/973
f 1653/3234/974 1654/3233/974 1650/3235/974 1649/3236/974
f 1651/3237/975 1655/3232/975 1653/3234/975 1649/3238/975
f 1656/3231/976 1652/3239/976 1650/3240/976 1654/3233/976
o SinkMirror
v 4.550000 0.900000 -3.100000
v 4.550000 2.100000 -3.100000
v 4.550000 0.900000 -3.900000
v 4.550000 2.100000 -3.900000
v 4.650000 0.900000 -3.100000
v 4.650000 2.100000 -3.100000
v 4.650000 0.900000 -3.900000
v 4.650000 2.100000 -3.900000
vn -1.0000 -0.0000 -0.0000
vn -0.0000 -0.0000 -1.0000
vn 1.0000 -0.0000 -0.0000
vn -0.0000 -0.0000 1.0000
vn -0.0000 -1.0000 -0.0000
vn -0.0000 1.0000 -0.0000
vt 0.375000 0.000000
vt 0.625000 0.000000
vt 0.625000 0.250000
vt 0.375000 0.250000
vt 0.625000 0.500000
vt 0.375000 0.500000
vt 0.625000 0.750000
vt 0.375000 0.750000
vt 0.625000 1.000000
vt 0.375000 1.000000
vt 0.125000 0.500000
vt 0.125000 0.750000
vt 0.875000 0.500000
vt 0.875000 0.750000
s 0
usemtl MirrorSilver
f 1657/3241/977 1658/3242/977 1660/3243/977 1659/3244/977
f 1659/3244/978 1660/3243/978 1664/3245/978 1663/3246/978
f 1663/3246/979 1664/3245/979 1662/3247/979 1661/3248/979
f 1661/3248/980 1662/3247/980 1658/3249/980 1657/3250/980
f 1659/3251/981 1663/3246/981 1661/3248/981 1657/3252/981
f 1664/3245/982 1660/3253/982 1658/3254/982 1662/3247/982
o StorageCabinet
v -4.800000 -1.000000 -3.700000
v -4.800000 3.000000 -3.700000
v -4.800000 -1.000000 -5.300000
v -4.800000 3.000000 -5.300000
v -3.600000 -1.000000 -3.700000
v -3.600000 3.000000 -3.700000
v -3.600000 -1.000000 -5.300000
v -3.600000 3.000000 -5.300000
vn -1.0000 -0.0000 -0.0000
vn -0.0000 -0.0000 -1.0000
vn 1.0000 -0.0000 -0.0000
vn -0.0000 -0.0000 1.0000
vn -0.0000 -1.0000 -0.0000
vn -0.0000 1.0000 -0.0000
vt 0.375000 0.000000
vt 0.625000 0.000000
vt 0.625000 0.250000
vt 0.375000 0.250000
vt 0.625000 0.500000
vt 0.375000 0.500000
vt 0.625000 0.750000
vt 0.375000 0.750000
vt 0.625000 1.000000
vt 0.375000 1.000000
vt 0.125000 0.500000
vt 0.125000 0.750000
vt 0.875000 0.500000
vt 0.875000 0.750000
s 0
usemtl WarmWood
f 1665/3255/983 1666/3256/983 1668/3257/983 1667/3258/983
f 1667/3258/984 1668/3257/984 1672/3259/984 1671/3260/984
f 1671/3260/985 1672/3259/985 1670/3261/985 1669/3262/985
f 1669/3262/986 1670/3261/986 1666/3263/986 1665/3264/986
f 1667/3265/987 1671/3260/987 1669/3262/987 1665/3266/987
f 1672/3259/988 1668/3267/988 1666/3268/988 1670/3261/988
o YogaBall1
v -0.500000 0.732588 -4.022228
v -0.500000 0.622228 -4.132588
v -0.500000 0.478036 -4.192314
v -0.500000 0.400000 -4.200000
v -0.500000 0.321964 -4.192314
v -0.500000 0.177772 -4.132588
v -0.484776 0.792314 -3.876537
v -0.470137 0.769552 -3.950132
v -0.456645 0.732588 -4.017958
v -0.444820 0.682843 -4.077408
v -0.435115 0.622228 -4.126197
v -0.427904 0.553073 -4.162451
v -0.423463 0.478036 -4.184776
v -0.421964 0.400000 -4.192314
v -0.423463 0.321964 -4.184776
v -0.427904 0.246927 -4.162451
v -0.435115 0.177772 -4.126197
v -0.444820 0.117157 -4.077408
v -0.456645 0.067412 -4.017958
v -0.470137 0.030448 -3.950132
v -0.484776 0.007686 -3.876537
v -0.470137 0.792314 -3.872096
v -0.441421 0.769552 -3.941421
v -0.414957 0.732588 -4.005312
v -0.391761 0.682843 -4.061313
v -0.372724 0.622228 -4.107271
v -0.358579 0.553073 -4.141421
v -0.349868 0.478036 -4.162451
v -0.346927 0.400000 -4.169552
v -0.349868 0.321964 -4.162451
v -0.358579 0.246927 -4.141421
v -0.372724 0.177772 -4.107271
v -0.391761 0.117157 -4.061313
v -0.414957 0.067412 -4.005312
v -0.441421 0.030448 -3.941421
v -0.470137 0.007686 -3.872096
v -0.456645 0.792314 -3.864885
v -0.414957 0.769552 -3.927276
v -0.376537 0.732588 -3.984776
v -0.342861 0.682843 -4.035175
v -0.315224 0.622228 -4.076537
v -0.294688 0.553073 -4.107271
v -0.282042 0.478036 -4.126197
v -0.277772 0.400000 -4.132588
v -0.282042 0.321964 -4.126197
v -0.294688 0.246927 -4.107271
v -0.315224 0.177772 -4.076537
v -0.342861 0.117157 -4.035175
v -0.376537 0.067412 -3.984776
v -0.414957 0.030448 -3.927276
v -0.456645 0.007686 -3.864885
v -0.444820 0.792314 -3.855180
v -0.391761 0.769552 -3.908239
v -0.342861 0.732588 -3.957139
v -0.300000 0.682843 -4.000000
v -0.264825 0.622228 -4.035175
v -0.238687 0.553073 -4.061313
v -0.222592 0.478036 -4.077408
v -0.217157 0.400000 -4.082843
v -0.222592 0.321964 -4.077408
v -0.238687 0.246927 -4.061313
v -0.264825 0.177772 -4.035175
v -0.300000 0.117157 -4.000000
v -0.342861 0.067412 -3.957139
v -0.391761 0.030448 -3.908239
v -0.444820 0.007686 -3.855180
v -0.435115 0.792314 -3.843354
v -0.372724 0.769552 -3.885043
v -0.315224 0.732588 -3.923463
v -0.264825 0.682843 -3.957139
v -0.223463 0.622228 -3.984776
v -0.192729 0.553073 -4.005312
v -0.173803 0.478036 -4.017958
v -0.167412 0.400000 -4.022228
v -0.173803 0.321964 -4.017958
v -0.192729 0.246927 -4.005312
v -0.223463 0.177772 -3.984776
v -0.264825 0.117157 -3.957139
v -0.315224 0.067412 -3.923463
v -0.372724 0.030448 -3.885043
v -0.435115 0.007686 -3.843354
v -0.500000 0.800000 -3.800000
v -0.427904 0.792314 -3.829863
v -0.358579 0.769552 -3.858579
v -0.294688 0.732588 -3.885043
v -0.238687 0.682843 -3.908239
v -0.192729 0.622228 -3.927276
v -0.158579 0.553073 -3.941421
v -0.137549 0.478036 -3.950132
v -0.130448 0.400000 -3.953073
v -0.137549 0.321964 -3.950132
v -0.158579 0.246927 -3.941421
v -0.192729 0.177772 -3.927276
v -0.238687 0.117157 -3.908239
v -0.294688 0.067412 -3.885043
v -0.358579 0.030448 -3.858579
v -0.427904 0.007686 -3.829863
v -0.423463 0.792314 -3.815224
v -0.349868 0.769552 -3.829863
v -0.282042 0.732588 -3.843354
v -0.222592 0.682843 -3.855180
v -0.173803 0.622228 -3.864885
v -0.137549 0.553073 -3.872096
v -0.115224 0.478036 -3.876537
v -0.107686 0.400000 -3.878036
v -0.115224 0.321964 -3.876537
v -0.137549 0.246927 -3.872096
v -0.173803 0.177772 -3.864885
v -0.222592 0.117157 -3.855180
v -0.282042 0.067412 -3.843354
v -0.349868 0.030448 -3.829863
v -0.423463 0.007686 -3.815224
v -0.421964 0.792314 -3.800000
v -0.346927 0.769552 -3.800000
v -0.277772 0.732588 -3.800000
v -0.217157 0.682843 -3.800000
v -0.167412 0.622228 -3.800000
v -0.130448 0.553073 -3.800000
v -0.107686 0.478036 -3.800000
v -0.100000 0.400000 -3.800000
v -0.107686 0.321964 -3.800000
v -0.130448 0.246927 -3.800000
v -0.167412 0.177772 -3.800000
v -0.217157 0.117157 -3.800000
v -0.277772 0.067412 -3.800000
v -0.346927 0.030448 -3.800000
v -0.421964 0.007686 -3.800000
v -0.423463 0.792314 -3.784776
v -0.349868 0.769552 -3.770137
v -0.282042 0.732588 -3.756645
v -0.222592 0.682843 -3.744820
v -0.173803 0.622228 -3.735115
v -0.137549 0.553073 -3.727904
v -0.115224 0.478036 -3.723463
v -0.107686 0.400000 -3.721964
v -0.115224 0.321964 -3.723463
v -0.137549 0.246927 -3.727904
v -0.173803 0.177772 -3.735115
v -0.222592 0.117157 -3.744820
v -0.282042 0.067412 -3.756645
v -0.349868 0.030448 -3.770137
v -0.423463 0.007686 -3.784776
v -0.427904 0.792314 -3.770137
v -0.358579 0.769552 -3.741421
v -0.294688 0.732588 -3.714957
v -0.238687 0.682843 -3.691761
v -0.192729 0.622228 -3.672724
v -0.158579 0.553073 -3.658579
v -0.137549 0.478036 -3.649868
v -0.130448 0.400000 -3.646927
v -0.137549 0.321964 -3.649868
v -0.158579 0.246927 -3.658579
v -0.192729 0.177772 -3.672724
v -0.238687 0.117157 -3.691761
v -0.294688 0.067412 -3.714957
v -0.358579 0.030448 -3.741421
v -0.427904 0.007686 -3.770137
v -0.435115 0.792314 -3.756645
v -0.372724 0.769552 -3.714957
v -0.315224 0.732588 -3.676537
v -0.264825 0.682843 -3.642861
v -0.223463 0.622228 -3.615224
v -0.192729 0.553073 -3.594688
v -0.173803 0.478036 -3.582042
v -0.167412 0.400000 -3.577772
v -0.173803 0.321964 -3.582042
v -0.192729 0.246927 -3.594688
v -0.223463 0.177772 -3.615224
v -0.264825 0.117157 -3.642861
v -0.315224 0.067412 -3.676537
v -0.372724 0.030448 -3.714957
v -0.435115 0.007686 -3.756645
v -0.444820 0.792314 -3.744820
v -0.391761 0.769552 -3.691761
v -0.342861 0.732588 -3.642861
v -0.300000 0.682843 -3.600000
v -0.264825 0.622228 -3.564825
v -0.238687 0.553073 -3.538687
v -0.222592 0.478036 -3.522592
v -0.217158 0.400000 -3.517157
v -0.222592 0.321964 -3.522592
v -0.238687 0.246927 -3.538687
v -0.264825 0.177772 -3.564825
v -0.300000 0.117157 -3.600000
v -0.342861 0.067412 -3.642861
v -0.391761 0.030448 -3.691761
v -0.444820 0.007686 -3.744820
v -0.456645 0.792314 -3.735115
v -0.414957 0.769552 -3.672724
v -0.376537 0.732588 -3.615224
v -0.342861 0.682843 -3.564825
v -0.315224 0.622228 -3.523463
v -0.294688 0.553073 -3.492729
v -0.282042 0.478036 -3.473803
v -0.277772 0.400000 -3.467412
v -0.282042 0.321964 -3.473803
v -0.294688 0.246927 -3.492729
v -0.315224 0.177772 -3.523463
v -0.342861 0.117157 -3.564825
v -0.376537 0.067412 -3.615224
v -0.414957 0.030448 -3.672724
v -0.456645 0.007686 -3.735115
v -0.470137 0.792314 -3.727904
v -0.441421 0.769552 -3.658579
v -0.414957 0.732588 -3.594688
v -0.391761 0.682843 -3.538687
v -0.372724 0.622228 -3.492729
v -0.358579 0.553073 -3.458579
v -0.349868 0.478036 -3.437549
v -0.346927 0.400000 -3.430448
v -0.349868 0.321964 -3.437549
v -0.358579 0.246927 -3.458579
v -0.372724 0.177772 -3.492729
v -0.391761 0.117157 -3.538687
v -0.414957 0.067412 -3.594688
v -0.441421 0.030448 -3.658579
v -0.470137 0.007686 -3.727904
v -0.484776 0.792314 -3.723463
v -0.470137 0.769552 -3.649868
v -0.456646 0.732588 -3.582042
v -0.444820 0.682843 -3.522592
v -0.435115 0.622228 -3.473803
v -0.427904 0.553073 -3.437549
v -0.423463 0.478036 -3.415224
v -0.421964 0.400000 -3.407686
v -0.423463 0.321964 -3.415224
v -0.427904 0.246927 -3.437549
v -0.435115 0.177772 -3.473803
v -0.444820 0.117157 -3.522592
v -0.456646 0.067412 -3.582042
v -0.470137 0.030448 -3.649868
v -0.484776 0.007686 -3.723463
v -0.500000 0.792314 -3.721964
v -0.500000 0.769552 -3.646927
v -0.500000 0.732588 -3.577772
v -0.500000 0.682843 -3.517157
v -0.500000 0.622228 -3.467412
v -0.500000 0.553073 -3.430448
v -0.500000 0.478036 -3.407686
v -0.500000 0.400000 -3.400000
v -0.500000 0.321964 -3.407686
v -0.500000 0.246927 -3.430448
v -0.500000 0.177772 -3.467412
v -0.500000 0.117157 -3.517157
v -0.500000 0.067412 -3.577772
v -0.500000 0.030448 -3.646927
v -0.500000 0.007686 -3.721964
v -0.515224 0.792314 -3.723463
v -0.529863 0.769552 -3.649868
v -0.543355 0.732588 -3.582042
v -0.555180 0.682843 -3.522592
v -0.564885 0.622228 -3.473803
v -0.572096 0.553073 -3.437549
v -0.576537 0.478036 -3.415224
v -0.578036 0.400000 -3.407686
v -0.576537 0.321964 -3.415224
v -0.572096 0.246927 -3.437549
v -0.564885 0.177772 -3.473803
v -0.555180 0.117157 -3.522592
v -0.543355 0.067412 -3.582042
v -0.529863 0.030448 -3.649868
v -0.515224 0.007686 -3.723463
v -0.529863 0.792314 -3.727904
v -0.558579 0.769552 -3.658579
v -0.585043 0.732588 -3.594688
v -0.608239 0.682843 -3.538687
v -0.627276 0.622228 -3.492729
v -0.641421 0.553073 -3.458579
v -0.650132 0.478036 -3.437549
v -0.653073 0.400000 -3.430449
v -0.650132 0.321964 -3.437549
v -0.641421 0.246927 -3.458579
v -0.627276 0.177772 -3.492729
v -0.608239 0.117157 -3.538687
v -0.585043 0.067412 -3.594688
v -0.558579 0.030448 -3.658579
v -0.529863 0.007686 -3.727904
v -0.543355 0.792314 -3.735115
v -0.585043 0.769552 -3.672724
v -0.623463 0.732588 -3.615224
v -0.657139 0.682843 -3.564825
v -0.684776 0.622228 -3.523463
v -0.705312 0.553073 -3.492729
v -0.717958 0.478036 -3.473803
v -0.722228 0.400000 -3.467412
v -0.717958 0.321964 -3.473803
v -0.705312 0.246927 -3.492729
v -0.684776 0.177772 -3.523463
v -0.657139 0.117157 -3.564825
v -0.623463 0.067412 -3.615224
v -0.585043 0.030448 -3.672724
v -0.543355 0.007686 -3.735115
v -0.555180 0.792314 -3.744820
v -0.608239 0.769552 -3.691761
v -0.657139 0.732588 -3.642861
v -0.700000 0.682843 -3.600000
v -0.735175 0.622228 -3.564825
v -0.761312 0.553073 -3.538687
v -0.777408 0.478036 -3.522592
v -0.782843 0.400000 -3.517158
v -0.777408 0.321964 -3.522592
v -0.761312 0.246927 -3.538687
v -0.735175 0.177772 -3.564825
v -0.700000 0.117157 -3.600000
v -0.657139 0.067412 -3.642861
v -0.608239 0.030448 -3.691761
v -0.555180 0.007686 -3.744820
v -0.500000 0.000000 -3.800000
v -0.564885 0.792314 -3.756645
v -0.627276 0.769552 -3.714957
v -0.684776 0.732588 -3.676537
v -0.735175 0.682843 -3.642861
v -0.776537 0.622228 -3.615224
v -0.807271 0.553073 -3.594688
v -0.826197 0.478036 -3.582042
v -0.832588 0.400000 -3.577772
v -0.826197 0.321964 -3.582042
v -0.807271 0.246927 -3.594688
v -0.776537 0.177772 -3.615224
v -0.735175 0.117157 -3.642861
v -0.684776 0.067412 -3.676537
v -0.627276 0.030448 -3.714957
v -0.564885 0.007686 -3.756645
v -0.572096 0.792314 -3.770137
v -0.641421 0.769552 -3.741421
v -0.705312 0.732588 -3.714957
v -0.761313 0.682843 -3.691761
v -0.807271 0.622228 -3.672724
v -0.841421 0.553073 -3.658579
v -0.862451 0.478036 -3.649868
v -0.869552 0.400000 -3.646927
v -0.862451 0.321964 -3.649868
v -0.841421 0.246927 -3.658579
v -0.807271 0.177772 -3.672724
v -0.761313 0.117157 -3.691761
v -0.705312 0.067412 -3.714957
v -0.641421 0.030448 -3.741421
v -0.572096 0.007686 -3.770137
v -0.576537 0.792314 -3.784776
v -0.650132 0.769552 -3.770137
v -0.717958 0.732588 -3.756645
v -0.777408 0.682843 -3.744820
v -0.826197 0.622228 -3.735115
v -0.862451 0.553073 -3.727904
v -0.884776 0.478036 -3.723463
v -0.892314 0.400000 -3.721964
v -0.884776 0.321964 -3.723463
v -0.862451 0.246927 -3.727904
v -0.826197 0.177772 -3.735115
v -0.777408 0.117157 -3.744820
v -0.717958 0.067412 -3.756645
v -0.650132 0.030448 -3.770137
v -0.576537 0.007686 -3.784776
v -0.578036 0.792314 -3.800000
v -0.653073 0.769552 -3.800000
v -0.722228 0.732588 -3.800000
v -0.782843 0.682843 -3.800000
v -0.832588 0.622228 -3.800000
v -0.869552 0.553073 -3.800000
v -0.892314 0.478036 -3.800000
v -0.900000 0.400000 -3.800000
v -0.892314 0.321964 -3.800000
v -0.869552 0.246927 -3.800000
v -0.832588 0.177772 -3.800000
v -0.782843 0.117157 -3.800000
v -0.722228 0.067412 -3.800000
v -0.653073 0.030448 -3.800000
v -0.578036 0.007686 -3.800000
v -0.576537 0.792314 -3.815224
v -0.650132 0.769552 -3.829863
v -0.717958 0.732588 -3.843354
v -0.777408 0.682843 -3.855180
v -0.826197 0.622228 -3.864885
v -0.862451 0.553073 -3.872096
v -0.884776 0.478036 -3.876537
v -0.892314 0.400000 -3.878036
v -0.884776 0.321964 -3.876537
v -0.862451 0.246927 -3.872096
v -0.826197 0.177772 -3.864885
v -0.777408 0.117157 -3.855180
v -0.717958 0.067412 -3.843354
v -0.650132 0.030448 -3.829863
v -0.576537 0.007686 -3.815224
v -0.572096 0.792314 -3.829863
v -0.641421 0.769552 -3.858579
v -0.705312 0.732588 -3.885043
v -0.761312 0.682843 -3.908239
v -0.807271 0.622228 -3.927276
v -0.841421 0.553073 -3.941421
v -0.862451 0.478036 -3.950132
v -0.869551 0.400000 -3.953073
v -0.862451 0.321964 -3.950132
v -0.841421 0.246927 -3.941421
v -0.807271 0.177772 -3.927276
v -0.761312 0.117157 -3.908239
v -0.705312 0.067412 -3.885043
v -0.641421 0.030448 -3.858579
v -0.572096 0.007686 -3.829863
v -0.564885 0.792314 -3.843354
v -0.627276 0.769552 -3.885043
v -0.684776 0.732588 -3.923463
v -0.735175 0.682843 -3.957139
v -0.776536 0.622228 -3.984776
v -0.807271 0.553073 -4.005312
v -0.826197 0.478036 -4.017958
v -0.832587 0.400000 -4.022228
v -0.826197 0.321964 -4.017958
v -0.807271 0.246927 -4.005312
v -0.776536 0.177772 -3.984776
v -0.735175 0.117157 -3.957139
v -0.684776 0.067412 -3.923463
v -0.627276 0.030448 -3.885043
v -0.564885 0.007686 -3.843354
v -0.555180 0.792314 -3.855180
v -0.608239 0.769552 -3.908239
v -0.657139 0.732588 -3.957139
v -0.700000 0.682843 -4.000000
v -0.735175 0.622228 -4.035175
v -0.761312 0.553073 -4.061312
v -0.777408 0.478036 -4.077408
v -0.782842 0.400000 -4.082842
v -0.777408 0.321964 -4.077408
v -0.761312 0.246927 -4.061312
v -0.735175 0.177772 -4.035175
v -0.700000 0.117157 -4.000000
v -0.657139 0.067412 -3.957139
v -0.608239 0.030448 -3.908239
v -0.555180 0.007686 -3.855180
v -0.543355 0.792314 -3.864885
v -0.585043 0.769552 -3.927276
v -0.623463 0.732588 -3.984776
v -0.657139 0.682843 -4.035175
v -0.684776 0.622228 -4.076537
v -0.705312 0.553073 -4.107271
v -0.717958 0.478036 -4.126197
v -0.722228 0.400000 -4.132587
v -0.717958 0.321964 -4.126197
v -0.705312 0.246927 -4.107271
v -0.684776 0.177772 -4.076537
v -0.657139 0.117157 -4.035175
v -0.623463 0.067412 -3.984776
v -0.585043 0.030448 -3.927276
v -0.543355 0.007686 -3.864885
v -0.529863 0.792314 -3.872096
v -0.558579 0.769552 -3.941421
v -0.585043 0.732588 -4.005312
v -0.608239 0.682843 -4.061313
v -0.627276 0.622228 -4.107271
v -0.641421 0.553073 -4.141421
v -0.650132 0.478036 -4.162451
v -0.653073 0.400000 -4.169551
v -0.650132 0.321964 -4.162451
v -0.641421 0.246927 -4.141421
v -0.627276 0.177772 -4.107271
v -0.608239 0.117157 -4.061313
v -0.585043 0.067412 -4.005312
v -0.558579 0.030448 -3.941421
v -0.529863 0.007686 -3.872096
v -0.515224 0.792314 -3.876537
v -0.529863 0.769552 -3.950132
v -0.543354 0.732588 -4.017958
v -0.555180 0.682843 -4.077408
v -0.564885 0.622228 -4.126197
v -0.572096 0.553073 -4.162451
v -0.576537 0.478036 -4.184776
v -0.578036 0.400000 -4.192314
v -0.576537 0.321964 -4.184776
v -0.572096 0.246927 -4.162451
v -0.564885 0.177772 -4.126197
v -0.555180 0.117157 -4.077408
v -0.543354 0.067412 -4.017958
v -0.529863 0.030448 -3.950132
v -0.515224 0.007686 -3.876537
v -0.500000 0.792314 -3.878036
v -0.500000 0.769552 -3.953073
v -0.500000 0.682843 -4.082843
v -0.500000 0.553073 -4.169551
v -0.500000 0.246927 -4.169551
v -0.500000 0.117157 -4.082843
v -0.500000 0.067412 -4.022228
v -0.500000 0.030448 -3.953073
v -0.500000 0.007686 -3.878036
vn 0.0097 -0.9951 -0.0980
vn 0.0975 -0.0975 -0.9904
vn 0.0286 0.9565 -0.2902
vn 0.0938 -0.2890 -0.9527
vn 0.0464 0.8810 -0.4709
vn 0.0865 -0.4696 -0.8786
vn 0.0624 0.7715 -0.6332
vn 0.0759 -0.6326 -0.7708
vn 0.0759 0.6326 -0.7708
vn 0.0624 -0.7715 -0.6332
vn 0.0865 0.4696 -0.8786
vn 0.0464 -0.8810 -0.4709
vn 0.0938 0.2890 -0.9527
vn 0.0286 -0.9565 -0.2902
vn 0.0975 0.0975 -0.9904
vn 0.0097 0.9951 -0.0980
vn 0.0846 -0.9565 -0.2790
vn 0.2889 0.0976 -0.9524
vn 0.0286 0.9951 -0.0942
vn 0.0286 -0.9951 -0.0942
vn 0.2889 -0.0976 -0.9524
vn 0.0846 0.9565 -0.2790
vn 0.2779 -0.2890 -0.9161
vn 0.1374 0.8810 -0.4528
vn 0.2563 -0.4696 -0.8448
vn 0.1847 0.7715 -0.6088
vn 0.2248 -0.6326 -0.7412
vn 0.2248 0.6326 -0.7412
vn 0.1847 -0.7715 -0.6088
vn 0.2563 0.4696 -0.8448
vn 0.1374 -0.8810 -0.4528
vn 0.2779 0.2890 -0.9161
vn 0.2999 0.7715 -0.5611
vn 0.3651 -0.6326 -0.6831
vn 0.3651 0.6326 -0.6831
vn 0.2999 -0.7715 -0.5611
vn 0.4162 0.4696 -0.7786
vn 0.2230 -0.8810 -0.4173
vn 0.4513 0.2890 -0.8443
vn 0.1374 -0.9565 -0.2571
vn 0.4691 0.0975 -0.8777
vn 0.0464 0.9951 -0.0869
vn 0.0464 -0.9951 -0.0869
vn 0.4691 -0.0975 -0.8777
vn 0.1374 0.9565 -0.2571
vn 0.4513 -0.2890 -0.8443
vn 0.2230 0.8810 -0.4173
vn 0.4162 -0.4696 -0.7786
vn 0.6314 0.0975 -0.7693
vn 0.0625 0.9951 -0.0761
vn 0.0625 -0.9951 -0.0761
vn 0.6314 -0.0975 -0.7693
vn 0.1850 0.9565 -0.2254
vn 0.6073 -0.2890 -0.7400
vn 0.3002 0.8810 -0.3658
vn 0.5601 -0.4696 -0.6825
vn 0.4036 0.7715 -0.4918
vn 0.4913 -0.6326 -0.5987
vn 0.4913 0.6326 -0.5987
vn 0.4036 -0.7715 -0.4918
vn 0.5601 0.4696 -0.6825
vn 0.3002 -0.8810 -0.3658
vn 0.6073 0.2890 -0.7400
vn 0.1850 -0.9565 -0.2254
vn 0.5987 -0.6326 -0.4913
vn 0.5987 0.6326 -0.4913
vn 0.4918 -0.7715 -0.4036
vn 0.6825 0.4696 -0.5601
vn 0.3658 -0.8810 -0.3002
vn 0.7400 0.2890 -0.6073
vn 0.2254 -0.9565 -0.1850
vn 0.7693 0.0975 -0.6314
vn 0.0761 0.9951 -0.0625
vn 0.0761 -0.9951 -0.0625
vn 0.7693 -0.0975 -0.6314
vn 0.2254 0.9565 -0.1850
vn 0.7400 -0.2890 -0.6073
vn 0.3658 0.8810 -0.3002
vn 0.6825 -0.4696 -0.5601
vn 0.4918 0.7715 -0.4036
vn 0.0869 -0.9951 -0.0464
vn 0.8777 -0.0975 -0.4691
vn 0.2571 0.9565 -0.1374
vn 0.8443 -0.2890 -0.4513
vn 0.4173 0.8810 -0.2230
vn 0.7786 -0.4696 -0.4162
vn 0.5611 0.7715 -0.2999
vn 0.6831 -0.6326 -0.3651
vn 0.6831 0.6326 -0.3651
vn 0.5611 -0.7715 -0.2999
vn 0.7786 0.4696 -0.4162
vn 0.4173 -0.8810 -0.2230
vn 0.8443 0.2890 -0.4513
vn 0.2571 -0.9565 -0.1374
vn 0.8777 0.0975 -0.4691
vn 0.0869 0.9951 -0.0464
vn 0.6088 -0.7715 -0.1847
vn 0.8448 0.4696 -0.2563
vn 0.4528 -0.8810 -0.1374
vn 0.9161 0.2890 -0.2779
vn 0.2790 -0.9565 -0.0846
vn 0.9524 0.0975 -0.2889
vn 0.0942 0.9951 -0.0286
vn 0.0942 -0.9951 -0.0286
vn 0.9524 -0.0975 -0.2889
vn 0.2790 0.9565 -0.0846
vn 0.9161 -0.2890 -0.2779
vn 0.4528 0.8810 -0.1374
vn 0.8448 -0.4696 -0.2563
vn 0.6088 0.7715 -0.1847
vn 0.7412 -0.6326 -0.2248
vn 0.7412 0.6326 -0.2248
vn 0.2902 0.9565 -0.0286
vn 0.9527 -0.2890 -0.0938
vn 0.4709 0.8810 -0.0464
vn 0.8786 -0.4696 -0.0865
vn 0.6332 0.7715 -0.0624
vn 0.7708 -0.6326 -0.0759
vn 0.7708 0.6326 -0.0759
vn 0.6332 -0.7715 -0.0624
vn 0.8786 0.4696 -0.0865
vn 0.4709 -0.8810 -0.0464
vn 0.9527 0.2890 -0.0938
vn 0.2902 -0.9565 -0.0286
vn 0.9904 0.0975 -0.0975
vn 0.0980 0.9951 -0.0097
vn 0.0980 -0.9951 -0.0097
vn 0.9904 -0.0975 -0.0975
vn 0.8786 0.4696 0.0865
vn 0.4709 -0.8810 0.0464
vn 0.9527 0.2890 0.0938
vn 0.2902 -0.9565 0.0286
vn 0.9904 0.0975 0.0976
vn 0.0980 0.9951 0.0097
vn 0.0980 -0.9951 0.0097
vn 0.9904 -0.0975 0.0976
vn 0.2902 0.9565 0.0286
vn 0.9527 -0.2890 0.0938
vn 0.4709 0.8810 0.0464
vn 0.8786 -0.4696 0.0865
vn 0.6332 0.7715 0.0624
vn 0.7708 -0.6326 0.0759
vn 0.7708 0.6326 0.0759
vn 0.6332 -0.7715 0.0624
vn 0.9161 -0.2890 0.2779
vn 0.4528 0.8810 0.1374
vn 0.8448 -0.4696 0.2563
vn 0.6088 0.7715 0.1847
vn 0.7412 -0.6326 0.2248
vn 0.7412 0.6326 0.2248
vn 0.6088 -0.7715 0.1847
vn 0.8448 0.4696 0.2563
vn 0.4528 -0.8810 0.1374
vn 0.9161 0.2890 0.2779
vn 0.2790 -0.9565 0.0846
vn 0.9524 0.0975 0.2889
vn 0.0942 0.9951 0.0286
vn 0.0942 -0.9951 0.0286
vn 0.9524 -0.0975 0.2889
vn 0.2790 0.9565 0.0846
vn 0.4173 -0.8810 0.2230
vn 0.8443 0.2890 0.4513
vn 0.2571 -0.9565 0.1374
vn 0.8777 0.0975 0.4691
vn 0.0869 0.9951 0.0464
vn 0.0869 -0.9951 0.0464
vn 0.8777 -0.0975 0.4691
vn 0.2571 0.9565 0.1374
vn 0.8443 -0.2890 0.4513
vn 0.4173 0.8810 0.2230
vn 0.7786 -0.4696 0.4162
vn 0.5611 0.7715 0.2999
vn 0.6831 -0.6326 0.3651
vn 0.6831 0.6326 0.3651
vn 0.5611 -0.7715 0.2999
vn 0.7786 0.4696 0.4162
vn 0.3658 0.8810 0.3002
vn 0.6825 -0.4696 0.5601
vn 0.4918 0.7715 0.4036
vn 0.5987 -0.6326 0.4913
vn 0.5987 0.6326 0.4913
vn 0.4918 -0.7715 0.4036
vn 0.6825 0.4696 0.5601
vn 0.3658 -0.8810 0.3002
vn 0.7400 0.2890 0.6073
vn 0.2254 -0.9565 0.1850
vn 0.7693 0.0975 0.6314
vn 0.0761 0.9951 0.0625
vn 0.0761 -0.9951 0.0625
vn 0.7693 -0.0975 0.6314
vn 0.2254 0.9565 0.1850
vn 0.7400 -0.2890 0.6073
vn 0.6073 0.2890 0.7400
vn 0.1850 -0.9565 0.2254
vn 0.6314 0.0975 0.7693
vn 0.0625 0.9951 0.0761
vn 0.0625 -0.9951 0.0761
vn 0.6314 -0.0975 0.7693
vn 0.1850 0.9565 0.2254
vn 0.6073 -0.2890 0.7400
vn 0.3002 0.8810 0.3658
vn 0.5601 -0.4696 0.6825
vn 0.4036 0.7715 0.4918
vn 0.4913 -0.6326 0.5987
vn 0.4913 0.6326 0.5987
vn 0.4036 -0.7715 0.4918
vn 0.5601 0.4696 0.6825
vn 0.3002 -0.8810 0.3658
vn 0.4162 -0.4696 0.7786
vn 0.2999 0.7715 0.5611
vn 0.3651 -0.6326 0.6831
vn 0.3651 0.6326 0.6831
vn 0.2999 -0.7715 0.5611
vn 0.4162 0.4696 0.7786
vn 0.2230 -0.8810 0.4173
vn 0.4513 0.2890 0.8443
vn 0.1374 -0.9565 0.2571
vn 0.4691 0.0975 0.8777
vn 0.0464 0.9951 0.0869
vn 0.0464 -0.9951 0.0869
vn 0.4691 -0.0975 0.8777
vn 0.1374 0.9565 0.2571
vn 0.4513 -0.2890 0.8443
vn 0.2230 0.8810 0.4173
vn 0.0846 -0.9565 0.2790
vn 0.2889 0.0975 0.9524
vn 0.0286 0.9951 0.0942
vn 0.0286 -0.9951 0.0942
vn 0.2889 -0.0975 0.9524
vn 0.0846 0.9565 0.2790
vn 0.2779 -0.2890 0.9161
vn 0.1374 0.8810 0.4528
vn 0.2563 -0.4696 0.8448
vn 0.1847 0.7715 0.6088
vn 0.2248 -0.6326 0.7412
vn 0.2248 0.6326 0.7412
vn 0.1847 -0.7715 0.6088
vn 0.2563 0.4696 0.8448
vn 0.1374 -0.8810 0.4528
vn 0.2779 0.2890 0.9161
vn 0.0759 -0.6326 0.7708
vn 0.0759 0.6326 0.7708
vn 0.0624 -0.7715 0.6332
vn 0.0865 0.4696 0.8786
vn 0.0464 -0.8810 0.4709
vn 0.0938 0.2890 0.9527
vn 0.0286 -0.9565 0.2902
vn 0.0975 0.0975 0.9904
vn 0.0097 0.9951 0.0980
vn 0.0097 -0.9951 0.0980
vn 0.0975 -0.0975 0.9904
vn 0.0286 0.9565 0.2902
vn 0.0938 -0.2890 0.9527
vn 0.0464 0.8810 0.4709
vn 0.0865 -0.4696 0.8786
vn 0.0624 0.7715 0.6332
vn -0.0097 0.9951 0.0980
vn -0.0097 -0.9951 0.0980
vn -0.0976 -0.0975 0.9904
vn -0.0286 0.9565 0.2902
vn -0.0938 -0.2890 0.9527
vn -0.0464 0.8810 0.4709
vn -0.0865 -0.4696 0.8786
vn -0.0624 0.7715 0.6332
vn -0.0759 -0.6326 0.7708
vn -0.0759 0.6326 0.7708
vn -0.0624 -0.7715 0.6332
vn -0.0865 0.4696 0.8786
vn -0.0464 -0.8810 0.4709
vn -0.0938 0.2890 0.9527
vn -0.0286 -0.9565 0.2902
vn -0.0976 0.0975 0.9904
vn -0.2248 0.6326 0.7412
vn -0.1847 -0.7715 0.6088
vn -0.2563 0.4696 0.8448
vn -0.1374 -0.8810 0.4528
vn -0.2779 0.2890 0.9161
vn -0.0846 -0.9565 0.2790
vn -0.2889 0.0975 0.9524
vn -0.0286 0.9951 0.0942
vn -0.0286 -0.9951 0.0942
vn -0.2889 -0.0975 0.9524
vn -0.0846 0.9565 0.2790
vn -0.2779 -0.2890 0.9161
vn -0.1374 0.8810 0.4528
vn -0.2563 -0.4696 0.8448
vn -0.1847 0.7715 0.6088
vn -0.2248 -0.6326 0.7412
vn -0.4691 -0.0975 0.8777
vn -0.1374 0.9565 0.2571
vn -0.4513 -0.2890 0.8443
vn -0.2230 0.8810 0.4173
vn -0.4162 -0.4696 0.7786
vn -0.2999 0.7715 0.5611
vn -0.3651 -0.6326 0.6831
vn -0.3651 0.6326 0.6831
vn -0.2999 -0.7715 0.5611
vn -0.4162 0.4696 0.7786
vn -0.2230 -0.8810 0.4173
vn -0.4513 0.2890 0.8443
vn -0.1374 -0.9565 0.2571
vn -0.4691 0.0975 0.8777
vn -0.0464 0.9951 0.0869
vn -0.0464 -0.9951 0.0869
vn -0.4036 -0.7715 0.4918
vn -0.5601 0.4696 0.6825
vn -0.3002 -0.8810 0.3658
vn -0.6073 0.2890 0.7400
vn -0.1850 -0.9565 0.2254
vn -0.6314 0.0975 0.7693
vn -0.0625 0.9951 0.0761
vn -0.0625 -0.9951 0.0761
vn -0.6314 -0.0975 0.7693
vn -0.1850 0.9565 0.2254
vn -0.6073 -0.2890 0.7400
vn -0.3002 0.8810 0.3658
vn -0.5601 -0.4696 0.6825
vn -0.4036 0.7715 0.4918
vn -0.4913 -0.6326 0.5987
vn -0.4913 0.6326 0.5987
vn -0.2254 0.9565 0.1850
vn -0.7400 -0.2890 0.6073
vn -0.3658 0.8810 0.3002
vn -0.6825 -0.4696 0.5601
vn -0.4918 0.7715 0.4036
vn -0.5987 -0.6326 0.4913
vn -0.5987 0.6326 0.4913
vn -0.4918 -0.7715 0.4036
vn -0.6825 0.4696 0.5601
vn -0.3658 -0.8810 0.3002
vn -0.7400 0.2890 0.6073
vn -0.2254 -0.9565 0.1850
vn -0.7693 0.0975 0.6314
vn -0.0761 0.9951 0.0625
vn -0.0761 -0.9951 0.0625
vn -0.7693 -0.0975 0.6314
vn -0.7786 0.4696 0.4162
vn -0.4173 -0.8810 0.2230
vn -0.8443 0.2890 0.4513
vn -0.2571 -0.9565 0.1374
vn -0.8777 0.0975 0.4691
vn -0.0869 0.9951 0.0464
vn -0.0869 -0.9951 0.0464
vn -0.8777 -0.0975 0.4691
vn -0.2571 0.9565 0.1374
vn -0.8443 -0.2890 0.4513
vn -0.4173 0.8810 0.2230
vn -0.7786 -0.4696 0.4162
vn -0.5611 0.7715 0.2999
vn -0.6831 -0.6326 0.3651
vn -0.6831 0.6326 0.3651
vn -0.5611 -0.7715 0.2999
vn -0.9161 -0.2890 0.2779
vn -0.4528 0.8810 0.1374
vn -0.8448 -0.4696 0.2563
vn -0.6088 0.7715 0.1847
vn -0.7412 -0.6326 0.2248
vn -0.7412 0.6326 0.2248
vn -0.6088 -0.7715 0.1847
vn -0.8448 0.4696 0.2563
vn -0.4528 -0.8810 0.1374
vn -0.9161 0.2890 0.2779
vn -0.2790 -0.9565 0.0846
vn -0.9524 0.0975 0.2889
vn -0.0942 0.9951 0.0286
vn -0.0942 -0.9951 0.0286
vn -0.9524 -0.0975 0.2889
vn -0.2790 0.9565 0.0846
vn -0.4709 -0.8810 0.0464
vn -0.9527 0.2890 0.0938
vn -0.2902 -0.9565 0.0286
vn -0.9904 0.0975 0.0975
vn -0.0980 0.9951 0.0097
vn -0.0980 -0.9951 0.0097
vn -0.9904 -0.0975 0.0975
vn -0.2902 0.9565 0.0286
vn -0.9527 -0.2890 0.0938
vn -0.4709 0.8810 0.0464
vn -0.8786 -0.4696 0.0865
vn -0.6332 0.7715 0.0624
vn -0.7708 -0.6326 0.0759
vn -0.7708 0.6326 0.0759
vn -0.6332 -0.7715 0.0624
vn -0.8786 0.4696 0.0865
vn -0.8786 -0.4696 -0.0865
vn -0.6332 0.7715 -0.0624
vn -0.7708 -0.6326 -0.0759
vn -0.7708 0.6326 -0.0759
vn -0.6332 -0.7715 -0.0624
vn -0.8786 0.4696 -0.0865
vn -0.4709 -0.8810 -0.0464
vn -0.9527 0.2890 -0.0938
vn -0.2902 -0.9565 -0.0286
vn -0.9904 0.0975 -0.0976
vn -0.0980 0.9951 -0.0097
vn -0.0980 -0.9951 -0.0097
vn -0.9904 -0.0975 -0.0976
vn -0.2902 0.9565 -0.0286
vn -0.9527 -0.2890 -0.0938
vn -0.4709 0.8810 -0.0464
vn -0.2790 -0.9565 -0.0846
vn -0.9524 0.0975 -0.2889
vn -0.0942 0.9951 -0.0286
vn -0.0942 -0.9951 -0.0286
vn -0.9524 -0.0975 -0.2889
vn -0.2790 0.9565 -0.0846
vn -0.9161 -0.2890 -0.2779
vn -0.4528 0.8810 -0.1374
vn -0.8448 -0.4696 -0.2563
vn -0.6088 0.7715 -0.1847
vn -0.7412 -0.6326 -0.2248
vn -0.7412 0.6326 -0.2248
vn -0.6088 -0.7715 -0.1847
vn -0.8448 0.4696 -0.2563
vn -0.4528 -0.8810 -0.1374
vn -0.9161 0.2890 -0.2779
vn -0.5611 0.7715 -0.2999
vn -0.6831 -0.6326 -0.3651
vn -0.6831 0.6326 -0.3651
vn -0.5611 -0.7715 -0.2999
vn -0.7786 0.4696 -0.4162
vn -0.4173 -0.8810 -0.2231
vn -0.8443 0.2890 -0.4513
vn -0.2571 -0.9565 -0.1374
vn -0.8777 0.0975 -0.4691
vn -0.0869 0.9951 -0.0464
vn -0.0869 -0.9951 -0.0464
vn -0.8777 -0.0975 -0.4691
vn -0.2571 0.9565 -0.1374
vn -0.8443 -0.2890 -0.4513
vn -0.4173 0.8810 -0.2231
vn -0.7786 -0.4696 -0.4162
vn -0.7693 0.0975 -0.6314
vn -0.0761 0.9951 -0.0625
vn -0.0761 -0.9951 -0.0625
vn -0.7693 -0.0975 -0.6314
vn -0.2254 0.9565 -0.1850
vn -0.7400 -0.2890 -0.6073
vn -0.3658 0.8810 -0.3002
vn -0.6825 -0.4696 -0.5601
vn -0.4918 0.7715 -0.4036
vn -0.5987 -0.6326 -0.4913
vn -0.5987 0.6326 -0.4913
vn -0.4918 -0.7715 -0.4036
vn -0.6825 0.4696 -0.5601
vn -0.3658 -0.8810 -0.3002
vn -0.7400 0.2890 -0.6073
vn -0.2254 -0.9565 -0.1850
vn -0.4913 -0.6326 -0.5987
vn -0.4913 0.6326 -0.5987
vn -0.4036 -0.7715 -0.4918
vn -0.5601 0.4696 -0.6825
vn -0.3002 -0.8810 -0.3658
vn -0.6073 0.2890 -0.7400
vn -0.1850 -0.9565 -0.2254
vn -0.6314 0.0975 -0.7693
vn -0.0625 0.9951 -0.0761
vn -0.0625 -0.9951 -0.0761
vn -0.6314 -0.0975 -0.7693
vn -0.1850 0.9565 -0.2254
vn -0.6073 -0.2890 -0.7400
vn -0.3002 0.8810 -0.3658
vn -0.5601 -0.4696 -0.6825
vn -0.4036 0.7715 -0.4918
vn -0.0464 0.9951 -0.0869
vn -0.0464 -0.9951 -0.0869
vn -0.4691 -0.0975 -0.8777
vn -0.1374 0.9565 -0.2571
vn -0.4513 -0.2890 -0.8443
vn -0.2230 0.8810 -0.4173
vn -0.4162 -0.4696 -0.7786
vn -0.2999 0.7715 -0.5611
vn -0.3651 -0.6326 -0.6831
vn -0.3651 0.6326 -0.6831
vn -0.2999 -0.7715 -0.5611
vn -0.4162 0.4696 -0.7786
vn -0.2230 -0.8810 -0.4173
vn -0.4513 0.2890 -0.8443
vn -0.1374 -0.9565 -0.2571
vn -0.4691 0.0975 -0.8777
vn -0.2248 0.6326 -0.7412
vn -0.1847 -0.7715 -0.6088
vn -0.2563 0.4696 -0.8448
vn -0.1374 -0.8810 -0.4528
vn -0.2779 0.2890 -0.9161
vn -0.0846 -0.9565 -0.2790
vn -0.2889 0.0975 -0.9524
vn -0.0286 0.9951 -0.0942
vn -0.0286 -0.9951 -0.0942
vn -0.2889 -0.0975 -0.9524
vn -0.0846 0.9565 -0.2790
vn -0.2779 -0.2890 -0.9161
vn -0.1374 0.8810 -0.4528
vn -0.2563 -0.4696 -0.8448
vn -0.1847 0.7715 -0.6088
vn -0.2248 -0.6326 -0.7412
vn -0.0976 -0.0975 -0.9904
vn -0.0286 0.9565 -0.2902
vn -0.0938 -0.2890 -0.9527
vn -0.0464 0.8810 -0.4709
vn -0.0865 -0.4696 -0.8786
vn -0.0624 0.7715 -0.6332
vn -0.0759 -0.6326 -0.7708
vn -0.0759 0.6326 -0.7708
vn -0.0624 -0.7715 -0.6332
vn -0.0865 0.4696 -0.8786
vn -0.0464 -0.8810 -0.4709
vn -0.0938 0.2890 -0.9527
vn -0.0286 -0.9565 -0.2902
vn -0.0976 0.0975 -0.9904
vn -0.0097 0.9951 -0.0980
vn -0.0097 -0.9951 -0.0980
vt 0.734375 0.000000
vt 0.750000 0.062500
vt 0.718750 0.062500
vt 0.750000 0.437500
vt 0.750000 0.500000
vt 0.718750 0.500000
vt 0.718750 0.437500
vt 0.750000 0.875000
vt 0.750000 0.937500
vt 0.718750 0.937500
vt 0.718750 0.875000
vt 0.750000 0.375000
vt 0.718750 0.375000
vt 0.750000 0.812500
vt 0.718750 0.812500
vt 0.750000 0.312500
vt 0.718750 0.312500
vt 0.750000 0.750000
vt 0.718750 0.750000
vt 0.750000 0.250000
vt 0.718750 0.250000
vt 0.750000 0.687500
vt 0.718750 0.687500
vt 0.750000 0.187500
vt 0.718750 0.187500
vt 0.750000 0.625000
vt 0.718750 0.625000
vt 0.750000 0.125000
vt 0.718750 0.125000
vt 0.750000 0.562500
vt 0.718750 0.562500
vt 0.734375 1.000000
vt 0.687500 0.125000
vt 0.687500 0.062500
vt 0.687500 0.562500
vt 0.687500 0.500000
vt 0.703125 1.000000
vt 0.687500 0.937500
vt 0.703125 0.000000
vt 0.687500 0.437500
vt 0.687500 0.875000
vt 0.687500 0.375000
vt 0.687500 0.812500
vt 0.687500 0.312500
vt 0.687500 0.750000
vt 0.687500 0.250000
vt 0.687500 0.687500
vt 0.687500 0.187500
vt 0.687500 0.625000
vt 0.656250 0.812500
vt 0.656250 0.750000
vt 0.656250 0.312500
vt 0.656250 0.250000
vt 0.656250 0.687500
vt 0.656250 0.187500
vt 0.656250 0.625000
vt 0.656250 0.125000
vt 0.656250 0.562500
vt 0.656250 0.062500
vt 0.656250 0.500000
vt 0.671875 1.000000
vt 0.656250 0.937500
vt 0.671875 0.000000
vt 0.656250 0.437500
vt 0.656250 0.875000
vt 0.656250 0.375000
vt 0.625000 0.562500
vt 0.625000 0.500000
vt 0.640625 1.000000
vt 0.625000 0.937500
vt 0.640625 0.000000
vt 0.625000 0.062500
vt 0.625000 0.437500
vt 0.625000 0.875000
vt 0.625000 0.375000
vt 0.625000 0.812500
vt 0.625000 0.312500
vt 0.625000 0.750000
vt 0.625000 0.250000
vt 0.625000 0.687500
vt 0.625000 0.187500
vt 0.625000 0.625000
vt 0.625000 0.125000
vt 0.593750 0.312500
vt 0.593750 0.250000
vt 0.593750 0.750000
vt 0.593750 0.687500
vt 0.593750 0.187500
vt 0.593750 0.625000
vt 0.593750 0.125000
vt 0.593750 0.562500
vt 0.593750 0.062500
vt 0.593750 0.500000
vt 0.609375 1.000000
vt 0.593750 0.937500
vt 0.609375 0.000000
vt 0.593750 0.437500
vt 0.593750 0.875000
vt 0.593750 0.375000
vt 0.593750 0.812500
vt 0.578125 0.000000
vt 0.562500 0.062500
vt 0.562500 0.500000
vt 0.562500 0.437500
vt 0.562500 0.937500
vt 0.562500 0.875000
vt 0.562500 0.375000
vt 0.562500 0.812500
vt 0.562500 0.312500
vt 0.562500 0.750000
vt 0.562500 0.250000
vt 0.562500 0.687500
vt 0.562500 0.187500
vt 0.562500 0.625000
vt 0.562500 0.125000
vt 0.562500 0.562500
vt 0.578125 1.000000
vt 0.531250 0.250000
vt 0.531250 0.187500
vt 0.531250 0.687500
vt 0.531250 0.625000
vt 0.531250 0.125000
vt 0.531250 0.562500
vt 0.531250 0.062500
vt 0.531250 0.500000
vt 0.546875 1.000000
vt 0.531250 0.937500
vt 0.546875 0.000000
vt 0.531250 0.437500
vt 0.531250 0.875000
vt 0.531250 0.375000
vt 0.531250 0.812500
vt 0.531250 0.312500
vt 0.531250 0.750000
vt 0.500000 0.937500
vt 0.500000 0.875000
vt 0.500000 0.437500
vt 0.500000 0.375000
vt 0.500000 0.812500
vt 0.500000 0.312500
vt 0.500000 0.750000
vt 0.500000 0.250000
vt 0.500000 0.687500
vt 0.500000 0.187500
vt 0.500000 0.625000
vt 0.500000 0.125000
vt 0.500000 0.562500
vt 0.500000 0.062500
vt 0.500000 0.500000
vt 0.515625 1.000000
vt 0.515625 0.000000
vt 0.468750 0.687500
vt 0.468750 0.625000
vt 0.468750 0.187500
vt 0.468750 0.125000
vt 0.468750 0.562500
vt 0.468750 0.062500
vt 0.468750 0.500000
vt 0.484375 1.000000
vt 0.468750 0.937500
vt 0.484375 0.000000
vt 0.468750 0.437500
vt 0.468750 0.875000
vt 0.468750 0.375000
vt 0.468750 0.812500
vt 0.468750 0.312500
vt 0.468750 0.750000
vt 0.468750 0.250000
vt 0.437500 0.437500
vt 0.437500 0.375000
vt 0.437500 0.875000
vt 0.437500 0.812500
vt 0.437500 0.312500
vt 0.437500 0.750000
vt 0.437500 0.250000
vt 0.437500 0.687500
vt 0.437500 0.187500
vt 0.437500 0.625000
vt 0.437500 0.125000
vt 0.437500 0.562500
vt 0.437500 0.062500
vt 0.437500 0.500000
vt 0.453125 1.000000
vt 0.437500 0.937500
vt 0.453125 0.000000
vt 0.406250 0.187500
vt 0.406250 0.125000
vt 0.406250 0.625000
vt 0.406250 0.562500
vt 0.406250 0.062500
vt 0.406250 0.500000
vt 0.421875 1.000000
vt 0.406250 0.937500
vt 0.421875 0.000000
vt 0.406250 0.437500
vt 0.406250 0.875000
vt 0.406250 0.375000
vt 0.406250 0.812500
vt 0.406250 0.312500
vt 0.406250 0.750000
vt 0.406250 0.250000
vt 0.406250 0.687500
vt 0.375000 0.875000
vt 0.375000 0.812500
vt 0.375000 0.375000
vt 0.375000 0.312500
vt 0.375000 0.750000
vt 0.375000 0.250000
vt 0.375000 0.687500
vt 0.375000 0.187500
vt 0.375000 0.625000
vt 0.375000 0.125000
vt 0.375000 0.562500
vt 0.375000 0.062500
vt 0.375000 0.500000
vt 0.390625 1.000000
vt 0.375000 0.937500
vt 0.390625 0.000000
vt 0.375000 0.437500
vt 0.343750 0.625000
vt 0.343750 0.562500
vt 0.343750 0.125000
vt 0.343750 0.062500
vt 0.343750 0.500000
vt 0.359375 1.000000
vt 0.343750 0.937500
vt 0.359375 0.000000
vt 0.343750 0.437500
vt 0.343750 0.875000
vt 0.343750 0.375000
vt 0.343750 0.812500
vt 0.343750 0.312500
vt 0.343750 0.750000
vt 0.343750 0.250000
vt 0.343750 0.687500
vt 0.343750 0.187500
vt 0.312500 0.375000
vt 0.312500 0.312500
vt 0.312500 0.812500
vt 0.312500 0.750000
vt 0.312500 0.250000
vt 0.312500 0.687500
vt 0.312500 0.187500
vt 0.312500 0.625000
vt 0.312500 0.125000
vt 0.312500 0.562500
vt 0.312500 0.062500
vt 0.312500 0.500000
vt 0.328125 1.000000
vt 0.312500 0.937500
vt 0.328125 0.000000
vt 0.312500 0.437500
vt 0.312500 0.875000
vt 0.281250 0.125000
vt 0.281250 0.062500
vt 0.281250 0.562500
vt 0.281250 0.500000
vt 0.296875 1.000000
vt 0.281250 0.937500
vt 0.296875 0.000000
vt 0.281250 0.437500
vt 0.281250 0.875000
vt 0.281250 0.375000
vt 0.281250 0.812500
vt 0.281250 0.312500
vt 0.281250 0.750000
vt 0.281250 0.250000
vt 0.281250 0.687500
vt 0.281250 0.187500
vt 0.281250 0.625000
vt 0.250000 0.312500
vt 0.250000 0.250000
vt 0.250000 0.750000
vt 0.250000 0.687500
vt 0.250000 0.187500
vt 0.250000 0.625000
vt 0.250000 0.125000
vt 0.250000 0.562500
vt 0.250000 0.062500
vt 0.250000 0.500000
vt 0.265625 1.000000
vt 0.250000 0.937500
vt 0.265625 0.000000
vt 0.250000 0.437500
vt 0.250000 0.875000
vt 0.250000 0.375000
vt 0.250000 0.812500
vt 0.234375 1.000000
vt 0.218750 0.937500
vt 0.234375 0.000000
vt 0.218750 0.062500
vt 0.218750 0.500000
vt 0.218750 0.437500
vt 0.218750 0.875000
vt 0.218750 0.375000
vt 0.218750 0.812500
vt 0.218750 0.312500
vt 0.218750 0.750000
vt 0.218750 0.250000
vt 0.218750 0.687500
vt 0.218750 0.187500
vt 0.218750 0.625000
vt 0.218750 0.125000
vt 0.218750 0.562500
vt 0.187500 0.750000
vt 0.187500 0.687500
vt 0.187500 0.250000
vt 0.187500 0.187500
vt 0.187500 0.625000
vt 0.187500 0.125000
vt 0.187500 0.562500
vt 0.187500 0.062500
vt 0.187500 0.500000
vt 0.203125 1.000000
vt 0.187500 0.937500
vt 0.203125 0.000000
vt 0.187500 0.437500
vt 0.187500 0.875000
vt 0.187500 0.375000
vt 0.187500 0.812500
vt 0.187500 0.312500
vt 0.156250 0.500000
vt 0.156250 0.437500
vt 0.156250 0.937500
vt 0.156250 0.875000
vt 0.156250 0.375000
vt 0.156250 0.812500
vt 0.156250 0.312500
vt 0.156250 0.750000
vt 0.156250 0.250000
vt 0.156250 0.687500
vt 0.156250 0.187500
vt 0.156250 0.625000
vt 0.156250 0.125000
vt 0.156250 0.562500
vt 0.156250 0.062500
vt 0.171875 1.000000
vt 0.171875 0.000000
vt 0.125000 0.250000
vt 0.125000 0.187500
vt 0.125000 0.687500
vt 0.125000 0.625000
vt 0.125000 0.125000
vt 0.125000 0.562500
vt 0.125000 0.062500
vt 0.125000 0.500000
vt 0.140625 1.000000
vt 0.125000 0.937500
vt 0.140625 0.000000
vt 0.125000 0.437500
vt 0.125000 0.875000
vt 0.125000 0.375000
vt 0.125000 0.812500
vt 0.125000 0.312500
vt 0.125000 0.750000
vt 0.093750 0.937500
vt 0.093750 0.875000
vt 0.093750 0.437500
vt 0.093750 0.375000
vt 0.093750 0.812500
vt 0.093750 0.312500
vt 0.093750 0.750000
vt 0.093750 0.250000
vt 0.093750 0.687500
vt 0.093750 0.187500
vt 0.093750 0.625000
vt 0.093750 0.125000
vt 0.093750 0.562500
vt 0.093750 0.062500
vt 0.093750 0.500000
vt 0.109375 1.000000
vt 0.109375 0.000000
vt 0.062500 0.687500
vt 0.062500 0.625000
vt 0.062500 0.187500
vt 0.062500 0.125000
vt 0.062500 0.562500
vt 0.062500 0.062500
vt 0.062500 0.500000
vt 0.078125 1.000000
vt 0.062500 0.937500
vt 0.078125 0.000000
vt 0.062500 0.437500
vt 0.062500 0.875000
vt 0.062500 0.375000
vt 0.062500 0.812500
vt 0.062500 0.312500
vt 0.062500 0.750000
vt 0.062500 0.250000
vt 0.031250 0.437500
vt 0.031250 0.375000
vt 0.031250 0.875000
vt 0.031250 0.812500
vt 0.031250 0.312500
vt 0.031250 0.750000
vt 0.031250 0.250000
vt 0.031250 0.687500
vt 0.031250 0.187500
vt 0.031250 0.625000
vt 0.031250 0.125000
vt 0.031250 0.562500
vt 0.031250 0.062500
vt 0.031250 0.500000
vt 0.046875 1.000000
vt 0.031250 0.937500
vt 0.046875 0.000000
vt 0.000000 0.187500
vt 0.000000 0.125000
vt 0.000000 0.625000
vt 0.000000 0.562500
vt 0.000000 0.062500
vt 0.000000 0.500000
vt 0.015625 1.000000
vt 0.000000 0.937500
vt 0.015625 0.000000
vt 0.000000 0.437500
vt 0.000000 0.875000
vt 0.000000 0.375000
vt 0.000000 0.812500
vt 0.000000 0.312500
vt 0.000000 0.750000
vt 0.000000 0.250000
vt 0.000000 0.687500
vt 1.000000 0.312500
vt 1.000000 0.375000
vt 0.968750 0.375000
vt 0.968750 0.312500
vt 1.000000 0.750000
vt 1.000000 0.812500
vt 0.968750 0.812500
vt 0.968750 0.750000
vt 1.000000 0.250000
vt 0.968750 0.250000
vt 1.000000 0.687500
vt 0.968750 0.687500
vt 1.000000 0.187500
vt 0.968750 0.187500
vt 1.000000 0.625000
vt 0.968750 0.625000
vt 1.000000 0.125000
vt 0.968750 0.125000
vt 1.000000 0.562500
vt 0.968750 0.562500
vt 1.000000 0.062500
vt 0.968750 0.062500
vt 1.000000 0.500000
vt 0.968750 0.500000
vt 1.000000 0.937500
vt 0.984375 1.000000
vt 0.968750 0.937500
vt 0.984375 0.000000
vt 1.000000 0.437500
vt 0.968750 0.437500
vt 1.000000 0.875000
vt 0.968750 0.875000
vt 0.937500 0.125000
vt 0.937500 0.062500
vt 0.937500 0.562500
vt 0.937500 0.500000
vt 0.953125 1.000000
vt 0.937500 0.937500
vt 0.953125 0.000000
vt 0.937500 0.437500
vt 0.937500 0.875000
vt 0.937500 0.375000
vt 0.937500 0.812500
vt 0.937500 0.312500
vt 0.937500 0.750000
vt 0.937500 0.250000
vt 0.937500 0.687500
vt 0.937500 0.187500
vt 0.937500 0.625000
vt 0.906250 0.812500
vt 0.906250 0.750000
vt 0.906250 0.312500
vt 0.906250 0.250000
vt 0.906250 0.687500
vt 0.906250 0.187500
vt 0.906250 0.625000
vt 0.906250 0.125000
vt 0.906250 0.562500
vt 0.906250 0.062500
vt 0.906250 0.500000
vt 0.921875 1.000000
vt 0.906250 0.937500
vt 0.921875 0.000000
vt 0.906250 0.437500
vt 0.906250 0.875000
vt 0.906250 0.375000
vt 0.875000 0.562500
vt 0.875000 0.500000
vt 0.890625 1.000000
vt 0.875000 0.937500
vt 0.890625 0.000000
vt 0.875000 0.062500
vt 0.875000 0.437500
vt 0.875000 0.875000
vt 0.875000 0.375000
vt 0.875000 0.812500
vt 0.875000 0.312500
vt 0.875000 0.750000
vt 0.875000 0.250000
vt 0.875000 0.687500
vt 0.875000 0.187500
vt 0.875000 0.625000
vt 0.875000 0.125000
vt 0.843750 0.312500
vt 0.843750 0.250000
vt 0.843750 0.750000
vt 0.843750 0.687500
vt 0.843750 0.187500
vt 0.843750 0.625000
vt 0.843750 0.125000
vt 0.843750 0.562500
vt 0.843750 0.062500
vt 0.843750 0.500000
vt 0.859375 1.000000
vt 0.843750 0.937500
vt 0.859375 0.000000
vt 0.843750 0.437500
vt 0.843750 0.875000
vt 0.843750 0.375000
vt 0.843750 0.812500
vt 0.828125 1.000000
vt 0.812500 0.937500
vt 0.828125 0.000000
vt 0.812500 0.062500
vt 0.812500 0.500000
vt 0.812500 0.437500
vt 0.812500 0.875000
vt 0.812500 0.375000
vt 0.812500 0.812500
vt 0.812500 0.312500
vt 0.812500 0.750000
vt 0.812500 0.250000
vt 0.812500 0.687500
vt 0.812500 0.187500
vt 0.812500 0.625000
vt 0.812500 0.125000
vt 0.812500 0.562500
vt 0.781250 0.750000
vt 0.781250 0.687500
vt 0.781250 0.250000
vt 0.781250 0.187500
vt 0.781250 0.625000
vt 0.781250 0.125000
vt 0.781250 0.562500
vt 0.781250 0.062500
vt 0.781250 0.500000
vt 0.796875 1.000000
vt 0.781250 0.937500
vt 0.796875 0.000000
vt 0.781250 0.437500
vt 0.781250 0.875000
vt 0.781250 0.375000
vt 0.781250 0.812500
vt 0.781250 0.312500
vt 0.765625 1.000000
vt 0.765625 0.000000
s 0
usemtl DeepRed
f 1980/3269/989 2154/3270/989 1693/3271/989
f 1677/3272/990 1676/3273/990 1686/3274/990 1687/3275/990
f 2147/3276/991 2146/3277/991 1679/3278/991 1680/3279/991
f 2150/3280/992 1677/3272/992 1687/3275/992 1688/3281/992
f 1673/3282/993 2147/3276/993 1680/3279/993 1681/3283/993
f 1678/3284/994 2150/3280/994 1688/3281/994 1689/3285/994
f 2148/3286/995 1673/3282/995 1681/3283/995 1682/3287/995
f 2151/3288/996 1678/3284/996 1689/3285/996 1690/3289/996
f 1674/3290/997 2148/3286/997 1682/3287/997 1683/3291/997
f 2152/3292/998 2151/3288/998 1690/3289/998 1691/3293/998
f 2149/3294/999 1674/3290/999 1683/3291/999 1684/3295/999
f 2153/3296/1000 2152/3292/1000 1691/3293/1000 1692/3297/1000
f 1675/3298/1001 2149/3294/1001 1684/3295/1001 1685/3299/1001
f 2154/3270/1002 2153/3296/1002 1692/3297/1002 1693/3271/1002
f 1676/3273/1003 1675/3298/1003 1685/3299/1003 1686/3274/1003
f 2146/3277/1004 1754/3300/1004 1679/3278/1004
f 1693/3271/1005 1692/3297/1005 1707/3301/1005 1708/3302/1005
f 1686/3274/1006 1685/3299/1006 1700/3303/1006 1701/3304/1006
f 1679/3278/1007 1754/3305/1007 1694/3306/1007
f 1980/3307/1008 1693/3271/1008 1708/3302/1008
f 1687/3275/1009 1686/3274/1009 1701/3304/1009 1702/3308/1009
f 1680/3279/1010 1679/3278/1010 1694/3306/1010 1695/3309/1010
f 1688/3281/1011 1687/3275/1011 1702/3308/1011 1703/3310/1011
f 1681/3283/1012 1680/3279/1012 1695/3309/1012 1696/3311/1012
f 1689/3285/1013 1688/3281/1013 1703/3310/1013 1704/3312/1013
f 1682/3287/1014 1681/3283/1014 1696/3311/1014 1697/3313/1014
f 1690/3289/1015 1689/3285/1015 1704/3312/1015 1705/3314/1015
f 1683/3291/1016 1682/3287/1016 1697/3313/1016 1698/3315/1016
f 1691/3293/1017 1690/3289/1017 1705/3314/1017 1706/3316/1017
f 1684/3295/1018 1683/3291/1018 1698/3315/1018 1699/3317/1018
f 1692/3297/1019 1691/3293/1019 1706/3316/1019 1707/3301/1019
f 1685/3299/1020 1684/3295/1020 1699/3317/1020 1700/3303/1020
f 1697/3313/1021 1696/3311/1021 1711/3318/1021 1712/3319/1021
f 1705/3314/1022 1704/3312/1022 1719/3320/1022 1720/3321/1022
f 1698/3315/1023 1697/3313/1023 1712/3319/1023 1713/3322/1023
f 1706/3316/1024 1705/3314/1024 1720/3321/1024 1721/3323/1024
f 1699/3317/1025 1698/3315/1025 1713/3322/1025 1714/3324/1025
f 1707/3301/1026 1706/3316/1026 1721/3323/1026 1722/3325/1026
f 1700/3303/1027 1699/3317/1027 1714/3324/1027 1715/3326/1027
f 1708/3302/1028 1707/3301/1028 1722/3325/1028 1723/3327/1028
f 1701/3304/1029 1700/3303/1029 1715/3326/1029 1716/3328/1029
f 1694/3306/1030 1754/3329/1030 1709/3330/1030
f 1980/3331/1031 1708/3302/1031 1723/3327/1031
f 1702/3308/1032 1701/3304/1032 1716/3328/1032 1717/3332/1032
f 1695/3309/1033 1694/3306/1033 1709/3330/1033 1710/3333/1033
f 1703/3310/1034 1702/3308/1034 1717/3332/1034 1718/3334/1034
f 1696/3311/1035 1695/3309/1035 1710/3333/1035 1711/3318/1035
f 1704/3312/1036 1703/3310/1036 1718/3334/1036 1719/3320/1036
f 1716/3328/1037 1715/3326/1037 1730/3335/1037 1731/3336/1037
f 1709/3330/1038 1754/3337/1038 1724/3338/1038
f 1980/3339/1039 1723/3327/1039 1738/3340/1039
f 1717/3332/1040 1716/3328/1040 1731/3336/1040 1732/3341/1040
f 1710/3333/1041 1709/3330/1041 1724/3338/1041 1725/3342/1041
f 1718/3334/1042 1717/3332/1042 1732/3341/1042 1733/3343/1042
f 1711/3318/1043 1710/3333/1043 1725/3342/1043 1726/3344/1043
f 1719/3320/1044 1718/3334/1044 1733/3343/1044 1734/3345/1044
f 1712/3319/1045 1711/3318/1045 1726/3344/1045 1727/3346/1045
f 1720/3321/1046 1719/3320/1046 1734/3345/1046 1735/3347/1046
f 1713/3322/1047 1712/3319/1047 1727/3346/1047 1728/3348/1047
f 1721/3323/1048 1720/3321/1048 1735/3347/1048 1736/3349/1048
f 1714/3324/1049 1713/3322/1049 1728/3348/1049 1729/3350/1049
f 1722/3325/1050 1721/3323/1050 1736/3349/1050 1737/3351/1050
f 1715/3326/1051 1714/3324/1051 1729/3350/1051 1730/3335/1051
f 1723/3327/1052 1722/3325/1052 1737/3351/1052 1738/3340/1052
f 1735/3347/1053 1734/3345/1053 1749/3352/1053 1750/3353/1053
f 1728/3348/1054 1727/3346/1054 1742/3354/1054 1743/3355/1054
f 1736/3349/1055 1735/3347/1055 1750/3353/1055 1751/3356/1055
f 1729/3350/1056 1728/3348/1056 1743/3355/1056 1744/3357/1056
f 1737/3351/1057 1736/3349/1057 1751/3356/1057 1752/3358/1057
f 1730/3335/1058 1729/3350/1058 1744/3357/1058 1745/3359/1058
f 1738/3340/1059 1737/3351/1059 1752/3358/1059 1753/3360/1059
f 1731/3336/1060 1730/3335/1060 1745/3359/1060 1746/3361/1060
f 1724/3338/1061 1754/3362/1061 1739/3363/1061
f 1980/3364/1062 1738/3340/1062 1753/3360/1062
f 1732/3341/1063 1731/3336/1063 1746/3361/1063 1747/3365/1063
f 1725/3342/1064 1724/3338/1064 1739/3363/1064 1740/3366/1064
f 1733/3343/1065 1732/3341/1065 1747/3365/1065 1748/3367/1065
f 1726/3344/1066 1725/3342/1066 1740/3366/1066 1741/3368/1066
f 1734/3345/1067 1733/3343/1067 1748/3367/1067 1749/3352/1067
f 1727/3346/1068 1726/3344/1068 1741/3368/1068 1742/3354/1068
f 1980/3369/1069 1753/3360/1069 1769/3370/1069
f 1747/3365/1070 1746/3361/1070 1762/3371/1070 1763/3372/1070
f 1740/3366/1071 1739/3363/1071 1755/3373/1071 1756/3374/1071
f 1748/3367/1072 1747/3365/1072 1763/3372/1072 1764/3375/1072
f 1741/3368/1073 1740/3366/1073 1756/3374/1073 1757/3376/1073
f 1749/3352/1074 1748/3367/1074 1764/3375/1074 1765/3377/1074
f 1742/3354/1075 1741/3368/1075 1757/3376/1075 1758/3378/1075
f 1750/3353/1076 1749/3352/1076 1765/3377/1076 1766/3379/1076
f 1743/3355/1077 1742/3354/1077 1758/3378/1077 1759/3380/1077
f 1751/3356/1078 1750/3353/1078 1766/3379/1078 1767/3381/1078
f 1744/3357/1079 1743/3355/1079 1759/3380/1079 1760/3382/1079
f 1752/3358/1080 1751/3356/1080 1767/3381/1080 1768/3383/1080
f 1745/3359/1081 1744/3357/1081 1760/3382/1081 1761/3384/1081
f 1753/3360/1082 1752/3358/1082 1768/3383/1082 1769/3370/1082
f 1746/3361/1083 1745/3359/1083 1761/3384/1083 1762/3371/1083
f 1739/3363/1084 1754/3385/1084 1755/3373/1084
f 1767/3381/1085 1766/3379/1085 1781/3386/1085 1782/3387/1085
f 1760/3382/1086 1759/3380/1086 1774/3388/1086 1775/3389/1086
f 1768/3383/1087 1767/3381/1087 1782/3387/1087 1783/3390/1087
f 1761/3384/1088 1760/3382/1088 1775/3389/1088 1776/3391/1088
f 1769/3370/1089 1768/3383/1089 1783/3390/1089 1784/3392/1089
f 1762/3371/1090 1761/3384/1090 1776/3391/1090 1777/3393/1090
f 1755/3373/1091 1754/3394/1091 1770/3395/1091
f 1980/3396/1092 1769/3370/1092 1784/3392/1092
f 1763/3372/1093 1762/3371/1093 1777/3393/1093 1778/3397/1093
f 1756/3374/1094 1755/3373/1094 1770/3395/1094 1771/3398/1094
f 1764/3375/1095 1763/3372/1095 1778/3397/1095 1779/3399/1095
f 1757/3376/1096 1756/3374/1096 1771/3398/1096 1772/3400/1096
f 1765/3377/1097 1764/3375/1097 1779/3399/1097 1780/3401/1097
f 1758/3378/1098 1757/3376/1098 1772/3400/1098 1773/3402/1098
f 1766/3379/1099 1765/3377/1099 1780/3401/1099 1781/3386/1099
f 1759/3380/1100 1758/3378/1100 1773/3402/1100 1774/3388/1100
f 1771/3398/1101 1770/3395/1101 1785/3403/1101 1786/3404/1101
f 1779/3399/1102 1778/3397/1102 1793/3405/1102 1794/3406/1102
f 1772/3400/1103 1771/3398/1103 1786/3404/1103 1787/3407/1103
f 1780/3401/1104 1779/3399/1104 1794/3406/1104 1795/3408/1104
f 1773/3402/1105 1772/3400/1105 1787/3407/1105 1788/3409/1105
f 1781/3386/1106 1780/3401/1106 1795/3408/1106 1796/3410/1106
f 1774/3388/1107 1773/3402/1107 1788/3409/1107 1789/3411/1107
f 1782/3387/1108 1781/3386/1108 1796/3410/1108 1797/3412/1108
f 1775/3389/1109 1774/3388/1109 1789/3411/1109 1790/3413/1109
f 1783/3390/1110 1782/3387/1110 1797/3412/1110 1798/3414/1110
f 1776/3391/1111 1775/3389/1111 1790/3413/1111 1791/3415/1111
f 1784/3392/1112 1783/3390/1112 1798/3414/1112 1799/3416/1112
f 1777/3393/1113 1776/3391/1113 1791/3415/1113 1792/3417/1113
f 1770/3395/1114 1754/3418/1114 1785/3403/1114
f 1980/3419/1115 1784/3392/1115 1799/3416/1115
f 1778/3397/1116 1777/3393/1116 1792/3417/1116 1793/3405/1116
f 1790/3413/1117 1789/3411/1117 1804/3420/1117 1805/3421/1117
f 1798/3414/1118 1797/3412/1118 1812/3422/1118 1813/3423/1118
f 1791/3415/1119 1790/3413/1119 1805/3421/1119 1806/3424/1119
f 1799/3416/1120 1798/3414/1120 1813/3423/1120 1814/3425/1120
f 1792/3417/1121 1791/3415/1121 1806/3424/1121 1807/3426/1121
f 1785/3403/1122 1754/3427/1122 1800/3428/1122
f 1980/3429/1123 1799/3416/1123 1814/3425/1123
f 1793/3405/1124 1792/3417/1124 1807/3426/1124 1808/3430/1124
f 1786/3404/1125 1785/3403/1125 1800/3428/1125 1801/3431/1125
f 1794/3406/1126 1793/3405/1126 1808/3430/1126 1809/3432/1126
f 1787/3407/1127 1786/3404/1127 1801/3431/1127 1802/3433/1127
f 1795/3408/1128 1794/3406/1128 1809/3432/1128 1810/3434/1128
f 1788/3409/1129 1787/3407/1129 1802/3433/1129 1803/3435/1129
f 1796/3410/1130 1795/3408/1130 1810/3434/1130 1811/3436/1130
f 1789/3411/1131 1788/3409/1131 1803/3435/1131 1804/3420/1131
f 1797/3412/1132 1796/3410/1132 1811/3436/1132 1812/3422/1132
f 1809/3432/1133 1808/3430/1133 1823/3437/1133 1824/3438/1133
f 1802/3433/1134 1801/3431/1134 1816/3439/1134 1817/3440/1134
f 1810/3434/1135 1809/3432/1135 1824/3438/1135 1825/3441/1135
f 1803/3435/1136 1802/3433/1136 1817/3440/1136 1818/3442/1136
f 1811/3436/1137 1810/3434/1137 1825/3441/1137 1826/3443/1137
f 1804/3420/1138 1803/3435/1138 1818/3442/1138 1819/3444/1138
f 1812/3422/1139 1811/3436/1139 1826/3443/1139 1827/3445/1139
f 1805/3421/1140 1804/3420/1140 1819/3444/1140 1820/3446/1140
f 1813/3423/1141 1812/3422/1141 1827/3445/1141 1828/3447/1141
f 1806/3424/1142 1805/3421/1142 1820/3446/1142 1821/3448/1142
f 1814/3425/1143 1813/3423/1143 1828/3447/1143 1829/3449/1143
f 1807/3426/1144 1806/3424/1144 1821/3448/1144 1822/3450/1144
f 1800/3428/1145 1754/3451/1145 1815/3452/1145
f 1980/3453/1146 1814/3425/1146 1829/3449/1146
f 1808/3430/1147 1807/3426/1147 1822/3450/1147 1823/3437/1147
f 1801/3431/1148 1800/3428/1148 1815/3452/1148 1816/3439/1148
f 1828/3447/1149 1827/3445/1149 1842/3454/1149 1843/3455/1149
f 1821/3448/1150 1820/3446/1150 1835/3456/1150 1836/3457/1150
f 1829/3449/1151 1828/3447/1151 1843/3455/1151 1844/3458/1151
f 1822/3450/1152 1821/3448/1152 1836/3457/1152 1837/3459/1152
f 1815/3452/1153 1754/3460/1153 1830/3461/1153
f 1980/3462/1154 1829/3449/1154 1844/3458/1154
f 1823/3437/1155 1822/3450/1155 1837/3459/1155 1838/3463/1155
f 1816/3439/1156 1815/3452/1156 1830/3461/1156 1831/3464/1156
f 1824/3438/1157 1823/3437/1157 1838/3463/1157 1839/3465/1157
f 1817/3440/1158 1816/3439/1158 1831/3464/1158 1832/3466/1158
f 1825/3441/1159 1824/3438/1159 1839/3465/1159 1840/3467/1159
f 1818/3442/1160 1817/3440/1160 1832/3466/1160 1833/3468/1160
f 1826/3443/1161 1825/3441/1161 1840/3467/1161 1841/3469/1161
f 1819/3444/1162 1818/3442/1162 1833/3468/1162 1834/3470/1162
f 1827/3445/1163 1826/3443/1163 1841/3469/1163 1842/3454/1163
f 1820/3446/1164 1819/3444/1164 1834/3470/1164 1835/3456/1164
f 1832/3466/1165 1831/3464/1165 1846/3471/1165 1847/3472/1165
f 1840/3467/1166 1839/3465/1166 1854/3473/1166 1855/3474/1166
f 1833/3468/1167 1832/3466/1167 1847/3472/1167 1848/3475/1167
f 1841/3469/1168 1840/3467/1168 1855/3474/1168 1856/3476/1168
f 1834/3470/1169 1833/3468/1169 1848/3475/1169 1849/3477/1169
f 1842/3454/1170 1841/3469/1170 1856/3476/1170 1857/3478/1170
f 1835/3456/1171 1834/3470/1171 1849/3477/1171 1850/3479/1171
f 1843/3455/1172 1842/3454/1172 1857/3478/1172 1858/3480/1172
f 1836/3457/1173 1835/3456/1173 1850/3479/1173 1851/3481/1173
f 1844/3458/1174 1843/3455/1174 1858/3480/1174 1859/3482/1174
f 1837/3459/1175 1836/3457/1175 1851/3481/1175 1852/3483/1175
f 1830/3461/1176 1754/3484/1176 1845/3485/1176
f 1980/3486/1177 1844/3458/1177 1859/3482/1177
f 1838/3463/1178 1837/3459/1178 1852/3483/1178 1853/3487/1178
f 1831/3464/1179 1830/3461/1179 1845/3485/1179 1846/3471/1179
f 1839/3465/1180 1838/3463/1180 1853/3487/1180 1854/3473/1180
f 1851/3481/1181 1850/3479/1181 1865/3488/1181 1866/3489/1181
f 1859/3482/1182 1858/3480/1182 1873/3490/1182 1874/3491/1182
f 1852/3483/1183 1851/3481/1183 1866/3489/1183 1867/3492/1183
f 1845/3485/1184 1754/3493/1184 1860/3494/1184
f 1980/3495/1185 1859/3482/1185 1874/3491/1185
f 1853/3487/1186 1852/3483/1186 1867/3492/1186 1868/3496/1186
f 1846/3471/1187 1845/3485/1187 1860/3494/1187 1861/3497/1187
f 1854/3473/1188 1853/3487/1188 1868/3496/1188 1869/3498/1188
f 1847/3472/1189 1846/3471/1189 1861/3497/1189 1862/3499/1189
f 1855/3474/1190 1854/3473/1190 1869/3498/1190 1870/3500/1190
f 1848/3475/1191 1847/3472/1191 1862/3499/1191 1863/3501/1191
f 1856/3476/1192 1855/3474/1192 1870/3500/1192 1871/3502/1192
f 1849/3477/1193 1848/3475/1193 1863/3501/1193 1864/3503/1193
f 1857/3478/1194 1856/3476/1194 1871/3502/1194 1872/3504/1194
f 1850/3479/1195 1849/3477/1195 1864/3503/1195 1865/3488/1195
f 1858/3480/1196 1857/3478/1196 1872/3504/1196 1873/3490/1196
f 1870/3500/1197 1869/3498/1197 1884/3505/1197 1885/3506/1197
f 1863/3501/1198 1862/3499/1198 1877/3507/1198 1878/3508/1198
f 1871/3502/1199 1870/3500/1199 1885/3506/1199 1886/3509/1199
f 1864/3503/1200 1863/3501/1200 1878/3508/1200 1879/3510/1200
f 1872/3504/1201 1871/3502/1201 1886/3509/1201 1887/3511/1201
f 1865/3488/1202 1864/3503/1202 1879/3510/1202 1880/3512/1202
f 1873/3490/1203 1872/3504/1203 1887/3511/1203 1888/3513/1203
f 1866/3489/1204 1865/3488/1204 1880/3512/1204 1881/3514/1204
f 1874/3491/1205 1873/3490/1205 1888/3513/1205 1889/3515/1205
f 1867/3492/1206 1866/3489/1206 1881/3514/1206 1882/3516/1206
f 1860/3494/1207 1754/3517/1207 1875/3518/1207
f 1980/3519/1208 1874/3491/1208 1889/3515/1208
f 1868/3496/1209 1867/3492/1209 1882/3516/1209 1883/3520/1209
f 1861/3497/1210 1860/3494/1210 1875/3518/1210 1876/3521/1210
f 1869/3498/1211 1868/3496/1211 1883/3520/1211 1884/3505/1211
f 1862/3499/1212 1861/3497/1212 1876/3521/1212 1877/3507/1212
f 1889/3515/1213 1888/3513/1213 1903/3522/1213 1904/3523/1213
f 1882/3516/1214 1881/3514/1214 1896/3524/1214 1897/3525/1214
f 1875/3518/1215 1754/3526/1215 1890/3527/1215
f 1980/3528/1216 1889/3515/1216 1904/3523/1216
f 1883/3520/1217 1882/3516/1217 1897/3525/1217 1898/3529/1217
f 1876/3521/1218 1875/3518/1218 1890/3527/1218 1891/3530/1218
f 1884/3505/1219 1883/3520/1219 1898/3529/1219 1899/3531/1219
f 1877/3507/1220 1876/3521/1220 1891/3530/1220 1892/3532/1220
f 1885/3506/1221 1884/3505/1221 1899/3531/1221 1900/3533/1221
f 1878/3508/1222 1877/3507/1222 1892/3532/1222 1893/3534/1222
f 1886/3509/1223 1885/3506/1223 1900/3533/1223 1901/3535/1223
f 1879/3510/1224 1878/3508/1224 1893/3534/1224 1894/3536/1224
f 1887/3511/1225 1886/3509/1225 1901/3535/1225 1902/3537/1225
f 1880/3512/1226 1879/3510/1226 1894/3536/1226 1895/3538/1226
f 1888/3513/1227 1887/3511/1227 1902/3537/1227 1903/3522/1227
f 1881/3514/1228 1880/3512/1228 1895/3538/1228 1896/3524/1228
f 1901/3535/1229 1900/3533/1229 1915/3539/1229 1916/3540/1229
f 1894/3536/1230 1893/3534/1230 1908/3541/1230 1909/3542/1230
f 1902/3537/1231 1901/3535/1231 1916/3540/1231 1917/3543/1231
f 1895/3538/1232 1894/3536/1232 1909/3542/1232 1910/3544/1232
f 1903/3522/1233 1902/3537/1233 1917/3543/1233 1918/3545/1233
f 1896/3524/1234 1895/3538/1234 1910/3544/1234 1911/3546/1234
f 1904/3523/1235 1903/3522/1235 1918/3545/1235 1919/3547/1235
f 1897/3525/1236 1896/3524/1236 1911/3546/1236 1912/3548/1236
f 1890/3527/1237 1754/3549/1237 1905/3550/1237
f 1980/3551/1238 1904/3523/1238 1919/3547/1238
f 1898/3529/1239 1897/3525/1239 1912/3548/1239 1913/3552/1239
f 1891/3530/1240 1890/3527/1240 1905/3550/1240 1906/3553/1240
f 1899/3531/1241 1898/3529/1241 1913/3552/1241 1914/3554/1241
f 1892/3532/1242 1891/3530/1242 1906/3553/1242 1907/3555/1242
f 1900/3533/1243 1899/3531/1243 1914/3554/1243 1915/3539/1243
f 1893/3534/1244 1892/3532/1244 1907/3555/1244 1908/3541/1244
f 1905/3550/1245 1754/3556/1245 1920/3557/1245
f 1980/3558/1246 1919/3547/1246 1934/3559/1246
f 1913/3552/1247 1912/3548/1247 1927/3560/1247 1928/3561/1247
f 1906/3553/1248 1905/3550/1248 1920/3557/1248 1921/3562/1248
f 1914/3554/1249 1913/3552/1249 1928/3561/1249 1929/3563/1249
f 1907/3555/1250 1906/3553/1250 1921/3562/1250 1922/3564/1250
f 1915/3539/1251 1914/3554/1251 1929/3563/1251 1930/3565/1251
f 1908/3541/1252 1907/3555/1252 1922/3564/1252 1923/3566/1252
f 1916/3540/1253 1915/3539/1253 1930/3565/1253 1931/3567/1253
f 1909/3542/1254 1908/3541/1254 1923/3566/1254 1924/3568/1254
f 1917/3543/1255 1916/3540/1255 1931/3567/1255 1932/3569/1255
f 1910/3544/1256 1909/3542/1256 1924/3568/1256 1925/3570/1256
f 1918/3545/1257 1917/3543/1257 1932/3569/1257 1933/3571/1257
f 1911/3546/1258 1910/3544/1258 1925/3570/1258 1926/3572/1258
f 1919/3547/1259 1918/3545/1259 1933/3571/1259 1934/3559/1259
f 1912/3548/1260 1911/3546/1260 1926/3572/1260 1927/3560/1260
f 1924/3568/1261 1923/3566/1261 1938/3573/1261 1939/3574/1261
f 1932/3569/1262 1931/3567/1262 1946/3575/1262 1947/3576/1262
f 1925/3570/1263 1924/3568/1263 1939/3574/1263 1940/3577/1263
f 1933/3571/1264 1932/3569/1264 1947/3576/1264 1948/3578/1264
f 1926/3572/1265 1925/3570/1265 1940/3577/1265 1941/3579/1265
f 1934/3559/1266 1933/3571/1266 1948/3578/1266 1949/3580/1266
f 1927/3560/1267 1926/3572/1267 1941/3579/1267 1942/3581/1267
f 1920/3557/1268 1754/3582/1268 1935/3583/1268
f 1980/3584/1269 1934/3559/1269 1949/3580/1269
f 1928/3561/1270 1927/3560/1270 1942/3581/1270 1943/3585/1270
f 1921/3562/1271 1920/3557/1271 1935/3583/1271 1936/3586/1271
f 1929/3563/1272 1928/3561/1272 1943/3585/1272 1944/3587/1272
f 1922/3564/1273 1921/3562/1273 1936/3586/1273 1937/3588/1273
f 1930/3565/1274 1929/3563/1274 1944/3587/1274 1945/3589/1274
f 1923/3566/1275 1922/3564/1275 1937/3588/1275 1938/3573/1275
f 1931/3567/1276 1930/3565/1276 1945/3589/1276 1946/3575/1276
f 1943/3585/1277 1942/3581/1277 1957/3590/1277 1958/3591/1277
f 1936/3586/1278 1935/3583/1278 1950/3592/1278 1951/3593/1278
f 1944/3587/1279 1943/3585/1279 1958/3591/1279 1959/3594/1279
f 1937/3588/1280 1936/3586/1280 1951/3593/1280 1952/3595/1280
f 1945/3589/1281 1944/3587/1281 1959/3594/1281 1960/3596/1281
f 1938/3573/1282 1937/3588/1282 1952/3595/1282 1953/3597/1282
f 1946/3575/1283 1945/3589/1283 1960/3596/1283 1961/3598/1283
f 1939/3574/1284 1938/3573/1284 1953/3597/1284 1954/3599/1284
f 1947/3576/1285 1946/3575/1285 1961/3598/1285 1962/3600/1285
f 1940/3577/1286 1939/3574/1286 1954/3599/1286 1955/3601/1286
f 1948/3578/1287 1947/3576/1287 1962/3600/1287 1963/3602/1287
f 1941/3579/1288 1940/3577/1288 1955/3601/1288 1956/3603/1288
f 1949/3580/1289 1948/3578/1289 1963/3602/1289 1964/3604/1289
f 1942/3581/1290 1941/3579/1290 1956/3603/1290 1957/3590/1290
f 1935/3583/1291 1754/3605/1291 1950/3592/1291
f 1980/3606/1292 1949/3580/1292 1964/3604/1292
f 1962/3600/1293 1961/3598/1293 1976/3607/1293 1977/3608/1293
f 1955/3601/1294 1954/3599/1294 1969/3609/1294 1970/3610/1294
f 1963/3602/1295 1962/3600/1295 1977/3608/1295 1978/3611/1295
f 1956/3603/1296 1955/3601/1296 1970/3610/1296 1971/3612/1296
f 1964/3604/1297 1963/3602/1297 1978/3611/1297 1979/3613/1297
f 1957/3590/1298 1956/3603/1298 1971/3612/1298 1972/3614/1298
f 1950/3592/1299 1754/3615/1299 1965/3616/1299
f 1980/3617/1300 1964/3604/1300 1979/3613/1300
f 1958/3591/1301 1957/3590/1301 1972/3614/1301 1973/3618/1301
f 1951/3593/1302 1950/3592/1302 1965/3616/1302 1966/3619/1302
f 1959/3594/1303 1958/3591/1303 1973/3618/1303 1974/3620/1303
f 1952/3595/1304 1951/3593/1304 1966/3619/1304 1967/3621/1304
f 1960/3596/1305 1959/3594/1305 1974/3620/1305 1975/3622/1305
f 1953/3597/1306 1952/3595/1306 1967/3621/1306 1968/3623/1306
f 1961/3598/1307 1960/3596/1307 1975/3622/1307 1976/3607/1307
f 1954/3599/1308 1953/3597/1308 1968/3623/1308 1969/3609/1308
f 1966/3619/1309 1965/3616/1309 1981/3624/1309 1982/3625/1309
f 1974/3620/1310 1973/3618/1310 1989/3626/1310 1990/3627/1310
f 1967/3621/1311 1966/3619/1311 1982/3625/1311 1983/3628/1311
f 1975/3622/1312 1974/3620/1312 1990/3627/1312 1991/3629/1312
f 1968/3623/1313 1967/3621/1313 1983/3628/1313 1984/3630/1313
f 1976/3607/1314 1975/3622/1314 1991/3629/1314 1992/3631/1314
f 1969/3609/1315 1968/3623/1315 1984/3630/1315 1985/3632/1315
f 1977/3608/1316 1976/3607/1316 1992/3631/1316 1993/3633/1316
f 1970/3610/1317 1969/3609/1317 1985/3632/1317 1986/3634/1317
f 1978/3611/1318 1977/3608/1318 1993/3633/1318 1994/3635/1318
f 1971/3612/1319 1970/3610/1319 1986/3634/1319 1987/3636/1319
f 1979/3613/1320 1978/3611/1320 1994/3635/1320 1995/3637/1320
f 1972/3614/1321 1971/3612/1321 1987/3636/1321 1988/3638/1321
f 1965/3616/1322 1754/3639/1322 1981/3624/1322
f 1980/3640/1323 1979/3613/1323 1995/3637/1323
f 1973/3618/1324 1972/3614/1324 1988/3638/1324 1989/3626/1324
f 1986/3634/1325 1985/3632/1325 2000/3641/1325 2001/3642/1325
f 1994/3635/1326 1993/3633/1326 2008/3643/1326 2009/3644/1326
f 1987/3636/1327 1986/3634/1327 2001/3642/1327 2002/3645/1327
f 1995/3637/1328 1994/3635/1328 2009/3644/1328 2010/3646/1328
f 1988/3638/1329 1987/3636/1329 2002/3645/1329 2003/3647/1329
f 1981/3624/1330 1754/3648/1330 1996/3649/1330
f 1980/3650/1331 1995/3637/1331 2010/3646/1331
f 1989/3626/1332 1988/3638/1332 2003/3647/1332 2004/3651/1332
f 1982/3625/1333 1981/3624/1333 1996/3649/1333 1997/3652/1333
f 1990/3627/1334 1989/3626/1334 2004/3651/1334 2005/3653/1334
f 1983/3628/1335 1982/3625/1335 1997/3652/1335 1998/3654/1335
f 1991/3629/1336 1990/3627/1336 2005/3653/1336 2006/3655/1336
f 1984/3630/1337 1983/3628/1337 1998/3654/1337 1999/3656/1337
f 1992/3631/1338 1991/3629/1338 2006/3655/1338 2007/3657/1338
f 1985/3632/1339 1984/3630/1339 1999/3656/1339 2000/3641/1339
f 1993/3633/1340 1992/3631/1340 2007/3657/1340 2008/3643/1340
f 2005/3653/1341 2004/3651/1341 2019/3658/1341 2020/3659/1341
f 1998/3654/1342 1997/3652/1342 2012/3660/1342 2013/3661/1342
f 2006/3655/1343 2005/3653/1343 2020/3659/1343 2021/3662/1343
f 1999/3656/1344 1998/3654/1344 2013/3661/1344 2014/3663/1344
f 2007/3657/1345 2006/3655/1345 2021/3662/1345 2022/3664/1345
f 2000/3641/1346 1999/3656/1346 2014/3663/1346 2015/3665/1346
f 2008/3643/1347 2007/3657/1347 2022/3664/1347 2023/3666/1347
f 2001/3642/1348 2000/3641/1348 2015/3665/1348 2016/3667/1348
f 2009/3644/1349 2008/3643/1349 2023/3666/1349 2024/3668/1349
f 2002/3645/1350 2001/3642/1350 2016/3667/1350 2017/3669/1350
f 2010/3646/1351 2009/3644/1351 2024/3668/1351 2025/3670/1351
f 2003/3647/1352 2002/3645/1352 2017/3669/1352 2018/3671/1352
f 1996/3649/1353 1754/3672/1353 2011/3673/1353
f 1980/3674/1354 2010/3646/1354 2025/3670/1354
f 2004/3651/1355 2003/3647/1355 2018/3671/1355 2019/3658/1355
f 1997/3652/1356 1996/3649/1356 2011/3673/1356 2012/3660/1356
f 2024/3668/1357 2023/3666/1357 2038/3675/1357 2039/3676/1357
f 2017/3669/1358 2016/3667/1358 2031/3677/1358 2032/3678/1358
f 2025/3670/1359 2024/3668/1359 2039/3676/1359 2040/3679/1359
f 2018/3671/1360 2017/3669/1360 2032/3678/1360 2033/3680/1360
f 2011/3673/1361 1754/3681/1361 2026/3682/1361
f 1980/3683/1362 2025/3670/1362 2040/3679/1362
f 2019/3658/1363 2018/3671/1363 2033/3680/1363 2034/3684/1363
f 2012/3660/1364 2011/3673/1364 2026/3682/1364 2027/3685/1364
f 2020/3659/1365 2019/3658/1365 2034/3684/1365 2035/3686/1365
f 2013/3661/1366 2012/3660/1366 2027/3685/1366 2028/3687/1366
f 2021/3662/1367 2020/3659/1367 2035/3686/1367 2036/3688/1367
f 2014/3663/1368 2013/3661/1368 2028/3687/1368 2029/3689/1368
f 2022/3664/1369 2021/3662/1369 2036/3688/1369 2037/3690/1369
f 2015/3665/1370 2014/3663/1370 2029/3689/1370 2030/3691/1370
f 2023/3666/1371 2022/3664/1371 2037/3690/1371 2038/3675/1371
f 2016/3667/1372 2015/3665/1372 2030/3691/1372 2031/3677/1372
f 2036/3692/1373 2035/3693/1373 2050/3694/1373 2051/3695/1373
f 2029/3696/1374 2028/3697/1374 2043/3698/1374 2044/3699/1374
f 2037/3700/1375 2036/3692/1375 2051/3695/1375 2052/3701/1375
f 2030/3702/1376 2029/3696/1376 2044/3699/1376 2045/3703/1376
f 2038/3704/1377 2037/3700/1377 2052/3701/1377 2053/3705/1377
f 2031/3706/1378 2030/3702/1378 2045/3703/1378 2046/3707/1378
f 2039/3708/1379 2038/3704/1379 2053/3705/1379 2054/3709/1379
f 2032/3710/1380 2031/3706/1380 2046/3707/1380 2047/3711/1380
f 2040/3712/1381 2039/3708/1381 2054/3709/1381 2055/3713/1381
f 2033/3714/1382 2032/3710/1382 2047/3711/1382 2048/3715/1382
f 2026/3716/1383 1754/3717/1383 2041/3718/1383
f 1980/3719/1384 2040/3712/1384 2055/3713/1384
f 2034/3720/1385 2033/3714/1385 2048/3715/1385 2049/3721/1385
f 2027/3722/1386 2026/3716/1386 2041/3718/1386 2042/3723/1386
f 2035/3693/1387 2034/3720/1387 2049/3721/1387 2050/3694/1387
f 2028/3697/1388 2027/3722/1388 2042/3723/1388 2043/3698/1388
f 2055/3713/1389 2054/3709/1389 2069/3724/1389 2070/3725/1389
f 2048/3715/1390 2047/3711/1390 2062/3726/1390 2063/3727/1390
f 2041/3718/1391 1754/3728/1391 2056/3729/1391
f 1980/3730/1392 2055/3713/1392 2070/3725/1392
f 2049/3721/1393 2048/3715/1393 2063/3727/1393 2064/3731/1393
f 2042/3723/1394 2041/3718/1394 2056/3729/1394 2057/3732/1394
f 2050/3694/1395 2049/3721/1395 2064/3731/1395 2065/3733/1395
f 2043/3698/1396 2042/3723/1396 2057/3732/1396 2058/3734/1396
f 2051/3695/1397 2050/3694/1397 2065/3733/1397 2066/3735/1397
f 2044/3699/1398 2043/3698/1398 2058/3734/1398 2059/3736/1398
f 2052/3701/1399 2051/3695/1399 2066/3735/1399 2067/3737/1399
f 2045/3703/1400 2044/3699/1400 2059/3736/1400 2060/3738/1400
f 2053/3705/1401 2052/3701/1401 2067/3737/1401 2068/3739/1401
f 2046/3707/1402 2045/3703/1402 2060/3738/1402 2061/3740/1402
f 2054/3709/1403 2053/3705/1403 2068/3739/1403 2069/3724/1403
f 2047/3711/1404 2046/3707/1404 2061/3740/1404 2062/3726/1404
f 2059/3736/1405 2058/3734/1405 2073/3741/1405 2074/3742/1405
f 2067/3737/1406 2066/3735/1406 2081/3743/1406 2082/3744/1406
f 2060/3738/1407 2059/3736/1407 2074/3742/1407 2075/3745/1407
f 2068/3739/1408 2067/3737/1408 2082/3744/1408 2083/3746/1408
f 2061/3740/1409 2060/3738/1409 2075/3745/1409 2076/3747/1409
f 2069/3724/1410 2068/3739/1410 2083/3746/1410 2084/3748/1410
f 2062/3726/1411 2061/3740/1411 2076/3747/1411 2077/3749/1411
f 2070/3725/1412 2069/3724/1412 2084/3748/1412 2085/3750/1412
f 2063/3727/1413 2062/3726/1413 2077/3749/1413 2078/3751/1413
f 2056/3729/1414 1754/3752/1414 2071/3753/1414
f 1980/3754/1415 2070/3725/1415 2085/3750/1415
f 2064/3731/1416 2063/3727/1416 2078/3751/1416 2079/3755/1416
f 2057/3732/1417 2056/3729/1417 2071/3753/1417 2072/3756/1417
f 2065/3733/1418 2064/3731/1418 2079/3755/1418 2080/3757/1418
f 2058/3734/1419 2057/3732/1419 2072/3756/1419 2073/3741/1419
f 2066/3735/1420 2065/3733/1420 2080/3757/1420 2081/3743/1420
f 2078/3751/1421 2077/3749/1421 2092/3758/1421 2093/3759/1421
f 2071/3753/1422 1754/3760/1422 2086/3761/1422
f 1980/3762/1423 2085/3750/1423 2100/3763/1423
f 2079/3755/1424 2078/3751/1424 2093/3759/1424 2094/3764/1424
f 2072/3756/1425 2071/3753/1425 2086/3761/1425 2087/3765/1425
f 2080/3757/1426 2079/3755/1426 2094/3764/1426 2095/3766/1426
f 2073/3741/1427 2072/3756/1427 2087/3765/1427 2088/3767/1427
f 2081/3743/1428 2080/3757/1428 2095/3766/1428 2096/3768/1428
f 2074/3742/1429 2073/3741/1429 2088/3767/1429 2089/3769/1429
f 2082/3744/1430 2081/3743/1430 2096/3768/1430 2097/3770/1430
f 2075/3745/1431 2074/3742/1431 2089/3769/1431 2090/3771/1431
f 2083/3746/1432 2082/3744/1432 2097/3770/1432 2098/3772/1432
f 2076/3747/1433 2075/3745/1433 2090/3771/1433 2091/3773/1433
f 2084/3748/1434 2083/3746/1434 2098/3772/1434 2099/3774/1434
f 2077/3749/1435 2076/3747/1435 2091/3773/1435 2092/3758/1435
f 2085/3750/1436 2084/3748/1436 2099/3774/1436 2100/3763/1436
f 2097/3770/1437 2096/3768/1437 2111/3775/1437 2112/3776/1437
f 2090/3771/1438 2089/3769/1438 2104/3777/1438 2105/3778/1438
f 2098/3772/1439 2097/3770/1439 2112/3776/1439 2113/3779/1439
f 2091/3773/1440 2090/3771/1440 2105/3778/1440 2106/3780/1440
f 2099/3774/1441 2098/3772/1441 2113/3779/1441 2114/3781/1441
f 2092/3758/1442 2091/3773/1442 2106/3780/1442 2107/3782/1442
f 2100/3763/1443 2099/3774/1443 2114/3781/1443 2115/3783/1443
f 2093/3759/1444 2092/3758/1444 2107/3782/1444 2108/3784/1444
f 2086/3761/1445 1754/3785/1445 2101/3786/1445
f 1980/3787/1446 2100/3763/1446 2115/3783/1446
f 2094/3764/1447 2093/3759/1447 2108/3784/1447 2109/3788/1447
f 2087/3765/1448 2086/3761/1448 2101/3786/1448 2102/3789/1448
f 2095/3766/1449 2094/3764/1449 2109/3788/1449 2110/3790/1449
f 2088/3767/1450 2087/3765/1450 2102/3789/1450 2103/3791/1450
f 2096/3768/1451 2095/3766/1451 2110/3790/1451 2111/3775/1451
f 2089/3769/1452 2088/3767/1452 2103/3791/1452 2104/3777/1452
f 2101/3786/1453 1754/3792/1453 2116/3793/1453
f 1980/3794/1454 2115/3783/1454 2130/3795/1454
f 2109/3788/1455 2108/3784/1455 2123/3796/1455 2124/3797/1455
f 2102/3789/1456 2101/3786/1456 2116/3793/1456 2117/3798/1456
f 2110/3790/1457 2109/3788/1457 2124/3797/1457 2125/3799/1457
f 2103/3791/1458 2102/3789/1458 2117/3798/1458 2118/3800/1458
f 2111/3775/1459 2110/3790/1459 2125/3799/1459 2126/3801/1459
f 2104/3777/1460 2103/3791/1460 2118/3800/1460 2119/3802/1460
f 2112/3776/1461 2111/3775/1461 2126/3801/1461 2127/3803/1461
f 2105/3778/1462 2104/3777/1462 2119/3802/1462 2120/3804/1462
f 2113/3779/1463 2112/3776/1463 2127/3803/1463 2128/3805/1463
f 2106/3780/1464 2105/3778/1464 2120/3804/1464 2121/3806/1464
f 2114/3781/1465 2113/3779/1465 2128/3805/1465 2129/3807/1465
f 2107/3782/1466 2106/3780/1466 2121/3806/1466 2122/3808/1466
f 2115/3783/1467 2114/3781/1467 2129/3807/1467 2130/3795/1467
f 2108/3784/1468 2107/3782/1468 2122/3808/1468 2123/3796/1468
f 2120/3804/1469 2119/3802/1469 2134/3809/1469 2135/3810/1469
f 2128/3805/1470 2127/3803/1470 2142/3811/1470 2143/3812/1470
f 2121/3806/1471 2120/3804/1471 2135/3810/1471 2136/3813/1471
f 2129/3807/1472 2128/3805/1472 2143/3812/1472 2144/3814/1472
f 2122/3808/1473 2121/3806/1473 2136/3813/1473 2137/3815/1473
f 2130/3795/1474 2129/3807/1474 2144/3814/1474 2145/3816/1474
f 2123/3796/1475 2122/3808/1475 2137/3815/1475 2138/3817/1475
f 2116/3793/1476 1754/3818/1476 2131/3819/1476
f 1980/3820/1477 2130/3795/1477 2145/3816/1477
f 2124/3797/1478 2123/3796/1478 2138/3817/1478 2139/3821/1478
f 2117/3798/1479 2116/3793/1479 2131/3819/1479 2132/3822/1479
f 2125/3799/1480 2124/3797/1480 2139/3821/1480 2140/3823/1480
f 2118/3800/1481 2117/3798/1481 2132/3822/1481 2133/3824/1481
f 2126/3801/1482 2125/3799/1482 2140/3823/1482 2141/3825/1482
f 2119/3802/1483 2118/3800/1483 2133/3824/1483 2134/3809/1483
f 2127/3803/1484 2126/3801/1484 2141/3825/1484 2142/3811/1484
f 2139/3821/1485 2138/3817/1485 1676/3273/1485 1677/3272/1485
f 2132/3822/1486 2131/3819/1486 2146/3277/1486 2147/3276/1486
f 2140/3823/1487 2139/3821/1487 1677/3272/1487 2150/3280/1487
f 2133/3824/1488 2132/3822/1488 2147/3276/1488 1673/3282/1488
f 2141/3825/1489 2140/3823/1489 2150/3280/1489 1678/3284/1489
f 2134/3809/1490 2133/3824/1490 1673/3282/1490 2148/3286/1490
f 2142/3811/1491 2141/3825/1491 1678/3284/1491 2151/3288/1491
f 2135/3810/1492 2134/3809/1492 2148/3286/1492 1674/3290/1492
f 2143/3812/1493 2142/3811/1493 2151/3288/1493 2152/3292/1493
f 2136/3813/1494 2135/3810/1494 1674/3290/1494 2149/3294/1494
f 2144/3814/1495 2143/3812/1495 2152/3292/1495 2153/3296/1495
f 2137/3815/1496 2136/3813/1496 2149/3294/1496 1675/3298/1496
f 2145/3816/1497 2144/3814/1497 2153/3296/1497 2154/3270/1497
f 2138/3817/1498 2137/3815/1498 1675/3298/1498 1676/3273/1498
f 2131/3819/1499 1754/3826/1499 2146/3277/1499
f 1980/3827/1500 2145/3816/1500 2154/3270/1500
o YogaBall2
v 0.000000 0.732588 -4.022228
v 0.000000 0.622228 -4.132588
v 0.000000 0.478036 -4.192314
v 0.000000 0.400000 -4.200000
v 0.000000 0.321964 -4.192314
v 0.000000 0.177772 -4.132588
v 0.015224 0.792314 -3.876537
v 0.029863 0.769552 -3.950132
v 0.043355 0.732588 -4.017958
v 0.055180 0.682843 -4.077408
v 0.064885 0.622228 -4.126197
v 0.072096 0.553073 -4.162451
v 0.076537 0.478036 -4.184776
v 0.078036 0.400000 -4.192314
v 0.076537 0.321964 -4.184776
v 0.072096 0.246927 -4.162451
v 0.064885 0.177772 -4.126197
v 0.055180 0.117157 -4.077408
v 0.043355 0.067412 -4.017958
v 0.029863 0.030448 -3.950132
v 0.015224 0.007686 -3.876537
v 0.029863 0.792314 -3.872096
v 0.058579 0.769552 -3.941421
v 0.085043 0.732588 -4.005312
v 0.108239 0.682843 -4.061313
v 0.127276 0.622228 -4.107271
v 0.141421 0.553073 -4.141421
v 0.150132 0.478036 -4.162451
v 0.153073 0.400000 -4.169552
v 0.150132 0.321964 -4.162451
v 0.141421 0.246927 -4.141421
v 0.127276 0.177772 -4.107271
v 0.108239 0.117157 -4.061313
v 0.085043 0.067412 -4.005312
v 0.058579 0.030448 -3.941421
v 0.029863 0.007686 -3.872096
v 0.043355 0.792314 -3.864885
v 0.085043 0.769552 -3.927276
v 0.123463 0.732588 -3.984776
v 0.157139 0.682843 -4.035175
v 0.184776 0.622228 -4.076537
v 0.205312 0.553073 -4.107271
v 0.217958 0.478036 -4.126197
v 0.222228 0.400000 -4.132588
v 0.217958 0.321964 -4.126197
v 0.205312 0.246927 -4.107271
v 0.184776 0.177772 -4.076537
v 0.157139 0.117157 -4.035175
v 0.123463 0.067412 -3.984776
v 0.085043 0.030448 -3.927276
v 0.043355 0.007686 -3.864885
v 0.055180 0.792314 -3.855180
v 0.108239 0.769552 -3.908239
v 0.157139 0.732588 -3.957139
v 0.200000 0.682843 -4.000000
v 0.235175 0.622228 -4.035175
v 0.261313 0.553073 -4.061313
v 0.277408 0.478036 -4.077408
v 0.282843 0.400000 -4.082843
v 0.277408 0.321964 -4.077408
v 0.261313 0.246927 -4.061313
v 0.235175 0.177772 -4.035175
v 0.200000 0.117157 -4.000000
v 0.157139 0.067412 -3.957139
v 0.108239 0.030448 -3.908239
v 0.055180 0.007686 -3.855180
v 0.064885 0.792314 -3.843354
v 0.127276 0.769552 -3.885043
v 0.184776 0.732588 -3.923463
v 0.235175 0.682843 -3.957139
v 0.276537 0.622228 -3.984776
v 0.307271 0.553073 -4.005312
v 0.326197 0.478036 -4.017958
v 0.332588 0.400000 -4.022228
v 0.326197 0.321964 -4.017958
v 0.307271 0.246927 -4.005312
v 0.276537 0.177772 -3.984776
v 0.235175 0.117157 -3.957139
v 0.184776 0.067412 -3.923463
v 0.127276 0.030448 -3.885043
v 0.064885 0.007686 -3.843354
v 0.000000 0.800000 -3.800000
v 0.072096 0.792314 -3.829863
v 0.141421 0.769552 -3.858579
v 0.205312 0.732588 -3.885043
v 0.261313 0.682843 -3.908239
v 0.307271 0.622228 -3.927276
v 0.341421 0.553073 -3.941421
v 0.362451 0.478036 -3.950132
v 0.369552 0.400000 -3.953073
v 0.362451 0.321964 -3.950132
v 0.341421 0.246927 -3.941421
v 0.307271 0.177772 -3.927276
v 0.261313 0.117157 -3.908239
v 0.205312 0.067412 -3.885043
v 0.141421 0.030448 -3.858579
v 0.072096 0.007686 -3.829863
v 0.076537 0.792314 -3.815224
v 0.150132 0.769552 -3.829863
v 0.217958 0.732588 -3.843354
v 0.277408 0.682843 -3.855180
v 0.326197 0.622228 -3.864885
v 0.362451 0.553073 -3.872096
v 0.384776 0.478036 -3.876537
v 0.392314 0.400000 -3.878036
v 0.384776 0.321964 -3.876537
v 0.362451 0.246927 -3.872096
v 0.326197 0.177772 -3.864885
v 0.277408 0.117157 -3.855180
v 0.217958 0.067412 -3.843354
v 0.150132 0.030448 -3.829863
v 0.076537 0.007686 -3.815224
v 0.078036 0.792314 -3.800000
v 0.153073 0.769552 -3.800000
v 0.222228 0.732588 -3.800000
v 0.282843 0.682843 -3.800000
v 0.332588 0.622228 -3.800000
v 0.369552 0.553073 -3.800000
v 0.392314 0.478036 -3.800000
v 0.400000 0.400000 -3.800000
v 0.392314 0.321964 -3.800000
v 0.369552 0.246927 -3.800000
v 0.332588 0.177772 -3.800000
v 0.282843 0.117157 -3.800000
v 0.222228 0.067412 -3.800000
v 0.153073 0.030448 -3.800000
v 0.078036 0.007686 -3.800000
v 0.076537 0.792314 -3.784776
v 0.150132 0.769552 -3.770137
v 0.217958 0.732588 -3.756645
v 0.277408 0.682843 -3.744820
v 0.326197 0.622228 -3.735115
v 0.362451 0.553073 -3.727904
v 0.384776 0.478036 -3.723463
v 0.392314 0.400000 -3.721964
v 0.384776 0.321964 -3.723463
v 0.362451 0.246927 -3.727904
v 0.326197 0.177772 -3.735115
v 0.277408 0.117157 -3.744820
v 0.217958 0.067412 -3.756645
v 0.150132 0.030448 -3.770137
v 0.076537 0.007686 -3.784776
v 0.072096 0.792314 -3.770137
v 0.141421 0.769552 -3.741421
v 0.205312 0.732588 -3.714957
v 0.261313 0.682843 -3.691761
v 0.307271 0.622228 -3.672724
v 0.341421 0.553073 -3.658579
v 0.362451 0.478036 -3.649868
v 0.369552 0.400000 -3.646927
v 0.362451 0.321964 -3.649868
v 0.341421 0.246927 -3.658579
v 0.307271 0.177772 -3.672724
v 0.261313 0.117157 -3.691761
v 0.205312 0.067412 -3.714957
v 0.141421 0.030448 -3.741421
v 0.072096 0.007686 -3.770137
v 0.064885 0.792314 -3.756645
v 0.127276 0.769552 -3.714957
v 0.184776 0.732588 -3.676537
v 0.235175 0.682843 -3.642861
v 0.276537 0.622228 -3.615224
v 0.307271 0.553073 -3.594688
v 0.326197 0.478036 -3.582042
v 0.332588 0.400000 -3.577772
v 0.326197 0.321964 -3.582042
v 0.307271 0.246927 -3.594688
v 0.276537 0.177772 -3.615224
v 0.235175 0.117157 -3.642861
v 0.184776 0.067412 -3.676537
v 0.127276 0.030448 -3.714957
v 0.064885 0.007686 -3.756645
v 0.055180 0.792314 -3.744820
v 0.108239 0.769552 -3.691761
v 0.157139 0.732588 -3.642861
v 0.200000 0.682843 -3.600000
v 0.235175 0.622228 -3.564825
v 0.261313 0.553073 -3.538687
v 0.277408 0.478036 -3.522592
v 0.282842 0.400000 -3.517157
v 0.277408 0.321964 -3.522592
v 0.261313 0.246927 -3.538687
v 0.235175 0.177772 -3.564825
v 0.200000 0.117157 -3.600000
v 0.157139 0.067412 -3.642861
v 0.108239 0.030448 -3.691761
v 0.055180 0.007686 -3.744820
v 0.043355 0.792314 -3.735115
v 0.085043 0.769552 -3.672724
v 0.123463 0.732588 -3.615224
v 0.157139 0.682843 -3.564825
v 0.184776 0.622228 -3.523463
v 0.205312 0.553073 -3.492729
v 0.217958 0.478036 -3.473803
v 0.222228 0.400000 -3.467412
v 0.217958 0.321964 -3.473803
v 0.205312 0.246927 -3.492729
v 0.184776 0.177772 -3.523463
v 0.157139 0.117157 -3.564825
v 0.123463 0.067412 -3.615224
v 0.085043 0.030448 -3.672724
v 0.043355 0.007686 -3.735115
v 0.029863 0.792314 -3.727904
v 0.058579 0.769552 -3.658579
v 0.085043 0.732588 -3.594688
v 0.108239 0.682843 -3.538687
v 0.127276 0.622228 -3.492729
v 0.141421 0.553073 -3.458579
v 0.150132 0.478036 -3.437549
v 0.153073 0.400000 -3.430448
v 0.150132 0.321964 -3.437549
v 0.141421 0.246927 -3.458579
v 0.127276 0.177772 -3.492729
v 0.108239 0.117157 -3.538687
v 0.085043 0.067412 -3.594688
v 0.058579 0.030448 -3.658579
v 0.029863 0.007686 -3.727904
v 0.015224 0.792314 -3.723463
v 0.029863 0.769552 -3.649868
v 0.043354 0.732588 -3.582042
v 0.055180 0.682843 -3.522592
v 0.064885 0.622228 -3.473803
v 0.072096 0.553073 -3.437549
v 0.076537 0.478036 -3.415224
v 0.078036 0.400000 -3.407686
v 0.076537 0.321964 -3.415224
v 0.072096 0.246927 -3.437549
v 0.064885 0.177772 -3.473803
v 0.055180 0.117157 -3.522592
v 0.043354 0.067412 -3.582042
v 0.029863 0.030448 -3.649868
v 0.015224 0.007686 -3.723463
v -0.000000 0.792314 -3.721964
v -0.000000 0.769552 -3.646927
v -0.000000 0.732588 -3.577772
v -0.000000 0.682843 -3.517157
v -0.000000 0.622228 -3.467412
v 0.000000 0.553073 -3.430448
v -0.000000 0.478036 -3.407686
v -0.000000 0.400000 -3.400000
v -0.000000 0.321964 -3.407686
v 0.000000 0.246927 -3.430448
v -0.000000 0.177772 -3.467412
v -0.000000 0.117157 -3.517157
v -0.000000 0.067412 -3.577772
v -0.000000 0.030448 -3.646927
v -0.000000 0.007686 -3.721964
v -0.015224 0.792314 -3.723463
v -0.029863 0.769552 -3.649868
v -0.043355 0.732588 -3.582042
v -0.055180 0.682843 -3.522592
v -0.064885 0.622228 -3.473803
v -0.072096 0.553073 -3.437549
v -0.076537 0.478036 -3.415224
v -0.078036 0.400000 -3.407686
v -0.076537 0.321964 -3.415224
v -0.072096 0.246927 -3.437549
v -0.064885 0.177772 -3.473803
v -0.055180 0.117157 -3.522592
v -0.043355 0.067412 -3.582042
v -0.029863 0.030448 -3.649868
v -0.015224 0.007686 -3.723463
v -0.029863 0.792314 -3.727904
v -0.058579 0.769552 -3.658579
v -0.085043 0.732588 -3.594688
v -0.108239 0.682843 -3.538687
v -0.127276 0.622228 -3.492729
v -0.141421 0.553073 -3.458579
v -0.150132 0.478036 -3.437549
v -0.153073 0.400000 -3.430449
v -0.150132 0.321964 -3.437549
v -0.141421 0.246927 -3.458579
v -0.127276 0.177772 -3.492729
v -0.108239 0.117157 -3.538687
v -0.085043 0.067412 -3.594688
v -0.058579 0.030448 -3.658579
v -0.029863 0.007686 -3.727904
v -0.043355 0.792314 -3.735115
v -0.085043 0.769552 -3.672724
v -0.123463 0.732588 -3.615224
v -0.157139 0.682843 -3.564825
v -0.184776 0.622228 -3.523463
v -0.205312 0.553073 -3.492729
v -0.217958 0.478036 -3.473803
v -0.222228 0.400000 -3.467412
v -0.217958 0.321964 -3.473803
v -0.205312 0.246927 -3.492729
v -0.184776 0.177772 -3.523463
v -0.157139 0.117157 -3.564825
v -0.123463 0.067412 -3.615224
v -0.085043 0.030448 -3.672724
v -0.043355 0.007686 -3.735115
v -0.055180 0.792314 -3.744820
v -0.108239 0.769552 -3.691761
v -0.157139 0.732588 -3.642861
v -0.200000 0.682843 -3.600000
v -0.235175 0.622228 -3.564825
v -0.261312 0.553073 -3.538687
v -0.277408 0.478036 -3.522592
v -0.282843 0.400000 -3.517158
v -0.277408 0.321964 -3.522592
v -0.261312 0.246927 -3.538687
v -0.235175 0.177772 -3.564825
v -0.200000 0.117157 -3.600000
v -0.157139 0.067412 -3.642861
v -0.108239 0.030448 -3.691761
v -0.055180 0.007686 -3.744820
v 0.000000 0.000000 -3.800000
v -0.064885 0.792314 -3.756645
v -0.127276 0.769552 -3.714957
v -0.184776 0.732588 -3.676537
v -0.235175 0.682843 -3.642861
v -0.276537 0.622228 -3.615224
v -0.307271 0.553073 -3.594688
v -0.326197 0.478036 -3.582042
v -0.332588 0.400000 -3.577772
v -0.326197 0.321964 -3.582042
v -0.307271 0.246927 -3.594688
v -0.276537 0.177772 -3.615224
v -0.235175 0.117157 -3.642861
v -0.184776 0.067412 -3.676537
v -0.127276 0.030448 -3.714957
v -0.064885 0.007686 -3.756645
v -0.072096 0.792314 -3.770137
v -0.141421 0.769552 -3.741421
v -0.205312 0.732588 -3.714957
v -0.261313 0.682843 -3.691761
v -0.307271 0.622228 -3.672724
v -0.341421 0.553073 -3.658579
v -0.362451 0.478036 -3.649868
v -0.369552 0.400000 -3.646927
v -0.362451 0.321964 -3.649868
v -0.341421 0.246927 -3.658579
v -0.307271 0.177772 -3.672724
v -0.261313 0.117157 -3.691761
v -0.205312 0.067412 -3.714957
v -0.141421 0.030448 -3.741421
v -0.072096 0.007686 -3.770137
v -0.076537 0.792314 -3.784776
v -0.150132 0.769552 -3.770137
v -0.217958 0.732588 -3.756645
v -0.277408 0.682843 -3.744820
v -0.326197 0.622228 -3.735115
v -0.362451 0.553073 -3.727904
v -0.384776 0.478036 -3.723463
v -0.392314 0.400000 -3.721964
v -0.384776 0.321964 -3.723463
v -0.362451 0.246927 -3.727904
v -0.326197 0.177772 -3.735115
v -0.277408 0.117157 -3.744820
v -0.217958 0.067412 -3.756645
v -0.150132 0.030448 -3.770137
v -0.076537 0.007686 -3.784776
v -0.078036 0.792314 -3.800000
v -0.153073 0.769552 -3.800000
v -0.222228 0.732588 -3.800000
v -0.282843 0.682843 -3.800000
v -0.332588 0.622228 -3.800000
v -0.369552 0.553073 -3.800000
v -0.392314 0.478036 -3.800000
v -0.400000 0.400000 -3.800000
v -0.392314 0.321964 -3.800000
v -0.369552 0.246927 -3.800000
v -0.332588 0.177772 -3.800000
v -0.282843 0.117157 -3.800000
v -0.222228 0.067412 -3.800000
v -0.153073 0.030448 -3.800000
v -0.078036 0.007686 -3.800000
v -0.076537 0.792314 -3.815224
v -0.150132 0.769552 -3.829863
v -0.217958 0.732588 -3.843354
v -0.277408 0.682843 -3.855180
v -0.326197 0.622228 -3.864885
v -0.362451 0.553073 -3.872096
v -0.384776 0.478036 -3.876537
v -0.392314 0.400000 -3.878036
v -0.384776 0.321964 -3.876537
v -0.362451 0.246927 -3.872096
v -0.326197 0.177772 -3.864885
v -0.277408 0.117157 -3.855180
v -0.217958 0.067412 -3.843354
v -0.150132 0.030448 -3.829863
v -0.076537 0.007686 -3.815224
v -0.072096 0.792314 -3.829863
v -0.141421 0.769552 -3.858579
v -0.205312 0.732588 -3.885043
v -0.261313 0.682843 -3.908239
v -0.307271 0.622228 -3.927276
v -0.341421 0.553073 -3.941421
v -0.362451 0.478036 -3.950132
v -0.369551 0.400000 -3.953073
v -0.362451 0.321964 -3.950132
v -0.341421 0.246927 -3.941421
v -0.307271 0.177772 -3.927276
v -0.261313 0.117157 -3.908239
v -0.205312 0.067412 -3.885043
v -0.141421 0.030448 -3.858579
v -0.072096 0.007686 -3.829863
v -0.064885 0.792314 -3.843354
v -0.127276 0.769552 -3.885043
v -0.184776 0.732588 -3.923463
v -0.235175 0.682843 -3.957139
v -0.276536 0.622228 -3.984776
v -0.307271 0.553073 -4.005312
v -0.326197 0.478036 -4.017958
v -0.332587 0.400000 -4.022228
v -0.326197 0.321964 -4.017958
v -0.307271 0.246927 -4.005312
v -0.276536 0.177772 -3.984776
v -0.235175 0.117157 -3.957139
v -0.184776 0.067412 -3.923463
v -0.127276 0.030448 -3.885043
v -0.064885 0.007686 -3.843354
v -0.055180 0.792314 -3.855180
v -0.108239 0.769552 -3.908239
v -0.157139 0.732588 -3.957139
v -0.200000 0.682843 -4.000000
v -0.235175 0.622228 -4.035175
v -0.261312 0.553073 -4.061312
v -0.277408 0.478036 -4.077408
v -0.282842 0.400000 -4.082842
v -0.277408 0.321964 -4.077408
v -0.261312 0.246927 -4.061312
v -0.235175 0.177772 -4.035175
v -0.200000 0.117157 -4.000000
v -0.157139 0.067412 -3.957139
v -0.108239 0.030448 -3.908239
v -0.055180 0.007686 -3.855180
v -0.043355 0.792314 -3.864885
v -0.085043 0.769552 -3.927276
v -0.123463 0.732588 -3.984776
v -0.157139 0.682843 -4.035175
v -0.184776 0.622228 -4.076537
v -0.205312 0.553073 -4.107271
v -0.217958 0.478036 -4.126197
v -0.222228 0.400000 -4.132587
v -0.217958 0.321964 -4.126197
v -0.205312 0.246927 -4.107271
v -0.184776 0.177772 -4.076537
v -0.157139 0.117157 -4.035175
v -0.123463 0.067412 -3.984776
v -0.085043 0.030448 -3.927276
v -0.043355 0.007686 -3.864885
v -0.029863 0.792314 -3.872096
v -0.058579 0.769552 -3.941421
v -0.085043 0.732588 -4.005312
v -0.108239 0.682843 -4.061313
v -0.127276 0.622228 -4.107271
v -0.141421 0.553073 -4.141421
v -0.150132 0.478036 -4.162451
v -0.153073 0.400000 -4.169551
v -0.150132 0.321964 -4.162451
v -0.141421 0.246927 -4.141421
v -0.127276 0.177772 -4.107271
v -0.108239 0.117157 -4.061313
v -0.085043 0.067412 -4.005312
v -0.058579 0.030448 -3.941421
v -0.029863 0.007686 -3.872096
v -0.015224 0.792314 -3.876537
v -0.029863 0.769552 -3.950132
v -0.043354 0.732588 -4.017958
v -0.055180 0.682843 -4.077408
v -0.064885 0.622228 -4.126197
v -0.072096 0.553073 -4.162451
v -0.076537 0.478036 -4.184776
v -0.078036 0.400000 -4.192314
v -0.076537 0.321964 -4.184776
v -0.072096 0.246927 -4.162451
v -0.064885 0.177772 -4.126197
v -0.055180 0.117157 -4.077408
v -0.043354 0.067412 -4.017958
v -0.029863 0.030448 -3.950132
v -0.015224 0.007686 -3.876537
v 0.000000 0.792314 -3.878036
v 0.000000 0.769552 -3.953073
v 0.000000 0.682843 -4.082843
v 0.000000 0.553073 -4.169551
v 0.000000 0.246927 -4.169551
v 0.000000 0.117157 -4.082843
v 0.000000 0.067412 -4.022228
v 0.000000 0.030448 -3.953073
v 0.000000 0.007686 -3.878036
vn 0.0759 0.6326 -0.7708
vn 0.0624 -0.7715 -0.6332
vn 0.0865 0.4696 -0.8786
vn 0.0464 -0.8810 -0.4709
vn 0.0938 0.2890 -0.9527
vn 0.0286 -0.9565 -0.2902
vn 0.0975 0.0975 -0.9904
vn 0.0097 0.9951 -0.0980
vn 0.0097 -0.9951 -0.0980
vn 0.0975 -0.0975 -0.9904
vn 0.0286 0.9565 -0.2902
vn 0.0938 -0.2890 -0.9527
vn 0.0464 0.8810 -0.4709
vn 0.0865 -0.4696 -0.8786
vn 0.0624 0.7715 -0.6332
vn 0.0759 -0.6326 -0.7708
vn 0.2563 -0.4696 -0.8448
vn 0.1847 0.7715 -0.6088
vn 0.2248 -0.6326 -0.7412
vn 0.2248 0.6326 -0.7412
vn 0.1847 -0.7715 -0.6088
vn 0.2563 0.4696 -0.8448
vn 0.1374 -0.8810 -0.4528
vn 0.2779 0.2890 -0.9161
vn 0.0846 -0.9565 -0.2790
vn 0.2889 0.0976 -0.9524
vn 0.0286 0.9951 -0.0942
vn 0.0286 -0.9951 -0.0942
vn 0.2889 -0.0976 -0.9524
vn 0.0846 0.9565 -0.2790
vn 0.2779 -0.2890 -0.9161
vn 0.1374 0.8810 -0.4528
vn 0.1374 -0.9565 -0.2571
vn 0.4691 0.0975 -0.8777
vn 0.0464 0.9951 -0.0869
vn 0.0464 -0.9951 -0.0869
vn 0.4691 -0.0975 -0.8777
vn 0.1374 0.9565 -0.2571
vn 0.4513 -0.2890 -0.8443
vn 0.2230 0.8810 -0.4173
vn 0.4162 -0.4696 -0.7786
vn 0.2999 0.7715 -0.5611
vn 0.3651 -0.6326 -0.6831
vn 0.3651 0.6326 -0.6831
vn 0.2999 -0.7715 -0.5611
vn 0.4162 0.4696 -0.7786
vn 0.2230 -0.8810 -0.4173
vn 0.4513 0.2890 -0.8443
vn 0.4913 -0.6326 -0.5987
vn 0.4913 0.6326 -0.5987
vn 0.4036 -0.7715 -0.4918
vn 0.5601 0.4696 -0.6825
vn 0.3002 -0.8810 -0.3658
vn 0.6073 0.2890 -0.7400
vn 0.1850 -0.9565 -0.2254
vn 0.6314 0.0975 -0.7693
vn 0.0625 0.9951 -0.0761
vn 0.0625 -0.9951 -0.0761
vn 0.6314 -0.0975 -0.7693
vn 0.1850 0.9565 -0.2254
vn 0.6073 -0.2890 -0.7400
vn 0.3002 0.8810 -0.3658
vn 0.5601 -0.4696 -0.6825
vn 0.4036 0.7715 -0.4918
vn 0.0761 0.9951 -0.0625
vn 0.0761 -0.9951 -0.0625
vn 0.7693 -0.0975 -0.6314
vn 0.2254 0.9565 -0.1850
vn 0.7400 -0.2890 -0.6073
vn 0.3658 0.8810 -0.3002
vn 0.6825 -0.4696 -0.5601
vn 0.4918 0.7715 -0.4036
vn 0.5987 -0.6326 -0.4913
vn 0.5987 0.6326 -0.4913
vn 0.4918 -0.7715 -0.4036
vn 0.6825 0.4696 -0.5601
vn 0.3658 -0.8810 -0.3002
vn 0.7400 0.2890 -0.6073
vn 0.2254 -0.9565 -0.1850
vn 0.7693 0.0975 -0.6314
vn 0.6831 0.6326 -0.3651
vn 0.5611 -0.7715 -0.2999
vn 0.7786 0.4696 -0.4162
vn 0.4173 -0.8810 -0.2230
vn 0.8443 0.2890 -0.4513
vn 0.2571 -0.9565 -0.1374
vn 0.8777 0.0975 -0.4691
vn 0.0869 0.9951 -0.0464
vn 0.0869 -0.9951 -0.0464
vn 0.8777 -0.0975 -0.4691
vn 0.2571 0.9565 -0.1374
vn 0.8443 -0.2890 -0.4513
vn 0.4173 0.8810 -0.2230
vn 0.7786 -0.4696 -0.4162
vn 0.5611 0.7715 -0.2999
vn 0.6831 -0.6326 -0.3651
vn 0.9524 -0.0975 -0.2889
vn 0.2790 0.9565 -0.0846
vn 0.9161 -0.2890 -0.2779
vn 0.4528 0.8810 -0.1374
vn 0.8448 -0.4696 -0.2563
vn 0.6088 0.7715 -0.1847
vn 0.7412 -0.6326 -0.2248
vn 0.7412 0.6326 -0.2248
vn 0.6088 -0.7715 -0.1847
vn 0.8448 0.4696 -0.2563
vn 0.4528 -0.8810 -0.1374
vn 0.9161 0.2890 -0.2779
vn 0.2790 -0.9565 -0.0846
vn 0.9524 0.0975 -0.2889
vn 0.0942 0.9951 -0.0286
vn 0.0942 -0.9951 -0.0286
vn 0.6332 -0.7715 -0.0624
vn 0.8786 0.4696 -0.0865
vn 0.4709 -0.8810 -0.0464
vn 0.9527 0.2890 -0.0938
vn 0.2902 -0.9565 -0.0286
vn 0.9904 0.0975 -0.0975
vn 0.0980 0.9951 -0.0097
vn 0.0980 -0.9951 -0.0097
vn 0.9904 -0.0975 -0.0975
vn 0.2902 0.9565 -0.0286
vn 0.9527 -0.2890 -0.0938
vn 0.4709 0.8810 -0.0464
vn 0.8786 -0.4696 -0.0865
vn 0.6332 0.7715 -0.0624
vn 0.7708 -0.6326 -0.0759
vn 0.7708 0.6326 -0.0759
vn 0.2902 0.9565 0.0286
vn 0.9527 -0.2890 0.0938
vn 0.4709 0.8810 0.0464
vn 0.8786 -0.4696 0.0865
vn 0.6332 0.7715 0.0624
vn 0.7708 -0.6326 0.0759
vn 0.7708 0.6326 0.0759
vn 0.6332 -0.7715 0.0624
vn 0.8786 0.4696 0.0865
vn 0.4709 -0.8810 0.0464
vn 0.9527 0.2890 0.0938
vn 0.2902 -0.9565 0.0286
vn 0.9904 0.0975 0.0976
vn 0.0980 0.9951 0.0097
vn 0.0980 -0.9951 0.0097
vn 0.9904 -0.0975 0.0976
vn 0.8448 0.4696 0.2563
vn 0.4528 -0.8810 0.1374
vn 0.9161 0.2890 0.2779
vn 0.2790 -0.9565 0.0846
vn 0.9524 0.0975 0.2889
vn 0.0942 0.9951 0.0286
vn 0.0942 -0.9951 0.0286
vn 0.9524 -0.0975 0.2889
vn 0.2790 0.9565 0.0846
vn 0.9161 -0.2890 0.2779
vn 0.4528 0.8810 0.1374
vn 0.8448 -0.4696 0.2563
vn 0.6088 0.7715 0.1847
vn 0.7412 -0.6326 0.2248
vn 0.7412 0.6326 0.2248
vn 0.6088 -0.7715 0.1847
vn 0.8443 -0.2890 0.4513
vn 0.4173 0.8810 0.2230
vn 0.7786 -0.4696 0.4162
vn 0.5611 0.7715 0.2999
vn 0.6831 -0.6326 0.3651
vn 0.6831 0.6326 0.3651
vn 0.5611 -0.7715 0.2999
vn 0.7786 0.4696 0.4162
vn 0.4173 -0.8810 0.2230
vn 0.8443 0.2890 0.4513
vn 0.2571 -0.9565 0.1374
vn 0.8777 0.0975 0.4691
vn 0.0869 0.9951 0.0464
vn 0.0869 -0.9951 0.0464
vn 0.8777 -0.0975 0.4691
vn 0.2571 0.9565 0.1374
vn 0.3658 -0.8810 0.3002
vn 0.7400 0.2890 0.6073
vn 0.2254 -0.9565 0.1850
vn 0.7693 0.0975 0.6314
vn 0.0761 0.9951 0.0625
vn 0.0761 -0.9951 0.0625
vn 0.7693 -0.0975 0.6314
vn 0.2254 0.9565 0.1850
vn 0.7400 -0.2890 0.6073
vn 0.3658 0.8810 0.3002
vn 0.6825 -0.4696 0.5601
vn 0.4918 0.7715 0.4036
vn 0.5987 -0.6326 0.4913
vn 0.5987 0.6326 0.4913
vn 0.4918 -0.7715 0.4036
vn 0.6825 0.4696 0.5601
vn 0.5601 -0.4696 0.6825
vn 0.4036 0.7715 0.4918
vn 0.4913 -0.6326 0.5987
vn 0.4913 0.6326 0.5987
vn 0.4036 -0.7715 0.4918
vn 0.5601 0.4696 0.6825
vn 0.3002 -0.8810 0.3658
vn 0.6073 0.2890 0.7400
vn 0.1850 -0.9565 0.2254
vn 0.6314 0.0975 0.7693
vn 0.0625 0.9951 0.0761
vn 0.0625 -0.9951 0.0761
vn 0.6314 -0.0975 0.7693
vn 0.1850 0.9565 0.2254
vn 0.6073 -0.2890 0.7400
vn 0.3002 0.8810 0.3658
vn 0.1374 -0.9565 0.2571
vn 0.4691 0.0975 0.8777
vn 0.0464 0.9951 0.0869
vn 0.0464 -0.9951 0.0869
vn 0.4691 -0.0975 0.8777
vn 0.1374 0.9565 0.2571
vn 0.4513 -0.2890 0.8443
vn 0.2230 0.8810 0.4173
vn 0.4162 -0.4696 0.7786
vn 0.2999 0.7715 0.5611
vn 0.3651 -0.6326 0.6831
vn 0.3651 0.6326 0.6831
vn 0.2999 -0.7715 0.5611
vn 0.4162 0.4696 0.7786
vn 0.2230 -0.8810 0.4173
vn 0.4513 0.2890 0.8443
vn 0.1847 0.7715 0.6088
vn 0.2248 -0.6326 0.7412
vn 0.2248 0.6326 0.7412
vn 0.1847 -0.7715 0.6088
vn 0.2563 0.4696 0.8448
vn 0.1374 -0.8810 0.4528
vn 0.2779 0.2890 0.9161
vn 0.0846 -0.9565 0.2790
vn 0.2889 0.0975 0.9524
vn 0.0286 0.9951 0.0942
vn 0.0286 -0.9951 0.0942
vn 0.2889 -0.0975 0.9524
vn 0.0846 0.9565 0.2790
vn 0.2779 -0.2890 0.9161
vn 0.1374 0.8810 0.4528
vn 0.2563 -0.4696 0.8448
vn 0.0975 0.0975 0.9904
vn 0.0097 0.9951 0.0980
vn 0.0097 -0.9951 0.0980
vn 0.0975 -0.0975 0.9904
vn 0.0286 0.9565 0.2902
vn 0.0938 -0.2890 0.9527
vn 0.0464 0.8810 0.4709
vn 0.0865 -0.4696 0.8786
vn 0.0624 0.7715 0.6332
vn 0.0759 -0.6326 0.7708
vn 0.0759 0.6326 0.7708
vn 0.0624 -0.7715 0.6332
vn 0.0865 0.4696 0.8786
vn 0.0464 -0.8810 0.4709
vn 0.0938 0.2890 0.9527
vn 0.0286 -0.9565 0.2902
vn -0.0759 -0.6326 0.7708
vn -0.0759 0.6326 0.7708
vn -0.0624 -0.7715 0.6332
vn -0.0865 0.4696 0.8786
vn -0.0464 -0.8810 0.4709
vn -0.0938 0.2890 0.9527
vn -0.0286 -0.9565 0.2902
vn -0.0976 0.0975 0.9904
vn -0.0097 0.9951 0.0980
vn -0.0097 -0.9951 0.0980
vn -0.0976 -0.0975 0.9904
vn -0.0286 0.9565 0.2902
vn -0.0938 -0.2890 0.9527
vn -0.0464 0.8810 0.4709
vn -0.0865 -0.4696 0.8786
vn -0.0624 0.7715 0.6332
vn -0.0286 0.9951 0.0942
vn -0.0286 -0.9951 0.0942
vn -0.2889 -0.0975 0.9524
vn -0.0846 0.9565 0.2790
vn -0.2779 -0.2890 0.9161
vn -0.1374 0.8810 0.4528
vn -0.2563 -0.4696 0.8448
vn -0.1847 0.7715 0.6088
vn -0.2248 -0.6326 0.7412
vn -0.2248 0.6326 0.7412
vn -0.1847 -0.7715 0.6088
vn -0.2563 0.4696 0.8448
vn -0.1374 -0.8810 0.4528
vn -0.2779 0.2890 0.9161
vn -0.0846 -0.9565 0.2790
vn -0.2889 0.0975 0.9524
vn -0.3651 0.6326 0.6831
vn -0.2999 -0.7715 0.5611
vn -0.4162 0.4696 0.7786
vn -0.2230 -0.8810 0.4173
vn -0.4513 0.2890 0.8443
vn -0.1374 -0.9565 0.2571
vn -0.4691 0.0975 0.8777
vn -0.0464 0.9951 0.0869
vn -0.0464 -0.9951 0.0869
vn -0.4691 -0.0975 0.8777
vn -0.1374 0.9565 0.2571
vn -0.4513 -0.2890 0.8443
vn -0.2230 0.8810 0.4173
vn -0.4162 -0.4696 0.7786
vn -0.2999 0.7715 0.5611
vn -0.3651 -0.6326 0.6831
vn -0.6314 -0.0975 0.7693
vn -0.1850 0.9565 0.2254
vn -0.6073 -0.2890 0.7400
vn -0.3002 0.8810 0.3658
vn -0.5601 -0.4696 0.6825
vn -0.4036 0.7715 0.4918
vn -0.4913 -0.6326 0.5987
vn -0.4913 0.6326 0.5987
vn -0.4036 -0.7715 0.4918
vn -0.5601 0.4696 0.6825
vn -0.3002 -0.8810 0.3658
vn -0.6073 0.2890 0.7400
vn -0.1850 -0.9565 0.2254
vn -0.6314 0.0975 0.7693
vn -0.0625 0.9951 0.0761
vn -0.0625 -0.9951 0.0761
vn -0.4918 -0.7715 0.4036
vn -0.6825 0.4696 0.5601
vn -0.3658 -0.8810 0.3002
vn -0.7400 0.2890 0.6073
vn -0.2254 -0.9565 0.1850
vn -0.7693 0.0975 0.6314
vn -0.0761 0.9951 0.0625
vn -0.0761 -0.9951 0.0625
vn -0.7693 -0.0975 0.6314
vn -0.2254 0.9565 0.1850
vn -0.7400 -0.2890 0.6073
vn -0.3658 0.8810 0.3002
vn -0.6825 -0.4696 0.5601
vn -0.4918 0.7715 0.4036
vn -0.5987 -0.6326 0.4913
vn -0.5987 0.6326 0.4913
vn -0.8443 -0.2890 0.4513
vn -0.4173 0.8810 0.2230
vn -0.7786 -0.4696 0.4162
vn -0.5611 0.7715 0.2999
vn -0.6831 -0.6326 0.3651
vn -0.6831 0.6326 0.3651
vn -0.5611 -0.7715 0.2999
vn -0.7786 0.4696 0.4162
vn -0.4173 -0.8810 0.2230
vn -0.8443 0.2890 0.4513
vn -0.2571 -0.9565 0.1374
vn -0.8777 0.0975 0.4691
vn -0.0869 0.9951 0.0464
vn -0.0869 -0.9951 0.0464
vn -0.8777 -0.0975 0.4691
vn -0.2571 0.9565 0.1374
vn -0.4528 -0.8810 0.1374
vn -0.9161 0.2890 0.2779
vn -0.2790 -0.9565 0.0846
vn -0.9524 0.0975 0.2889
vn -0.0942 0.9951 0.0286
vn -0.0942 -0.9951 0.0286
vn -0.9524 -0.0975 0.2889
vn -0.2790 0.9565 0.0846
vn -0.9161 -0.2890 0.2779
vn -0.4528 0.8810 0.1374
vn -0.8448 -0.4696 0.2563
vn -0.6088 0.7715 0.1847
vn -0.7412 -0.6326 0.2248
vn -0.7412 0.6326 0.2248
vn -0.6088 -0.7715 0.1847
vn -0.8448 0.4696 0.2563
vn -0.4709 0.8810 0.0464
vn -0.8786 -0.4696 0.0865
vn -0.6332 0.7715 0.0624
vn -0.7708 -0.6326 0.0759
vn -0.7708 0.6326 0.0759
vn -0.6332 -0.7715 0.0624
vn -0.8786 0.4696 0.0865
vn -0.4709 -0.8810 0.0464
vn -0.9527 0.2890 0.0938
vn -0.2902 -0.9565 0.0286
vn -0.9904 0.0975 0.0975
vn -0.0980 0.9951 0.0097
vn -0.0980 -0.9951 0.0097
vn -0.9904 -0.0975 0.0975
vn -0.2902 0.9565 0.0286
vn -0.9527 -0.2890 0.0938
vn -0.9527 0.2890 -0.0938
vn -0.2902 -0.9565 -0.0286
vn -0.9904 0.0975 -0.0976
vn -0.0980 0.9951 -0.0097
vn -0.0980 -0.9951 -0.0097
vn -0.9904 -0.0975 -0.0976
vn -0.2902 0.9565 -0.0286
vn -0.9527 -0.2890 -0.0938
vn -0.4709 0.8810 -0.0464
vn -0.8786 -0.4696 -0.0865
vn -0.6332 0.7715 -0.0624
vn -0.7708 -0.6326 -0.0759
vn -0.7708 0.6326 -0.0759
vn -0.6332 -0.7715 -0.0624
vn -0.8786 0.4696 -0.0865
vn -0.4709 -0.8810 -0.0464
vn -0.8448 -0.4696 -0.2563
vn -0.6088 0.7715 -0.1847
vn -0.7412 -0.6326 -0.2248
vn -0.7412 0.6326 -0.2248
vn -0.6088 -0.7715 -0.1847
vn -0.8448 0.4696 -0.2563
vn -0.4528 -0.8810 -0.1374
vn -0.9161 0.2890 -0.2779
vn -0.2790 -0.9565 -0.0846
vn -0.9524 0.0975 -0.2889
vn -0.0942 0.9951 -0.0286
vn -0.0942 -0.9951 -0.0286
vn -0.9524 -0.0975 -0.2889
vn -0.2790 0.9565 -0.0846
vn -0.9161 -0.2890 -0.2779
vn -0.4528 0.8810 -0.1374
vn -0.2571 -0.9565 -0.1374
vn -0.8777 0.0975 -0.4691
vn -0.0869 0.9951 -0.0464
vn -0.0869 -0.9951 -0.0464
vn -0.8777 -0.0975 -0.4691
vn -0.2571 0.9565 -0.1374
vn -0.8443 -0.2890 -0.4513
vn -0.4173 0.8810 -0.2231
vn -0.7786 -0.4696 -0.4162
vn -0.5611 0.7715 -0.2999
vn -0.6831 -0.6326 -0.3651
vn -0.6831 0.6326 -0.3651
vn -0.5611 -0.7715 -0.2999
vn -0.7786 0.4696 -0.4162
vn -0.4173 -0.8810 -0.2231
vn -0.8443 0.2890 -0.4513
vn -0.4918 0.7715 -0.4036
vn -0.5987 -0.6326 -0.4913
vn -0.5987 0.6326 -0.4913
vn -0.4918 -0.7715 -0.4036
vn -0.6825 0.4696 -0.5601
vn -0.3658 -0.8810 -0.3002
vn -0.7400 0.2890 -0.6073
vn -0.2254 -0.9565 -0.1850
vn -0.7693 0.0975 -0.6314
vn -0.0761 0.9951 -0.0625
vn -0.0761 -0.9951 -0.0625
vn -0.7693 -0.0975 -0.6314
vn -0.2254 0.9565 -0.1850
vn -0.7400 -0.2890 -0.6073
vn -0.3658 0.8810 -0.3002
vn -0.6825 -0.4696 -0.5601
vn -0.6314 0.0975 -0.7693
vn -0.0625 0.9951 -0.0761
vn -0.0625 -0.9951 -0.0761
vn -0.6314 -0.0975 -0.7693
vn -0.1850 0.9565 -0.2254
vn -0.6073 -0.2890 -0.7400
vn -0.3002 0.8810 -0.3658
vn -0.5601 -0.4696 -0.6825
vn -0.4036 0.7715 -0.4918
vn -0.4913 -0.6326 -0.5987
vn -0.4913 0.6326 -0.5987
vn -0.4036 -0.7715 -0.4918
vn -0.5601 0.4696 -0.6825
vn -0.3002 -0.8810 -0.3658
vn -0.6073 0.2890 -0.7400
vn -0.1850 -0.9565 -0.2254
vn -0.3651 -0.6326 -0.6831
vn -0.3651 0.6326 -0.6831
vn -0.2999 -0.7715 -0.5611
vn -0.4162 0.4696 -0.7786
vn -0.2230 -0.8810 -0.4173
vn -0.4513 0.2890 -0.8443
vn -0.1374 -0.9565 -0.2571
vn -0.4691 0.0975 -0.8777
vn -0.0464 0.9951 -0.0869
vn -0.0464 -0.9951 -0.0869
vn -0.4691 -0.0975 -0.8777
vn -0.1374 0.9565 -0.2571
vn -0.4513 -0.2890 -0.8443
vn -0.2230 0.8810 -0.4173
vn -0.4162 -0.4696 -0.7786
vn -0.2999 0.7715 -0.5611
vn -0.0286 -0.9951 -0.0942
vn -0.2889 -0.0975 -0.9524
vn -0.0846 0.9565 -0.2790
vn -0.2779 -0.2890 -0.9161
vn -0.1374 0.8810 -0.4528
vn -0.2563 -0.4696 -0.8448
vn -0.1847 0.7715 -0.6088
vn -0.2248 -0.6326 -0.7412
vn -0.2248 0.6326 -0.7412
vn -0.1847 -0.7715 -0.6088
vn -0.2563 0.4696 -0.8448
vn -0.1374 -0.8810 -0.4528
vn -0.2779 0.2890 -0.9161
vn -0.0846 -0.9565 -0.2790
vn -0.2889 0.0975 -0.9524
vn -0.0286 0.9951 -0.0942
vn -0.0624 -0.7715 -0.6332
vn -0.0865 0.4696 -0.8786
vn -0.0464 -0.8810 -0.4709
vn -0.0938 0.2890 -0.9527
vn -0.0286 -0.9565 -0.2902
vn -0.0976 0.0975 -0.9904
vn -0.0097 0.9951 -0.0980
vn -0.0097 -0.9951 -0.0980
vn -0.0976 -0.0975 -0.9904
vn -0.0286 0.9565 -0.2902
vn -0.0938 -0.2890 -0.9527
vn -0.0464 0.8810 -0.4709
vn -0.0865 -0.4696 -0.8786
vn -0.0624 0.7715 -0.6332
vn -0.0759 -0.6326 -0.7708
vn -0.0759 0.6326 -0.7708
vt 0.750000 0.687500
vt 0.750000 0.750000
vt 0.718750 0.750000
vt 0.718750 0.687500
vt 0.750000 0.187500
vt 0.750000 0.250000
vt 0.718750 0.250000
vt 0.718750 0.187500
vt 0.750000 0.625000
vt 0.718750 0.625000
vt 0.750000 0.125000
vt 0.718750 0.125000
vt 0.750000 0.562500
vt 0.718750 0.562500
vt 0.750000 0.062500
vt 0.718750 0.062500
vt 0.750000 0.500000
vt 0.718750 0.500000
vt 0.750000 0.937500
vt 0.734375 1.000000
vt 0.718750 0.937500
vt 0.734375 0.000000
vt 0.750000 0.437500
vt 0.718750 0.437500
vt 0.750000 0.875000
vt 0.718750 0.875000
vt 0.750000 0.375000
vt 0.718750 0.375000
vt 0.750000 0.812500
vt 0.718750 0.812500
vt 0.750000 0.312500
vt 0.718750 0.312500
vt 0.687500 0.375000
vt 0.687500 0.312500
vt 0.687500 0.812500
vt 0.687500 0.750000
vt 0.687500 0.250000
vt 0.687500 0.687500
vt 0.687500 0.187500
vt 0.687500 0.625000
vt 0.687500 0.125000
vt 0.687500 0.562500
vt 0.687500 0.062500
vt 0.687500 0.500000
vt 0.703125 1.000000
vt 0.687500 0.937500
vt 0.703125 0.000000
vt 0.687500 0.437500
vt 0.687500 0.875000
vt 0.656250 0.125000
vt 0.656250 0.062500
vt 0.656250 0.562500
vt 0.656250 0.500000
vt 0.671875 1.000000
vt 0.656250 0.937500
vt 0.671875 0.000000
vt 0.656250 0.437500
vt 0.656250 0.875000
vt 0.656250 0.375000
vt 0.656250 0.812500
vt 0.656250 0.312500
vt 0.656250 0.750000
vt 0.656250 0.250000
vt 0.656250 0.687500
vt 0.656250 0.187500
vt 0.656250 0.625000
vt 0.625000 0.312500
vt 0.625000 0.250000
vt 0.625000 0.750000
vt 0.625000 0.687500
vt 0.625000 0.187500
vt 0.625000 0.625000
vt 0.625000 0.125000
vt 0.625000 0.562500
vt 0.625000 0.062500
vt 0.625000 0.500000
vt 0.640625 1.000000
vt 0.625000 0.937500
vt 0.640625 0.000000
vt 0.625000 0.437500
vt 0.625000 0.875000
vt 0.625000 0.375000
vt 0.625000 0.812500
vt 0.609375 1.000000
vt 0.593750 0.937500
vt 0.609375 0.000000
vt 0.593750 0.062500
vt 0.593750 0.500000
vt 0.593750 0.437500
vt 0.593750 0.875000
vt 0.593750 0.375000
vt 0.593750 0.812500
vt 0.593750 0.312500
vt 0.593750 0.750000
vt 0.593750 0.250000
vt 0.593750 0.687500
vt 0.593750 0.187500
vt 0.593750 0.625000
vt 0.593750 0.125000
vt 0.593750 0.562500
vt 0.562500 0.750000
vt 0.562500 0.687500
vt 0.562500 0.250000
vt 0.562500 0.187500
vt 0.562500 0.625000
vt 0.562500 0.125000
vt 0.562500 0.562500
vt 0.562500 0.062500
vt 0.562500 0.500000
vt 0.578125 1.000000
vt 0.562500 0.937500
vt 0.578125 0.000000
vt 0.562500 0.437500
vt 0.562500 0.875000
vt 0.562500 0.375000
vt 0.562500 0.812500
vt 0.562500 0.312500
vt 0.531250 0.500000
vt 0.531250 0.437500
vt 0.531250 0.937500
vt 0.531250 0.875000
vt 0.531250 0.375000
vt 0.531250 0.812500
vt 0.531250 0.312500
vt 0.531250 0.750000
vt 0.531250 0.250000
vt 0.531250 0.687500
vt 0.531250 0.187500
vt 0.531250 0.625000
vt 0.531250 0.125000
vt 0.531250 0.562500
vt 0.531250 0.062500
vt 0.546875 1.000000
vt 0.546875 0.000000
vt 0.500000 0.250000
vt 0.500000 0.187500
vt 0.500000 0.687500
vt 0.500000 0.625000
vt 0.500000 0.125000
vt 0.500000 0.562500
vt 0.500000 0.062500
vt 0.500000 0.500000
vt 0.515625 1.000000
vt 0.500000 0.937500
vt 0.515625 0.000000
vt 0.500000 0.437500
vt 0.500000 0.875000
vt 0.500000 0.375000
vt 0.500000 0.812500
vt 0.500000 0.312500
vt 0.500000 0.750000
vt 0.468750 0.937500
vt 0.468750 0.875000
vt 0.468750 0.437500
vt 0.468750 0.375000
vt 0.468750 0.812500
vt 0.468750 0.312500
vt 0.468750 0.750000
vt 0.468750 0.250000
vt 0.468750 0.687500
vt 0.468750 0.187500
vt 0.468750 0.625000
vt 0.468750 0.125000
vt 0.468750 0.562500
vt 0.468750 0.062500
vt 0.468750 0.500000
vt 0.484375 1.000000
vt 0.484375 0.000000
vt 0.437500 0.687500
vt 0.437500 0.625000
vt 0.437500 0.187500
vt 0.437500 0.125000
vt 0.437500 0.562500
vt 0.437500 0.062500
vt 0.437500 0.500000
vt 0.453125 1.000000
vt 0.437500 0.937500
vt 0.453125 0.000000
vt 0.437500 0.437500
vt 0.437500 0.875000
vt 0.437500 0.375000
vt 0.437500 0.812500
vt 0.437500 0.312500
vt 0.437500 0.750000
vt 0.437500 0.250000
vt 0.406250 0.437500
vt 0.406250 0.375000
vt 0.406250 0.875000
vt 0.406250 0.812500
vt 0.406250 0.312500
vt 0.406250 0.750000
vt 0.406250 0.250000
vt 0.406250 0.687500
vt 0.406250 0.187500
vt 0.406250 0.625000
vt 0.406250 0.125000
vt 0.406250 0.562500
vt 0.406250 0.062500
vt 0.406250 0.500000
vt 0.421875 1.000000
vt 0.406250 0.937500
vt 0.421875 0.000000
vt 0.375000 0.187500
vt 0.375000 0.125000
vt 0.375000 0.625000
vt 0.375000 0.562500
vt 0.375000 0.062500
vt 0.375000 0.500000
vt 0.390625 1.000000
vt 0.375000 0.937500
vt 0.390625 0.000000
vt 0.375000 0.437500
vt 0.375000 0.875000
vt 0.375000 0.375000
vt 0.375000 0.812500
vt 0.375000 0.312500
vt 0.375000 0.750000
vt 0.375000 0.250000
vt 0.375000 0.687500
vt 0.343750 0.375000
vt 0.343750 0.312500
vt 0.343750 0.812500
vt 0.343750 0.750000
vt 0.343750 0.250000
vt 0.343750 0.687500
vt 0.343750 0.187500
vt 0.343750 0.625000
vt 0.343750 0.125000
vt 0.343750 0.562500
vt 0.343750 0.062500
vt 0.343750 0.500000
vt 0.359375 1.000000
vt 0.343750 0.937500
vt 0.359375 0.000000
vt 0.343750 0.437500
vt 0.343750 0.875000
vt 0.312500 0.125000
vt 0.312500 0.062500
vt 0.312500 0.562500
vt 0.312500 0.500000
vt 0.328125 1.000000
vt 0.312500 0.937500
vt 0.328125 0.000000
vt 0.312500 0.437500
vt 0.312500 0.875000
vt 0.312500 0.375000
vt 0.312500 0.812500
vt 0.312500 0.312500
vt 0.312500 0.750000
vt 0.312500 0.250000
vt 0.312500 0.687500
vt 0.312500 0.187500
vt 0.312500 0.625000
vt 0.281250 0.812500
vt 0.281250 0.750000
vt 0.281250 0.312500
vt 0.281250 0.250000
vt 0.281250 0.687500
vt 0.281250 0.187500
vt 0.281250 0.625000
vt 0.281250 0.125000
vt 0.281250 0.562500
vt 0.281250 0.062500
vt 0.281250 0.500000
vt 0.296875 1.000000
vt 0.281250 0.937500
vt 0.296875 0.000000
vt 0.281250 0.437500
vt 0.281250 0.875000
vt 0.281250 0.375000
vt 0.250000 0.562500
vt 0.250000 0.500000
vt 0.265625 1.000000
vt 0.250000 0.937500
vt 0.265625 0.000000
vt 0.250000 0.062500
vt 0.250000 0.437500
vt 0.250000 0.875000
vt 0.250000 0.375000
vt 0.250000 0.812500
vt 0.250000 0.312500
vt 0.250000 0.750000
vt 0.250000 0.250000
vt 0.250000 0.687500
vt 0.250000 0.187500
vt 0.250000 0.625000
vt 0.250000 0.125000
vt 0.218750 0.312500
vt 0.218750 0.250000
vt 0.218750 0.750000
vt 0.218750 0.687500
vt 0.218750 0.187500
vt 0.218750 0.625000
vt 0.218750 0.125000
vt 0.218750 0.562500
vt 0.218750 0.062500
vt 0.218750 0.500000
vt 0.234375 1.000000
vt 0.218750 0.937500
vt 0.234375 0.000000
vt 0.218750 0.437500
vt 0.218750 0.875000
vt 0.218750 0.375000
vt 0.218750 0.812500
vt 0.203125 1.000000
vt 0.187500 0.937500
vt 0.203125 0.000000
vt 0.187500 0.062500
vt 0.187500 0.500000
vt 0.187500 0.437500
vt 0.187500 0.875000
vt 0.187500 0.375000
vt 0.187500 0.812500
vt 0.187500 0.312500
vt 0.187500 0.750000
vt 0.187500 0.250000
vt 0.187500 0.687500
vt 0.187500 0.187500
vt 0.187500 0.625000
vt 0.187500 0.125000
vt 0.187500 0.562500
vt 0.156250 0.750000
vt 0.156250 0.687500
vt 0.156250 0.250000
vt 0.156250 0.187500
vt 0.156250 0.625000
vt 0.156250 0.125000
vt 0.156250 0.562500
vt 0.156250 0.062500
vt 0.156250 0.500000
vt 0.171875 1.000000
vt 0.156250 0.937500
vt 0.171875 0.000000
vt 0.156250 0.437500
vt 0.156250 0.875000
vt 0.156250 0.375000
vt 0.156250 0.812500
vt 0.156250 0.312500
vt 0.125000 0.500000
vt 0.125000 0.437500
vt 0.125000 0.937500
vt 0.125000 0.875000
vt 0.125000 0.375000
vt 0.125000 0.812500
vt 0.125000 0.312500
vt 0.125000 0.750000
vt 0.125000 0.250000
vt 0.125000 0.687500
vt 0.125000 0.187500
vt 0.125000 0.625000
vt 0.125000 0.125000
vt 0.125000 0.562500
vt 0.125000 0.062500
vt 0.140625 1.000000
vt 0.140625 0.000000
vt 0.093750 0.250000
vt 0.093750 0.187500
vt 0.093750 0.687500
vt 0.093750 0.625000
vt 0.093750 0.125000
vt 0.093750 0.562500
vt 0.093750 0.062500
vt 0.093750 0.500000
vt 0.109375 1.000000
vt 0.093750 0.937500
vt 0.109375 0.000000
vt 0.093750 0.437500
vt 0.093750 0.875000
vt 0.093750 0.375000
vt 0.093750 0.812500
vt 0.093750 0.312500
vt 0.093750 0.750000
vt 0.062500 0.437500
vt 0.062500 0.375000
vt 0.062500 0.875000
vt 0.062500 0.812500
vt 0.062500 0.312500
vt 0.062500 0.750000
vt 0.062500 0.250000
vt 0.062500 0.687500
vt 0.062500 0.187500
vt 0.062500 0.625000
vt 0.062500 0.125000
vt 0.062500 0.562500
vt 0.062500 0.062500
vt 0.062500 0.500000
vt 0.078125 1.000000
vt 0.062500 0.937500
vt 0.078125 0.000000
vt 0.031250 0.187500
vt 0.031250 0.125000
vt 0.031250 0.625000
vt 0.031250 0.562500
vt 0.031250 0.062500
vt 0.031250 0.500000
vt 0.046875 1.000000
vt 0.031250 0.937500
vt 0.046875 0.000000
vt 0.031250 0.437500
vt 0.031250 0.875000
vt 0.031250 0.375000
vt 0.031250 0.812500
vt 0.031250 0.312500
vt 0.031250 0.750000
vt 0.031250 0.250000
vt 0.031250 0.687500
vt 0.000000 0.875000
vt 0.000000 0.812500
vt 0.000000 0.375000
vt 0.000000 0.312500
vt 0.000000 0.750000
vt 0.000000 0.250000
vt 0.000000 0.687500
vt 0.000000 0.187500
vt 0.000000 0.625000
vt 0.000000 0.125000
vt 0.000000 0.562500
vt 0.000000 0.062500
vt 0.000000 0.500000
vt 0.015625 1.000000
vt 0.000000 0.937500
vt 0.015625 0.000000
vt 0.000000 0.437500
vt 1.000000 0.562500
vt 1.000000 0.625000
vt 0.968750 0.625000
vt 0.968750 0.562500
vt 1.000000 0.062500
vt 1.000000 0.125000
vt 0.968750 0.125000
vt 0.968750 0.062500
vt 1.000000 0.500000
vt 0.968750 0.500000
vt 1.000000 0.937500
vt 0.984375 1.000000
vt 0.968750 0.937500
vt 0.984375 0.000000
vt 1.000000 0.437500
vt 0.968750 0.437500
vt 1.000000 0.875000
vt 0.968750 0.875000
vt 1.000000 0.375000
vt 0.968750 0.375000
vt 1.000000 0.812500
vt 0.968750 0.812500
vt 1.000000 0.312500
vt 0.968750 0.312500
vt 1.000000 0.750000
vt 0.968750 0.750000
vt 1.000000 0.250000
vt 0.968750 0.250000
vt 1.000000 0.687500
vt 0.968750 0.687500
vt 1.000000 0.187500
vt 0.968750 0.187500
vt 0.937500 0.375000
vt 0.937500 0.312500
vt 0.937500 0.812500
vt 0.937500 0.750000
vt 0.937500 0.250000
vt 0.937500 0.687500
vt 0.937500 0.187500
vt 0.937500 0.625000
vt 0.937500 0.125000
vt 0.937500 0.562500
vt 0.937500 0.062500
vt 0.937500 0.500000
vt 0.953125 1.000000
vt 0.937500 0.937500
vt 0.953125 0.000000
vt 0.937500 0.437500
vt 0.937500 0.875000
vt 0.906250 0.125000
vt 0.906250 0.062500
vt 0.906250 0.562500
vt 0.906250 0.500000
vt 0.921875 1.000000
vt 0.906250 0.937500
vt 0.921875 0.000000
vt 0.906250 0.437500
vt 0.906250 0.875000
vt 0.906250 0.375000
vt 0.906250 0.812500
vt 0.906250 0.312500
vt 0.906250 0.750000
vt 0.906250 0.250000
vt 0.906250 0.687500
vt 0.906250 0.187500
vt 0.906250 0.625000
vt 0.875000 0.812500
vt 0.875000 0.750000
vt 0.875000 0.312500
vt 0.875000 0.250000
vt 0.875000 0.687500
vt 0.875000 0.187500
vt 0.875000 0.625000
vt 0.875000 0.125000
vt 0.875000 0.562500
vt 0.875000 0.062500
vt 0.875000 0.500000
vt 0.890625 1.000000
vt 0.875000 0.937500
vt 0.890625 0.000000
vt 0.875000 0.437500
vt 0.875000 0.875000
vt 0.875000 0.375000
vt 0.843750 0.562500
vt 0.843750 0.500000
vt 0.859375 1.000000
vt 0.843750 0.937500
vt 0.859375 0.000000
vt 0.843750 0.062500
vt 0.843750 0.437500
vt 0.843750 0.875000
vt 0.843750 0.375000
vt 0.843750 0.812500
vt 0.843750 0.312500
vt 0.843750 0.750000
vt 0.843750 0.250000
vt 0.843750 0.687500
vt 0.843750 0.187500
vt 0.843750 0.625000
vt 0.843750 0.125000
vt 0.812500 0.312500
vt 0.812500 0.250000
vt 0.812500 0.750000
vt 0.812500 0.687500
vt 0.812500 0.187500
vt 0.812500 0.625000
vt 0.812500 0.125000
vt 0.812500 0.562500
vt 0.812500 0.062500
vt 0.812500 0.500000
vt 0.828125 1.000000
vt 0.812500 0.937500
vt 0.828125 0.000000
vt 0.812500 0.437500
vt 0.812500 0.875000
vt 0.812500 0.375000
vt 0.812500 0.812500
vt 0.796875 0.000000
vt 0.781250 0.062500
vt 0.781250 0.500000
vt 0.781250 0.437500
vt 0.781250 0.937500
vt 0.781250 0.875000
vt 0.781250 0.375000
vt 0.781250 0.812500
vt 0.781250 0.312500
vt 0.781250 0.750000
vt 0.781250 0.250000
vt 0.781250 0.687500
vt 0.781250 0.187500
vt 0.781250 0.625000
vt 0.781250 0.125000
vt 0.781250 0.562500
vt 0.796875 1.000000
vt 0.765625 1.000000
vt 0.765625 0.000000
s 0
usemtl DeepRed
f 2156/3828/1501 2630/3829/1501 2164/3830/1501 2165/3831/1501
f 2634/3832/1502 2633/3833/1502 2172/3834/1502 2173/3835/1502
f 2631/3836/1503 2156/3828/1503 2165/3831/1503 2166/3837/1503
f 2635/3838/1504 2634/3832/1504 2173/3835/1504 2174/3839/1504
f 2157/3840/1505 2631/3836/1505 2166/3837/1505 2167/3841/1505
f 2636/3842/1506 2635/3838/1506 2174/3839/1506 2175/3843/1506
f 2158/3844/1507 2157/3840/1507 2167/3841/1507 2168/3845/1507
f 2628/3846/1508 2236/3847/1508 2161/3848/1508
f 2462/3849/1509 2636/3842/1509 2175/3843/1509
f 2159/3850/1510 2158/3844/1510 2168/3845/1510 2169/3851/1510
f 2629/3852/1511 2628/3846/1511 2161/3848/1511 2162/3853/1511
f 2632/3854/1512 2159/3850/1512 2169/3851/1512 2170/3855/1512
f 2155/3856/1513 2629/3852/1513 2162/3853/1513 2163/3857/1513
f 2160/3858/1514 2632/3854/1514 2170/3855/1514 2171/3859/1514
f 2630/3829/1515 2155/3856/1515 2163/3857/1515 2164/3830/1515
f 2633/3833/1516 2160/3858/1516 2171/3859/1516 2172/3834/1516
f 2171/3859/1517 2170/3855/1517 2185/3860/1517 2186/3861/1517
f 2164/3830/1518 2163/3857/1518 2178/3862/1518 2179/3863/1518
f 2172/3834/1519 2171/3859/1519 2186/3861/1519 2187/3864/1519
f 2165/3831/1520 2164/3830/1520 2179/3863/1520 2180/3865/1520
f 2173/3835/1521 2172/3834/1521 2187/3864/1521 2188/3866/1521
f 2166/3837/1522 2165/3831/1522 2180/3865/1522 2181/3867/1522
f 2174/3839/1523 2173/3835/1523 2188/3866/1523 2189/3868/1523
f 2167/3841/1524 2166/3837/1524 2181/3867/1524 2182/3869/1524
f 2175/3843/1525 2174/3839/1525 2189/3868/1525 2190/3870/1525
f 2168/3845/1526 2167/3841/1526 2182/3869/1526 2183/3871/1526
f 2161/3848/1527 2236/3872/1527 2176/3873/1527
f 2462/3874/1528 2175/3843/1528 2190/3870/1528
f 2169/3851/1529 2168/3845/1529 2183/3871/1529 2184/3875/1529
f 2162/3853/1530 2161/3848/1530 2176/3873/1530 2177/3876/1530
f 2170/3855/1531 2169/3851/1531 2184/3875/1531 2185/3860/1531
f 2163/3857/1532 2162/3853/1532 2177/3876/1532 2178/3862/1532
f 2190/3870/1533 2189/3868/1533 2204/3877/1533 2205/3878/1533
f 2183/3871/1534 2182/3869/1534 2197/3879/1534 2198/3880/1534
f 2176/3873/1535 2236/3881/1535 2191/3882/1535
f 2462/3883/1536 2190/3870/1536 2205/3878/1536
f 2184/3875/1537 2183/3871/1537 2198/3880/1537 2199/3884/1537
f 2177/3876/1538 2176/3873/1538 2191/3882/1538 2192/3885/1538
f 2185/3860/1539 2184/3875/1539 2199/3884/1539 2200/3886/1539
f 2178/3862/1540 2177/3876/1540 2192/3885/1540 2193/3887/1540
f 2186/3861/1541 2185/3860/1541 2200/3886/1541 2201/3888/1541
f 2179/3863/1542 2178/3862/1542 2193/3887/1542 2194/3889/1542
f 2187/3864/1543 2186/3861/1543 2201/3888/1543 2202/3890/1543
f 2180/3865/1544 2179/3863/1544 2194/3889/1544 2195/3891/1544
f 2188/3866/1545 2187/3864/1545 2202/3890/1545 2203/3892/1545
f 2181/3867/1546 2180/3865/1546 2195/3891/1546 2196/3893/1546
f 2189/3868/1547 2188/3866/1547 2203/3892/1547 2204/3877/1547
f 2182/3869/1548 2181/3867/1548 2196/3893/1548 2197/3879/1548
f 2202/3890/1549 2201/3888/1549 2216/3894/1549 2217/3895/1549
f 2195/3891/1550 2194/3889/1550 2209/3896/1550 2210/3897/1550
f 2203/3892/1551 2202/3890/1551 2217/3895/1551 2218/3898/1551
f 2196/3893/1552 2195/3891/1552 2210/3897/1552 2211/3899/1552
f 2204/3877/1553 2203/3892/1553 2218/3898/1553 2219/3900/1553
f 2197/3879/1554 2196/3893/1554 2211/3899/1554 2212/3901/1554
f 2205/3878/1555 2204/3877/1555 2219/3900/1555 2220/3902/1555
f 2198/3880/1556 2197/3879/1556 2212/3901/1556 2213/3903/1556
f 2191/3882/1557 2236/3904/1557 2206/3905/1557
f 2462/3906/1558 2205/3878/1558 2220/3902/1558
f 2199/3884/1559 2198/3880/1559 2213/3903/1559 2214/3907/1559
f 2192/3885/1560 2191/3882/1560 2206/3905/1560 2207/3908/1560
f 2200/3886/1561 2199/3884/1561 2214/3907/1561 2215/3909/1561
f 2193/3887/1562 2192/3885/1562 2207/3908/1562 2208/3910/1562
f 2201/3888/1563 2200/3886/1563 2215/3909/1563 2216/3894/1563
f 2194/3889/1564 2193/3887/1564 2208/3910/1564 2209/3896/1564
f 2206/3905/1565 2236/3911/1565 2221/3912/1565
f 2462/3913/1566 2220/3902/1566 2235/3914/1566
f 2214/3907/1567 2213/3903/1567 2228/3915/1567 2229/3916/1567
f 2207/3908/1568 2206/3905/1568 2221/3912/1568 2222/3917/1568
f 2215/3909/1569 2214/3907/1569 2229/3916/1569 2230/3918/1569
f 2208/3910/1570 2207/3908/1570 2222/3917/1570 2223/3919/1570
f 2216/3894/1571 2215/3909/1571 2230/3918/1571 2231/3920/1571
f 2209/3896/1572 2208/3910/1572 2223/3919/1572 2224/3921/1572
f 2217/3895/1573 2216/3894/1573 2231/3920/1573 2232/3922/1573
f 2210/3897/1574 2209/3896/1574 2224/3921/1574 2225/3923/1574
f 2218/3898/1575 2217/3895/1575 2232/3922/1575 2233/3924/1575
f 2211/3899/1576 2210/3897/1576 2225/3923/1576 2226/3925/1576
f 2219/3900/1577 2218/3898/1577 2233/3924/1577 2234/3926/1577
f 2212/3901/1578 2211/3899/1578 2226/3925/1578 2227/3927/1578
f 2220/3902/1579 2219/3900/1579 2234/3926/1579 2235/3914/1579
f 2213/3903/1580 2212/3901/1580 2227/3927/1580 2228/3915/1580
f 2225/3923/1581 2224/3921/1581 2240/3928/1581 2241/3929/1581
f 2233/3924/1582 2232/3922/1582 2248/3930/1582 2249/3931/1582
f 2226/3925/1583 2225/3923/1583 2241/3929/1583 2242/3932/1583
f 2234/3926/1584 2233/3924/1584 2249/3931/1584 2250/3933/1584
f 2227/3927/1585 2226/3925/1585 2242/3932/1585 2243/3934/1585
f 2235/3914/1586 2234/3926/1586 2250/3933/1586 2251/3935/1586
f 2228/3915/1587 2227/3927/1587 2243/3934/1587 2244/3936/1587
f 2221/3912/1588 2236/3937/1588 2237/3938/1588
f 2462/3939/1589 2235/3914/1589 2251/3935/1589
f 2229/3916/1590 2228/3915/1590 2244/3936/1590 2245/3940/1590
f 2222/3917/1591 2221/3912/1591 2237/3938/1591 2238/3941/1591
f 2230/3918/1592 2229/3916/1592 2245/3940/1592 2246/3942/1592
f 2223/3919/1593 2222/3917/1593 2238/3941/1593 2239/3943/1593
f 2231/3920/1594 2230/3918/1594 2246/3942/1594 2247/3944/1594
f 2224/3921/1595 2223/3919/1595 2239/3943/1595 2240/3928/1595
f 2232/3922/1596 2231/3920/1596 2247/3944/1596 2248/3930/1596
f 2245/3940/1597 2244/3936/1597 2259/3945/1597 2260/3946/1597
f 2238/3941/1598 2237/3938/1598 2252/3947/1598 2253/3948/1598
f 2246/3942/1599 2245/3940/1599 2260/3946/1599 2261/3949/1599
f 2239/3943/1600 2238/3941/1600 2253/3948/1600 2254/3950/1600
f 2247/3944/1601 2246/3942/1601 2261/3949/1601 2262/3951/1601
f 2240/3928/1602 2239/3943/1602 2254/3950/1602 2255/3952/1602
f 2248/3930/1603 2247/3944/1603 2262/3951/1603 2263/3953/1603
f 2241/3929/1604 2240/3928/1604 2255/3952/1604 2256/3954/1604
f 2249/3931/1605 2248/3930/1605 2263/3953/1605 2264/3955/1605
f 2242/3932/1606 2241/3929/1606 2256/3954/1606 2257/3956/1606
f 2250/3933/1607 2249/3931/1607 2264/3955/1607 2265/3957/1607
f 2243/3934/1608 2242/3932/1608 2257/3956/1608 2258/3958/1608
f 2251/3935/1609 2250/3933/1609 2265/3957/1609 2266/3959/1609
f 2244/3936/1610 2243/3934/1610 2258/3958/1610 2259/3945/1610
f 2237/3938/1611 2236/3960/1611 2252/3947/1611
f 2462/3961/1612 2251/3935/1612 2266/3959/1612
f 2264/3955/1613 2263/3953/1613 2278/3962/1613 2279/3963/1613
f 2257/3956/1614 2256/3954/1614 2271/3964/1614 2272/3965/1614
f 2265/3957/1615 2264/3955/1615 2279/3963/1615 2280/3966/1615
f 2258/3958/1616 2257/3956/1616 2272/3965/1616 2273/3967/1616
f 2266/3959/1617 2265/3957/1617 2280/3966/1617 2281/3968/1617
f 2259/3945/1618 2258/3958/1618 2273/3967/1618 2274/3969/1618
f 2252/3947/1619 2236/3970/1619 2267/3971/1619
f 2462/3972/1620 2266/3959/1620 2281/3968/1620
f 2260/3946/1621 2259/3945/1621 2274/3969/1621 2275/3973/1621
f 2253/3948/1622 2252/3947/1622 2267/3971/1622 2268/3974/1622
f 2261/3949/1623 2260/3946/1623 2275/3973/1623 2276/3975/1623
f 2254/3950/1624 2253/3948/1624 2268/3974/1624 2269/3976/1624
f 2262/3951/1625 2261/3949/1625 2276/3975/1625 2277/3977/1625
f 2255/3952/1626 2254/3950/1626 2269/3976/1626 2270/3978/1626
f 2263/3953/1627 2262/3951/1627 2277/3977/1627 2278/3962/1627
f 2256/3954/1628 2255/3952/1628 2270/3978/1628 2271/3964/1628
f 2268/3974/1629 2267/3971/1629 2282/3979/1629 2283/3980/1629
f 2276/3975/1630 2275/3973/1630 2290/3981/1630 2291/3982/1630
f 2269/3976/1631 2268/3974/1631 2283/3980/1631 2284/3983/1631
f 2277/3977/1632 2276/3975/1632 2291/3982/1632 2292/3984/1632
f 2270/3978/1633 2269/3976/1633 2284/3983/1633 2285/3985/1633
f 2278/3962/1634 2277/3977/1634 2292/3984/1634 2293/3986/1634
f 2271/3964/1635 2270/3978/1635 2285/3985/1635 2286/3987/1635
f 2279/3963/1636 2278/3962/1636 2293/3986/1636 2294/3988/1636
f 2272/3965/1637 2271/3964/1637 2286/3987/1637 2287/3989/1637
f 2280/3966/1638 2279/3963/1638 2294/3988/1638 2295/3990/1638
f 2273/3967/1639 2272/3965/1639 2287/3989/1639 2288/3991/1639
f 2281/3968/1640 2280/3966/1640 2295/3990/1640 2296/3992/1640
f 2274/3969/1641 2273/3967/1641 2288/3991/1641 2289/3993/1641
f 2267/3971/1642 2236/3994/1642 2282/3979/1642
f 2462/3995/1643 2281/3968/1643 2296/3992/1643
f 2275/3973/1644 2274/3969/1644 2289/3993/1644 2290/3981/1644
f 2287/3989/1645 2286/3987/1645 2301/3996/1645 2302/3997/1645
f 2295/3990/1646 2294/3988/1646 2309/3998/1646 2310/3999/1646
f 2288/3991/1647 2287/3989/1647 2302/3997/1647 2303/4000/1647
f 2296/3992/1648 2295/3990/1648 2310/3999/1648 2311/4001/1648
f 2289/3993/1649 2288/3991/1649 2303/4000/1649 2304/4002/1649
f 2282/3979/1650 2236/4003/1650 2297/4004/1650
f 2462/4005/1651 2296/3992/1651 2311/4001/1651
f 2290/3981/1652 2289/3993/1652 2304/4002/1652 2305/4006/1652
f 2283/3980/1653 2282/3979/1653 2297/4004/1653 2298/4007/1653
f 2291/3982/1654 2290/3981/1654 2305/4006/1654 2306/4008/1654
f 2284/3983/1655 2283/3980/1655 2298/4007/1655 2299/4009/1655
f 2292/3984/1656 2291/3982/1656 2306/4008/1656 2307/4010/1656
f 2285/3985/1657 2284/3983/1657 2299/4009/1657 2300/4011/1657
f 2293/3986/1658 2292/3984/1658 2307/4010/1658 2308/4012/1658
f 2286/3987/1659 2285/3985/1659 2300/4011/1659 2301/3996/1659
f 2294/3988/1660 2293/3986/1660 2308/4012/1660 2309/3998/1660
f 2306/4008/1661 2305/4006/1661 2320/4013/1661 2321/4014/1661
f 2299/4009/1662 2298/4007/1662 2313/4015/1662 2314/4016/1662
f 2307/4010/1663 2306/4008/1663 2321/4014/1663 2322/4017/1663
f 2300/4011/1664 2299/4009/1664 2314/4016/1664 2315/4018/1664
f 2308/4012/1665 2307/4010/1665 2322/4017/1665 2323/4019/1665
f 2301/3996/1666 2300/4011/1666 2315/4018/1666 2316/4020/1666
f 2309/3998/1667 2308/4012/1667 2323/4019/1667 2324/4021/1667
f 2302/3997/1668 2301/3996/1668 2316/4020/1668 2317/4022/1668
f 2310/3999/1669 2309/3998/1669 2324/4021/1669 2325/4023/1669
f 2303/4000/1670 2302/3997/1670 2317/4022/1670 2318/4024/1670
f 2311/4001/1671 2310/3999/1671 2325/4023/1671 2326/4025/1671
f 2304/4002/1672 2303/4000/1672 2318/4024/1672 2319/4026/1672
f 2297/4004/1673 2236/4027/1673 2312/4028/1673
f 2462/4029/1674 2311/4001/1674 2326/4025/1674
f 2305/4006/1675 2304/4002/1675 2319/4026/1675 2320/4013/1675
f 2298/4007/1676 2297/4004/1676 2312/4028/1676 2313/4015/1676
f 2325/4023/1677 2324/4021/1677 2339/4030/1677 2340/4031/1677
f 2318/4024/1678 2317/4022/1678 2332/4032/1678 2333/4033/1678
f 2326/4025/1679 2325/4023/1679 2340/4031/1679 2341/4034/1679
f 2319/4026/1680 2318/4024/1680 2333/4033/1680 2334/4035/1680
f 2312/4028/1681 2236/4036/1681 2327/4037/1681
f 2462/4038/1682 2326/4025/1682 2341/4034/1682
f 2320/4013/1683 2319/4026/1683 2334/4035/1683 2335/4039/1683
f 2313/4015/1684 2312/4028/1684 2327/4037/1684 2328/4040/1684
f 2321/4014/1685 2320/4013/1685 2335/4039/1685 2336/4041/1685
f 2314/4016/1686 2313/4015/1686 2328/4040/1686 2329/4042/1686
f 2322/4017/1687 2321/4014/1687 2336/4041/1687 2337/4043/1687
f 2315/4018/1688 2314/4016/1688 2329/4042/1688 2330/4044/1688
f 2323/4019/1689 2322/4017/1689 2337/4043/1689 2338/4045/1689
f 2316/4020/1690 2315/4018/1690 2330/4044/1690 2331/4046/1690
f 2324/4021/1691 2323/4019/1691 2338/4045/1691 2339/4030/1691
f 2317/4022/1692 2316/4020/1692 2331/4046/1692 2332/4032/1692
f 2337/4043/1693 2336/4041/1693 2351/4047/1693 2352/4048/1693
f 2330/4044/1694 2329/4042/1694 2344/4049/1694 2345/4050/1694
f 2338/4045/1695 2337/4043/1695 2352/4048/1695 2353/4051/1695
f 2331/4046/1696 2330/4044/1696 2345/4050/1696 2346/4052/1696
f 2339/4030/1697 2338/4045/1697 2353/4051/1697 2354/4053/1697
f 2332/4032/1698 2331/4046/1698 2346/4052/1698 2347/4054/1698
f 2340/4031/1699 2339/4030/1699 2354/4053/1699 2355/4055/1699
f 2333/4033/1700 2332/4032/1700 2347/4054/1700 2348/4056/1700
f 2341/4034/1701 2340/4031/1701 2355/4055/1701 2356/4057/1701
f 2334/4035/1702 2333/4033/1702 2348/4056/1702 2349/4058/1702
f 2327/4037/1703 2236/4059/1703 2342/4060/1703
f 2462/4061/1704 2341/4034/1704 2356/4057/1704
f 2335/4039/1705 2334/4035/1705 2349/4058/1705 2350/4062/1705
f 2328/4040/1706 2327/4037/1706 2342/4060/1706 2343/4063/1706
f 2336/4041/1707 2335/4039/1707 2350/4062/1707 2351/4047/1707
f 2329/4042/1708 2328/4040/1708 2343/4063/1708 2344/4049/1708
f 2356/4057/1709 2355/4055/1709 2370/4064/1709 2371/4065/1709
f 2349/4058/1710 2348/4056/1710 2363/4066/1710 2364/4067/1710
f 2342/4060/1711 2236/4068/1711 2357/4069/1711
f 2462/4070/1712 2356/4057/1712 2371/4065/1712
f 2350/4062/1713 2349/4058/1713 2364/4067/1713 2365/4071/1713
f 2343/4063/1714 2342/4060/1714 2357/4069/1714 2358/4072/1714
f 2351/4047/1715 2350/4062/1715 2365/4071/1715 2366/4073/1715
f 2344/4049/1716 2343/4063/1716 2358/4072/1716 2359/4074/1716
f 2352/4048/1717 2351/4047/1717 2366/4073/1717 2367/4075/1717
f 2345/4050/1718 2344/4049/1718 2359/4074/1718 2360/4076/1718
f 2353/4051/1719 2352/4048/1719 2367/4075/1719 2368/4077/1719
f 2346/4052/1720 2345/4050/1720 2360/4076/1720 2361/4078/1720
f 2354/4053/1721 2353/4051/1721 2368/4077/1721 2369/4079/1721
f 2347/4054/1722 2346/4052/1722 2361/4078/1722 2362/4080/1722
f 2355/4055/1723 2354/4053/1723 2369/4079/1723 2370/4064/1723
f 2348/4056/1724 2347/4054/1724 2362/4080/1724 2363/4066/1724
f 2360/4076/1725 2359/4074/1725 2374/4081/1725 2375/4082/1725
f 2368/4077/1726 2367/4075/1726 2382/4083/1726 2383/4084/1726
f 2361/4078/1727 2360/4076/1727 2375/4082/1727 2376/4085/1727
f 2369/4079/1728 2368/4077/1728 2383/4084/1728 2384/4086/1728
f 2362/4080/1729 2361/4078/1729 2376/4085/1729 2377/4087/1729
f 2370/4064/1730 2369/4079/1730 2384/4086/1730 2385/4088/1730
f 2363/4066/1731 2362/4080/1731 2377/4087/1731 2378/4089/1731
f 2371/4065/1732 2370/4064/1732 2385/4088/1732 2386/4090/1732
f 2364/4067/1733 2363/4066/1733 2378/4089/1733 2379/4091/1733
f 2357/4069/1734 2236/4092/1734 2372/4093/1734
f 2462/4094/1735 2371/4065/1735 2386/4090/1735
f 2365/4071/1736 2364/4067/1736 2379/4091/1736 2380/4095/1736
f 2358/4072/1737 2357/4069/1737 2372/4093/1737 2373/4096/1737
f 2366/4073/1738 2365/4071/1738 2380/4095/1738 2381/4097/1738
f 2359/4074/1739 2358/4072/1739 2373/4096/1739 2374/4081/1739
f 2367/4075/1740 2366/4073/1740 2381/4097/1740 2382/4083/1740
f 2379/4091/1741 2378/4089/1741 2393/4098/1741 2394/4099/1741
f 2372/4093/1742 2236/4100/1742 2387/4101/1742
f 2462/4102/1743 2386/4090/1743 2401/4103/1743
f 2380/4095/1744 2379/4091/1744 2394/4099/1744 2395/4104/1744
f 2373/4096/1745 2372/4093/1745 2387/4101/1745 2388/4105/1745
f 2381/4097/1746 2380/4095/1746 2395/4104/1746 2396/4106/1746
f 2374/4081/1747 2373/4096/1747 2388/4105/1747 2389/4107/1747
f 2382/4083/1748 2381/4097/1748 2396/4106/1748 2397/4108/1748
f 2375/4082/1749 2374/4081/1749 2389/4107/1749 2390/4109/1749
f 2383/4084/1750 2382/4083/1750 2397/4108/1750 2398/4110/1750
f 2376/4085/1751 2375/4082/1751 2390/4109/1751 2391/4111/1751
f 2384/4086/1752 2383/4084/1752 2398/4110/1752 2399/4112/1752
f 2377/4087/1753 2376/4085/1753 2391/4111/1753 2392/4113/1753
f 2385/4088/1754 2384/4086/1754 2399/4112/1754 2400/4114/1754
f 2378/4089/1755 2377/4087/1755 2392/4113/1755 2393/4098/1755
f 2386/4090/1756 2385/4088/1756 2400/4114/1756 2401/4103/1756
f 2398/4110/1757 2397/4108/1757 2412/4115/1757 2413/4116/1757
f 2391/4111/1758 2390/4109/1758 2405/4117/1758 2406/4118/1758
f 2399/4112/1759 2398/4110/1759 2413/4116/1759 2414/4119/1759
f 2392/4113/1760 2391/4111/1760 2406/4118/1760 2407/4120/1760
f 2400/4114/1761 2399/4112/1761 2414/4119/1761 2415/4121/1761
f 2393/4098/1762 2392/4113/1762 2407/4120/1762 2408/4122/1762
f 2401/4103/1763 2400/4114/1763 2415/4121/1763 2416/4123/1763
f 2394/4099/1764 2393/4098/1764 2408/4122/1764 2409/4124/1764
f 2387/4101/1765 2236/4125/1765 2402/4126/1765
f 2462/4127/1766 2401/4103/1766 2416/4123/1766
f 2395/4104/1767 2394/4099/1767 2409/4124/1767 2410/4128/1767
f 2388/4105/1768 2387/4101/1768 2402/4126/1768 2403/4129/1768
f 2396/4106/1769 2395/4104/1769 2410/4128/1769 2411/4130/1769
f 2389/4107/1770 2388/4105/1770 2403/4129/1770 2404/4131/1770
f 2397/4108/1771 2396/4106/1771 2411/4130/1771 2412/4115/1771
f 2390/4109/1772 2389/4107/1772 2404/4131/1772 2405/4117/1772
f 2402/4126/1773 2236/4132/1773 2417/4133/1773
f 2462/4134/1774 2416/4123/1774 2431/4135/1774
f 2410/4128/1775 2409/4124/1775 2424/4136/1775 2425/4137/1775
f 2403/4129/1776 2402/4126/1776 2417/4133/1776 2418/4138/1776
f 2411/4130/1777 2410/4128/1777 2425/4137/1777 2426/4139/1777
f 2404/4131/1778 2403/4129/1778 2418/4138/1778 2419/4140/1778
f 2412/4115/1779 2411/4130/1779 2426/4139/1779 2427/4141/1779
f 2405/4117/1780 2404/4131/1780 2419/4140/1780 2420/4142/1780
f 2413/4116/1781 2412/4115/1781 2427/4141/1781 2428/4143/1781
f 2406/4118/1782 2405/4117/1782 2420/4142/1782 2421/4144/1782
f 2414/4119/1783 2413/4116/1783 2428/4143/1783 2429/4145/1783
f 2407/4120/1784 2406/4118/1784 2421/4144/1784 2422/4146/1784
f 2415/4121/1785 2414/4119/1785 2429/4145/1785 2430/4147/1785
f 2408/4122/1786 2407/4120/1786 2422/4146/1786 2423/4148/1786
f 2416/4123/1787 2415/4121/1787 2430/4147/1787 2431/4135/1787
f 2409/4124/1788 2408/4122/1788 2423/4148/1788 2424/4136/1788
f 2421/4144/1789 2420/4142/1789 2435/4149/1789 2436/4150/1789
f 2429/4145/1790 2428/4143/1790 2443/4151/1790 2444/4152/1790
f 2422/4146/1791 2421/4144/1791 2436/4150/1791 2437/4153/1791
f 2430/4147/1792 2429/4145/1792 2444/4152/1792 2445/4154/1792
f 2423/4148/1793 2422/4146/1793 2437/4153/1793 2438/4155/1793
f 2431/4135/1794 2430/4147/1794 2445/4154/1794 2446/4156/1794
f 2424/4136/1795 2423/4148/1795 2438/4155/1795 2439/4157/1795
f 2417/4133/1796 2236/4158/1796 2432/4159/1796
f 2462/4160/1797 2431/4135/1797 2446/4156/1797
f 2425/4137/1798 2424/4136/1798 2439/4157/1798 2440/4161/1798
f 2418/4138/1799 2417/4133/1799 2432/4159/1799 2433/4162/1799
f 2426/4139/1800 2425/4137/1800 2440/4161/1800 2441/4163/1800
f 2419/4140/1801 2418/4138/1801 2433/4162/1801 2434/4164/1801
f 2427/4141/1802 2426/4139/1802 2441/4163/1802 2442/4165/1802
f 2420/4142/1803 2419/4140/1803 2434/4164/1803 2435/4149/1803
f 2428/4143/1804 2427/4141/1804 2442/4165/1804 2443/4151/1804
f 2440/4161/1805 2439/4157/1805 2454/4166/1805 2455/4167/1805
f 2433/4162/1806 2432/4159/1806 2447/4168/1806 2448/4169/1806
f 2441/4163/1807 2440/4161/1807 2455/4167/1807 2456/4170/1807
f 2434/4164/1808 2433/4162/1808 2448/4169/1808 2449/4171/1808
f 2442/4165/1809 2441/4163/1809 2456/4170/1809 2457/4172/1809
f 2435/4149/1810 2434/4164/1810 2449/4171/1810 2450/4173/1810
f 2443/4151/1811 2442/4165/1811 2457/4172/1811 2458/4174/1811
f 2436/4150/1812 2435/4149/1812 2450/4173/1812 2451/4175/1812
f 2444/4152/1813 2443/4151/1813 2458/4174/1813 2459/4176/1813
f 2437/4153/1814 2436/4150/1814 2451/4175/1814 2452/4177/1814
f 2445/4154/1815 2444/4152/1815 2459/4176/1815 2460/4178/1815
f 2438/4155/1816 2437/4153/1816 2452/4177/1816 2453/4179/1816
f 2446/4156/1817 2445/4154/1817 2460/4178/1817 2461/4180/1817
f 2439/4157/1818 2438/4155/1818 2453/4179/1818 2454/4166/1818
f 2432/4159/1819 2236/4181/1819 2447/4168/1819
f 2462/4182/1820 2446/4156/1820 2461/4180/1820
f 2459/4176/1821 2458/4174/1821 2474/4183/1821 2475/4184/1821
f 2452/4177/1822 2451/4175/1822 2467/4185/1822 2468/4186/1822
f 2460/4178/1823 2459/4176/1823 2475/4184/1823 2476/4187/1823
f 2453/4179/1824 2452/4177/1824 2468/4186/1824 2469/4188/1824
f 2461/4180/1825 2460/4178/1825 2476/4187/1825 2477/4189/1825
f 2454/4166/1826 2453/4179/1826 2469/4188/1826 2470/4190/1826
f 2447/4168/1827 2236/4191/1827 2463/4192/1827
f 2462/4193/1828 2461/4180/1828 2477/4189/1828
f 2455/4167/1829 2454/4166/1829 2470/4190/1829 2471/4194/1829
f 2448/4169/1830 2447/4168/1830 2463/4192/1830 2464/4195/1830
f 2456/4170/1831 2455/4167/1831 2471/4194/1831 2472/4196/1831
f 2449/4171/1832 2448/4169/1832 2464/4195/1832 2465/4197/1832
f 2457/4172/1833 2456/4170/1833 2472/4196/1833 2473/4198/1833
f 2450/4173/1834 2449/4171/1834 2465/4197/1834 2466/4199/1834
f 2458/4174/1835 2457/4172/1835 2473/4198/1835 2474/4183/1835
f 2451/4175/1836 2450/4173/1836 2466/4199/1836 2467/4185/1836
f 2472/4196/1837 2471/4194/1837 2486/4200/1837 2487/4201/1837
f 2465/4197/1838 2464/4195/1838 2479/4202/1838 2480/4203/1838
f 2473/4198/1839 2472/4196/1839 2487/4201/1839 2488/4204/1839
f 2466/4199/1840 2465/4197/1840 2480/4203/1840 2481/4205/1840
f 2474/4183/1841 2473/4198/1841 2488/4204/1841 2489/4206/1841
f 2467/4185/1842 2466/4199/1842 2481/4205/1842 2482/4207/1842
f 2475/4184/1843 2474/4183/1843 2489/4206/1843 2490/4208/1843
f 2468/4186/1844 2467/4185/1844 2482/4207/1844 2483/4209/1844
f 2476/4187/1845 2475/4184/1845 2490/4208/1845 2491/4210/1845
f 2469/4188/1846 2468/4186/1846 2483/4209/1846 2484/4211/1846
f 2477/4189/1847 2476/4187/1847 2491/4210/1847 2492/4212/1847
f 2470/4190/1848 2469/4188/1848 2484/4211/1848 2485/4213/1848
f 2463/4192/1849 2236/4214/1849 2478/4215/1849
f 2462/4216/1850 2477/4189/1850 2492/4212/1850
f 2471/4194/1851 2470/4190/1851 2485/4213/1851 2486/4200/1851
f 2464/4195/1852 2463/4192/1852 2478/4215/1852 2479/4202/1852
f 2491/4210/1853 2490/4208/1853 2505/4217/1853 2506/4218/1853
f 2484/4211/1854 2483/4209/1854 2498/4219/1854 2499/4220/1854
f 2492/4212/1855 2491/4210/1855 2506/4218/1855 2507/4221/1855
f 2485/4213/1856 2484/4211/1856 2499/4220/1856 2500/4222/1856
f 2478/4215/1857 2236/4223/1857 2493/4224/1857
f 2462/4225/1858 2492/4212/1858 2507/4221/1858
f 2486/4200/1859 2485/4213/1859 2500/4222/1859 2501/4226/1859
f 2479/4202/1860 2478/4215/1860 2493/4224/1860 2494/4227/1860
f 2487/4201/1861 2486/4200/1861 2501/4226/1861 2502/4228/1861
f 2480/4203/1862 2479/4202/1862 2494/4227/1862 2495/4229/1862
f 2488/4204/1863 2487/4201/1863 2502/4228/1863 2503/4230/1863
f 2481/4205/1864 2480/4203/1864 2495/4229/1864 2496/4231/1864
f 2489/4206/1865 2488/4204/1865 2503/4230/1865 2504/4232/1865
f 2482/4207/1866 2481/4205/1866 2496/4231/1866 2497/4233/1866
f 2490/4208/1867 2489/4206/1867 2504/4232/1867 2505/4217/1867
f 2483/4209/1868 2482/4207/1868 2497/4233/1868 2498/4219/1868
f 2495/4229/1869 2494/4227/1869 2509/4234/1869 2510/4235/1869
f 2503/4230/1870 2502/4228/1870 2517/4236/1870 2518/4237/1870
f 2496/4231/1871 2495/4229/1871 2510/4235/1871 2511/4238/1871
f 2504/4232/1872 2503/4230/1872 2518/4237/1872 2519/4239/1872
f 2497/4233/1873 2496/4231/1873 2511/4238/1873 2512/4240/1873
f 2505/4217/1874 2504/4232/1874 2519/4239/1874 2520/4241/1874
f 2498/4219/1875 2497/4233/1875 2512/4240/1875 2513/4242/1875
f 2506/4218/1876 2505/4217/1876 2520/4241/1876 2521/4243/1876
f 2499/4220/1877 2498/4219/1877 2513/4242/1877 2514/4244/1877
f 2507/4221/1878 2506/4218/1878 2521/4243/1878 2522/4245/1878
f 2500/4222/1879 2499/4220/1879 2514/4244/1879 2515/4246/1879
f 2493/4224/1880 2236/4247/1880 2508/4248/1880
f 2462/4249/1881 2507/4221/1881 2522/4245/1881
f 2501/4226/1882 2500/4222/1882 2515/4246/1882 2516/4250/1882
f 2494/4227/1883 2493/4224/1883 2508/4248/1883 2509/4234/1883
f 2502/4228/1884 2501/4226/1884 2516/4250/1884 2517/4236/1884
f 2514/4251/1885 2513/4252/1885 2528/4253/1885 2529/4254/1885
f 2522/4255/1886 2521/4256/1886 2536/4257/1886 2537/4258/1886
f 2515/4259/1887 2514/4251/1887 2529/4254/1887 2530/4260/1887
f 2508/4261/1888 2236/4262/1888 2523/4263/1888
f 2462/4264/1889 2522/4255/1889 2537/4258/1889
f 2516/4265/1890 2515/4259/1890 2530/4260/1890 2531/4266/1890
f 2509/4267/1891 2508/4261/1891 2523/4263/1891 2524/4268/1891
f 2517/4269/1892 2516/4265/1892 2531/4266/1892 2532/4270/1892
f 2510/4271/1893 2509/4267/1893 2524/4268/1893 2525/4272/1893
f 2518/4273/1894 2517/4269/1894 2532/4270/1894 2533/4274/1894
f 2511/4275/1895 2510/4271/1895 2525/4272/1895 2526/4276/1895
f 2519/4277/1896 2518/4273/1896 2533/4274/1896 2534/4278/1896
f 2512/4279/1897 2511/4275/1897 2526/4276/1897 2527/4280/1897
f 2520/4281/1898 2519/4277/1898 2534/4278/1898 2535/4282/1898
f 2513/4252/1899 2512/4279/1899 2527/4280/1899 2528/4253/1899
f 2521/4256/1900 2520/4281/1900 2535/4282/1900 2536/4257/1900
f 2533/4274/1901 2532/4270/1901 2547/4283/1901 2548/4284/1901
f 2526/4276/1902 2525/4272/1902 2540/4285/1902 2541/4286/1902
f 2534/4278/1903 2533/4274/1903 2548/4284/1903 2549/4287/1903
f 2527/4280/1904 2526/4276/1904 2541/4286/1904 2542/4288/1904
f 2535/4282/1905 2534/4278/1905 2549/4287/1905 2550/4289/1905
f 2528/4253/1906 2527/4280/1906 2542/4288/1906 2543/4290/1906
f 2536/4257/1907 2535/4282/1907 2550/4289/1907 2551/4291/1907
f 2529/4254/1908 2528/4253/1908 2543/4290/1908 2544/4292/1908
f 2537/4258/1909 2536/4257/1909 2551/4291/1909 2552/4293/1909
f 2530/4260/1910 2529/4254/1910 2544/4292/1910 2545/4294/1910
f 2523/4263/1911 2236/4295/1911 2538/4296/1911
f 2462/4297/1912 2537/4258/1912 2552/4293/1912
f 2531/4266/1913 2530/4260/1913 2545/4294/1913 2546/4298/1913
f 2524/4268/1914 2523/4263/1914 2538/4296/1914 2539/4299/1914
f 2532/4270/1915 2531/4266/1915 2546/4298/1915 2547/4283/1915
f 2525/4272/1916 2524/4268/1916 2539/4299/1916 2540/4285/1916
f 2552/4293/1917 2551/4291/1917 2566/4300/1917 2567/4301/1917
f 2545/4294/1918 2544/4292/1918 2559/4302/1918 2560/4303/1918
f 2538/4296/1919 2236/4304/1919 2553/4305/1919
f 2462/4306/1920 2552/4293/1920 2567/4301/1920
f 2546/4298/1921 2545/4294/1921 2560/4303/1921 2561/4307/1921
f 2539/4299/1922 2538/4296/1922 2553/4305/1922 2554/4308/1922
f 2547/4283/1923 2546/4298/1923 2561/4307/1923 2562/4309/1923
f 2540/4285/1924 2539/4299/1924 2554/4308/1924 2555/4310/1924
f 2548/4284/1925 2547/4283/1925 2562/4309/1925 2563/4311/1925
f 2541/4286/1926 2540/4285/1926 2555/4310/1926 2556/4312/1926
f 2549/4287/1927 2548/4284/1927 2563/4311/1927 2564/4313/1927
f 2542/4288/1928 2541/4286/1928 2556/4312/1928 2557/4314/1928
f 2550/4289/1929 2549/4287/1929 2564/4313/1929 2565/4315/1929
f 2543/4290/1930 2542/4288/1930 2557/4314/1930 2558/4316/1930
f 2551/4291/1931 2550/4289/1931 2565/4315/1931 2566/4300/1931
f 2544/4292/1932 2543/4290/1932 2558/4316/1932 2559/4302/1932
f 2556/4312/1933 2555/4310/1933 2570/4317/1933 2571/4318/1933
f 2564/4313/1934 2563/4311/1934 2578/4319/1934 2579/4320/1934
f 2557/4314/1935 2556/4312/1935 2571/4318/1935 2572/4321/1935
f 2565/4315/1936 2564/4313/1936 2579/4320/1936 2580/4322/1936
f 2558/4316/1937 2557/4314/1937 2572/4321/1937 2573/4323/1937
f 2566/4300/1938 2565/4315/1938 2580/4322/1938 2581/4324/1938
f 2559/4302/1939 2558/4316/1939 2573/4323/1939 2574/4325/1939
f 2567/4301/1940 2566/4300/1940 2581/4324/1940 2582/4326/1940
f 2560/4303/1941 2559/4302/1941 2574/4325/1941 2575/4327/1941
f 2553/4305/1942 2236/4328/1942 2568/4329/1942
f 2462/4330/1943 2567/4301/1943 2582/4326/1943
f 2561/4307/1944 2560/4303/1944 2575/4327/1944 2576/4331/1944
f 2554/4308/1945 2553/4305/1945 2568/4329/1945 2569/4332/1945
f 2562/4309/1946 2561/4307/1946 2576/4331/1946 2577/4333/1946
f 2555/4310/1947 2554/4308/1947 2569/4332/1947 2570/4317/1947
f 2563/4311/1948 2562/4309/1948 2577/4333/1948 2578/4319/1948
f 2575/4327/1949 2574/4325/1949 2589/4334/1949 2590/4335/1949
f 2568/4329/1950 2236/4336/1950 2583/4337/1950
f 2462/4338/1951 2582/4326/1951 2597/4339/1951
f 2576/4331/1952 2575/4327/1952 2590/4335/1952 2591/4340/1952
f 2569/4332/1953 2568/4329/1953 2583/4337/1953 2584/4341/1953
f 2577/4333/1954 2576/4331/1954 2591/4340/1954 2592/4342/1954
f 2570/4317/1955 2569/4332/1955 2584/4341/1955 2585/4343/1955
f 2578/4319/1956 2577/4333/1956 2592/4342/1956 2593/4344/1956
f 2571/4318/1957 2570/4317/1957 2585/4343/1957 2586/4345/1957
f 2579/4320/1958 2578/4319/1958 2593/4344/1958 2594/4346/1958
f 2572/4321/1959 2571/4318/1959 2586/4345/1959 2587/4347/1959
f 2580/4322/1960 2579/4320/1960 2594/4346/1960 2595/4348/1960
f 2573/4323/1961 2572/4321/1961 2587/4347/1961 2588/4349/1961
f 2581/4324/1962 2580/4322/1962 2595/4348/1962 2596/4350/1962
f 2574/4325/1963 2573/4323/1963 2588/4349/1963 2589/4334/1963
f 2582/4326/1964 2581/4324/1964 2596/4350/1964 2597/4339/1964
f 2594/4346/1965 2593/4344/1965 2608/4351/1965 2609/4352/1965
f 2587/4347/1966 2586/4345/1966 2601/4353/1966 2602/4354/1966
f 2595/4348/1967 2594/4346/1967 2609/4352/1967 2610/4355/1967
f 2588/4349/1968 2587/4347/1968 2602/4354/1968 2603/4356/1968
f 2596/4350/1969 2595/4348/1969 2610/4355/1969 2611/4357/1969
f 2589/4334/1970 2588/4349/1970 2603/4356/1970 2604/4358/1970
f 2597/4339/1971 2596/4350/1971 2611/4357/1971 2612/4359/1971
f 2590/4335/1972 2589/4334/1972 2604/4358/1972 2605/4360/1972
f 2583/4337/1973 2236/4361/1973 2598/4362/1973
f 2462/4363/1974 2597/4339/1974 2612/4359/1974
f 2591/4340/1975 2590/4335/1975 2605/4360/1975 2606/4364/1975
f 2584/4341/1976 2583/4337/1976 2598/4362/1976 2599/4365/1976
f 2592/4342/1977 2591/4340/1977 2606/4364/1977 2607/4366/1977
f 2585/4343/1978 2584/4341/1978 2599/4365/1978 2600/4367/1978
f 2593/4344/1979 2592/4342/1979 2607/4366/1979 2608/4351/1979
f 2586/4345/1980 2585/4343/1980 2600/4367/1980 2601/4353/1980
f 2462/4368/1981 2612/4359/1981 2627/4369/1981
f 2606/4364/1982 2605/4360/1982 2620/4370/1982 2621/4371/1982
f 2599/4365/1983 2598/4362/1983 2613/4372/1983 2614/4373/1983
f 2607/4366/1984 2606/4364/1984 2621/4371/1984 2622/4374/1984
f 2600/4367/1985 2599/4365/1985 2614/4373/1985 2615/4375/1985
f 2608/4351/1986 2607/4366/1986 2622/4374/1986 2623/4376/1986
f 2601/4353/1987 2600/4367/1987 2615/4375/1987 2616/4377/1987
f 2609/4352/1988 2608/4351/1988 2623/4376/1988 2624/4378/1988
f 2602/4354/1989 2601/4353/1989 2616/4377/1989 2617/4379/1989
f 2610/4355/1990 2609/4352/1990 2624/4378/1990 2625/4380/1990
f 2603/4356/1991 2602/4354/1991 2617/4379/1991 2618/4381/1991
f 2611/4357/1992 2610/4355/1992 2625/4380/1992 2626/4382/1992
f 2604/4358/1993 2603/4356/1993 2618/4381/1993 2619/4383/1993
f 2612/4359/1994 2611/4357/1994 2626/4382/1994 2627/4369/1994
f 2605/4360/1995 2604/4358/1995 2619/4383/1995 2620/4370/1995
f 2598/4362/1996 2236/4384/1996 2613/4372/1996
f 2625/4380/1997 2624/4378/1997 2633/3833/1997 2634/3832/1997
f 2618/4381/1998 2617/4379/1998 2156/3828/1998 2631/3836/1998
f 2626/4382/1999 2625/4380/1999 2634/3832/1999 2635/3838/1999
f 2619/4383/2000 2618/4381/2000 2631/3836/2000 2157/3840/2000
f 2627/4369/2001 2626/4382/2001 2635/3838/2001 2636/3842/2001
f 2620/4370/2002 2619/4383/2002 2157/3840/2002 2158/3844/2002
f 2613/4372/2003 2236/4385/2003 2628/3846/2003
f 2462/4386/2004 2627/4369/2004 2636/3842/2004
f 2621/4371/2005 2620/4370/2005 2158/3844/2005 2159/3850/2005
f 2614/4373/2006 2613/4372/2006 2628/3846/2006 2629/3852/2006
f 2622/4374/2007 2621/4371/2007 2159/3850/2007 2632/3854/2007
f 2615/4375/2008 2614/4373/2008 2629/3852/2008 2155/3856/2008
f 2623/4376/2009 2622/4374/2009 2632/3854/2009 2160/3858/2009
f 2616/4377/2010 2615/4375/2010 2155/3856/2010 2630/3829/2010
f 2624/4378/2011 2623/4376/2011 2160/3858/2011 2633/3833/2011
f 2617/4379/2012 2616/4377/2012 2630/3829/2012 2156/3828/2012
o FoamRoller1
v 0.500000 -0.300000 -3.950000
v 0.500000 0.600000 -3.950000
v 0.529264 -0.300000 -3.947118
v 0.529264 0.600000 -3.947118
v 0.557402 -0.300000 -3.938582
v 0.557402 0.600000 -3.938582
v 0.583336 -0.300000 -3.924720
v 0.583336 0.600000 -3.924720
v 0.606066 -0.300000 -3.906066
v 0.606066 0.600000 -3.906066
v 0.624720 -0.300000 -3.883336
v 0.624720 0.600000 -3.883336
v 0.638582 -0.300000 -3.857403
v 0.638582 0.600000 -3.857403
v 0.647118 -0.300000 -3.829263
v 0.647118 0.600000 -3.829263
v 0.650000 -0.300000 -3.800000
v 0.650000 0.600000 -3.800000
v 0.647118 -0.300000 -3.770736
v 0.647118 0.600000 -3.770736
v 0.638582 -0.300000 -3.742597
v 0.638582 0.600000 -3.742597
v 0.624720 -0.300000 -3.716664
v 0.624720 0.600000 -3.716664
v 0.606066 -0.300000 -3.693934
v 0.606066 0.600000 -3.693934
v 0.583336 -0.300000 -3.675280
v 0.583336 0.600000 -3.675280
v 0.557402 -0.300000 -3.661418
v 0.557402 0.600000 -3.661418
v 0.529264 -0.300000 -3.652882
v 0.529264 0.600000 -3.652882
v 0.500000 -0.300000 -3.650000
v 0.500000 0.600000 -3.650000
v 0.470736 -0.300000 -3.652882
v 0.470736 0.600000 -3.652882
v 0.442597 -0.300000 -3.661418
v 0.442597 0.600000 -3.661418
v 0.416664 -0.300000 -3.675280
v 0.416664 0.600000 -3.675280
v 0.393934 -0.300000 -3.693934
v 0.393934 0.600000 -3.693934
v 0.375280 -0.300000 -3.716664
v 0.375280 0.600000 -3.716664
v 0.361418 -0.300000 -3.742597
v 0.361418 0.600000 -3.742597
v 0.352882 -0.300000 -3.770736
v 0.352882 0.600000 -3.770736
v 0.350000 -0.300000 -3.800000
v 0.350000 0.600000 -3.800000
v 0.352882 -0.300000 -3.829263
v 0.352882 0.600000 -3.829263
v 0.361418 -0.300000 -3.857403
v 0.361418 0.600000 -3.857403
v 0.375280 -0.300000 -3.883336
v 0.375280 0.600000 -3.883336
v 0.393934 -0.300000 -3.906066
v 0.393934 0.600000 -3.906066
v 0.416664 -0.300000 -3.924720
v 0.416664 0.600000 -3.924720
v 0.442597 -0.300000 -3.938582
v 0.442597 0.600000 -3.938582
v 0.470736 -0.300000 -3.947118
v 0.470736 0.600000 -3.947118
vn 0.0980 -0.0000 -0.9952
vn 0.2903 -0.0000 -0.9569
vn 0.4714 -0.0000 -0.8819
vn 0.6344 -0.0000 -0.7730
vn 0.7730 -0.0000 -0.6344
vn 0.8819 -0.0000 -0.4714
vn 0.9569 -0.0000 -0.2903
vn 0.9952 -0.0000 -0.0980
vn 0.9952 -0.0000 0.0980
vn 0.9569 -0.0000 0.2903
vn 0.8819 -0.0000 0.4714
vn 0.7730 -0.0000 0.6344
vn 0.6344 -0.0000 0.7730
vn 0.4714 -0.0000 0.8819
vn 0.2903 -0.0000 0.9569
vn 0.0980 -0.0000 0.9952
vn -0.0980 -0.0000 0.9952
vn -0.2903 -0.0000 0.9569
vn -0.4714 -0.0000 0.8819
vn -0.6344 -0.0000 0.7730
vn -0.7730 -0.0000 0.6344
vn -0.8819 -0.0000 0.4714
vn -0.9569 -0.0000 0.2903
vn -0.9952 -0.0000 0.0980
vn -0.9952 -0.0000 -0.0980
vn -0.9569 -0.0000 -0.2903
vn -0.8819 -0.0000 -0.4714
vn -0.7730 -0.0000 -0.6344
vn -0.6344 -0.0000 -0.7730
vn -0.4714 -0.0000 -0.8819
vn -0.0000 1.0000 -0.0000
vn -0.2903 -0.0000 -0.9569
vn -0.0980 -0.0000 -0.9952
vn -0.0000 -1.0000 -0.0000
vt 1.000000 0.500000
vt 1.000000 1.000000
vt 0.968750 1.000000
vt 0.968750 0.500000
vt 0.937500 1.000000
vt 0.937500 0.500000
vt 0.906250 1.000000
vt 0.906250 0.500000
vt 0.875000 1.000000
vt 0.875000 0.500000
vt 0.843750 1.000000
vt 0.843750 0.500000
vt 0.812500 1.000000
vt 0.812500 0.500000
vt 0.781250 1.000000
vt 0.781250 0.500000
vt 0.750000 1.000000
vt 0.750000 0.500000
vt 0.718750 1.000000
vt 0.718750 0.500000
vt 0.687500 1.000000
vt 0.687500 0.500000
vt 0.656250 1.000000
vt 0.656250 0.500000
vt 0.625000 1.000000
vt 0.625000 0.500000
vt 0.593750 1.000000
vt 0.593750 0.500000
vt 0.562500 1.000000
vt 0.562500 0.500000
vt 0.531250 1.000000
vt 0.531250 0.500000
vt 0.500000 1.000000
vt 0.500000 0.500000
vt 0.468750 1.000000
vt 0.468750 0.500000
vt 0.437500 1.000000
vt 0.437500 0.500000
vt 0.406250 1.000000
vt 0.406250 0.500000
vt 0.375000 1.000000
vt 0.375000 0.500000
vt 0.343750 1.000000
vt 0.343750 0.500000
vt 0.312500 1.000000
vt 0.312500 0.500000
vt 0.281250 1.000000
vt 0.281250 0.500000
vt 0.250000 1.000000
vt 0.250000 0.500000
vt 0.218750 1.000000
vt 0.218750 0.500000
vt 0.187500 1.000000
vt 0.187500 0.500000
vt 0.156250 1.000000
vt 0.156250 0.500000
vt 0.125000 1.000000
vt 0.125000 0.500000
vt 0.093750 1.000000
vt 0.093750 0.500000
vt 0.062500 1.000000
vt 0.062500 0.500000
vt 0.296822 0.485388
vt 0.250000 0.490000
vt 0.203178 0.485388
vt 0.158156 0.471731
vt 0.116663 0.449553
vt 0.080294 0.419706
vt 0.050447 0.383337
vt 0.028269 0.341844
vt 0.014612 0.296822
vt 0.010000 0.250000
vt 0.014612 0.203178
vt 0.028269 0.158156
vt 0.050447 0.116663
vt 0.080294 0.080294
vt 0.116663 0.050447
vt 0.158156 0.028269
vt 0.203178 0.014612
vt 0.250000 0.010000
vt 0.296822 0.014612
vt 0.341844 0.028269
vt 0.383337 0.050447
vt 0.419706 0.080294
vt 0.449553 0.116663
vt 0.471731 0.158156
vt 0.485388 0.203178
vt 0.490000 0.250000
vt 0.485388 0.296822
vt 0.471731 0.341844
vt 0.449553 0.383337
vt 0.419706 0.419706
vt 0.383337 0.449553
vt 0.341844 0.471731
vt 0.031250 1.000000
vt 0.031250 0.500000
vt 0.000000 1.000000
vt 0.000000 0.500000
vt 0.750000 0.490000
vt 0.796822 0.485388
vt 0.841844 0.471731
vt 0.883337 0.449553
vt 0.919706 0.419706
vt 0.949553 0.383337
vt 0.971731 0.341844
vt 0.985388 0.296822
vt 0.990000 0.250000
vt 0.985388 0.203178
vt 0.971731 0.158156
vt 0.949553 0.116663
vt 0.919706 0.080294
vt 0.883337 0.050447
vt 0.841844 0.028269
vt 0.796822 0.014612
vt 0.750000 0.010000
vt 0.703178 0.014612
vt 0.658156 0.028269
vt 0.616663 0.050447
vt 0.580294 0.080294
vt 0.550447 0.116663
vt 0.528269 0.158156
vt 0.514612 0.203178
vt 0.510000 0.250000
vt 0.514612 0.296822
vt 0.528269 0.341844
vt 0.550447 0.383337
vt 0.580294 0.419706
vt 0.616663 0.449553
vt 0.658156 0.471731
vt 0.703178 0.485388
s 0
usemtl WarmWood
f 2637/4387/2013 2638/4388/2013 2640/4389/2013 2639/4390/2013
f 2639/4390/2014 2640/4389/2014 2642/4391/2014 2641/4392/2014
f 2641/4392/2015 2642/4391/2015 2644/4393/2015 2643/4394/2015
f 2643/4394/2016 2644/4393/2016 2646/4395/2016 2645/4396/2016
f 2645/4396/2017 2646/4395/2017 2648/4397/2017 2647/4398/2017
f 2647/4398/2018 2648/4397/2018 2650/4399/2018 2649/4400/2018
f 2649/4400/2019 2650/4399/2019 2652/4401/2019 2651/4402/2019
f 2651/4402/2020 2652/4401/2020 2654/4403/2020 2653/4404/2020
f 2653/4404/2021 2654/4403/2021 2656/4405/2021 2655/4406/2021
f 2655/4406/2022 2656/4405/2022 2658/4407/2022 2657/4408/2022
f 2657/4408/2023 2658/4407/2023 2660/4409/2023 2659/4410/2023
f 2659/4410/2024 2660/4409/2024 2662/4411/2024 2661/4412/2024
f 2661/4412/2025 2662/4411/2025 2664/4413/2025 2663/4414/2025
f 2663/4414/2026 2664/4413/2026 2666/4415/2026 2665/4416/2026
f 2665/4416/2027 2666/4415/2027 2668/4417/2027 2667/4418/2027
f 2667/4418/2028 2668/4417/2028 2670/4419/2028 2669/4420/2028
f 2669/4420/2029 2670/4419/2029 2672/4421/2029 2671/4422/2029
f 2671/4422/2030 2672/4421/2030 2674/4423/2030 2673/4424/2030
f 2673/4424/2031 2674/4423/2031 2676/4425/2031 2675/4426/2031
f 2675/4426/2032 2676/4425/2032 2678/4427/2032 2677/4428/2032
f 2677/4428/2033 2678/4427/2033 2680/4429/2033 2679/4430/2033
f 2679/4430/2034 2680/4429/2034 2682/4431/2034 2681/4432/2034
f 2681/4432/2035 2682/4431/2035 2684/4433/2035 2683/4434/2035
f 2683/4434/2036 2684/4433/2036 2686/4435/2036 2685/4436/2036
f 2685/4436/2037 2686/4435/2037 2688/4437/2037 2687/4438/2037
f 2687/4438/2038 2688/4437/2038 2690/4439/2038 2689/4440/2038
f 2689/4440/2039 2690/4439/2039 2692/4441/2039 2691/4442/2039
f 2691/4442/2040 2692/4441/2040 2694/4443/2040 2693/4444/2040
f 2693/4444/2041 2694/4443/2041 2696/4445/2041 2695/4446/2041
f 2695/4446/2042 2696/4445/2042 2698/4447/2042 2697/4448/2042
f 2640/4449/2043 2638/4450/2043 2700/4451/2043 2698/4452/2043 2696/4453/2043 2694/4454/2043 2692/4455/2043 2690/4456/2043 2688/4457/2043 2686/4458/2043 2684/4459/2043 2682/4460/2043 2680/4461/2043 2678/4462/2043 2676/4463/2043 2674/4464/2043 2672/4465/2043 2670/4466/2043 2668/4467/2043 2666/4468/2043 2664/4469/2043 2662/4470/2043 2660/4471/2043 2658/4472/2043 2656/4473/2043 2654/4474/2043 2652/4475/2043 2650/4476/2043 2648/4477/2043 2646/4478/2043 2644/4479/2043 2642/4480/2043
f 2697/4448/2044 2698/4447/2044 2700/4481/2044 2699/4482/2044
f 2699/4482/2045 2700/4481/2045 2638/4483/2045 2637/4484/2045
f 2637/4485/2046 2639/4486/2046 2641/4487/2046 2643/4488/2046 2645/4489/2046 2647/4490/2046 2649/4491/2046 2651/4492/2046 2653/4493/2046 2655/4494/2046 2657/4495/2046 2659/4496/2046 2661/4497/2046 2663/4498/2046 2665/4499/2046 2667/4500/2046 2669/4501/2046 2671/4502/2046 2673/4503/2046 2675/4504/2046 2677/4505/2046 2679/4506/2046 2681/4507/2046 2683/4508/2046 2685/4509/2046 2687/4510/2046 2689/4511/2046 2691/4512/2046 2693/4513/2046 2695/4514/2046 2697/4515/2046 2699/4516/2046
o FoamRoller2
v 1.000000 -0.300000 -3.950000
v 1.000000 0.600000 -3.950000
v 1.029263 -0.300000 -3.947118
v 1.029263 0.600000 -3.947118
v 1.057402 -0.300000 -3.938582
v 1.057402 0.600000 -3.938582
v 1.083336 -0.300000 -3.924720
v 1.083336 0.600000 -3.924720
v 1.106066 -0.300000 -3.906066
v 1.106066 0.600000 -3.906066
v 1.124720 -0.300000 -3.883336
v 1.124720 0.600000 -3.883336
v 1.138582 -0.300000 -3.857403
v 1.138582 0.600000 -3.857403
v 1.147118 -0.300000 -3.829263
v 1.147118 0.600000 -3.829263
v 1.150000 -0.300000 -3.800000
v 1.150000 0.600000 -3.800000
v 1.147118 -0.300000 -3.770736
v 1.147118 0.600000 -3.770736
v 1.138582 -0.300000 -3.742597
v 1.138582 0.600000 -3.742597
v 1.124720 -0.300000 -3.716664
v 1.124720 0.600000 -3.716664
v 1.106066 -0.300000 -3.693934
v 1.106066 0.600000 -3.693934
v 1.083336 -0.300000 -3.675280
v 1.083336 0.600000 -3.675280
v 1.057402 -0.300000 -3.661418
v 1.057402 0.600000 -3.661418
v 1.029263 -0.300000 -3.652882
v 1.029263 0.600000 -3.652882
v 1.000000 -0.300000 -3.650000
v 1.000000 0.600000 -3.650000
v 0.970736 -0.300000 -3.652882
v 0.970736 0.600000 -3.652882
v 0.942598 -0.300000 -3.661418
v 0.942598 0.600000 -3.661418
v 0.916664 -0.300000 -3.675280
v 0.916664 0.600000 -3.675280
v 0.893934 -0.300000 -3.693934
v 0.893934 0.600000 -3.693934
v 0.875280 -0.300000 -3.716664
v 0.875280 0.600000 -3.716664
v 0.861418 -0.300000 -3.742597
v 0.861418 0.600000 -3.742597
v 0.852882 -0.300000 -3.770736
v 0.852882 0.600000 -3.770736
v 0.850000 -0.300000 -3.800000
v 0.850000 0.600000 -3.800000
v 0.852882 -0.300000 -3.829263
v 0.852882 0.600000 -3.829263
v 0.861418 -0.300000 -3.857403
v 0.861418 0.600000 -3.857403
v 0.875280 -0.300000 -3.883336
v 0.875280 0.600000 -3.883336
v 0.893934 -0.300000 -3.906066
v 0.893934 0.600000 -3.906066
v 0.916664 -0.300000 -3.924720
v 0.916664 0.600000 -3.924720
v 0.942598 -0.300000 -3.938582
v 0.942598 0.600000 -3.938582
v 0.970736 -0.300000 -3.947118
v 0.970736 0.600000 -3.947118
vn 0.0980 -0.0000 -0.9952
vn 0.2903 -0.0000 -0.9569
vn 0.4714 -0.0000 -0.8819
vn 0.6344 -0.0000 -0.7730
vn 0.7730 -0.0000 -0.6344
vn 0.8819 -0.0000 -0.4714
vn 0.9569 -0.0000 -0.2903
vn 0.9952 -0.0000 -0.0980
vn 0.9952 -0.0000 0.0980
vn 0.9569 -0.0000 0.2903
vn 0.8819 -0.0000 0.4714
vn 0.7730 -0.0000 0.6344
vn 0.6344 -0.0000 0.7730
vn 0.4714 -0.0000 0.8819
vn 0.2903 -0.0000 0.9569
vn 0.0980 -0.0000 0.9952
vn -0.0980 -0.0000 0.9952
vn -0.2903 -0.0000 0.9569
vn -0.4714 -0.0000 0.8819
vn -0.6344 -0.0000 0.7730
vn -0.7730 -0.0000 0.6344
vn -0.8819 -0.0000 0.4714
vn -0.9569 -0.0000 0.2903
vn -0.9952 -0.0000 0.0980
vn -0.9952 -0.0000 -0.0980
vn -0.9569 -0.0000 -0.2903
vn -0.8819 -0.0000 -0.4714
vn -0.7730 -0.0000 -0.6344
vn -0.6344 -0.0000 -0.7730
vn -0.4714 -0.0000 -0.8819
vn -0.0000 1.0000 -0.0000
vn -0.2903 -0.0000 -0.9569
vn -0.0980 -0.0000 -0.9952
vn -0.0000 -1.0000 -0.0000
vt 1.000000 0.500000
vt 1.000000 1.000000
vt 0.968750 1.000000
vt 0.968750 0.500000
vt 0.937500 1.000000
vt 0.937500 0.500000
vt 0.906250 1.000000
vt 0.906250 0.500000
vt 0.875000 1.000000
vt 0.875000 0.500000
vt 0.843750 1.000000
vt 0.843750 0.500000
vt 0.812500 1.000000
vt 0.812500 0.500000
vt 0.781250 1.000000
vt 0.781250 0.500000
vt 0.750000 1.000000
vt 0.750000 0.500000
vt 0.718750 1.000000
vt 0.718750 0.500000
vt 0.687500 1.000000
vt 0.687500 0.500000
vt 0.656250 1.000000
vt 0.656250 0.500000
vt 0.625000 1.000000
vt 0.625000 0.500000
vt 0.593750 1.000000
vt 0.593750 0.500000
vt 0.562500 1.000000
vt 0.562500 0.500000
vt 0.531250 1.000000
vt 0.531250 0.500000
vt 0.500000 1.000000
vt 0.500000 0.500000
vt 0.468750 1.000000
vt 0.468750 0.500000
vt 0.437500 1.000000
vt 0.437500 0.500000
vt 0.406250 1.000000
vt 0.406250 0.500000
vt 0.375000 1.000000
vt 0.375000 0.500000
vt 0.343750 1.000000
vt 0.343750 0.500000
vt 0.312500 1.000000
vt 0.312500 0.500000
vt 0.281250 1.000000
vt 0.281250 0.500000
vt 0.250000 1.000000
vt 0.250000 0.500000
vt 0.218750 1.000000
vt 0.218750 0.500000
vt 0.187500 1.000000
vt 0.187500 0.500000
vt 0.156250 1.000000
vt 0.156250 0.500000
vt 0.125000 1.000000
vt 0.125000 0.500000
vt 0.093750 1.000000
vt 0.093750 0.500000
vt 0.062500 1.000000
vt 0.062500 0.500000
vt 0.296822 0.485388
vt 0.250000 0.490000
vt 0.203178 0.485388
vt 0.158156 0.471731
vt 0.116663 0.449553
vt 0.080294 0.419706
vt 0.050447 0.383337
vt 0.028269 0.341844
vt 0.014612 0.296822
vt 0.010000 0.250000
vt 0.014612 0.203178
vt 0.028269 0.158156
vt 0.050447 0.116663
vt 0.080294 0.080294
vt 0.116663 0.050447
vt 0.158156 0.028269
vt 0.203178 0.014612
vt 0.250000 0.010000
vt 0.296822 0.014612
vt 0.341844 0.028269
vt 0.383337 0.050447
vt 0.419706 0.080294
vt 0.449553 0.116663
vt 0.471731 0.158156
vt 0.485388 0.203178
vt 0.490000 0.250000
vt 0.485388 0.296822
vt 0.471731 0.341844
vt 0.449553 0.383337
vt 0.419706 0.419706
vt 0.383337 0.449553
vt 0.341844 0.471731
vt 0.031250 1.000000
vt 0.031250 0.500000
vt 0.000000 1.000000
vt 0.000000 0.500000
vt 0.750000 0.490000
vt 0.796822 0.485388
vt 0.841844 0.471731
vt 0.883337 0.449553
vt 0.919706 0.419706
vt 0.949553 0.383337
vt 0.971731 0.341844
vt 0.985388 0.296822
vt 0.990000 0.250000
vt 0.985388 0.203178
vt 0.971731 0.158156
vt 0.949553 0.116663
vt 0.919706 0.080294
vt 0.883337 0.050447
vt 0.841844 0.028269
vt 0.796822 0.014612
vt 0.750000 0.010000
vt 0.703178 0.014612
vt 0.658156 0.028269
vt 0.616663 0.050447
vt 0.580294 0.080294
vt 0.550447 0.116663
vt 0.528269 0.158156
vt 0.514612 0.203178
vt 0.510000 0.250000
vt 0.514612 0.296822
vt 0.528269 0.341844
vt 0.550447 0.383337
vt 0.580294 0.419706
vt 0.616663 0.449553
vt 0.658156 0.471731
vt 0.703178 0.485388
s 0
usemtl WarmWood
f 2701/4517/2047 2702/4518/2047 2704/4519/2047 2703/4520/2047
f 2703/4520/2048 2704/4519/2048 2706/4521/2048 2705/4522/2048
f 2705/4522/2049 2706/4521/2049 2708/4523/2049 2707/4524/2049
f 2707/4524/2050 2708/4523/2050 2710/4525/2050 2709/4526/2050
f 2709/4526/2051 2710/4525/2051 2712/4527/2051 2711/4528/2051
f 2711/4528/2052 2712/4527/2052 2714/4529/2052 2713/4530/2052
f 2713/4530/2053 2714/4529/2053 2716/4531/2053 2715/4532/2053
f 2715/4532/2054 2716/4531/2054 2718/4533/2054 2717/4534/2054
f 2717/4534/2055 2718/4533/2055 2720/4535/2055 2719/4536/2055
f 2719/4536/2056 2720/4535/2056 2722/4537/2056 2721/4538/2056
f 2721/4538/2057 2722/4537/2057 2724/4539/2057 2723/4540/2057
f 2723/4540/2058 2724/4539/2058 2726/4541/2058 2725/4542/2058
f 2725/4542/2059 2726/4541/2059 2728/4543/2059 2727/4544/2059
f 2727/4544/2060 2728/4543/2060 2730/4545/2060 2729/4546/2060
f 2729/4546/2061 2730/4545/2061 2732/4547/2061 2731/4548/2061
f 2731/4548/2062 2732/4547/2062 2734/4549/2062 2733/4550/2062
f 2733/4550/2063 2734/4549/2063 2736/4551/2063 2735/4552/2063
f 2735/4552/2064 2736/4551/2064 2738/4553/2064 2737/4554/2064
f 2737/4554/2065 2738/4553/2065 2740/4555/2065 2739/4556/2065
f 2739/4556/2066 2740/4555/2066 2742/4557/2066 2741/4558/2066
f 2741/4558/2067 2742/4557/2067 2744/4559/2067 2743/4560/2067
f 2743/4560/2068 2744/4559/2068 2746/4561/2068 2745/4562/2068
f 2745/4562/2069 2746/4561/2069 2748/4563/2069 2747/4564/2069
f 2747/4564/2070 2748/4563/2070 2750/4565/2070 2749/4566/2070
f 2749/4566/2071 2750/4565/2071 2752/4567/2071 2751/4568/2071
f 2751/4568/2072 2752/4567/2072 2754/4569/2072 2753/4570/2072
f 2753/4570/2073 2754/4569/2073 2756/4571/2073 2755/4572/2073
f 2755/4572/2074 2756/4571/2074 2758/4573/2074 2757/4574/2074
f 2757/4574/2075 2758/4573/2075 2760/4575/2075 2759/4576/2075
f 2759/4576/2076 2760/4575/2076 2762/4577/2076 2761/4578/2076
f 2704/4579/2077 2702/4580/2077 2764/4581/2077 2762/4582/2077 2760/4583/2077 2758/4584/2077 2756/4585/2077 2754/4586/2077 2752/4587/2077 2750/4588/2077 2748/4589/2077 2746/4590/2077 2744/4591/2077 2742/4592/2077 2740/4593/2077 2738/4594/2077 2736/4595/2077 2734/4596/2077 2732/4597/2077 2730/4598/2077 2728/4599/2077 2726/4600/2077 2724/4601/2077 2722/4602/2077 2720/4603/2077 2718/4604/2077 2716/4605/2077 2714/4606/2077 2712/4607/2077 2710/4608/2077 2708/4609/2077 2706/4610/2077
f 2761/4578/2078 2762/4577/2078 2764/4611/2078 2763/4612/2078
f 2763/4612/2079 2764/4611/2079 2702/4613/2079 2701/4614/2079
f 2701/4615/2080 2703/4616/2080 2705/4617/2080 2707/4618/2080 2709/4619/2080 2711/4620/2080 2713/4621/2080 2715/4622/2080 2717/4623/2080 2719/4624/2080 2721/4625/2080 2723/4626/2080 2725/4627/2080 2727/4628/2080 2729/4629/2080 2731/4630/2080 2733/4631/2080 2735/4632/2080 2737/4633/2080 2739/4634/2080 2741/4635/2080 2743/4636/2080 2745/4637/2080 2747/4638/2080 2749/4639/2080 2751/4640/2080 2753/4641/2080 2755/4642/2080 2757/4643/2080 2759/4644/2080 2761/4645/2080 2763/4646/2080
o TrackLight_A0
v -3.500000 3.300000 1.400000
v -3.500000 3.500000 1.400000
v -3.480491 3.300000 1.401922
v -3.480491 3.500000 1.401922
v -3.461732 3.300000 1.407612
v -3.461732 3.500000 1.407612
v -3.444443 3.300000 1.416853
v -3.444443 3.500000 1.416853
v -3.429289 3.300000 1.429289
v -3.429289 3.500000 1.429289
v -3.416853 3.300000 1.444443
v -3.416853 3.500000 1.444443
v -3.407612 3.300000 1.461732
v -3.407612 3.500000 1.461732
v -3.401922 3.300000 1.480491
v -3.401922 3.500000 1.480491
v -3.400000 3.300000 1.500000
v -3.400000 3.500000 1.500000
v -3.401922 3.300000 1.519509
v -3.401922 3.500000 1.519509
v -3.407612 3.300000 1.538268
v -3.407612 3.500000 1.538268
v -3.416853 3.300000 1.555557
v -3.416853 3.500000 1.555557
v -3.429289 3.300000 1.570711
v -3.429289 3.500000 1.570711
v -3.444443 3.300000 1.583147
v -3.444443 3.500000 1.583147
v -3.461732 3.300000 1.592388
v -3.461732 3.500000 1.592388
v -3.480491 3.300000 1.598078
v -3.480491 3.500000 1.598078
v -3.500000 3.300000 1.600000
v -3.500000 3.500000 1.600000
v -3.519509 3.300000 1.598078
v -3.519509 3.500000 1.598078
v -3.538268 3.300000 1.592388
v -3.538268 3.500000 1.592388
v -3.555557 3.300000 1.583147
v -3.555557 3.500000 1.583147
v -3.570711 3.300000 1.570711
v -3.570711 3.500000 1.570711
v -3.583147 3.300000 1.555557
v -3.583147 3.500000 1.555557
v -3.592388 3.300000 1.538268
v -3.592388 3.500000 1.538268
v -3.598078 3.300000 1.519509
v -3.598078 3.500000 1.519509
v -3.600000 3.300000 1.500000
v -3.600000 3.500000 1.500000
v -3.598078 3.300000 1.480491
v -3.598078 3.500000 1.480491
v -3.592388 3.300000 1.461732
v -3.592388 3.500000 1.461732
v -3.583147 3.300000 1.444443
v -3.583147 3.500000 1.444443
v -3.570711 3.300000 1.429289
v -3.570711 3.500000 1.429289
v -3.555557 3.300000 1.416853
v -3.555557 3.500000 1.416853
v -3.538268 3.300000 1.407612
v -3.538268 3.500000 1.407612
v -3.519509 3.300000 1.401922
v -3.519509 3.500000 1.401922
vn 0.0980 -0.0000 -0.9952
vn 0.2903 -0.0000 -0.9569
vn 0.4714 -0.0000 -0.8819
vn 0.6344 -0.0000 -0.7730
vn 0.7730 -0.0000 -0.6344
vn 0.8819 -0.0000 -0.4714
vn 0.9569 -0.0000 -0.2903
vn 0.9952 -0.0000 -0.0980
vn 0.9952 -0.0000 0.0980
vn 0.9569 -0.0000 0.2903
vn 0.8819 -0.0000 0.4714
vn 0.7730 -0.0000 0.6344
vn 0.6344 -0.0000 0.7730
vn 0.4714 -0.0000 0.8819
vn 0.2903 -0.0000 0.9569
vn 0.0980 -0.0000 0.9952
vn -0.0980 -0.0000 0.9952
vn -0.2903 -0.0000 0.9569
vn -0.4714 -0.0000 0.8819
vn -0.6344 -0.0000 0.7730
vn -0.7730 -0.0000 0.6344
vn -0.8819 -0.0000 0.4714
vn -0.9569 -0.0000 0.2903
vn -0.9952 -0.0000 0.0980
vn -0.9952 -0.0000 -0.0980
vn -0.9569 -0.0000 -0.2903
vn -0.8819 -0.0000 -0.4714
vn -0.7730 -0.0000 -0.6344
vn -0.6344 -0.0000 -0.7730
vn -0.4714 -0.0000 -0.8819
vn -0.0000 1.0000 -0.0000
vn -0.2903 -0.0000 -0.9569
vn -0.0980 -0.0000 -0.9952
vn -0.0000 -1.0000 -0.0000
vt 1.000000 0.500000
vt 1.000000 1.000000
vt 0.968750 1.000000
vt 0.968750 0.500000
vt 0.937500 1.000000
vt 0.937500 0.500000
vt 0.906250 1.000000
vt 0.906250 0.500000
vt 0.875000 1.000000
vt 0.875000 0.500000
vt 0.843750 1.000000
vt 0.843750 0.500000
vt 0.812500 1.000000
vt 0.812500 0.500000
vt 0.781250 1.000000
vt 0.781250 0.500000
vt 0.750000 1.000000
vt 0.750000 0.500000
vt 0.718750 1.000000
vt 0.718750 0.500000
vt 0.687500 1.000000
vt 0.687500 0.500000
vt 0.656250 1.000000
vt 0.656250 0.500000
vt 0.625000 1.000000
vt 0.625000 0.500000
vt 0.593750 1.000000
vt 0.593750 0.500000
vt 0.562500 1.000000
vt 0.562500 0.500000
vt 0.531250 1.000000
vt 0.531250 0.500000
vt 0.500000 1.000000
vt 0.500000 0.500000
vt 0.468750 1.000000
vt 0.468750 0.500000
vt 0.437500 1.000000
vt 0.437500 0.500000
vt 0.406250 1.000000
vt 0.406250 0.500000
vt 0.375000 1.000000
vt 0.375000 0.500000
vt 0.343750 1.000000
vt 0.343750 0.500000
vt 0.312500 1.000000
vt 0.312500 0.500000
vt 0.281250 1.000000
vt 0.281250 0.500000
vt 0.250000 1.000000
vt 0.250000 0.500000
vt 0.218750 1.000000
vt 0.218750 0.500000
vt 0.187500 1.000000
vt 0.187500 0.500000
vt 0.156250 1.000000
vt 0.156250 0.500000
vt 0.125000 1.000000
vt 0.125000 0.500000
vt 0.093750 1.000000
vt 0.093750 0.500000
vt 0.062500 1.000000
vt 0.062500 0.500000
vt 0.296822 0.485388
vt 0.250000 0.490000
vt 0.203178 0.485388
vt 0.158156 0.471731
vt 0.116663 0.449553
vt 0.080294 0.419706
vt 0.050447 0.383337
vt 0.028269 0.341844
vt 0.014612 0.296822
vt 0.010000 0.250000
vt 0.014612 0.203178
vt 0.028269 0.158156
vt 0.050447 0.116663
vt 0.080294 0.080294
vt 0.116663 0.050447
vt 0.158156 0.028269
vt 0.203178 0.014612
vt 0.250000 0.010000
vt 0.296822 0.014612
vt 0.341844 0.028269
vt 0.383337 0.050447
vt 0.419706 0.080294
vt 0.449553 0.116663
vt 0.471731 0.158156
vt 0.485388 0.203178
vt 0.490000 0.250000
vt 0.485388 0.296822
vt 0.471731 0.341844
vt 0.449553 0.383337
vt 0.419706 0.419706
vt 0.383337 0.449553
vt 0.341844 0.471731
vt 0.031250 1.000000
vt 0.031250 0.500000
vt 0.000000 1.000000
vt 0.000000 0.500000
vt 0.750000 0.490000
vt 0.796822 0.485388
vt 0.841844 0.471731
vt 0.883337 0.449553
vt 0.919706 0.419706
vt 0.949553 0.383337
vt 0.971731 0.341844
vt 0.985388 0.296822
vt 0.990000 0.250000
vt 0.985388 0.203178
vt 0.971731 0.158156
vt 0.949553 0.116663
vt 0.919706 0.080294
vt 0.883337 0.050447
vt 0.841844 0.028269
vt 0.796822 0.014612
vt 0.750000 0.010000
vt 0.703178 0.014612
vt 0.658156 0.028269
vt 0.616663 0.050447
vt 0.580294 0.080294
vt 0.550447 0.116663
vt 0.528269 0.158156
vt 0.514612 0.203178
vt 0.510000 0.250000
vt 0.514612 0.296822
vt 0.528269 0.341844
vt 0.550447 0.383337
vt 0.580294 0.419706
vt 0.616663 0.449553
vt 0.658156 0.471731
vt 0.703178 0.485388
s 0
usemtl BlackMetal
f 2765/4647/2081 2766/4648/2081 2768/4649/2081 2767/4650/2081
f 2767/4650/2082 2768/4649/2082 2770/4651/2082 2769/4652/2082
f 2769/4652/2083 2770/4651/2083 2772/4653/2083 2771/4654/2083
f 2771/4654/2084 2772/4653/2084 2774/4655/2084 2773/4656/2084
f 2773/4656/2085 2774/4655/2085 2776/4657/2085 2775/4658/2085
f 2775/4658/2086 2776/4657/2086 2778/4659/2086 2777/4660/2086
f 2777/4660/2087 2778/4659/2087 2780/4661/2087 2779/4662/2087
f 2779/4662/2088 2780/4661/2088 2782/4663/2088 2781/4664/2088
f 2781/4664/2089 2782/4663/2089 2784/4665/2089 2783/4666/2089
f 2783/4666/2090 2784/4665/2090 2786/4667/2090 2785/4668/2090
f 2785/4668/2091 2786/4667/2091 2788/4669/2091 2787/4670/2091
f 2787/4670/2092 2788/4669/2092 2790/4671/2092 2789/4672/2092
f 2789/4672/2093 2790/4671/2093 2792/4673/2093 2791/4674/2093
f 2791/4674/2094 2792/4673/2094 2794/4675/2094 2793/4676/2094
f 2793/4676/2095 2794/4675/2095 2796/4677/2095 2795/4678/2095
f 2795/4678/2096 2796/4677/2096 2798/4679/2096 2797/4680/2096
f 2797/4680/2097 2798/4679/2097 2800/4681/2097 2799/4682/2097
f 2799/4682/2098 2800/4681/2098 2802/4683/2098 2801/4684/2098
f 2801/4684/2099 2802/4683/2099 2804/4685/2099 2803/4686/2099
f 2803/4686/2100 2804/4685/2100 2806/4687/2100 2805/4688/2100
f 2805/4688/2101 2806/4687/2101 2808/4689/2101 2807/4690/2101
f 2807/4690/2102 2808/4689/2102 2810/4691/2102 2809/4692/2102
f 2809/4692/2103 2810/4691/2103 2812/4693/2103 2811/4694/2103
f 2811/4694/2104 2812/4693/2104 2814/4695/2104 2813/4696/2104
f 2813/4696/2105 2814/4695/2105 2816/4697/2105 2815/4698/2105
f 2815/4698/2106 2816/4697/2106 2818/4699/2106 2817/4700/2106
f 2817/4700/2107 2818/4699/2107 2820/4701/2107 2819/4702/2107
f 2819/4702/2108 2820/4701/2108 2822/4703/2108 2821/4704/2108
f 2821/4704/2109 2822/4703/2109 2824/4705/2109 2823/4706/2109
f 2823/4706/2110 2824/4705/2110 2826/4707/2110 2825/4708/2110
f 2768/4709/2111 2766/4710/2111 2828/4711/2111 2826/4712/2111 2824/4713/2111 2822/4714/2111 2820/4715/2111 2818/4716/2111 2816/4717/2111 2814/4718/2111 2812/4719/2111 2810/4720/2111 2808/4721/2111 2806/4722/2111 2804/4723/2111 2802/4724/2111 2800/4725/2111 2798/4726/2111 2796/4727/2111 2794/4728/2111 2792/4729/2111 2790/4730/2111 2788/4731/2111 2786/4732/2111 2784/4733/2111 2782/4734/2111 2780/4735/2111 2778/4736/2111 2776/4737/2111 2774/4738/2111 2772/4739/2111 2770/4740/2111
f 2825/4708/2112 2826/4707/2112 2828/4741/2112 2827/4742/2112
f 2827/4742/2113 2828/4741/2113 2766/4743/2113 2765/4744/2113
f 2765/4745/2114 2767/4746/2114 2769/4747/2114 2771/4748/2114 2773/4749/2114 2775/4750/2114 2777/4751/2114 2779/4752/2114 2781/4753/2114 2783/4754/2114 2785/4755/2114 2787/4756/2114 2789/4757/2114 2791/4758/2114 2793/4759/2114 2795/4760/2114 2797/4761/2114 2799/4762/2114 2801/4763/2114 2803/4764/2114 2805/4765/2114 2807/4766/2114 2809/4767/2114 2811/4768/2114 2813/4769/2114 2815/4770/2114 2817/4771/2114 2819/4772/2114 2821/4773/2114 2823/4774/2114 2825/4775/2114 2827/4776/2114
o TrackLight_B0
v -3.500000 3.300000 -1.600000
v -3.500000 3.500000 -1.600000
v -3.480491 3.300000 -1.598078
v -3.480491 3.500000 -1.598078
v -3.461732 3.300000 -1.592388
v -3.461732 3.500000 -1.592388
v -3.444443 3.300000 -1.583147
v -3.444443 3.500000 -1.583147
v -3.429289 3.300000 -1.570711
v -3.429289 3.500000 -1.570711
v -3.416853 3.300000 -1.555557
v -3.416853 3.500000 -1.555557
v -3.407612 3.300000 -1.538268
v -3.407612 3.500000 -1.538268
v -3.401922 3.300000 -1.519509
v -3.401922 3.500000 -1.519509
v -3.400000 3.300000 -1.500000
v -3.400000 3.500000 -1.500000
v -3.401922 3.300000 -1.480491
v -3.401922 3.500000 -1.480491
v -3.407612 3.300000 -1.461732
v -3.407612 3.500000 -1.461732
v -3.416853 3.300000 -1.444443
v -3.416853 3.500000 -1.444443
v -3.429289 3.300000 -1.429289
v -3.429289 3.500000 -1.429289
v -3.444443 3.300000 -1.416853
v -3.444443 3.500000 -1.416853
v -3.461732 3.300000 -1.407612
v -3.461732 3.500000 -1.407612
v -3.480491 3.300000 -1.401922
v -3.480491 3.500000 -1.401922
v -3.500000 3.300000 -1.400000
v -3.500000 3.500000 -1.400000
v -3.519509 3.300000 -1.401922
v -3.519509 3.500000 -1.401922
v -3.538268 3.300000 -1.407612
v -3.538268 3.500000 -1.407612
v -3.555557 3.300000 -1.416853
v -3.555557 3.500000 -1.416853
v -3.570711 3.300000 -1.429289
v -3.570711 3.500000 -1.429289
v -3.583147 3.300000 -1.444443
v -3.583147 3.500000 -1.444443
v -3.592388 3.300000 -1.461732
v -3.592388 3.500000 -1.461732
v -3.598078 3.300000 -1.480491
v -3.598078 3.500000 -1.480491
v -3.600000 3.300000 -1.500000
v -3.600000 3.500000 -1.500000
v -3.598078 3.300000 -1.519509
v -3.598078 3.500000 -1.519509
v -3.592388 3.300000 -1.538268
v -3.592388 3.500000 -1.538268
v -3.583147 3.300000 -1.555557
v -3.583147 3.500000 -1.555557
v -3.570711 3.300000 -1.570711
v -3.570711 3.500000 -1.570711
v -3.555557 3.300000 -1.583147
v -3.555557 3.500000 -1.583147
v -3.538268 3.300000 -1.592388
v -3.538268 3.500000 -1.592388
v -3.519509 3.300000 -1.598078
v -3.519509 3.500000 -1.598078
vn 0.0980 -0.0000 -0.9952
vn 0.2903 -0.0000 -0.9569
vn 0.4714 -0.0000 -0.8819
vn 0.6344 -0.0000 -0.7730
vn 0.7730 -0.0000 -0.6344
vn 0.8819 -0.0000 -0.4714
vn 0.9569 -0.0000 -0.2903
vn 0.9952 -0.0000 -0.0980
vn 0.9952 -0.0000 0.0980
vn 0.9569 -0.0000 0.2903
vn 0.8819 -0.0000 0.4714
vn 0.7730 -0.0000 0.6344
vn 0.6344 -0.0000 0.7730
vn 0.4714 -0.0000 0.8819
vn 0.2903 -0.0000 0.9569
vn 0.0980 -0.0000 0.9952
vn -0.0980 -0.0000 0.9952
vn -0.2903 -0.0000 0.9569
vn -0.4714 -0.0000 0.8819
vn -0.6344 -0.0000 0.7730
vn -0.7730 -0.0000 0.6344
vn -0.8819 -0.0000 0.4714
vn -0.9569 -0.0000 0.2903
vn -0.9952 -0.0000 0.0980
vn -0.9952 -0.0000 -0.0980
vn -0.9569 -0.0000 -0.2903
vn -0.8819 -0.0000 -0.4714
vn -0.7730 -0.0000 -0.6344
vn -0.6344 -0.0000 -0.7730
vn -0.4714 -0.0000 -0.8819
vn -0.0000 1.0000 -0.0000
vn -0.2903 -0.0000 -0.9569
vn -0.0980 -0.0000 -0.9952
vn -0.0000 -1.0000 -0.0000
vt 1.000000 0.500000
vt 1.000000 1.000000
vt 0.968750 1.000000
vt 0.968750 0.500000
vt 0.937500 1.000000
vt 0.937500 0.500000
vt 0.906250 1.000000
vt 0.906250 0.500000
vt 0.875000 1.000000
vt 0.875000 0.500000
vt 0.843750 1.000000
vt 0.843750 0.500000
vt 0.812500 1.000000
vt 0.812500 0.500000
vt 0.781250 1.000000
vt 0.781250 0.500000
vt 0.750000 1.000000
vt 0.750000 0.500000
vt 0.718750 1.000000
vt 0.718750 0.500000
vt 0.687500 1.000000
vt 0.687500 0.500000
vt 0.656250 1.000000
vt 0.656250 0.500000
vt 0.625000 1.000000
vt 0.625000 0.500000
vt 0.593750 1.000000
vt 0.593750 0.500000
vt 0.562500 1.000000
vt 0.562500 0.500000
vt 0.531250 1.000000
vt 0.531250 0.500000
vt 0.500000 1.000000
vt 0.500000 0.500000
vt 0.468750 1.000000
vt 0.468750 0.500000
vt 0.437500 1.000000
vt 0.437500 0.500000
vt 0.406250 1.000000
vt 0.406250 0.500000
vt 0.375000 1.000000
vt 0.375000 0.500000
vt 0.343750 1.000000
vt 0.343750 0.500000
vt 0.312500 1.000000
vt 0.312500 0.500000
vt 0.281250 1.000000
vt 0.281250 0.500000
vt 0.250000 1.000000
vt 0.250000 0.500000
vt 0.218750 1.000000
vt 0.218750 0.500000
vt 0.187500 1.000000
vt 0.187500 0.500000
vt 0.156250 1.000000
vt 0.156250 0.500000
vt 0.125000 1.000000
vt 0.125000 0.500000
vt 0.093750 1.000000
vt 0.093750 0.500000
vt 0.062500 1.000000
vt 0.062500 0.500000
vt 0.296822 0.485388
vt 0.250000 0.490000
vt 0.203178 0.485388
vt 0.158156 0.471731
vt 0.116663 0.449553
vt 0.080294 0.419706
vt 0.050447 0.383337
vt 0.028269 0.341844
vt 0.014612 0.296822
vt 0.010000 0.250000
vt 0.014612 0.203178
vt 0.028269 0.158156
vt 0.050447 0.116663
vt 0.080294 0.080294
vt 0.116663 0.050447
vt 0.158156 0.028269
vt 0.203178 0.014612
vt 0.250000 0.010000
vt 0.296822 0.014612
vt 0.341844 0.028269
vt 0.383337 0.050447
vt 0.419706 0.080294
vt 0.449553 0.116663
vt 0.471731 0.158156
vt 0.485388 0.203178
vt 0.490000 0.250000
vt 0.485388 0.296822
vt 0.471731 0.341844
vt 0.449553 0.383337
vt 0.419706 0.419706
vt 0.383337 0.449553
vt 0.341844 0.471731
vt 0.031250 1.000000
vt 0.031250 0.500000
vt 0.000000 1.000000
vt 0.000000 0.500000
vt 0.750000 0.490000
vt 0.796822 0.485388
vt 0.841844 0.471731
vt 0.883337 0.449553
vt 0.919706 0.419706
vt 0.949553 0.383337
vt 0.971731 0.341844
vt 0.985388 0.296822
vt 0.990000 0.250000
vt 0.985388 0.203178
vt 0.971731 0.158156
vt 0.949553 0.116663
vt 0.919706 0.080294
vt 0.883337 0.050447
vt 0.841844 0.028269
vt 0.796822 0.014612
vt 0.750000 0.010000
vt 0.703178 0.014612
vt 0.658156 0.028269
vt 0.616663 0.050447
vt 0.580294 0.080294
vt 0.550447 0.116663
vt 0.528269 0.158156
vt 0.514612 0.203178
vt 0.510000 0.250000
vt 0.514612 0.296822
vt 0.528269 0.341844
vt 0.550447 0.383337
vt 0.580294 0.419706
vt 0.616663 0.449553
vt 0.658156 0.471731
vt 0.703178 0.485388
s 0
usemtl BlackMetal
f 2829/4777/2115 2830/4778/2115 2832/4779/2115 2831/4780/2115
f 2831/4780/2116 2832/4779/2116 2834/4781/2116 2833/4782/2116
f 2833/4782/2117 2834/4781/2117 2836/4783/2117 2835/4784/2117
f 2835/4784/2118 2836/4783/2118 2838/4785/2118 2837/4786/2118
f 2837/4786/2119 2838/4785/2119 2840/4787/2119 2839/4788/2119
f 2839/4788/2120 2840/4787/2120 2842/4789/2120 2841/4790/2120
f 2841/4790/2121 2842/4789/2121 2844/4791/2121 2843/4792/2121
f 2843/4792/2122 2844/4791/2122 2846/4793/2122 2845/4794/2122
f 2845/4794/2123 2846/4793/2123 2848/4795/2123 2847/4796/2123
f 2847/4796/2124 2848/4795/2124 2850/4797/2124 2849/4798/2124
f 2849/4798/2125 2850/4797/2125 2852/4799/2125 2851/4800/2125
f 2851/4800/2126 2852/4799/2126 2854/4801/2126 2853/4802/2126
f 2853/4802/2127 2854/4801/2127 2856/4803/2127 2855/4804/2127
f 2855/4804/2128 2856/4803/2128 2858/4805/2128 2857/4806/2128
f 2857/4806/2129 2858/4805/2129 2860/4807/2129 2859/4808/2129
f 2859/4808/2130 2860/4807/2130 2862/4809/2130 2861/4810/2130
f 2861/4810/2131 2862/4809/2131 2864/4811/2131 2863/4812/2131
f 2863/4812/2132 2864/4811/2132 2866/4813/2132 2865/4814/2132
f 2865/4814/2133 2866/4813/2133 2868/4815/2133 2867/4816/2133
f 2867/4816/2134 2868/4815/2134 2870/4817/2134 2869/4818/2134
f 2869/4818/2135 2870/4817/2135 2872/4819/2135 2871/4820/2135
f 2871/4820/2136 2872/4819/2136 2874/4821/2136 2873/4822/2136
f 2873/4822/2137 2874/4821/2137 2876/4823/2137 2875/4824/2137
f 2875/4824/2138 2876/4823/2138 2878/4825/2138 2877/4826/2138
f 2877/4826/2139 2878/4825/2139 2880/4827/2139 2879/4828/2139
f 2879/4828/2140 2880/4827/2140 2882/4829/2140 2881/4830/2140
f 2881/4830/2141 2882/4829/2141 2884/4831/2141 2883/4832/2141
f 2883/4832/2142 2884/4831/2142 2886/4833/2142 2885/4834/2142
f 2885/4834/2143 2886/4833/2143 2888/4835/2143 2887/4836/2143
f 2887/4836/2144 2888/4835/2144 2890/4837/2144 2889/4838/2144
f 2832/4839/2145 2830/4840/2145 2892/4841/2145 2890/4842/2145 2888/4843/2145 2886/4844/2145 2884/4845/2145 2882/4846/2145 2880/4847/2145 2878/4848/2145 2876/4849/2145 2874/4850/2145 2872/4851/2145 2870/4852/2145 2868/4853/2145 2866/4854/2145 2864/4855/2145 2862/4856/2145 2860/4857/2145 2858/4858/2145 2856/4859/2145 2854/4860/2145 2852/4861/2145 2850/4862/2145 2848/4863/2145 2846/4864/2145 2844/4865/2145 2842/4866/2145 2840/4867/2145 2838/4868/2145 2836/4869/2145 2834/4870/2145
f 2889/4838/2146 2890/4837/2146 2892/4871/2146 2891/4872/2146
f 2891/4872/2147 2892/4871/2147 2830/4873/2147 2829/4874/2147
f 2829/4875/2148 2831/4876/2148 2833/4877/2148 2835/4878/2148 2837/4879/2148 2839/4880/2148 2841/4881/2148 2843/4882/2148 2845/4883/2148 2847/4884/2148 2849/4885/2148 2851/4886/2148 2853/4887/2148 2855/4888/2148 2857/4889/2148 2859/4890/2148 2861/4891/2148 2863/4892/2148 2865/4893/2148 2867/4894/2148 2869/4895/2148 2871/4896/2148 2873/4897/2148 2875/4898/2148 2877/4899/2148 2879/4900/2148 2881/4901/2148 2883/4902/2148 2885/4903/2148 2887/4904/2148 2889/4905/2148 2891/4906/2148
o TrackLight_A1
v -1.000000 3.300000 1.400000
v -1.000000 3.500000 1.400000
v -0.980491 3.300000 1.401922
v -0.980491 3.500000 1.401922
v -0.961732 3.300000 1.407612
v -0.961732 3.500000 1.407612
v -0.944443 3.300000 1.416853
v -0.944443 3.500000 1.416853
v -0.929289 3.300000 1.429289
v -0.929289 3.500000 1.429289
v -0.916853 3.300000 1.444443
v -0.916853 3.500000 1.444443
v -0.907612 3.300000 1.461732
v -0.907612 3.500000 1.461732
v -0.901921 3.300000 1.480491
v -0.901921 3.500000 1.480491
v -0.900000 3.300000 1.500000
v -0.900000 3.500000 1.500000
v -0.901921 3.300000 1.519509
v -0.901921 3.500000 1.519509
v -0.907612 3.300000 1.538268
v -0.907612 3.500000 1.538268
v -0.916853 3.300000 1.555557
v -0.916853 3.500000 1.555557
v -0.929289 3.300000 1.570711
v -0.929289 3.500000 1.570711
v -0.944443 3.300000 1.583147
v -0.944443 3.500000 1.583147
v -0.961732 3.300000 1.592388
v -0.961732 3.500000 1.592388
v -0.980491 3.300000 1.598078
v -0.980491 3.500000 1.598078
v -1.000000 3.300000 1.600000
v -1.000000 3.500000 1.600000
v -1.019509 3.300000 1.598078
v -1.019509 3.500000 1.598078
v -1.038268 3.300000 1.592388
v -1.038268 3.500000 1.592388
v -1.055557 3.300000 1.583147
v -1.055557 3.500000 1.583147
v -1.070711 3.300000 1.570711
v -1.070711 3.500000 1.570711
v -1.083147 3.300000 1.555557
v -1.083147 3.500000 1.555557
v -1.092388 3.300000 1.538268
v -1.092388 3.500000 1.538268
v -1.098078 3.300000 1.519509
v -1.098078 3.500000 1.519509
v -1.100000 3.300000 1.500000
v -1.100000 3.500000 1.500000
v -1.098078 3.300000 1.480491
v -1.098078 3.500000 1.480491
v -1.092388 3.300000 1.461732
v -1.092388 3.500000 1.461732
v -1.083147 3.300000 1.444443
v -1.083147 3.500000 1.444443
v -1.070711 3.300000 1.429289
v -1.070711 3.500000 1.429289
v -1.055557 3.300000 1.416853
v -1.055557 3.500000 1.416853
v -1.038268 3.300000 1.407612
v -1.038268 3.500000 1.407612
v -1.019509 3.300000 1.401922
v -1.019509 3.500000 1.401922
vn 0.0980 -0.0000 -0.9952
vn 0.2903 -0.0000 -0.9569
vn 0.4714 -0.0000 -0.8819
vn 0.6344 -0.0000 -0.7730
vn 0.7730 -0.0000 -0.6344
vn 0.8819 -0.0000 -0.4714
vn 0.9569 -0.0000 -0.2903
vn 0.9952 -0.0000 -0.0980
vn 0.9952 -0.0000 0.0980
vn 0.9569 -0.0000 0.2903
vn 0.8819 -0.0000 0.4714
vn 0.7730 -0.0000 0.6344
vn 0.6344 -0.0000 0.7730
vn 0.4714 -0.0000 0.8819
vn 0.2903 -0.0000 0.9569
vn 0.0980 -0.0000 0.9952
vn -0.0980 -0.0000 0.9952
vn -0.2903 -0.0000 0.9569
vn -0.4714 -0.0000 0.8819
vn -0.6344 -0.0000 0.7730
vn -0.7730 -0.0000 0.6344
vn -0.8819 -0.0000 0.4714
vn -0.9569 -0.0000 0.2903
vn -0.9952 -0.0000 0.0980
vn -0.9952 -0.0000 -0.0980
vn -0.9569 -0.0000 -0.2903
vn -0.8819 -0.0000 -0.4714
vn -0.7730 -0.0000 -0.6344
vn -0.6344 -0.0000 -0.7730
vn -0.4714 -0.0000 -0.8819
vn -0.0000 1.0000 -0.0000
vn -0.2903 -0.0000 -0.9569
vn -0.0980 -0.0000 -0.9952
vn -0.0000 -1.0000 -0.0000
vt 1.000000 0.500000
vt 1.000000 1.000000
vt 0.968750 1.000000
vt 0.968750 0.500000
vt 0.937500 1.000000
vt 0.937500 0.500000
vt 0.906250 1.000000
vt 0.906250 0.500000
vt 0.875000 1.000000
vt 0.875000 0.500000
vt 0.843750 1.000000
vt 0.843750 0.500000
vt 0.812500 1.000000
vt 0.812500 0.500000
vt 0.781250 1.000000
vt 0.781250 0.500000
vt 0.750000 1.000000
vt 0.750000 0.500000
vt 0.718750 1.000000
vt 0.718750 0.500000
vt 0.687500 1.000000
vt 0.687500 0.500000
vt 0.656250 1.000000
vt 0.656250 0.500000
vt 0.625000 1.000000
vt 0.625000 0.500000
vt 0.593750 1.000000
vt 0.593750 0.500000
vt 0.562500 1.000000
vt 0.562500 0.500000
vt 0.531250 1.000000
vt 0.531250 0.500000
vt 0.500000 1.000000
vt 0.500000 0.500000
vt 0.468750 1.000000
vt 0.468750 0.500000
vt 0.437500 1.000000
vt 0.437500 0.500000
vt 0.406250 1.000000
vt 0.406250 0.500000
vt 0.375000 1.000000
vt 0.375000 0.500000
vt 0.343750 1.000000
vt 0.343750 0.500000
vt 0.312500 1.000000
vt 0.312500 0.500000
vt 0.281250 1.000000
vt 0.281250 0.500000
vt 0.250000 1.000000
vt 0.250000 0.500000
vt 0.218750 1.000000
vt 0.218750 0.500000
vt 0.187500 1.000000
vt 0.187500 0.500000
vt 0.156250 1.000000
vt 0.156250 0.500000
vt 0.125000 1.000000
vt 0.125000 0.500000
vt 0.093750 1.000000
vt 0.093750 0.500000
vt 0.062500 1.000000
vt 0.062500 0.500000
vt 0.296822 0.485388
vt 0.250000 0.490000
vt 0.203178 0.485388
vt 0.158156 0.471731
vt 0.116663 0.449553
vt 0.080294 0.419706
vt 0.050447 0.383337
vt 0.028269 0.341844
vt 0.014612 0.296822
vt 0.010000 0.250000
vt 0.014612 0.203178
vt 0.028269 0.158156
vt 0.050447 0.116663
vt 0.080294 0.080294
vt 0.116663 0.050447
vt 0.158156 0.028269
vt 0.203178 0.014612
vt 0.250000 0.010000
vt 0.296822 0.014612
vt 0.341844 0.028269
vt 0.383337 0.050447
vt 0.419706 0.080294
vt 0.449553 0.116663
vt 0.471731 0.158156
vt 0.485388 0.203178
vt 0.490000 0.250000
vt 0.485388 0.296822
vt 0.471731 0.341844
vt 0.449553 0.383337
vt 0.419706 0.419706
vt 0.383337 0.449553
vt 0.341844 0.471731
vt 0.031250 1.000000
vt 0.031250 0.500000
vt 0.000000 1.000000
vt 0.000000 0.500000
vt 0.750000 0.490000
vt 0.796822 0.485388
vt 0.841844 0.471731
vt 0.883337 0.449553
vt 0.919706 0.419706
vt 0.949553 0.383337
vt 0.971731 0.341844
vt 0.985388 0.296822
vt 0.990000 0.250000
vt 0.985388 0.203178
vt 0.971731 0.158156
vt 0.949553 0.116663
vt 0.919706 0.080294
vt 0.883337 0.050447
vt 0.841844 0.028269
vt 0.796822 0.014612
vt 0.750000 0.010000
vt 0.703178 0.014612
vt 0.658156 0.028269
vt 0.616663 0.050447
vt 0.580294 0.080294
vt 0.550447 0.116663
vt 0.528269 0.158156
vt 0.514612 0.203178
vt 0.510000 0.250000
vt 0.514612 0.296822
vt 0.528269 0.341844
vt 0.550447 0.383337
vt 0.580294 0.419706
vt 0.616663 0.449553
vt 0.658156 0.471731
vt 0.703178 0.485388
s 0
usemtl BlackMetal
f 2893/4907/2149 2894/4908/2149 2896/4909/2149 2895/4910/2149
f 2895/4910/2150 2896/4909/2150 2898/4911/2150 2897/4912/2150
f 2897/4912/2151 2898/4911/2151 2900/4913/2151 2899/4914/2151
f 2899/4914/2152 2900/4913/2152 2902/4915/2152 2901/4916/2152
f 2901/4916/2153 2902/4915/2153 2904/4917/2153 2903/4918/2153
f 2903/4918/2154 2904/4917/2154 2906/4919/2154 2905/4920/2154
f 2905/4920/2155 2906/4919/2155 2908/4921/2155 2907/4922/2155
f 2907/4922/2156 2908/4921/2156 2910/4923/2156 2909/4924/2156
f 2909/4924/2157 2910/4923/2157 2912/4925/2157 2911/4926/2157
f 2911/4926/2158 2912/4925/2158 2914/4927/2158 2913/4928/2158
f 2913/4928/2159 2914/4927/2159 2916/4929/2159 2915/4930/2159
f 2915/4930/2160 2916/4929/2160 2918/4931/2160 2917/4932/2160
f 2917/4932/2161 2918/4931/2161 2920/4933/2161 2919/4934/2161
f 2919/4934/2162 2920/4933/2162 2922/4935/2162 2921/4936/2162
f 2921/4936/2163 2922/4935/2163 2924/4937/2163 2923/4938/2163
f 2923/4938/2164 2924/4937/2164 2926/4939/2164 2925/4940/2164
f 2925/4940/2165 2926/4939/2165 2928/4941/2165 2927/4942/2165
f 2927/4942/2166 2928/4941/2166 2930/4943/2166 2929/4944/2166
f 2929/4944/2167 2930/4943/2167 2932/4945/2167 2931/4946/2167
f 2931/4946/2168 2932/4945/2168 2934/4947/2168 2933/4948/2168
f 2933/4948/2169 2934/4947/2169 2936/4949/2169 2935/4950/2169
f 2935/4950/2170 2936/4949/2170 2938/4951/2170 2937/4952/2170
f 2937/4952/2171 2938/4951/2171 2940/4953/2171 2939/4954/2171
f 2939/4954/2172 2940/4953/2172 2942/4955/2172 2941/4956/2172
f 2941/4956/2173 2942/4955/2173 2944/4957/2173 2943/4958/2173
f 2943/4958/2174 2944/4957/2174 2946/4959/2174 2945/4960/2174
f 2945/4960/2175 2946/4959/2175 2948/4961/2175 2947/4962/2175
f 2947/4962/2176 2948/4961/2176 2950/4963/2176 2949/4964/2176
f 2949/4964/2177 2950/4963/2177 2952/4965/2177 2951/4966/2177
f 2951/4966/2178 2952/4965/2178 2954/4967/2178 2953/4968/2178
f 2896/4969/2179 2894/4970/2179 2956/4971/2179 2954/4972/2179 2952/4973/2179 2950/4974/2179 2948/4975/2179 2946/4976/2179 2944/4977/2179 2942/4978/2179 2940/4979/2179 2938/4980/2179 2936/4981/2179 2934/4982/2179 2932/4983/2179 2930/4984/2179 2928/4985/2179 2926/4986/2179 2924/4987/2179 2922/4988/2179 2920/4989/2179 2918/4990/2179 2916/4991/2179 2914/4992/2179 2912/4993/2179 2910/4994/2179 2908/4995/2179 2906/4996/2179 2904/4997/2179 2902/4998/2179 2900/4999/2179 2898/5000/2179
f 2953/4968/2180 2954/4967/2180 2956/5001/2180 2955/5002/2180
f 2955/5002/2181 2956/5001/2181 2894/5003/2181 2893/5004/2181
f 2893/5005/2182 2895/5006/2182 2897/5007/2182 2899/5008/2182 2901/5009/2182 2903/5010/2182 2905/5011/2182 2907/5012/2182 2909/5013/2182 2911/5014/2182 2913/5015/2182 2915/5016/2182 2917/5017/2182 2919/5018/2182 2921/5019/2182 2923/5020/2182 2925/5021/2182 2927/5022/2182 2929/5023/2182 2931/5024/2182 2933/5025/2182 2935/5026/2182 2937/5027/2182 2939/5028/2182 2941/5029/2182 2943/5030/2182 2945/5031/2182 2947/5032/2182 2949/5033/2182 2951/5034/2182 2953/5035/2182 2955/5036/2182
o TrackLight_B1
v -1.000000 3.300000 -1.600000
v -1.000000 3.500000 -1.600000
v -0.980491 3.300000 -1.598078
v -0.980491 3.500000 -1.598078
v -0.961732 3.300000 -1.592388
v -0.961732 3.500000 -1.592388
v -0.944443 3.300000 -1.583147
v -0.944443 3.500000 -1.583147
v -0.929289 3.300000 -1.570711
v -0.929289 3.500000 -1.570711
v -0.916853 3.300000 -1.555557
v -0.916853 3.500000 -1.555557
v -0.907612 3.300000 -1.538268
v -0.907612 3.500000 -1.538268
v -0.901921 3.300000 -1.519509
v -0.901921 3.500000 -1.519509
v -0.900000 3.300000 -1.500000
v -0.900000 3.500000 -1.500000
v -0.901921 3.300000 -1.480491
v -0.901921 3.500000 -1.480491
v -0.907612 3.300000 -1.461732
v -0.907612 3.500000 -1.461732
v -0.916853 3.300000 -1.444443
v -0.916853 3.500000 -1.444443
v -0.929289 3.300000 -1.429289
v -0.929289 3.500000 -1.429289
v -0.944443 3.300000 -1.416853
v -0.944443 3.500000 -1.416853
v -0.961732 3.300000 -1.407612
v -0.961732 3.500000 -1.407612
v -0.980491 3.300000 -1.401922
v -0.980491 3.500000 -1.401922
v -1.000000 3.300000 -1.400000
v -1.000000 3.500000 -1.400000
v -1.019509 3.300000 -1.401922
v -1.019509 3.500000 -1.401922
v -1.038268 3.300000 -1.407612
v -1.038268 3.500000 -1.407612
v -1.055557 3.300000 -1.416853
v -1.055557 3.500000 -1.416853
v -1.070711 3.300000 -1.429289
v -1.070711 3.500000 -1.429289
v -1.083147 3.300000 -1.444443
v -1.083147 3.500000 -1.444443
v -1.092388 3.300000 -1.461732
v -1.092388 3.500000 -1.461732
v -1.098078 3.300000 -1.480491
v -1.098078 3.500000 -1.480491
v -1.100000 3.300000 -1.500000
v -1.100000 3.500000 -1.500000
v -1.098078 3.300000 -1.519509
v -1.098078 3.500000 -1.519509
v -1.092388 3.300000 -1.538268
v -1.092388 3.500000 -1.538268
v -1.083147 3.300000 -1.555557
v -1.083147 3.500000 -1.555557
v -1.070711 3.300000 -1.570711
v -1.070711 3.500000 -1.570711
v -1.055557 3.300000 -1.583147
v -1.055557 3.500000 -1.583147
v -1.038268 3.300000 -1.592388
v -1.038268 3.500000 -1.592388
v -1.019509 3.300000 -1.598078
v -1.019509 3.500000 -1.598078
vn 0.0980 -0.0000 -0.9952
vn 0.2903 -0.0000 -0.9569
vn 0.4714 -0.0000 -0.8819
vn 0.6344 -0.0000 -0.7730
vn 0.7730 -0.0000 -0.6344
vn 0.8819 -0.0000 -0.4714
vn 0.9569 -0.0000 -0.2903
vn 0.9952 -0.0000 -0.0980
vn 0.9952 -0.0000 0.0980
vn 0.9569 -0.0000 0.2903
vn 0.8819 -0.0000 0.4714
vn 0.7730 -0.0000 0.6344
vn 0.6344 -0.0000 0.7730
vn 0.4714 -0.0000 0.8819
vn 0.2903 -0.0000 0.9569
vn 0.0980 -0.0000 0.9952
vn -0.0980 -0.0000 0.9952
vn -0.2903 -0.0000 0.9569
vn -0.4714 -0.0000 0.8819
vn -0.6344 -0.0000 0.7730
vn -0.7730 -0.0000 0.6344
vn -0.8819 -0.0000 0.4714
vn -0.9569 -0.0000 0.2903
vn -0.9952 -0.0000 0.0980
vn -0.9952 -0.0000 -0.0980
vn -0.9569 -0.0000 -0.2903
vn -0.8819 -0.0000 -0.4714
vn -0.7730 -0.0000 -0.6344
vn -0.6344 -0.0000 -0.7730
vn -0.4714 -0.0000 -0.8819
vn -0.0000 1.0000 -0.0000
vn -0.2903 -0.0000 -0.9569
vn -0.0980 -0.0000 -0.9952
vn -0.0000 -1.0000 -0.0000
vt 1.000000 0.500000
vt 1.000000 1.000000
vt 0.968750 1.000000
vt 0.968750 0.500000
vt 0.937500 1.000000
vt 0.937500 0.500000
vt 0.906250 1.000000
vt 0.906250 0.500000
vt 0.875000 1.000000
vt 0.875000 0.500000
vt 0.843750 1.000000
vt 0.843750 0.500000
vt 0.812500 1.000000
vt 0.812500 0.500000
vt 0.781250 1.000000
vt 0.781250 0.500000
vt 0.750000 1.000000
vt 0.750000 0.500000
vt 0.718750 1.000000
vt 0.718750 0.500000
vt 0.687500 1.000000
vt 0.687500 0.500000
vt 0.656250 1.000000
vt 0.656250 0.500000
vt 0.625000 1.000000
vt 0.625000 0.500000
vt 0.593750 1.000000
vt 0.593750 0.500000
vt 0.562500 1.000000
vt 0.562500 0.500000
vt 0.531250 1.000000
vt 0.531250 0.500000
vt 0.500000 1.000000
vt 0.500000 0.500000
vt 0.468750 1.000000
vt 0.468750 0.500000
vt 0.437500 1.000000
vt 0.437500 0.500000
vt 0.406250 1.000000
vt 0.406250 0.500000
vt 0.375000 1.000000
vt 0.375000 0.500000
vt 0.343750 1.000000
vt 0.343750 0.500000
vt 0.312500 1.000000
vt 0.312500 0.500000
vt 0.281250 1.000000
vt 0.281250 0.500000
vt 0.250000 1.000000
vt 0.250000 0.500000
vt 0.218750 1.000000
vt 0.218750 0.500000
vt 0.187500 1.000000
vt 0.187500 0.500000
vt 0.156250 1.000000
vt 0.156250 0.500000
vt 0.125000 1.000000
vt 0.125000 0.500000
vt 0.093750 1.000000
vt 0.093750 0.500000
vt 0.062500 1.000000
vt 0.062500 0.500000
vt 0.296822 0.485388
vt 0.250000 0.490000
vt 0.203178 0.485388
vt 0.158156 0.471731
vt 0.116663 0.449553
vt 0.080294 0.419706
vt 0.050447 0.383337
vt 0.028269 0.341844
vt 0.014612 0.296822
vt 0.010000 0.250000
vt 0.014612 0.203178
vt 0.028269 0.158156
vt 0.050447 0.116663
vt 0.080294 0.080294
vt 0.116663 0.050447
vt 0.158156 0.028269
vt 0.203178 0.014612
vt 0.250000 0.010000
vt 0.296822 0.014612
vt 0.341844 0.028269
vt 0.383337 0.050447
vt 0.419706 0.080294
vt 0.449553 0.116663
vt 0.471731 0.158156
vt 0.485388 0.203178
vt 0.490000 0.250000
vt 0.485388 0.296822
vt 0.471731 0.341844
vt 0.449553 0.383337
vt 0.419706 0.419706
vt 0.383337 0.449553
vt 0.341844 0.471731
vt 0.031250 1.000000
vt 0.031250 0.500000
vt 0.000000 1.000000
vt 0.000000 0.500000
vt 0.750000 0.490000
vt 0.796822 0.485388
vt 0.841844 0.471731
vt 0.883337 0.449553
vt 0.919706 0.419706
vt 0.949553 0.383337
vt 0.971731 0.341844
vt 0.985388 0.296822
vt 0.990000 0.250000
vt 0.985388 0.203178
vt 0.971731 0.158156
vt 0.949553 0.116663
vt 0.919706 0.080294
vt 0.883337 0.050447
vt 0.841844 0.028269
vt 0.796822 0.014612
vt 0.750000 0.010000
vt 0.703178 0.014612
vt 0.658156 0.028269
vt 0.616663 0.050447
vt 0.580294 0.080294
vt 0.550447 0.116663
vt 0.528269 0.158156
vt 0.514612 0.203178
vt 0.510000 0.250000
vt 0.514612 0.296822
vt 0.528269 0.341844
vt 0.550447 0.383337
vt 0.580294 0.419706
vt 0.616663 0.449553
vt 0.658156 0.471731
vt 0.703178 0.485388
s 0
usemtl BlackMetal
f 2957/5037/2183 2958/5038/2183 2960/5039/2183 2959/5040/2183
f 2959/5040/2184 2960/5039/2184 2962/5041/2184 2961/5042/2184
f 2961/5042/2185 2962/5041/2185 2964/5043/2185 2963/5044/2185
f 2963/5044/2186 2964/5043/2186 2966/5045/2186 2965/5046/2186
f 2965/5046/2187 2966/5045/2187 2968/5047/2187 2967/5048/2187
f 2967/5048/2188 2968/5047/2188 2970/5049/2188 2969/5050/2188
f 2969/5050/2189 2970/5049/2189 2972/5051/2189 2971/5052/2189
f 2971/5052/2190 2972/5051/2190 2974/5053/2190 2973/5054/2190
f 2973/5054/2191 2974/5053/2191 2976/5055/2191 2975/5056/2191
f 2975/5056/2192 2976/5055/2192 2978/5057/2192 2977/5058/2192
f 2977/5058/2193 2978/5057/2193 2980/5059/2193 2979/5060/2193
f 2979/5060/2194 2980/5059/2194 2982/5061/2194 2981/5062/2194
f 2981/5062/2195 2982/5061/2195 2984/5063/2195 2983/5064/2195
f 2983/5064/2196 2984/5063/2196 2986/5065/2196 2985/5066/2196
f 2985/5066/2197 2986/5065/2197 2988/5067/2197 2987/5068/2197
f 2987/5068/2198 2988/5067/2198 2990/5069/2198 2989/5070/2198
f 2989/5070/2199 2990/5069/2199 2992/5071/2199 2991/5072/2199
f 2991/5072/2200 2992/5071/2200 2994/5073/2200 2993/5074/2200
f 2993/5074/2201 2994/5073/2201 2996/5075/2201 2995/5076/2201
f 2995/5076/2202 2996/5075/2202 2998/5077/2202 2997/5078/2202
f 2997/5078/2203 2998/5077/2203 3000/5079/2203 2999/5080/2203
f 2999/5080/2204 3000/5079/2204 3002/5081/2204 3001/5082/2204
f 3001/5082/2205 3002/5081/2205 3004/5083/2205 3003/5084/2205
f 3003/5084/2206 3004/5083/2206 3006/5085/2206 3005/5086/2206
f 3005/5086/2207 3006/5085/2207 3008/5087/2207 3007/5088/2207
f 3007/5088/2208 3008/5087/2208 3010/5089/2208 3009/5090/2208
f 3009/5090/2209 3010/5089/2209 3012/5091/2209 3011/5092/2209
f 3011/5092/2210 3012/5091/2210 3014/5093/2210 3013/5094/2210
f 3013/5094/2211 3014/5093/2211 3016/5095/2211 3015/5096/2211
f 3015/5096/2212 3016/5095/2212 3018/5097/2212 3017/5098/2212
f 2960/5099/2213 2958/5100/2213 3020/5101/2213 3018/5102/2213 3016/5103/2213 3014/5104/2213 3012/5105/2213 3010/5106/2213 3008/5107/2213 3006/5108/2213 3004/5109/2213 3002/5110/2213 3000/5111/2213 2998/5112/2213 2996/5113/2213 2994/5114/2213 2992/5115/2213 2990/5116/2213 2988/5117/2213 2986/5118/2213 2984/5119/2213 2982/5120/2213 2980/5121/2213 2978/5122/2213 2976/5123/2213 2974/5124/2213 2972/5125/2213 2970/5126/2213 2968/5127/2213 2966/5128/2213 2964/5129/2213 2962/5130/2213
f 3017/5098/2214 3018/5097/2214 3020/5131/2214 3019/5132/2214
f 3019/5132/2215 3020/5131/2215 2958/5133/2215 2957/5134/2215
f 2957/5135/2216 2959/5136/2216 2961/5137/2216 2963/5138/2216 2965/5139/2216 2967/5140/2216 2969/5141/2216 2971/5142/2216 2973/5143/2216 2975/5144/2216 2977/5145/2216 2979/5146/2216 2981/5147/2216 2983/5148/2216 2985/5149/2216 2987/5150/2216 2989/5151/2216 2991/5152/2216 2993/5153/2216 2995/5154/2216 2997/5155/2216 2999/5156/2216 3001/5157/2216 3003/5158/2216 3005/5159/2216 3007/5160/2216 3009/5161/2216 3011/5162/2216 3013/5163/2216 3015/5164/2216 3017/5165/2216 3019/5166/2216
o TrackLight_A2
v 1.500000 3.300000 1.400000
v 1.500000 3.500000 1.400000
v 1.519509 3.300000 1.401922
v 1.519509 3.500000 1.401922
v 1.538268 3.300000 1.407612
v 1.538268 3.500000 1.407612
v 1.555557 3.300000 1.416853
v 1.555557 3.500000 1.416853
v 1.570711 3.300000 1.429289
v 1.570711 3.500000 1.429289
v 1.583147 3.300000 1.444443
v 1.583147 3.500000 1.444443
v 1.592388 3.300000 1.461732
v 1.592388 3.500000 1.461732
v 1.598078 3.300000 1.480491
v 1.598078 3.500000 1.480491
v 1.600000 3.300000 1.500000
v 1.600000 3.500000 1.500000
v 1.598078 3.300000 1.519509
v 1.598078 3.500000 1.519509
v 1.592388 3.300000 1.538268
v 1.592388 3.500000 1.538268
v 1.583147 3.300000 1.555557
v 1.583147 3.500000 1.555557
v 1.570711 3.300000 1.570711
v 1.570711 3.500000 1.570711
v 1.555557 3.300000 1.583147
v 1.555557 3.500000 1.583147
v 1.538268 3.300000 1.592388
v 1.538268 3.500000 1.592388
v 1.519509 3.300000 1.598078
v 1.519509 3.500000 1.598078
v 1.500000 3.300000 1.600000
v 1.500000 3.500000 1.600000
v 1.480491 3.300000 1.598078
v 1.480491 3.500000 1.598078
v 1.461732 3.300000 1.592388
v 1.461732 3.500000 1.592388
v 1.444443 3.300000 1.583147
v 1.444443 3.500000 1.583147
v 1.429289 3.300000 1.570711
v 1.429289 3.500000 1.570711
v 1.416853 3.300000 1.555557
v 1.416853 3.500000 1.555557
v 1.407612 3.300000 1.538268
v 1.407612 3.500000 1.538268
v 1.401922 3.300000 1.519509
v 1.401922 3.500000 1.519509
v 1.400000 3.300000 1.500000
v 1.400000 3.500000 1.500000
v 1.401922 3.300000 1.480491
v 1.401922 3.500000 1.480491
v 1.407612 3.300000 1.461732
v 1.407612 3.500000 1.461732
v 1.416853 3.300000 1.444443
v 1.416853 3.500000 1.444443
v 1.429289 3.300000 1.429289
v 1.429289 3.500000 1.429289
v 1.444443 3.300000 1.416853
v 1.444443 3.500000 1.416853
v 1.461732 3.300000 1.407612
v 1.461732 3.500000 1.407612
v 1.480491 3.300000 1.401922
v 1.480491 3.500000 1.401922
vn 0.0980 -0.0000 -0.9952
vn 0.2903 -0.0000 -0.9569
vn 0.4714 -0.0000 -0.8819
vn 0.6344 -0.0000 -0.7730
vn 0.7730 -0.0000 -0.6344
vn 0.8819 -0.0000 -0.4714
vn 0.9569 -0.0000 -0.2903
vn 0.9952 -0.0000 -0.0980
vn 0.9952 -0.0000 0.0980
vn 0.9569 -0.0000 0.2903
vn 0.8819 -0.0000 0.4714
vn 0.7730 -0.0000 0.6344
vn 0.6344 -0.0000 0.7730
vn 0.4714 -0.0000 0.8819
vn 0.2903 -0.0000 0.9569
vn 0.0980 -0.0000 0.9952
vn -0.0980 -0.0000 0.9952
vn -0.2903 -0.0000 0.9569
vn -0.4714 -0.0000 0.8819
vn -0.6344 -0.0000 0.7730
vn -0.7730 -0.0000 0.6344
vn -0.8819 -0.0000 0.4714
vn -0.9569 -0.0000 0.2903
vn -0.9952 -0.0000 0.0980
vn -0.9952 -0.0000 -0.0980
vn -0.9569 -0.0000 -0.2903
vn -0.8819 -0.0000 -0.4714
vn -0.7730 -0.0000 -0.6344
vn -0.6344 -0.0000 -0.7730
vn -0.4714 -0.0000 -0.8819
vn -0.0000 1.0000 -0.0000
vn -0.2903 -0.0000 -0.9569
vn -0.0980 -0.0000 -0.9952
vn -0.0000 -1.0000 -0.0000
vt 1.000000 0.500000
vt 1.000000 1.000000
vt 0.968750 1.000000
vt 0.968750 0.500000
vt 0.937500 1.000000
vt 0.937500 0.500000
vt 0.906250 1.000000
vt 0.906250 0.500000
vt 0.875000 1.000000
vt 0.875000 0.500000
vt 0.843750 1.000000
vt 0.843750 0.500000
vt 0.812500 1.000000
vt 0.812500 0.500000
vt 0.781250 1.000000
vt 0.781250 0.500000
vt 0.750000 1.000000
vt 0.750000 0.500000
vt 0.718750 1.000000
vt 0.718750 0.500000
vt 0.687500 1.000000
vt 0.687500 0.500000
vt 0.656250 1.000000
vt 0.656250 0.500000
vt 0.625000 1.000000
vt 0.625000 0.500000
vt 0.593750 1.000000
vt 0.593750 0.500000
vt 0.562500 1.000000
vt 0.562500 0.500000
vt 0.531250 1.000000
vt 0.531250 0.500000
vt 0.500000 1.000000
vt 0.500000 0.500000
vt 0.468750 1.000000
vt 0.468750 0.500000
vt 0.437500 1.000000
vt 0.437500 0.500000
vt 0.406250 1.000000
vt 0.406250 0.500000
vt 0.375000 1.000000
vt 0.375000 0.500000
vt 0.343750 1.000000
vt 0.343750 0.500000
vt 0.312500 1.000000
vt 0.312500 0.500000
vt 0.281250 1.000000
vt 0.281250 0.500000
vt 0.250000 1.000000
vt 0.250000 0.500000
vt 0.218750 1.000000
vt 0.218750 0.500000
vt 0.187500 1.000000
vt 0.187500 0.500000
vt 0.156250 1.000000
vt 0.156250 0.500000
vt 0.125000 1.000000
vt 0.125000 0.500000
vt 0.093750 1.000000
vt 0.093750 0.500000
vt 0.062500 1.000000
vt 0.062500 0.500000
vt 0.296822 0.485388
vt 0.250000 0.490000
vt 0.203178 0.485388
vt 0.158156 0.471731
vt 0.116663 0.449553
vt 0.080294 0.419706
vt 0.050447 0.383337
vt 0.028269 0.341844
vt 0.014612 0.296822
vt 0.010000 0.250000
vt 0.014612 0.203178
vt 0.028269 0.158156
vt 0.050447 0.116663
vt 0.080294 0.080294
vt 0.116663 0.050447
vt 0.158156 0.028269
vt 0.203178 0.014612
vt 0.250000 0.010000
vt 0.296822 0.014612
vt 0.341844 0.028269
vt 0.383337 0.050447
vt 0.419706 0.080294
vt 0.449553 0.116663
vt 0.471731 0.158156
vt 0.485388 0.203178
vt 0.490000 0.250000
vt 0.485388 0.296822
vt 0.471731 0.341844
vt 0.449553 0.383337
vt 0.419706 0.419706
vt 0.383337 0.449553
vt 0.341844 0.471731
vt 0.031250 1.000000
vt 0.031250 0.500000
vt 0.000000 1.000000
vt 0.000000 0.500000
vt 0.750000 0.490000
vt 0.796822 0.485388
vt 0.841844 0.471731
vt 0.883337 0.449553
vt 0.919706 0.419706
vt 0.949553 0.383337
vt 0.971731 0.341844
vt 0.985388 0.296822
vt 0.990000 0.250000
vt 0.985388 0.203178
vt 0.971731 0.158156
vt 0.949553 0.116663
vt 0.919706 0.080294
vt 0.883337 0.050447
vt 0.841844 0.028269
vt 0.796822 0.014612
vt 0.750000 0.010000
vt 0.703178 0.014612
vt 0.658156 0.028269
vt 0.616663 0.050447
vt 0.580294 0.080294
vt 0.550447 0.116663
vt 0.528269 0.158156
vt 0.514612 0.203178
vt 0.510000 0.250000
vt 0.514612 0.296822
vt 0.528269 0.341844
vt 0.550447 0.383337
vt 0.580294 0.419706
vt 0.616663 0.449553
vt 0.658156 0.471731
vt 0.703178 0.485388
s 0
usemtl BlackMetal
f 3021/5167/2217 3022/5168/2217 3024/5169/2217 3023/5170/2217
f 3023/5170/2218 3024/5169/2218 3026/5171/2218 3025/5172/2218
f 3025/5172/2219 3026/5171/2219 3028/5173/2219 3027/5174/2219
f 3027/5174/2220 3028/5173/2220 3030/5175/2220 3029/5176/2220
f 3029/5176/2221 3030/5175/2221 3032/5177/2221 3031/5178/2221
f 3031/5178/2222 3032/5177/2222 3034/5179/2222 3033/5180/2222
f 3033/5180/2223 3034/5179/2223 3036/5181/2223 3035/5182/2223
f 3035/5182/2224 3036/5181/2224 3038/5183/2224 3037/5184/2224
f 3037/5184/2225 3038/5183/2225 3040/5185/2225 3039/5186/2225
f 3039/5186/2226 3040/5185/2226 3042/5187/2226 3041/5188/2226
f 3041/5188/2227 3042/5187/2227 3044/5189/2227 3043/5190/2227
f 3043/5190/2228 3044/5189/2228 3046/5191/2228 3045/5192/2228
f 3045/5192/2229 3046/5191/2229 3048/5193/2229 3047/5194/2229
f 3047/5194/2230 3048/5193/2230 3050/5195/2230 3049/5196/2230
f 3049/5196/2231 3050/5195/2231 3052/5197/2231 3051/5198/2231
f 3051/5198/2232 3052/5197/2232 3054/5199/2232 3053/5200/2232
f 3053/5200/2233 3054/5199/2233 3056/5201/2233 3055/5202/2233
f 3055/5202/2234 3056/5201/2234 3058/5203/2234 3057/5204/2234
f 3057/5204/2235 3058/5203/2235 3060/5205/2235 3059/5206/2235
f 3059/5206/2236 3060/5205/2236 3062/5207/2236 3061/5208/2236
f 3061/5208/2237 3062/5207/2237 3064/5209/2237 3063/5210/2237
f 3063/5210/2238 3064/5209/2238 3066/5211/2238 3065/5212/2238
f 3065/5212/2239 3066/5211/2239 3068/5213/2239 3067/5214/2239
f 3067/5214/2240 3068/5213/2240 3070/5215/2240 3069/5216/2240
f 3069/5216/2241 3070/5215/2241 3072/5217/2241 3071/5218/2241
f 3071/5218/2242 3072/5217/2242 3074/5219/2242 3073/5220/2242
f 3073/5220/2243 3074/5219/2243 3076/5221/2243 3075/5222/2243
f 3075/5222/2244 3076/5221/2244 3078/5223/2244 3077/5224/2244
f 3077/5224/2245 3078/5223/2245 3080/5225/2245 3079/5226/2245
f 3079/5226/2246 3080/5225/2246 3082/5227/2246 3081/5228/2246
f 3024/5229/2247 3022/5230/2247 3084/5231/2247 3082/5232/2247 3080/5233/2247 3078/5234/2247 3076/5235/2247 3074/5236/2247 3072/5237/2247 3070/5238/2247 3068/5239/2247 3066/5240/2247 3064/5241/2247 3062/5242/2247 3060/5243/2247 3058/5244/2247 3056/5245/2247 3054/5246/2247 3052/5247/2247 3050/5248/2247 3048/5249/2247 3046/5250/2247 3044/5251/2247 3042/5252/2247 3040/5253/2247 3038/5254/2247 3036/5255/2247 3034/5256/2247 3032/5257/2247 3030/5258/2247 3028/5259/2247 3026/5260/2247
f 3081/5228/2248 3082/5227/2248 3084/5261/2248 3083/5262/2248
f 3083/5262/2249 3084/5261/2249 3022/5263/2249 3021/5264/2249
f 3021/5265/2250 3023/5266/2250 3025/5267/2250 3027/5268/2250 3029/5269/2250 3031/5270/2250 3033/5271/2250 3035/5272/2250 3037/5273/2250 3039/5274/2250 3041/5275/2250 3043/5276/2250 3045/5277/2250 3047/5278/2250 3049/5279/2250 3051/5280/2250 3053/5281/2250 3055/5282/2250 3057/5283/2250 3059/5284/2250 3061/5285/2250 3063/5286/2250 3065/5287/2250 3067/5288/2250 3069/5289/2250 3071/5290/2250 3073/5291/2250 3075/5292/2250 3077/5293/2250 3079/5294/2250 3081/5295/2250 3083/5296/2250
o TrackLight_B2
v 1.500000 3.300000 -1.600000
v 1.500000 3.500000 -1.600000
v 1.519509 3.300000 -1.598078
v 1.519509 3.500000 -1.598078
v 1.538268 3.300000 -1.592388
v 1.538268 3.500000 -1.592388
v 1.555557 3.300000 -1.583147
v 1.555557 3.500000 -1.583147
v 1.570711 3.300000 -1.570711
v 1.570711 3.500000 -1.570711
v 1.583147 3.300000 -1.555557
v 1.583147 3.500000 -1.555557
v 1.592388 3.300000 -1.538268
v 1.592388 3.500000 -1.538268
v 1.598078 3.300000 -1.519509
v 1.598078 3.500000 -1.519509
v 1.600000 3.300000 -1.500000
v 1.600000 3.500000 -1.500000
v 1.598078 3.300000 -1.480491
v 1.598078 3.500000 -1.480491
v 1.592388 3.300000 -1.461732
v 1.592388 3.500000 -1.461732
v 1.583147 3.300000 -1.444443
v 1.583147 3.500000 -1.444443
v 1.570711 3.300000 -1.429289
v 1.570711 3.500000 -1.429289
v 1.555557 3.300000 -1.416853
v 1.555557 3.500000 -1.416853
v 1.538268 3.300000 -1.407612
v 1.538268 3.500000 -1.407612
v 1.519509 3.300000 -1.401922
v 1.519509 3.500000 -1.401922
v 1.500000 3.300000 -1.400000
v 1.500000 3.500000 -1.400000
v 1.480491 3.300000 -1.401922
v 1.480491 3.500000 -1.401922
v 1.461732 3.300000 -1.407612
v 1.461732 3.500000 -1.407612
v 1.444443 3.300000 -1.416853
v 1.444443 3.500000 -1.416853
v 1.429289 3.300000 -1.429289
v 1.429289 3.500000 -1.429289
v 1.416853 3.300000 -1.444443
v 1.416853 3.500000 -1.444443
v 1.407612 3.300000 -1.461732
v 1.407612 3.500000 -1.461732
v 1.401922 3.300000 -1.480491
v 1.401922 3.500000 -1.480491
v 1.400000 3.300000 -1.500000
v 1.400000 3.500000 -1.500000
v 1.401922 3.300000 -1.519509
v 1.401922 3.500000 -1.519509
v 1.407612 3.300000 -1.538268
v 1.407612 3.500000 -1.538268
v 1.416853 3.300000 -1.555557
v 1.416853 3.500000 -1.555557
v 1.429289 3.300000 -1.570711
v 1.429289 3.500000 -1.570711
v 1.444443 3.300000 -1.583147
v 1.444443 3.500000 -1.583147
v 1.461732 3.300000 -1.592388
v 1.461732 3.500000 -1.592388
v 1.480491 3.300000 -1.598078
v 1.480491 3.500000 -1.598078
vn 0.0980 -0.0000 -0.9952
vn 0.2903 -0.0000 -0.9569
vn 0.4714 -0.0000 -0.8819
vn 0.6344 -0.0000 -0.7730
vn 0.7730 -0.0000 -0.6344
vn 0.8819 -0.0000 -0.4714
vn 0.9569 -0.0000 -0.2903
vn 0.9952 -0.0000 -0.0980
vn 0.9952 -0.0000 0.0980
vn 0.9569 -0.0000 0.2903
vn 0.8819 -0.0000 0.4714
vn 0.7730 -0.0000 0.6344
vn 0.6344 -0.0000 0.7730
vn 0.4714 -0.0000 0.8819
vn 0.2903 -0.0000 0.9569
vn 0.0980 -0.0000 0.9952
vn -0.0980 -0.0000 0.9952
vn -0.2903 -0.0000 0.9569
vn -0.4714 -0.0000 0.8819
vn -0.6344 -0.0000 0.7730
vn -0.7730 -0.0000 0.6344
vn -0.8819 -0.0000 0.4714
vn -0.9569 -0.0000 0.2903
vn -0.9952 -0.0000 0.0980
vn -0.9952 -0.0000 -0.0980
vn -0.9569 -0.0000 -0.2903
vn -0.8819 -0.0000 -0.4714
vn -0.7730 -0.0000 -0.6344
vn -0.6344 -0.0000 -0.7730
vn -0.4714 -0.0000 -0.8819
vn -0.0000 1.0000 -0.0000
vn -0.2903 -0.0000 -0.9569
vn -0.0980 -0.0000 -0.9952
vn -0.0000 -1.0000 -0.0000
vt 1.000000 0.500000
vt 1.000000 1.000000
vt 0.968750 1.000000
vt 0.968750 0.500000
vt 0.937500 1.000000
vt 0.937500 0.500000
vt 0.906250 1.000000
vt 0.906250 0.500000
vt 0.875000 1.000000
vt 0.875000 0.500000
vt 0.843750 1.000000
vt 0.843750 0.500000
vt 0.812500 1.000000
vt 0.812500 0.500000
vt 0.781250 1.000000
vt 0.781250 0.500000
vt 0.750000 1.000000
vt 0.750000 0.500000
vt 0.718750 1.000000
vt 0.718750 0.500000
vt 0.687500 1.000000
vt 0.687500 0.500000
vt 0.656250 1.000000
vt 0.656250 0.500000
vt 0.625000 1.000000
vt 0.625000 0.500000
vt 0.593750 1.000000
vt 0.593750 0.500000
vt 0.562500 1.000000
vt 0.562500 0.500000
vt 0.531250 1.000000
vt 0.531250 0.500000
vt 0.500000 1.000000
vt 0.500000 0.500000
vt 0.468750 1.000000
vt 0.468750 0.500000
vt 0.437500 1.000000
vt 0.437500 0.500000
vt 0.406250 1.000000
vt 0.406250 0.500000
vt 0.375000 1.000000
vt 0.375000 0.500000
vt 0.343750 1.000000
vt 0.343750 0.500000
vt 0.312500 1.000000
vt 0.312500 0.500000
vt 0.281250 1.000000
vt 0.281250 0.500000
vt 0.250000 1.000000
vt 0.250000 0.500000
vt 0.218750 1.000000
vt 0.218750 0.500000
vt 0.187500 1.000000
vt 0.187500 0.500000
vt 0.156250 1.000000
vt 0.156250 0.500000
vt 0.125000 1.000000
vt 0.125000 0.500000
vt 0.093750 1.000000
vt 0.093750 0.500000
vt 0.062500 1.000000
vt 0.062500 0.500000
vt 0.296822 0.485388
vt 0.250000 0.490000
vt 0.203178 0.485388
vt 0.158156 0.471731
vt 0.116663 0.449553
vt 0.080294 0.419706
vt 0.050447 0.383337
vt 0.028269 0.341844
vt 0.014612 0.296822
vt 0.010000 0.250000
vt 0.014612 0.203178
vt 0.028269 0.158156
vt 0.050447 0.116663
vt 0.080294 0.080294
vt 0.116663 0.050447
vt 0.158156 0.028269
vt 0.203178 0.014612
vt 0.250000 0.010000
vt 0.296822 0.014612
vt 0.341844 0.028269
vt 0.383337 0.050447
vt 0.419706 0.080294
vt 0.449553 0.116663
vt 0.471731 0.158156
vt 0.485388 0.203178
vt 0.490000 0.250000
vt 0.485388 0.296822
vt 0.471731 0.341844
vt 0.449553 0.383337
vt 0.419706 0.419706
vt 0.383337 0.449553
vt 0.341844 0.471731
vt 0.031250 1.000000
vt 0.031250 0.500000
vt 0.000000 1.000000
vt 0.000000 0.500000
vt 0.750000 0.490000
vt 0.796822 0.485388
vt 0.841844 0.471731
vt 0.883337 0.449553
vt 0.919706 0.419706
vt 0.949553 0.383337
vt 0.971731 0.341844
vt 0.985388 0.296822
vt 0.990000 0.250000
vt 0.985388 0.203178
vt 0.971731 0.158156
vt 0.949553 0.116663
vt 0.919706 0.080294
vt 0.883337 0.050447
vt 0.841844 0.028269
vt 0.796822 0.014612
vt 0.750000 0.010000
vt 0.703178 0.014612
vt 0.658156 0.028269
vt 0.616663 0.050447
vt 0.580294 0.080294
vt 0.550447 0.116663
vt 0.528269 0.158156
vt 0.514612 0.203178
vt 0.510000 0.250000
vt 0.514612 0.296822
vt 0.528269 0.341844
vt 0.550447 0.383337
vt 0.580294 0.419706
vt 0.616663 0.449553
vt 0.658156 0.471731
vt 0.703178 0.485388
s 0
usemtl BlackMetal
f 3085/5297/2251 3086/5298/2251 3088/5299/2251 3087/5300/2251
f 3087/5300/2252 3088/5299/2252 3090/5301/2252 3089/5302/2252
f 3089/5302/2253 3090/5301/2253 3092/5303/2253 3091/5304/2253
f 3091/5304/2254 3092/5303/2254 3094/5305/2254 3093/5306/2254
f 3093/5306/2255 3094/5305/2255 3096/5307/2255 3095/5308/2255
f 3095/5308/2256 3096/5307/2256 3098/5309/2256 3097/5310/2256
f 3097/5310/2257 3098/5309/2257 3100/5311/2257 3099/5312/2257
f 3099/5312/2258 3100/5311/2258 3102/5313/2258 3101/5314/2258
f 3101/5314/2259 3102/5313/2259 3104/5315/2259 3103/5316/2259
f 3103/5316/2260 3104/5315/2260 3106/5317/2260 3105/5318/2260
f 3105/5318/2261 3106/5317/2261 3108/5319/2261 3107/5320/2261
f 3107/5320/2262 3108/5319/2262 3110/5321/2262 3109/5322/2262
f 3109/5322/2263 3110/5321/2263 3112/5323/2263 3111/5324/2263
f 3111/5324/2264 3112/5323/2264 3114/5325/2264 3113/5326/2264
f 3113/5326/2265 3114/5325/2265 3116/5327/2265 3115/5328/2265
f 3115/5328/2266 3116/5327/2266 3118/5329/2266 3117/5330/2266
f 3117/5330/2267 3118/5329/2267 3120/5331/2267 3119/5332/2267
f 3119/5332/2268 3120/5331/2268 3122/5333/2268 3121/5334/2268
f 3121/5334/2269 3122/5333/2269 3124/5335/2269 3123/5336/2269
f 3123/5336/2270 3124/5335/2270 3126/5337/2270 3125/5338/2270
f 3125/5338/2271 3126/5337/2271 3128/5339/2271 3127/5340/2271
f 3127/5340/2272 3128/5339/2272 3130/5341/2272 3129/5342/2272
f 3129/5342/2273 3130/5341/2273 3132/5343/2273 3131/5344/2273
f 3131/5344/2274 3132/5343/2274 3134/5345/2274 3133/5346/2274
f 3133/5346/2275 3134/5345/2275 3136/5347/2275 3135/5348/2275
f 3135/5348/2276 3136/5347/2276 3138/5349/2276 3137/5350/2276
f 3137/5350/2277 3138/5349/2277 3140/5351/2277 3139/5352/2277
f 3139/5352/2278 3140/5351/2278 3142/5353/2278 3141/5354/2278
f 3141/5354/2279 3142/5353/2279 3144/5355/2279 3143/5356/2279
f 3143/5356/2280 3144/5355/2280 3146/5357/2280 3145/5358/2280
f 3088/5359/2281 3086/5360/2281 3148/5361/2281 3146/5362/2281 3144/5363/2281 3142/5364/2281 3140/5365/2281 3138/5366/2281 3136/5367/2281 3134/5368/2281 3132/5369/2281 3130/5370/2281 3128/5371/2281 3126/5372/2281 3124/5373/2281 3122/5374/2281 3120/5375/2281 3118/5376/2281 3116/5377/2281 3114/5378/2281 3112/5379/2281 3110/5380/2281 3108/5381/2281 3106/5382/2281 3104/5383/2281 3102/5384/2281 3100/5385/2281 3098/5386/2281 3096/5387/2281 3094/5388/2281 3092/5389/2281 3090/5390/2281
f 3145/5358/2282 3146/5357/2282 3148/5391/2282 3147/5392/2282
f 3147/5392/2283 3148/5391/2283 3086/5393/2283 3085/5394/2283
f 3085/5395/2284 3087/5396/2284 3089/5397/2284 3091/5398/2284 3093/5399/2284 3095/5400/2284 3097/5401/2284 3099/5402/2284 3101/5403/2284 3103/5404/2284 3105/5405/2284 3107/5406/2284 3109/5407/2284 3111/5408/2284 3113/5409/2284 3115/5410/2284 3117/5411/2284 3119/5412/2284 3121/5413/2284 3123/5414/2284 3125/5415/2284 3127/5416/2284 3129/5417/2284 3131/5418/2284 3133/5419/2284 3135/5420/2284 3137/5421/2284 3139/5422/2284 3141/5423/2284 3143/5424/2284 3145/5425/2284 3147/5426/2284
o TrackLight_A3
v 4.000000 3.300000 1.400000
v 4.000000 3.500000 1.400000
v 4.019509 3.300000 1.401922
v 4.019509 3.500000 1.401922
v 4.038269 3.300000 1.407612
v 4.038269 3.500000 1.407612
v 4.055557 3.300000 1.416853
v 4.055557 3.500000 1.416853
v 4.070711 3.300000 1.429289
v 4.070711 3.500000 1.429289
v 4.083147 3.300000 1.444443
v 4.083147 3.500000 1.444443
v 4.092388 3.300000 1.461732
v 4.092388 3.500000 1.461732
v 4.098079 3.300000 1.480491
v 4.098079 3.500000 1.480491
v 4.100000 3.300000 1.500000
v 4.100000 3.500000 1.500000
v 4.098079 3.300000 1.519509
v 4.098079 3.500000 1.519509
v 4.092388 3.300000 1.538268
v 4.092388 3.500000 1.538268
v 4.083147 3.300000 1.555557
v 4.083147 3.500000 1.555557
v 4.070711 3.300000 1.570711
v 4.070711 3.500000 1.570711
v 4.055557 3.300000 1.583147
v 4.055557 3.500000 1.583147
v 4.038269 3.300000 1.592388
v 4.038269 3.500000 1.592388
v 4.019509 3.300000 1.598078
v 4.019509 3.500000 1.598078
v 4.000000 3.300000 1.600000
v 4.000000 3.500000 1.600000
v 3.980491 3.300000 1.598078
v 3.980491 3.500000 1.598078
v 3.961732 3.300000 1.592388
v 3.961732 3.500000 1.592388
v 3.944443 3.300000 1.583147
v 3.944443 3.500000 1.583147
v 3.929289 3.300000 1.570711
v 3.929289 3.500000 1.570711
v 3.916853 3.300000 1.555557
v 3.916853 3.500000 1.555557
v 3.907612 3.300000 1.538268
v 3.907612 3.500000 1.538268
v 3.901922 3.300000 1.519509
v 3.901922 3.500000 1.519509
v 3.900000 3.300000 1.500000
v 3.900000 3.500000 1.500000
v 3.901922 3.300000 1.480491
v 3.901922 3.500000 1.480491
v 3.907612 3.300000 1.461732
v 3.907612 3.500000 1.461732
v 3.916853 3.300000 1.444443
v 3.916853 3.500000 1.444443
v 3.929289 3.300000 1.429289
v 3.929289 3.500000 1.429289
v 3.944443 3.300000 1.416853
v 3.944443 3.500000 1.416853
v 3.961732 3.300000 1.407612
v 3.961732 3.500000 1.407612
v 3.980491 3.300000 1.401922
v 3.980491 3.500000 1.401922
vn 0.0980 -0.0000 -0.9952
vn 0.2903 -0.0000 -0.9569
vn 0.4714 -0.0000 -0.8819
vn 0.6344 -0.0000 -0.7730
vn 0.7730 -0.0000 -0.6344
vn 0.8819 -0.0000 -0.4714
vn 0.9569 -0.0000 -0.2903
vn 0.9952 -0.0000 -0.0980
vn 0.9952 -0.0000 0.0980
vn 0.9569 -0.0000 0.2903
vn 0.8819 -0.0000 0.4714
vn 0.7730 -0.0000 0.6344
vn 0.6344 -0.0000 0.7730
vn 0.4714 -0.0000 0.8819
vn 0.2903 -0.0000 0.9569
vn 0.0980 -0.0000 0.9952
vn -0.0980 -0.0000 0.9952
vn -0.2903 -0.0000 0.9569
vn -0.4714 -0.0000 0.8819
vn -0.6344 -0.0000 0.7730
vn -0.7730 -0.0000 0.6344
vn -0.8819 -0.0000 0.4714
vn -0.9569 -0.0000 0.2903
vn -0.9952 -0.0000 0.0980
vn -0.9952 -0.0000 -0.0980
vn -0.9569 -0.0000 -0.2903
vn -0.8819 -0.0000 -0.4714
vn -0.7730 -0.0000 -0.6344
vn -0.6344 -0.0000 -0.7730
vn -0.4714 -0.0000 -0.8819
vn -0.0000 1.0000 -0.0000
vn -0.2903 -0.0000 -0.9569
vn -0.0980 -0.0000 -0.9952
vn -0.0000 -1.0000 -0.0000
vt 1.000000 0.500000
vt 1.000000 1.000000
vt 0.968750 1.000000
vt 0.968750 0.500000
vt 0.937500 1.000000
vt 0.937500 0.500000
vt 0.906250 1.000000
vt 0.906250 0.500000
vt 0.875000 1.000000
vt 0.875000 0.500000
vt 0.843750 1.000000
vt 0.843750 0.500000
vt 0.812500 1.000000
vt 0.812500 0.500000
vt 0.781250 1.000000
vt 0.781250 0.500000
vt 0.750000 1.000000
vt 0.750000 0.500000
vt 0.718750 1.000000
vt 0.718750 0.500000
vt 0.687500 1.000000
vt 0.687500 0.500000
vt 0.656250 1.000000
vt 0.656250 0.500000
vt 0.625000 1.000000
vt 0.625000 0.500000
vt 0.593750 1.000000
vt 0.593750 0.500000
vt 0.562500 1.000000
vt 0.562500 0.500000
vt 0.531250 1.000000
vt 0.531250 0.500000
vt 0.500000 1.000000
vt 0.500000 0.500000
vt 0.468750 1.000000
vt 0.468750 0.500000
vt 0.437500 1.000000
vt 0.437500 0.500000
vt 0.406250 1.000000
vt 0.406250 0.500000
vt 0.375000 1.000000
vt 0.375000 0.500000
vt 0.343750 1.000000
vt 0.343750 0.500000
vt 0.312500 1.000000
vt 0.312500 0.500000
vt 0.281250 1.000000
vt 0.281250 0.500000
vt 0.250000 1.000000
vt 0.250000 0.500000
vt 0.218750 1.000000
vt 0.218750 0.500000
vt 0.187500 1.000000
vt 0.187500 0.500000
vt 0.156250 1.000000
vt 0.156250 0.500000
vt 0.125000 1.000000
vt 0.125000 0.500000
vt 0.093750 1.000000
vt 0.093750 0.500000
vt 0.062500 1.000000
vt 0.062500 0.500000
vt 0.296822 0.485388
vt 0.250000 0.490000
vt 0.203178 0.485388
vt 0.158156 0.471731
vt 0.116663 0.449553
vt 0.080294 0.419706
vt 0.050447 0.383337
vt 0.028269 0.341844
vt 0.014612 0.296822
vt 0.010000 0.250000
vt 0.014612 0.203178
vt 0.028269 0.158156
vt 0.050447 0.116663
vt 0.080294 0.080294
vt 0.116663 0.050447
vt 0.158156 0.028269
vt 0.203178 0.014612
vt 0.250000 0.010000
vt 0.296822 0.014612
vt 0.341844 0.028269
vt 0.383337 0.050447
vt 0.419706 0.080294
vt 0.449553 0.116663
vt 0.471731 0.158156
vt 0.485388 0.203178
vt 0.490000 0.250000
vt 0.485388 0.296822
vt 0.471731 0.341844
vt 0.449553 0.383337
vt 0.419706 0.419706
vt 0.383337 0.449553
vt 0.341844 0.471731
vt 0.031250 1.000000
vt 0.031250 0.500000
vt 0.000000 1.000000
vt 0.000000 0.500000
vt 0.750000 0.490000
vt 0.796822 0.485388
vt 0.841844 0.471731
vt 0.883337 0.449553
vt 0.919706 0.419706
vt 0.949553 0.383337
vt 0.971731 0.341844
vt 0.985388 0.296822
vt 0.990000 0.250000
vt 0.985388 0.203178
vt 0.971731 0.158156
vt 0.949553 0.116663
vt 0.919706 0.080294
vt 0.883337 0.050447
vt 0.841844 0.028269
vt 0.796822 0.014612
vt 0.750000 0.010000
vt 0.703178 0.014612
vt 0.658156 0.028269
vt 0.616663 0.050447
vt 0.580294 0.080294
vt 0.550447 0.116663
vt 0.528269 0.158156
vt 0.514612 0.203178
vt 0.510000 0.250000
vt 0.514612 0.296822
vt 0.528269 0.341844
vt 0.550447 0.383337
vt 0.580294 0.419706
vt 0.616663 0.449553
vt 0.658156 0.471731
vt 0.703178 0.485388
s 0
usemtl BlackMetal
f 3149/5427/2285 3150/5428/2285 3152/5429/2285 3151/5430/2285
f 3151/5430/2286 3152/5429/2286 3154/5431/2286 3153/5432/2286
f 3153/5432/2287 3154/5431/2287 3156/5433/2287 3155/5434/2287
f 3155/5434/2288 3156/5433/2288 3158/5435/2288 3157/5436/2288
f 3157/5436/2289 3158/5435/2289 3160/5437/2289 3159/5438/2289
f 3159/5438/2290 3160/5437/2290 3162/5439/2290 3161/5440/2290
f 3161/5440/2291 3162/5439/2291 3164/5441/2291 3163/5442/2291
f 3163/5442/2292 3164/5441/2292 3166/5443/2292 3165/5444/2292
f 3165/5444/2293 3166/5443/2293 3168/5445/2293 3167/5446/2293
f 3167/5446/2294 3168/5445/2294 3170/5447/2294 3169/5448/2294
f 3169/5448/2295 3170/5447/2295 3172/5449/2295 3171/5450/2295
f 3171/5450/2296 3172/5449/2296 3174/5451/2296 3173/5452/2296
f 3173/5452/2297 3174/5451/2297 3176/5453/2297 3175/5454/2297
f 3175/5454/2298 3176/5453/2298 3178/5455/2298 3177/5456/2298
f 3177/5456/2299 3178/5455/2299 3180/5457/2299 3179/5458/2299
f 3179/5458/2300 3180/5457/2300 3182/5459/2300 3181/5460/2300
f 3181/5460/2301 3182/5459/2301 3184/5461/2301 3183/5462/2301
f 3183/5462/2302 3184/5461/2302 3186/5463/2302 3185/5464/2302
f 3185/5464/2303 3186/5463/2303 3188/5465/2303 3187/5466/2303
f 3187/5466/2304 3188/5465/2304 3190/5467/2304 3189/5468/2304
f 3189/5468/2305 3190/5467/2305 3192/5469/2305 3191/5470/2305
f 3191/5470/2306 3192/5469/2306 3194/5471/2306 3193/5472/2306
f 3193/5472/2307 3194/5471/2307 3196/5473/2307 3195/5474/2307
f 3195/5474/2308 3196/5473/2308 3198/5475/2308 3197/5476/2308
f 3197/5476/2309 3198/5475/2309 3200/5477/2309 3199/5478/2309
f 3199/5478/2310 3200/5477/2310 3202/5479/2310 3201/5480/2310
f 3201/5480/2311 3202/5479/2311 3204/5481/2311 3203/5482/2311
f 3203/5482/2312 3204/5481/2312 3206/5483/2312 3205/5484/2312
f 3205/5484/2313 3206/5483/2313 3208/5485/2313 3207/5486/2313
f 3207/5486/2314 3208/5485/2314 3210/5487/2314 3209/5488/2314
f 3152/5489/2315 3150/5490/2315 3212/5491/2315 3210/5492/2315 3208/5493/2315 3206/5494/2315 3204/5495/2315 3202/5496/2315 3200/5497/2315 3198/5498/2315 3196/5499/2315 3194/5500/2315 3192/5501/2315 3190/5502/2315 3188/5503/2315 3186/5504/2315 3184/5505/2315 3182/5506/2315 3180/5507/2315 3178/5508/2315 3176/5509/2315 3174/5510/2315 3172/5511/2315 3170/5512/2315 3168/5513/2315 3166/5514/2315 3164/5515/2315 3162/5516/2315 3160/5517/2315 3158/5518/2315 3156/5519/2315 3154/5520/2315
f 3209/5488/2316 3210/5487/2316 3212/5521/2316 3211/5522/2316
f 3211/5522/2317 3212/5521/2317 3150/5523/2317 3149/5524/2317
f 3149/5525/2318 3151/5526/2318 3153/5527/2318 3155/5528/2318 3157/5529/2318 3159/5530/2318 3161/5531/2318 3163/5532/2318 3165/5533/2318 3167/5534/2318 3169/5535/2318 3171/5536/2318 3173/5537/2318 3175/5538/2318 3177/5539/2318 3179/5540/2318 3181/5541/2318 3183/5542/2318 3185/5543/2318 3187/5544/2318 3189/5545/2318 3191/5546/2318 3193/5547/2318 3195/5548/2318 3197/5549/2318 3199/5550/2318 3201/5551/2318 3203/5552/2318 3205/5553/2318 3207/5554/2318 3209/5555/2318 3211/5556/2318
o TrackLight_B3
v 4.000000 3.300000 -1.600000
v 4.000000 3.500000 -1.600000
v 4.019509 3.300000 -1.598078
v 4.019509 3.500000 -1.598078
v 4.038269 3.300000 -1.592388
v 4.038269 3.500000 -1.592388
v 4.055557 3.300000 -1.583147
v 4.055557 3.500000 -1.583147
v 4.070711 3.300000 -1.570711
v 4.070711 3.500000 -1.570711
v 4.083147 3.300000 -1.555557
v 4.083147 3.500000 -1.555557
v 4.092388 3.300000 -1.538268
v 4.092388 3.500000 -1.538268
v 4.098079 3.300000 -1.519509
v 4.098079 3.500000 -1.519509
v 4.100000 3.300000 -1.500000
v 4.100000 3.500000 -1.500000
v 4.098079 3.300000 -1.480491
v 4.098079 3.500000 -1.480491
v 4.092388 3.300000 -1.461732
v 4.092388 3.500000 -1.461732
v 4.083147 3.300000 -1.444443
v 4.083147 3.500000 -1.444443
v 4.070711 3.300000 -1.429289
v 4.070711 3.500000 -1.429289
v 4.055557 3.300000 -1.416853
v 4.055557 3.500000 -1.416853
v 4.038269 3.300000 -1.407612
v 4.038269 3.500000 -1.407612
v 4.019509 3.300000 -1.401922
v 4.019509 3.500000 -1.401922
v 4.000000 3.300000 -1.400000
v 4.000000 3.500000 -1.400000
v 3.980491 3.300000 -1.401922
v 3.980491 3.500000 -1.401922
v 3.961732 3.300000 -1.407612
v 3.961732 3.500000 -1.407612
v 3.944443 3.300000 -1.416853
v 3.944443 3.500000 -1.416853
v 3.929289 3.300000 -1.429289
v 3.929289 3.500000 -1.429289
v 3.916853 3.300000 -1.444443
v 3.916853 3.500000 -1.444443
v 3.907612 3.300000 -1.461732
v 3.907612 3.500000 -1.461732
v 3.901922 3.300000 -1.480491
v 3.901922 3.500000 -1.480491
v 3.900000 3.300000 -1.500000
v 3.900000 3.500000 -1.500000
v 3.901922 3.300000 -1.519509
v 3.901922 3.500000 -1.519509
v 3.907612 3.300000 -1.538268
v 3.907612 3.500000 -1.538268
v 3.916853 3.300000 -1.555557
v 3.916853 3.500000 -1.555557
v 3.929289 3.300000 -1.570711
v 3.929289 3.500000 -1.570711
v 3.944443 3.300000 -1.583147
v 3.944443 3.500000 -1.583147
v 3.961732 3.300000 -1.592388
v 3.961732 3.500000 -1.592388
v 3.980491 3.300000 -1.598078
v 3.980491 3.500000 -1.598078
vn 0.0980 -0.0000 -0.9952
vn 0.2903 -0.0000 -0.9569
vn 0.4714 -0.0000 -0.8819
vn 0.6344 -0.0000 -0.7730
vn 0.7730 -0.0000 -0.6344
vn 0.8819 -0.0000 -0.4714
vn 0.9569 -0.0000 -0.2903
vn 0.9952 -0.0000 -0.0980
vn 0.9952 -0.0000 0.0980
vn 0.9569 -0.0000 0.2903
vn 0.8819 -0.0000 0.4714
vn 0.7730 -0.0000 0.6344
vn 0.6344 -0.0000 0.7730
vn 0.4714 -0.0000 0.8819
vn 0.2903 -0.0000 0.9569
vn 0.0980 -0.0000 0.9952
vn -0.0980 -0.0000 0.9952
vn -0.2903 -0.0000 0.9569
vn -0.4714 -0.0000 0.8819
vn -0.6344 -0.0000 0.7730
vn -0.7730 -0.0000 0.6344
vn -0.8819 -0.0000 0.4714
vn -0.9569 -0.0000 0.2903
vn -0.9952 -0.0000 0.0980
vn -0.9952 -0.0000 -0.0980
vn -0.9569 -0.0000 -0.2903
vn -0.8819 -0.0000 -0.4714
vn -0.7730 -0.0000 -0.6344
vn -0.6344 -0.0000 -0.7730
vn -0.4714 -0.0000 -0.8819
vn -0.0000 1.0000 -0.0000
vn -0.2903 -0.0000 -0.9569
vn -0.0980 -0.0000 -0.9952
vn -0.0000 -1.0000 -0.0000
vt 1.000000 0.500000
vt 1.000000 1.000000
vt 0.968750 1.000000
vt 0.968750 0.500000
vt 0.937500 1.000000
vt 0.937500 0.500000
vt 0.906250 1.000000
vt 0.906250 0.500000
vt 0.875000 1.000000
vt 0.875000 0.500000
vt 0.843750 1.000000
vt 0.843750 0.500000
vt 0.812500 1.000000
vt 0.812500 0.500000
vt 0.781250 1.000000
vt 0.781250 0.500000
vt 0.750000 1.000000
vt 0.750000 0.500000
vt 0.718750 1.000000
vt 0.718750 0.500000
vt 0.687500 1.000000
vt 0.687500 0.500000
vt 0.656250 1.000000
vt 0.656250 0.500000
vt 0.625000 1.000000
vt 0.625000 0.500000
vt 0.593750 1.000000
vt 0.593750 0.500000
vt 0.562500 1.000000
vt 0.562500 0.500000
vt 0.531250 1.000000
vt 0.531250 0.500000
vt 0.500000 1.000000
vt 0.500000 0.500000
vt 0.468750 1.000000
vt 0.468750 0.500000
vt 0.437500 1.000000
vt 0.437500 0.500000
vt 0.406250 1.000000
vt 0.406250 0.500000
vt 0.375000 1.000000
vt 0.375000 0.500000
vt 0.343750 1.000000
vt 0.343750 0.500000
vt 0.312500 1.000000
vt 0.312500 0.500000
vt 0.281250 1.000000
vt 0.281250 0.500000
vt 0.250000 1.000000
vt 0.250000 0.500000
vt 0.218750 1.000000
vt 0.218750 0.500000
vt 0.187500 1.000000
vt 0.187500 0.500000
vt 0.156250 1.000000
vt 0.156250 0.500000
vt 0.125000 1.000000
vt 0.125000 0.500000
vt 0.093750 1.000000
vt 0.093750 0.500000
vt 0.062500 1.000000
vt 0.062500 0.500000
vt 0.296822 0.485388
vt 0.250000 0.490000
vt 0.203178 0.485388
vt 0.158156 0.471731
vt 0.116663 0.449553
vt 0.080294 0.419706
vt 0.050447 0.383337
vt 0.028269 0.341844
vt 0.014612 0.296822
vt 0.010000 0.250000
vt 0.014612 0.203178
vt 0.028269 0.158156
vt 0.050447 0.116663
vt 0.080294 0.080294
vt 0.116663 0.050447
vt 0.158156 0.028269
vt 0.203178 0.014612
vt 0.250000 0.010000
vt 0.296822 0.014612
vt 0.341844 0.028269
vt 0.383337 0.050447
vt 0.419706 0.080294
vt 0.449553 0.116663
vt 0.471731 0.158156
vt 0.485388 0.203178
vt 0.490000 0.250000
vt 0.485388 0.296822
vt 0.471731 0.341844
vt 0.449553 0.383337
vt 0.419706 0.419706
vt 0.383337 0.449553
vt 0.341844 0.471731
vt 0.031250 1.000000
vt 0.031250 0.500000
vt 0.000000 1.000000
vt 0.000000 0.500000
vt 0.750000 0.490000
vt 0.796822 0.485388
vt 0.841844 0.471731
vt 0.883337 0.449553
vt 0.919706 0.419706
vt 0.949553 0.383337
vt 0.971731 0.341844
vt 0.985388 0.296822
vt 0.990000 0.250000
vt 0.985388 0.203178
vt 0.971731 0.158156
vt 0.949553 0.116663
vt 0.919706 0.080294
vt 0.883337 0.050447
vt 0.841844 0.028269
vt 0.796822 0.014612
vt 0.750000 0.010000
vt 0.703178 0.014612
vt 0.658156 0.028269
vt 0.616663 0.050447
vt 0.580294 0.080294
vt 0.550447 0.116663
vt 0.528269 0.158156
vt 0.514612 0.203178
vt 0.510000 0.250000
vt 0.514612 0.296822
vt 0.528269 0.341844
vt 0.550447 0.383337
vt 0.580294 0.419706
vt 0.616663 0.449553
vt 0.658156 0.471731
vt 0.703178 0.485388
s 0
usemtl BlackMetal
f 3213/5557/2319 3214/5558/2319 3216/5559/2319 3215/5560/2319
f 3215/5560/2320 3216/5559/2320 3218/5561/2320 3217/5562/2320
f 3217/5562/2321 3218/5561/2321 3220/5563/2321 3219/5564/2321
f 3219/5564/2322 3220/5563/2322 3222/5565/2322 3221/5566/2322
f 3221/5566/2323 3222/5565/2323 3224/5567/2323 3223/5568/2323
f 3223/5568/2324 3224/5567/2324 3226/5569/2324 3225/5570/2324
f 3225/5570/2325 3226/5569/2325 3228/5571/2325 3227/5572/2325
f 3227/5572/2326 3228/5571/2326 3230/5573/2326 3229/5574/2326
f 3229/5574/2327 3230/5573/2327 3232/5575/2327 3231/5576/2327
f 3231/5576/2328 3232/5575/2328 3234/5577/2328 3233/5578/2328
f 3233/5578/2329 3234/5577/2329 3236/5579/2329 3235/5580/2329
f 3235/5580/2330 3236/5579/2330 3238/5581/2330 3237/5582/2330
f 3237/5582/2331 3238/5581/2331 3240/5583/2331 3239/5584/2331
f 3239/5584/2332 3240/5583/2332 3242/5585/2332 3241/5586/2332
f 3241/5586/2333 3242/5585/2333 3244/5587/2333 3243/5588/2333
f 3243/5588/2334 3244/5587/2334 3246/5589/2334 3245/5590/2334
f 3245/5590/2335 3246/5589/2335 3248/5591/2335 3247/5592/2335
f 3247/5592/2336 3248/5591/2336 3250/5593/2336 3249/5594/2336
f 3249/5594/2337 3250/5593/2337 3252/5595/2337 3251/5596/2337
f 3251/5596/2338 3252/5595/2338 3254/5597/2338 3253/5598/2338
f 3253/5598/2339 3254/5597/2339 3256/5599/2339 3255/5600/2339
f 3255/5600/2340 3256/5599/2340 3258/5601/2340 3257/5602/2340
f 3257/5602/2341 3258/5601/2341 3260/5603/2341 3259/5604/2341
f 3259/5604/2342 3260/5603/2342 3262/5605/2342 3261/5606/2342
f 3261/5606/2343 3262/5605/2343 3264/5607/2343 3263/5608/2343
f 3263/5608/2344 3264/5607/2344 3266/5609/2344 3265/5610/2344
f 3265/5610/2345 3266/5609/2345 3268/5611/2345 3267/5612/2345
f 3267/5612/2346 3268/5611/2346 3270/5613/2346 3269/5614/2346
f 3269/5614/2347 3270/5613/2347 3272/5615/2347 3271/5616/2347
f 3271/5616/2348 3272/5615/2348 3274/5617/2348 3273/5618/2348
f 3216/5619/2349 3214/5620/2349 3276/5621/2349 3274/5622/2349 3272/5623/2349 3270/5624/2349 3268/5625/2349 3266/5626/2349 3264/5627/2349 3262/5628/2349 3260/5629/2349 3258/5630/2349 3256/5631/2349 3254/5632/2349 3252/5633/2349 3250/5634/2349 3248/5635/2349 3246/5636/2349 3244/5637/2349 3242/5638/2349 3240/5639/2349 3238/5640/2349 3236/5641/2349 3234/5642/2349 3232/5643/2349 3230/5644/2349 3228/5645/2349 3226/5646/2349 3224/5647/2349 3222/5648/2349 3220/5649/2349 3218/5650/2349
f 3273/5618/2350 3274/5617/2350 3276/5651/2350 3275/5652/2350
f 3275/5652/2351 3276/5651/2351 3214/5653/2351 3213/5654/2351
f 3213/5655/2352 3215/5656/2352 3217/5657/2352 3219/5658/2352 3221/5659/2352 3223/5660/2352 3225/5661/2352 3227/5662/2352 3229/5663/2352 3231/5664/2352 3233/5665/2352 3235/5666/2352 3237/5667/2352 3239/5668/2352 3241/5669/2352 3243/5670/2352 3245/5671/2352 3247/5672/2352 3249/5673/2352 3251/5674/2352 3253/5675/2352 3255/5676/2352 3257/5677/2352 3259/5678/2352 3261/5679/2352 3263/5680/2352 3265/5681/2352 3267/5682/2352 3269/5683/2352 3271/5684/2352 3273/5685/2352 3275/5686/2352
o AccentStripe
v -3.000000 2.650000 -4.870000
v -3.000000 2.950000 -4.870000
v -3.000000 2.650000 -4.970000
v -3.000000 2.950000 -4.970000
v 3.000000 2.650000 -4.870000
v 3.000000 2.950000 -4.870000
v 3.000000 2.650000 -4.970000
v 3.000000 2.950000 -4.970000
vn -1.0000 -0.0000 -0.0000
vn -0.0000 -0.0000 -1.0000
vn 1.0000 -0.0000 -0.0000
vn -0.0000 -0.0000 1.0000
vn -0.0000 -1.0000 -0.0000
vn -0.0000 1.0000 -0.0000
vt 0.375000 0.000000
vt 0.625000 0.000000
vt 0.625000 0.250000
vt 0.375000 0.250000
vt 0.625000 0.500000
vt 0.375000 0.500000
vt 0.625000 0.750000
vt 0.375000 0.750000
vt 0.625000 1.000000
vt 0.375000 1.000000
vt 0.125000 0.500000
vt 0.125000 0.750000
vt 0.875000 0.500000
vt 0.875000 0.750000
s 0
usemtl PowerYellow
f 3277/5687/2353 3278/5688/2353 3280/5689/2353 3279/5690/2353
f 3279/5690/2354 3280/5689/2354 3284/5691/2354 3283/5692/2354
f 3283/5692/2355 3284/5691/2355 3282/5693/2355 3281/5694/2355
f 3281/5694/2356 3282/5693/2356 3278/5695/2356 3277/5696/2356
f 3279/5697/2357 3283/5692/2357 3281/5694/2357 3277/5698/2357
f 3284/5691/2358 3280/5699/2358 3278/5700/2358 3282/5693/2358
o RedAccent
v 4.860000 2.250000 5.200000
v 4.860000 2.750000 5.200000
v 4.860000 2.250000 2.800000
v 4.860000 2.750000 2.800000
v 4.900000 2.250000 5.200000
v 4.900000 2.750000 5.200000
v 4.900000 2.250000 2.800000
v 4.900000 2.750000 2.800000
vn -1.0000 -0.0000 -0.0000
vn -0.0000 -0.0000 -1.0000
vn 1.0000 -0.0000 -0.0000
vn -0.0000 -0.0000 1.0000
vn -0.0000 -1.0000 -0.0000
vn -0.0000 1.0000 -0.0000
vt 0.375000 0.000000
vt 0.625000 0.000000
vt 0.625000 0.250000
vt 0.375000 0.250000
vt 0.625000 0.500000
vt 0.375000 0.500000
vt 0.625000 0.750000
vt 0.375000 0.750000
vt 0.625000 1.000000
vt 0.375000 1.000000
vt 0.125000 0.500000
vt 0.125000 0.750000
vt 0.875000 0.500000
vt 0.875000 0.750000
s 0
usemtl DeepRed
f 3285/5701/2359 3286/5702/2359 3288/5703/2359 3287/5704/2359
f 3287/5704/2360 3288/5703/2360 3292/5705/2360 3291/5706/2360
f 3291/5706/2361 3292/5705/2361 3290/5707/2361 3289/5708/2361
f 3289/5708/2362 3290/5707/2362 3286/5709/2362 3285/5710/2362
f 3287/5711/2363 3291/5706/2363 3289/5708/2363 3285/5712/2363
f 3292/5705/2364 3288/5713/2364 3286/5714/2364 3290/5707/2364
